context_tokens,gpu_model,deployment,model,tp_size,dp_size,ep_size,parallelism,target_fraction,sweet_total_concurrency,sweet_batch_per_dp_group,peak_throughput_tokens_per_s,sweet_throughput_tokens_per_s,sweet_normalized_throughput,dominant_time_at_sweet
8192,A100,A100x72,Qwen3-30B-A3B,1,72,72,TP1/DP72/EP72,0.9,4896,68,178813.9343261719,162270.1643304416,0.9074805324424379,weight
8192,A100,A100x72,Qwen3-30B-A3B,1,72,72,TP1/DP72/EP72,0.95,5184,72,178813.9343261719,171350.28988746763,0.9582602750348865,weight
16384,A100,A100x72,Qwen3-30B-A3B,1,72,72,TP1/DP72/EP72,0.9,2160,30,89406.96716308595,81974.24546351882,0.9168664150523167,weight
16384,A100,A100x72,Qwen3-30B-A3B,1,72,72,TP1/DP72/EP72,0.95,2304,32,89406.96716308595,85790.3280338705,0.9595485760900669,weight
32768,A100,A100x72,Qwen3-30B-A3B,1,72,72,TP1/DP72/EP72,0.9,504,7,44703.483581542976,41724.96578507272,0.9333716847583661,weight
32768,A100,A100x72,Qwen3-30B-A3B,1,72,72,TP1/DP72/EP72,0.95,576,8,44703.483581542976,43529.51858217472,0.9737388475055453,weight
65536,A100,A100x72,Qwen3-30B-A3B,1,72,72,TP1/DP72/EP72,0.9,72,1,22351.741790771488,21474.449032447224,0.9607505863956214,weight
65536,A100,A100x72,Qwen3-30B-A3B,1,72,72,TP1/DP72/EP72,0.95,72,1,22351.741790771488,21474.449032447224,0.9607505863956214,weight
131072,A100,A100x72,Qwen3-30B-A3B,1,72,72,TP1/DP72/EP72,0.9,72,1,11175.870895385744,11175.870895385742,0.9999999999999999,kv
131072,A100,A100x72,Qwen3-30B-A3B,1,72,72,TP1/DP72/EP72,0.95,72,1,11175.870895385744,11175.870895385742,0.9999999999999999,kv
262144,A100,A100x72,Qwen3-30B-A3B,1,72,72,TP1/DP72/EP72,0.9,72,1,5587.935447692872,5587.935447692871,0.9999999999999999,kv
262144,A100,A100x72,Qwen3-30B-A3B,1,72,72,TP1/DP72/EP72,0.95,72,1,5587.935447692872,5587.935447692871,0.9999999999999999,kv
524288,A100,A100x72,Qwen3-30B-A3B,1,72,72,TP1/DP72/EP72,0.9,72,1,2793.967723846436,2793.9677238464355,0.9999999999999999,kv
524288,A100,A100x72,Qwen3-30B-A3B,1,72,72,TP1/DP72/EP72,0.95,72,1,2793.967723846436,2793.9677238464355,0.9999999999999999,kv
1048576,A100,A100x72,Qwen3-30B-A3B,1,72,72,TP1/DP72/EP72,0.9,72,1,1396.983861923218,1396.9838619232178,0.9999999999999999,kv
1048576,A100,A100x72,Qwen3-30B-A3B,1,72,72,TP1/DP72/EP72,0.95,72,1,1396.983861923218,1396.9838619232178,0.9999999999999999,kv
8192,A100,A100x72,Qwen3-30B-A3B,2,36,72,TP2/DP36/EP72,0.9,2448,68,178807.42934978663,161948.11350945893,0.9057124421416116,weight
8192,A100,A100x72,Qwen3-30B-A3B,2,36,72,TP2/DP36/EP72,0.95,2592,72,178807.42934978663,171011.13701823083,0.9563983870250462,weight
16384,A100,A100x72,Qwen3-30B-A3B,2,36,72,TP2/DP36/EP72,0.9,1080,30,89405.34088940895,81788.00906543263,0.9148000360135232,weight
16384,A100,A100x72,Qwen3-30B-A3B,2,36,72,TP2/DP36/EP72,0.95,1152,32,89405.34088940895,85599.0891292923,0.9574270203295255,weight
32768,A100,A100x72,Qwen3-30B-A3B,2,36,72,TP2/DP36/EP72,0.9,252,7,44703.07700942604,41518.73154067105,0.9287667498126909,weight
32768,A100,A100x72,Qwen3-30B-A3B,2,36,72,TP2/DP36/EP72,0.95,288,8,44703.07700942604,43333.0325358216,0.9693523451793811,weight
65536,A100,A100x72,Qwen3-30B-A3B,2,36,72,TP2/DP36/EP72,0.9,36,1,22351.640147280035,21096.911899670962,0.9438641531743808,weight
65536,A100,A100x72,Qwen3-30B-A3B,2,36,72,TP2/DP36/EP72,0.95,72,2,22351.640147280035,22145.4957892259,0.9907772156004748,kv
131072,A100,A100x72,Qwen3-30B-A3B,2,36,72,TP2/DP36/EP72,0.9,36,1,11175.845484455102,11072.74789461295,0.9907749628441487,kv
131072,A100,A100x72,Qwen3-30B-A3B,2,36,72,TP2/DP36/EP72,0.95,36,1,11175.845484455102,11072.74789461295,0.9907749628441487,kv
262144,A100,A100x72,Qwen3-30B-A3B,2,36,72,TP2/DP36/EP72,0.9,36,1,5587.929094952989,5562.035202966229,0.9953661022631538,kv
262144,A100,A100x72,Qwen3-30B-A3B,2,36,72,TP2/DP36/EP72,0.95,36,1,5587.929094952989,5562.035202966229,0.9953661022631538,kv
524288,A100,A100x72,Qwen3-30B-A3B,2,36,72,TP2/DP36/EP72,0.9,36,1,2793.966135660562,2787.477621757989,0.9976776690956424,kv
524288,A100,A100x72,Qwen3-30B-A3B,2,36,72,TP2/DP36/EP72,0.95,36,1,2793.966135660562,2787.477621757989,0.9976776690956424,kv
1048576,A100,A100x72,Qwen3-30B-A3B,2,36,72,TP2/DP36/EP72,0.9,36,1,1396.9834648766366,1395.359449729173,0.9988374843451658,kv
1048576,A100,A100x72,Qwen3-30B-A3B,2,36,72,TP2/DP36/EP72,0.95,36,1,1396.9834648766366,1395.359449729173,0.9988374843451658,kv
8192,A100,A100x72,Qwen3-30B-A3B,4,18,72,TP4/DP18/EP72,0.9,1224,68,178787.91726001364,160989.58558007062,0.90045003066925,weight
8192,A100,A100x72,Qwen3-30B-A3B,4,18,72,TP4/DP18/EP72,0.95,1296,72,178787.91726001364,170001.68626603048,0.9508566846762624,weight
16384,A100,A100x72,Qwen3-30B-A3B,4,18,72,TP4/DP18/EP72,0.9,540,30,89400.46242333313,81234.34280164221,0.9086568525448746,weight
16384,A100,A100x72,Qwen3-30B-A3B,4,18,72,TP4/DP18/EP72,0.95,576,32,89400.46242333313,85030.45401895847,0.9511187270633836,weight
32768,A100,A100x72,Qwen3-30B-A3B,4,18,72,TP4/DP18/EP72,0.9,126,7,44701.85733744666,40912.08233944911,0.915221084229472,weight
32768,A100,A100x72,Qwen3-30B-A3B,4,18,72,TP4/DP18/EP72,0.95,144,8,44701.85733744666,42754.07512074466,0.9564272642633499,weight
65536,A100,A100x72,Qwen3-30B-A3B,4,18,72,TP4/DP18/EP72,0.9,36,2,22351.335222352238,21548.979739132075,0.9641025703727187,kv
65536,A100,A100x72,Qwen3-30B-A3B,4,18,72,TP4/DP18/EP72,0.95,36,2,22351.335222352238,21548.979739132075,0.9641025703727187,kv
131072,A100,A100x72,Qwen3-30B-A3B,4,18,72,TP4/DP18/EP72,0.9,18,1,11175.76925235651,10774.489869566038,0.9640938020704161,kv
131072,A100,A100x72,Qwen3-30B-A3B,4,18,72,TP4/DP18/EP72,0.95,18,1,11175.76925235651,10774.489869566038,0.9640938020704161,kv
262144,A100,A100x72,Qwen3-30B-A3B,4,18,72,TP4/DP18/EP72,0.9,18,1,5587.910036820009,5485.75529283225,0.9817186133429784,kv
262144,A100,A100x72,Qwen3-30B-A3B,4,18,72,TP4/DP18/EP72,0.95,18,1,5587.910036820009,5485.75529283225,0.9817186133429784,kv
524288,A100,A100x72,Qwen3-30B-A3B,4,18,72,TP4/DP18/EP72,0.9,18,1,2793.9613711137754,2768.1869736532376,0.9907749628441487,kv
524288,A100,A100x72,Qwen3-30B-A3B,4,18,72,TP4/DP18/EP72,0.95,18,1,2793.9613711137754,2768.1869736532376,0.9907749628441487,kv
1048576,A100,A100x72,Qwen3-30B-A3B,4,18,72,TP4/DP18/EP72,0.9,18,1,1396.9822737382472,1390.5088007415573,0.9953661022631538,kv
1048576,A100,A100x72,Qwen3-30B-A3B,4,18,72,TP4/DP18/EP72,0.95,18,1,1396.9822737382472,1390.5088007415573,0.9953661022631538,kv
8192,A100,A100x72,Qwen3-30B-A3B,8,9,72,TP8/DP9/EP72,0.9,630,70,178735.90583367314,162919.6249109087,0.9115103322469372,weight
8192,A100,A100x72,Qwen3-30B-A3B,8,9,72,TP8/DP9/EP72,0.95,666,74,178735.90583367314,171829.4464232826,0.9613594180857119,weight
16384,A100,A100x72,Qwen3-30B-A3B,8,9,72,TP8/DP9/EP72,0.9,279,31,89387.45578290046,81665.13421730271,0.9136084420575374,weight
16384,A100,A100x72,Qwen3-30B-A3B,8,9,72,TP8/DP9/EP72,0.95,297,33,89387.45578290046,85449.46679883717,0.9559447245749149,weight
32768,A100,A100x72,Qwen3-30B-A3B,8,9,72,TP8/DP9/EP72,0.9,72,8,44698.605204189786,41283.220205822996,0.9235907925367065,weight
32768,A100,A100x72,Qwen3-30B-A3B,8,9,72,TP8/DP9/EP72,0.95,81,9,44698.605204189786,42588.10930902629,0.9527838534217691,kv
65536,A100,A100x72,Qwen3-30B-A3B,8,9,72,TP8/DP9/EP72,0.9,27,3,22350.522129883946,20801.880889428518,0.9307111828772534,kv
65536,A100,A100x72,Qwen3-30B-A3B,8,9,72,TP8/DP9/EP72,0.95,45,5,22350.522129883946,21395.29746195859,0.957261639689027,kv
131072,A100,A100x72,Qwen3-30B-A3B,8,9,72,TP8/DP9/EP72,0.9,18,2,11175.56597184452,10584.420320370928,0.9471037392680681,kv
131072,A100,A100x72,Qwen3-30B-A3B,8,9,72,TP8/DP9/EP72,0.95,27,3,11175.56597184452,10774.489869566038,0.9641113386750214,kv
262144,A100,A100x72,Qwen3-30B-A3B,8,9,72,TP8/DP9/EP72,0.9,9,1,5587.859215767606,5292.210160185464,0.9470908188331069,kv
262144,A100,A100x72,Qwen3-30B-A3B,8,9,72,TP8/DP9/EP72,0.95,18,2,5587.859215767606,5436.053857464407,0.9728330023285411,kv
524288,A100,A100x72,Qwen3-30B-A3B,8,9,72,TP8/DP9/EP72,0.9,9,1,2793.9486657351217,2718.0269287322035,0.9728263665206095,kv
524288,A100,A100x72,Qwen3-30B-A3B,8,9,72,TP8/DP9/EP72,0.95,9,1,2793.9486657351217,2718.0269287322035,0.9728263665206095,kv
1048576,A100,A100x72,Qwen3-30B-A3B,8,9,72,TP8/DP9/EP72,0.9,9,1,1396.9790973791394,1377.7370970181448,0.986225992645778,kv
1048576,A100,A100x72,Qwen3-30B-A3B,8,9,72,TP8/DP9/EP72,0.95,9,1,1396.9790973791394,1377.7370970181448,0.986225992645778,kv
8192,A100,A100x72,Qwen3-30B-A3B,12,6,72,TP12/DP6/EP72,0.9,426,71,178674.1180666028,162152.584925931,0.9075325888301673,weight
8192,A100,A100x72,Qwen3-30B-A3B,12,6,72,TP12/DP6/EP72,0.95,450,75,178674.1180666028,170922.02518339598,0.9566132299009467,weight
16384,A100,A100x72,Qwen3-30B-A3B,12,6,72,TP12/DP6/EP72,0.9,192,32,89371.99942739663,81856.66617723634,0.9159095320871103,weight
16384,A100,A100x72,Qwen3-30B-A3B,12,6,72,TP12/DP6/EP72,0.95,204,34,89371.99942739663,85382.43321844179,0.9553599982710932,kv
32768,A100,A100x72,Qwen3-30B-A3B,12,6,72,TP12/DP6/EP72,0.9,54,9,44694.739937768296,41048.76783059325,0.9184250291588765,kv
32768,A100,A100x72,Qwen3-30B-A3B,12,6,72,TP12/DP6/EP72,0.95,96,16,44694.739937768296,42571.448092183,0.9524934735375639,kv
65536,A100,A100x72,Qwen3-30B-A3B,12,6,72,TP12/DP6/EP72,0.9,24,4,22349.55566603356,20316.76031977329,0.9090453798439637,kv
65536,A100,A100x72,Qwen3-30B-A3B,12,6,72,TP12/DP6/EP72,0.95,48,8,22349.55566603356,21285.7240460915,0.9524003234856767,kv
131072,A100,A100x72,Qwen3-30B-A3B,12,6,72,TP12/DP6/EP72,0.9,12,2,11175.32433747306,10158.380159886645,0.9090009249954025,kv
131072,A100,A100x72,Qwen3-30B-A3B,12,6,72,TP12/DP6/EP72,0.95,24,4,11175.32433747306,10642.86202304575,0.9523537484597331,kv
262144,A100,A100x72,Qwen3-30B-A3B,12,6,72,TP12/DP6/EP72,0.9,6,1,5587.79880487343,5079.190079943322,0.908978697571122,kv
262144,A100,A100x72,Qwen3-30B-A3B,12,6,72,TP12/DP6/EP72,0.95,12,2,5587.79880487343,5321.431011522875,0.9523304609467613,kv
524288,A100,A100x72,Qwen3-30B-A3B,12,6,72,TP12/DP6/EP72,0.9,6,1,2793.933562723901,2660.7155057614377,0.9523188171902754,kv
524288,A100,A100x72,Qwen3-30B-A3B,12,6,72,TP12/DP6/EP72,0.95,6,1,2793.933562723901,2660.7155057614377,0.9523188171902754,kv
1048576,A100,A100x72,Qwen3-30B-A3B,12,6,72,TP12/DP6/EP72,0.9,6,1,1396.975321590374,1362.8570042498352,0.9755770078302477,kv
1048576,A100,A100x72,Qwen3-30B-A3B,12,6,72,TP12/DP6/EP72,0.95,6,1,1396.975321590374,1362.8570042498352,0.9755770078302477,kv
8192,A100,A100x72,Qwen3-30B-A3B,18,4,72,TP18/DP4/EP72,0.9,292,73,178570.13093883818,161608.9277888405,0.9050165721399004,weight
8192,A100,A100x72,Qwen3-30B-A3B,18,4,72,TP18/DP4/EP72,0.95,416,104,178570.13093883818,169689.36946269785,0.9502673743394293,kv
16384,A100,A100x72,Qwen3-30B-A3B,18,4,72,TP18/DP4/EP72,0.9,132,33,89345.97473627074,80988.03395818769,0.9064541989412078,weight
16384,A100,A100x72,Qwen3-30B-A3B,18,4,72,TP18/DP4/EP72,0.95,212,53,89345.97473627074,84926.45170305797,0.950534726983972,kv
32768,A100,A100x72,Qwen3-30B-A3B,18,4,72,TP18/DP4/EP72,0.9,52,13,44688.23027202112,40362.70362084499,0.9032065797896611,kv
32768,A100,A100x72,Qwen3-30B-A3B,18,4,72,TP18/DP4/EP72,0.95,108,27,44688.23027202112,42502.66968050616,0.9510931496232617,kv
65536,A100,A100x72,Qwen3-30B-A3B,18,4,72,TP18/DP4/EP72,0.9,28,7,22347.927812705846,20322.30383180034,0.9093596507970709,kv
65536,A100,A100x72,Qwen3-30B-A3B,18,4,72,TP18/DP4/EP72,0.95,56,14,22347.927812705846,21288.76609729001,0.9526058199090095,kv
131072,A100,A100x72,Qwen3-30B-A3B,18,4,72,TP18/DP4/EP72,0.9,16,4,11174.917319512866,10277.799177559174,0.9197203776723067,kv
131072,A100,A100x72,Qwen3-30B-A3B,18,4,72,TP18/DP4/EP72,0.95,28,7,11174.917319512866,10644.383048645004,0.9525245462047867,kv
262144,A100,A100x72,Qwen3-30B-A3B,18,4,72,TP18/DP4/EP72,0.9,8,2,5587.697043553792,5138.899588779587,0.9196811403202403,kv
262144,A100,A100x72,Qwen3-30B-A3B,18,4,72,TP18/DP4/EP72,0.95,16,4,5587.697043553792,5354.018977012074,0.9581798968841199,kv
524288,A100,A100x72,Qwen3-30B-A3B,18,4,72,TP18/DP4/EP72,0.9,4,1,2793.908121540227,2569.4497943897936,0.9196615216442071,kv
524288,A100,A100x72,Qwen3-30B-A3B,18,4,72,TP18/DP4/EP72,0.95,8,2,2793.908121540227,2677.009488506037,0.9581594569510231,kv
1048576,A100,A100x72,Qwen3-30B-A3B,18,4,72,TP18/DP4/EP72,0.9,4,1,1396.9689611877307,1338.5047442530185,0.9581492369844749,kv
1048576,A100,A100x72,Qwen3-30B-A3B,18,4,72,TP18/DP4/EP72,0.95,4,1,1396.9689611877307,1338.5047442530185,0.9581492369844749,kv
8192,A100,A100x72,Qwen3-30B-A3B,24,3,72,TP24/DP3/EP72,0.9,225,75,178456.73540149422,160695.4412117633,0.9004728280511726,weight
8192,A100,A100x72,Qwen3-30B-A3B,24,3,72,TP24/DP3/EP72,0.95,450,150,178456.73540149422,169547.00177606396,0.9500734247693984,kv
16384,A100,A100x72,Qwen3-30B-A3B,24,3,72,TP24/DP3/EP72,0.9,111,37,89317.57815011803,80489.44199595664,0.9011601485731763,kv
16384,A100,A100x72,Qwen3-30B-A3B,24,3,72,TP24/DP3/EP72,0.95,231,77,89317.57815011803,84887.76741440072,0.9504038194108664,kv
32768,A100,A100x72,Qwen3-30B-A3B,24,3,72,TP24/DP3/EP72,0.9,57,19,44681.12515133082,40350.63166951354,0.9030800261374282,kv
32768,A100,A100x72,Qwen3-30B-A3B,24,3,72,TP24/DP3/EP72,0.95,117,39,44681.12515133082,42471.4064819032,0.9505446950598601,kv
65536,A100,A100x72,Qwen3-30B-A3B,24,3,72,TP24/DP3/EP72,0.9,30,10,22346.150785048765,20274.021580406126,0.9072713137678706,kv
65536,A100,A100x72,Qwen3-30B-A3B,24,3,72,TP24/DP3/EP72,0.95,60,20,22346.150785048765,21262.244219756587,0.9514947081616673,kv
131072,A100,A100x72,Qwen3-30B-A3B,24,3,72,TP24/DP3/EP72,0.9,15,5,11174.472969118267,10137.010790203063,0.9071578425414486,kv
131072,A100,A100x72,Qwen3-30B-A3B,24,3,72,TP24/DP3/EP72,0.95,30,10,11174.472969118267,10631.122109878293,0.951375705973644,kv
262144,A100,A100x72,Qwen3-30B-A3B,24,3,72,TP24/DP3/EP72,0.9,9,3,5587.585944267303,5148.265436821001,0.9213756151890546,kv
262144,A100,A100x72,Qwen3-30B-A3B,24,3,72,TP24/DP3/EP72,0.95,15,5,5587.585944267303,5315.561054939147,0.9513162048796322,kv
524288,A100,A100x72,Qwen3-30B-A3B,24,3,72,TP24/DP3/EP72,0.9,6,2,2793.88034525745,2625.7831954469702,0.9398338049459345,kv
524288,A100,A100x72,Qwen3-30B-A3B,24,3,72,TP24/DP3/EP72,0.95,9,3,2793.88034525745,2679.548868169925,0.9590778906184726,kv
1048576,A100,A100x72,Qwen3-30B-A3B,24,3,72,TP24/DP3/EP72,0.9,3,1,1396.962016934381,1312.8915977234851,0.9398191087575971,kv
1048576,A100,A100x72,Qwen3-30B-A3B,24,3,72,TP24/DP3/EP72,0.95,6,2,1396.962016934381,1353.6329634229135,0.9689833703520783,kv
8192,A100,A100x72,Qwen3-30B-A3B,36,2,72,TP36/DP2/EP72,0.9,242,121,178210.61050802458,160428.53344117268,0.9002187523169324,kv
8192,A100,A100x72,Qwen3-30B-A3B,36,2,72,TP36/DP2/EP72,0.95,494,247,178210.61050802458,169308.7755372613,0.9500487936975984,kv
16384,A100,A100x72,Qwen3-30B-A3B,36,2,72,TP36/DP2/EP72,0.9,124,62,89255.8813243718,80414.30108301294,0.9009412028634058,kv
16384,A100,A100x72,Qwen3-30B-A3B,36,2,72,TP36/DP2/EP72,0.95,256,128,89255.8813243718,84812.88526246125,0.9502218117620292,kv
32768,A100,A100x72,Qwen3-30B-A3B,36,2,72,TP36/DP2/EP72,0.9,62,31,44665.68018051393,40207.15054150647,0.9001799676846169,kv
32768,A100,A100x72,Qwen3-30B-A3B,36,2,72,TP36/DP2/EP72,0.95,130,65,44665.68018051393,42439.99238296712,0.9501700681921372,kv
65536,A100,A100x72,Qwen3-30B-A3B,36,2,72,TP36/DP2/EP72,0.9,32,16,22342.286942778686,20166.963356249486,0.902636485150313,kv
65536,A100,A100x72,Qwen3-30B-A3B,36,2,72,TP36/DP2/EP72,0.95,66,33,22342.286942778686,21236.288105740146,0.9504975099518175,kv
131072,A100,A100x72,Qwen3-30B-A3B,36,2,72,TP36/DP2/EP72,0.9,16,8,11173.506683353458,10083.481678124743,0.9024455762976668,kv
131072,A100,A100x72,Qwen3-30B-A3B,36,2,72,TP36/DP2/EP72,0.95,34,17,11173.506683353458,10633.752071837735,0.9516933558271494,kv
262144,A100,A100x72,Qwen3-30B-A3B,36,2,72,TP36/DP2/EP72,0.9,8,4,5587.344332160704,5041.740839062371,0.9023501218713434,kv
262144,A100,A100x72,Qwen3-30B-A3B,36,2,72,TP36/DP2/EP72,0.95,18,9,5587.344332160704,5331.243135278628,0.9541640569012438,kv
524288,A100,A100x72,Qwen3-30B-A3B,36,2,72,TP36/DP2/EP72,0.9,4,2,2793.8199371466417,2520.8704195311857,0.9023023946581817,kv
524288,A100,A100x72,Qwen3-30B-A3B,36,2,72,TP36/DP2/EP72,0.95,10,5,2793.8199371466417,2677.9231105283407,0.9585167157420075,kv
1048576,A100,A100x72,Qwen3-30B-A3B,36,2,72,TP36/DP2/EP72,0.9,2,1,1396.9469142710977,1260.4352097655928,0.9022785310516009,kv
1048576,A100,A100x72,Qwen3-30B-A3B,36,2,72,TP36/DP2/EP72,0.95,6,3,1396.9469142710977,1348.2948985958844,0.965172609511365,kv
8192,A100,A100x72,Qwen3-30B-A3B,72,1,72,TP72/DP1/EP72,0.9,276,276,177380.59617462897,159666.63254299047,0.9001358434143534,kv
8192,A100,A100x72,Qwen3-30B-A3B,72,1,72,TP72/DP1/EP72,0.95,542,542,177380.59617462897,168522.83056529285,0.9500635029965975,kv
16384,A100,A100x72,Qwen3-30B-A3B,72,1,72,TP72/DP1/EP72,0.9,144,144,89047.1906755907,80191.10046926026,0.9005461021381999,kv
16384,A100,A100x72,Qwen3-30B-A3B,72,1,72,TP72/DP1/EP72,0.95,291,291,89047.1906755907,84596.03197164745,0.9500134853197184,kv
32768,A100,A100x72,Qwen3-30B-A3B,72,1,72,TP72/DP1/EP72,0.9,73,73,44613.35812581496,40152.24615450817,0.9000050173599143,kv
32768,A100,A100x72,Qwen3-30B-A3B,72,1,72,TP72/DP1/EP72,0.95,152,152,44613.35812581496,42395.570730864056,0.9502887142300188,kv
65536,A100,A100x72,Qwen3-30B-A3B,72,1,72,TP72/DP1/EP72,0.9,37,37,22329.187691491883,20103.781930482375,0.9003364658062569,kv
65536,A100,A100x72,Qwen3-30B-A3B,72,1,72,TP72/DP1/EP72,0.95,78,78,22329.187691491883,21225.883611365014,0.950589152844675,kv
131072,A100,A100x72,Qwen3-30B-A3B,72,1,72,TP72/DP1/EP72,0.9,19,19,11170.22952434375,10078.565219976765,0.902270199373444,kv
131072,A100,A100x72,Qwen3-30B-A3B,72,1,72,TP72/DP1/EP72,0.95,39,39,11170.22952434375,10612.941805682507,0.9501095552739788,kv
262144,A100,A100x72,Qwen3-30B-A3B,72,1,72,TP72/DP1/EP72,0.9,10,10,5586.524748885158,5064.143821289969,0.90649268533189,kv
262144,A100,A100x72,Qwen3-30B-A3B,72,1,72,TP72/DP1/EP72,0.95,20,20,5586.524748885158,5313.161507087287,0.9510673891040358,kv
524288,A100,A100x72,Qwen3-30B-A3B,72,1,72,TP72/DP1/EP72,0.9,5,5,2793.61500462175,2532.0719106449847,0.9063782613051301,kv
524288,A100,A100x72,Qwen3-30B-A3B,72,1,72,TP72/DP1/EP72,0.95,10,10,2793.61500462175,2656.5807535436434,0.9509473385375589,kv
1048576,A100,A100x72,Qwen3-30B-A3B,72,1,72,TP72/DP1/EP72,0.9,3,3,1396.8956765506477,1286.1287509694657,0.920704940647609,kv
1048576,A100,A100x72,Qwen3-30B-A3B,72,1,72,TP72/DP1/EP72,0.95,5,5,1396.8956765506477,1328.2903767718217,0.9508873132543204,kv
8192,A100,A100x72,Qwen3-32B,1,72,1,TP1/DP72/EP1,0.9,3168,44,107288.36059570314,96585.36585365854,0.9002408585365853,weight
8192,A100,A100x72,Qwen3-32B,1,72,1,TP1/DP72/EP1,0.95,3384,47,107288.36059570314,103170.73170731709,0.9616209170731708,weight
16384,A100,A100x72,Qwen3-32B,1,72,1,TP1/DP72/EP1,0.9,1584,22,53644.18029785157,48292.68292682927,0.9002408585365853,weight
16384,A100,A100x72,Qwen3-32B,1,72,1,TP1/DP72/EP1,0.95,1728,24,53644.18029785157,52682.9268292683,0.9820809365853658,weight
32768,A100,A100x72,Qwen3-32B,1,72,1,TP1/DP72/EP1,0.9,792,11,26822.090148925785,24146.341463414636,0.9002408585365853,weight
32768,A100,A100x72,Qwen3-32B,1,72,1,TP1/DP72/EP1,0.95,864,12,26822.090148925785,26341.46341463415,0.9820809365853658,weight
65536,A100,A100x72,Qwen3-32B,1,72,1,TP1/DP72/EP1,0.9,432,6,13411.045074462892,13170.731707317074,0.9820809365853658,weight
65536,A100,A100x72,Qwen3-32B,1,72,1,TP1/DP72/EP1,0.95,432,6,13411.045074462892,13170.731707317074,0.9820809365853658,weight
131072,A100,A100x72,Qwen3-32B,1,72,1,TP1/DP72/EP1,0.9,216,3,6705.522537231446,6585.365853658537,0.9820809365853658,weight
131072,A100,A100x72,Qwen3-32B,1,72,1,TP1/DP72/EP1,0.95,216,3,6705.522537231446,6585.365853658537,0.9820809365853658,weight
262144,A100,A100x72,Qwen3-32B,1,72,1,TP1/DP72/EP1,0.9,144,2,3352.761268615723,3352.7612686157227,0.9999999999999999,kv
262144,A100,A100x72,Qwen3-32B,1,72,1,TP1/DP72/EP1,0.95,144,2,3352.761268615723,3352.7612686157227,0.9999999999999999,kv
524288,A100,A100x72,Qwen3-32B,1,72,1,TP1/DP72/EP1,0.9,72,1,1676.3806343078616,1676.3806343078613,0.9999999999999999,kv
524288,A100,A100x72,Qwen3-32B,1,72,1,TP1/DP72/EP1,0.95,72,1,1676.3806343078616,1676.3806343078613,0.9999999999999999,kv
1048576,A100,A100x72,Qwen3-32B,1,72,1,TP1/DP72/EP1,0.9,72,1,838.1903171539308,838.1903171539307,0.9999999999999999,kv
1048576,A100,A100x72,Qwen3-32B,1,72,1,TP1/DP72/EP1,0.95,72,1,838.1903171539308,838.1903171539307,0.9999999999999999,kv
8192,A100,A100x72,Qwen3-32B,2,36,1,TP2/DP36/EP1,0.9,1620,45,107286.01877012763,98600.12172854536,0.9190398046161748,weight
8192,A100,A100x72,Qwen3-32B,2,36,1,TP2/DP36/EP1,0.95,1692,47,107286.01877012763,102982.34936092516,0.9598860181546716,weight
16384,A100,A100x72,Qwen3-32B,2,36,1,TP2/DP36/EP1,0.9,828,23,53643.59483506812,50395.61777236763,0.9394526583707398,weight
16384,A100,A100x72,Qwen3-32B,2,36,1,TP2/DP36/EP1,0.95,864,24,53643.59483506812,52586.73158855753,0.9802984261259894,weight
32768,A100,A100x72,Qwen3-32B,2,36,1,TP2/DP36/EP1,0.9,432,12,26821.943782431215,26293.365794278765,0.9802930767270239,weight
32768,A100,A100x72,Qwen3-32B,2,36,1,TP2/DP36/EP1,0.95,432,12,26821.943782431215,26293.365794278765,0.9802930767270239,weight
65536,A100,A100x72,Qwen3-32B,2,36,1,TP2/DP36/EP1,0.9,216,6,13411.00848273941,13146.682897139382,0.9802904020275414,weight
65536,A100,A100x72,Qwen3-32B,2,36,1,TP2/DP36/EP1,0.95,216,6,13411.00848273941,13146.682897139382,0.9802904020275414,weight
131072,A100,A100x72,Qwen3-32B,2,36,1,TP2/DP36/EP1,0.9,108,3,6705.513389288096,6573.341448569691,0.9802890646777999,weight
131072,A100,A100x72,Qwen3-32B,2,36,1,TP2/DP36/EP1,0.95,108,3,6705.513389288096,6573.341448569691,0.9802890646777999,weight
262144,A100,A100x72,Qwen3-32B,2,36,1,TP2/DP36/EP1,0.9,72,2,3352.7589816283253,3348.0840492305856,0.998605646148931,kv
262144,A100,A100x72,Qwen3-32B,2,36,1,TP2/DP36/EP1,0.95,72,2,3352.7589816283253,3348.0840492305856,0.998605646148931,kv
524288,A100,A100x72,Qwen3-32B,2,36,1,TP2/DP36/EP1,0.9,36,1,1676.3800625608171,1674.0420246152928,0.9986053055642091,kv
524288,A100,A100x72,Qwen3-32B,2,36,1,TP2/DP36/EP1,0.95,36,1,1676.3800625608171,1674.0420246152928,0.9986053055642091,kv
1048576,A100,A100x72,Qwen3-32B,2,36,1,TP2/DP36/EP1,0.9,36,1,838.1901742171452,837.605256640836,0.9993021660306917,kv
1048576,A100,A100x72,Qwen3-32B,2,36,1,TP2/DP36/EP1,0.95,36,1,838.1901742171452,837.605256640836,0.9993021660306917,kv
8192,A100,A100x72,Qwen3-32B,4,18,1,TP4/DP18/EP1,0.9,810,45,107278.99390675244,98062.95399515741,0.9140927820444917,weight
8192,A100,A100x72,Qwen3-32B,4,18,1,TP4/DP18/EP1,0.95,846,47,107278.99390675244,102421.30750605329,0.9547191279131357,weight
16384,A100,A100x72,Qwen3-32B,4,18,1,TP4/DP18/EP1,0.9,414,23,53641.83852339091,50121.06537530267,0.9343651663513923,weight
16384,A100,A100x72,Qwen3-32B,4,18,1,TP4/DP18/EP1,0.95,432,24,53641.83852339091,52300.242130750616,0.9749897388014529,weight
32768,A100,A100x72,Qwen3-32B,4,18,1,TP4/DP18/EP1,0.9,216,12,26821.504692531907,26150.121065375308,0.9749684577784505,weight
32768,A100,A100x72,Qwen3-32B,4,18,1,TP4/DP18/EP1,0.95,216,12,26821.504692531907,26150.121065375308,0.9749684577784505,weight
65536,A100,A100x72,Qwen3-32B,4,18,1,TP4/DP18/EP1,0.9,108,6,13410.89870876703,13075.060532687654,0.9749578172669494,weight
65536,A100,A100x72,Qwen3-32B,4,18,1,TP4/DP18/EP1,0.95,108,6,13410.89870876703,13075.060532687654,0.9749578172669494,weight
131072,A100,A100x72,Qwen3-32B,4,18,1,TP4/DP18/EP1,0.9,54,3,6705.485945607804,6537.530266343827,0.9749524970111987,weight
131072,A100,A100x72,Qwen3-32B,4,18,1,TP4/DP18/EP1,0.95,54,3,6705.485945607804,6537.530266343827,0.9749524970111987,weight
262144,A100,A100x72,Qwen3-32B,4,18,1,TP4/DP18/EP1,0.9,36,2,3352.7521206848523,3334.130363371013,0.9944458293832843,kv
262144,A100,A100x72,Qwen3-32B,4,18,1,TP4/DP18/EP1,0.95,36,2,3352.7521206848523,3334.130363371013,0.9944458293832843,kv
524288,A100,A100x72,Qwen3-32B,4,18,1,TP4/DP18/EP1,0.9,18,1,1676.378347322024,1667.0651816855066,0.9944444727221662,kv
524288,A100,A100x72,Qwen3-32B,4,18,1,TP4/DP18/EP1,0.95,18,1,1676.378347322024,1667.0651816855066,0.9944444727221662,kv
1048576,A100,A100x72,Qwen3-32B,4,18,1,TP4/DP18/EP1,0.9,18,1,838.1897454070813,835.8549653589012,0.9972144970026492,kv
1048576,A100,A100x72,Qwen3-32B,4,18,1,TP4/DP18/EP1,0.95,18,1,838.1897454070813,835.8549653589012,0.9972144970026492,kv
8192,A100,A100x72,Qwen3-32B,8,9,1,TP8/DP9/EP1,0.9,405,45,107260.26543448359,96658.7112171838,0.9011604700551911,weight
8192,A100,A100x72,Qwen3-32B,8,9,1,TP8/DP9/EP1,0.95,432,48,107260.26543448359,103102.62529832937,0.961237834725537,weight
16384,A100,A100x72,Qwen3-32B,8,9,1,TP8/DP9/EP1,0.9,207,23,53637.155587780726,49403.34128878282,0.9210656446524464,weight
16384,A100,A100x72,Qwen3-32B,8,9,1,TP8/DP9/EP1,0.95,216,24,53637.155587780726,51551.31264916468,0.9611119770286397,weight
32768,A100,A100x72,Qwen3-32B,8,9,1,TP8/DP9/EP1,0.9,108,12,26820.333856414745,25775.65632458234,0.961049048180191,weight
32768,A100,A100x72,Qwen3-32B,8,9,1,TP8/DP9/EP1,0.95,108,12,26820.333856414745,25775.65632458234,0.961049048180191,weight
65536,A100,A100x72,Qwen3-32B,8,9,1,TP8/DP9/EP1,0.9,54,6,13410.605986959554,12887.82816229117,0.9610175837559667,weight
65536,A100,A100x72,Qwen3-32B,8,9,1,TP8/DP9/EP1,0.95,54,6,13410.605986959554,12887.82816229117,0.9610175837559667,weight
131072,A100,A100x72,Qwen3-32B,8,9,1,TP8/DP9/EP1,0.9,27,3,6705.4127635585755,6443.914081145585,0.9610018515438545,weight
131072,A100,A100x72,Qwen3-32B,8,9,1,TP8/DP9/EP1,0.95,27,3,6705.4127635585755,6443.914081145585,0.9610018515438545,weight
262144,A100,A100x72,Qwen3-32B,8,9,1,TP8/DP9/EP1,0.9,18,2,3352.7338249728705,3297.48290379686,0.9835206359763863,kv
262144,A100,A100x72,Qwen3-32B,8,9,1,TP8/DP9/EP1,0.95,18,2,3352.7338249728705,3297.48290379686,0.9835206359763863,kv
524288,A100,A100x72,Qwen3-32B,8,9,1,TP8/DP9/EP1,0.9,9,1,1676.3737733690687,1648.74145189843,0.983516610728701,kv
524288,A100,A100x72,Qwen3-32B,8,9,1,TP8/DP9/EP1,0.95,9,1,1676.3737733690687,1648.74145189843,0.983516610728701,kv
1048576,A100,A100x72,Qwen3-32B,8,9,1,TP8/DP9/EP1,0.9,9,1,838.1886019157225,831.223085735349,0.9916897984958832,kv
1048576,A100,A100x72,Qwen3-32B,8,9,1,TP8/DP9/EP1,0.95,9,1,838.1886019157225,831.223085735349,0.9916897984958832,kv
8192,A100,A100x72,Qwen3-32B,12,6,1,TP12/DP6/EP1,0.9,276,46,107238.01099473186,97152.91932495142,0.9059559984726323,weight
8192,A100,A100x72,Qwen3-32B,12,6,1,TP12/DP6/EP1,0.95,294,49,107238.01099473186,103236.59041925587,0.9626865461382665,kv
16384,A100,A100x72,Qwen3-32B,12,6,1,TP12/DP6/EP1,0.9,138,23,53631.58994333057,48576.45966247571,0.9057434193877839,weight
16384,A100,A100x72,Qwen3-32B,12,6,1,TP12/DP6/EP1,0.95,150,25,53631.58994333057,51657.312220585816,0.9631881559947998,kv
32768,A100,A100x72,Qwen3-32B,12,6,1,TP12/DP6/EP1,0.9,72,12,26818.942190880738,25344.23982390037,0.9450126572299405,weight
32768,A100,A100x72,Qwen3-32B,12,6,1,TP12/DP6/EP1,0.95,78,13,26818.942190880738,25865.502419245066,0.96444901648806,kv
65536,A100,A100x72,Qwen3-32B,12,6,1,TP12/DP6/EP1,0.9,36,6,13410.25803876665,12672.119911950185,0.944957201816502,weight
65536,A100,A100x72,Qwen3-32B,12,6,1,TP12/DP6/EP1,0.95,42,7,13410.25803876665,12965.780772525623,0.9668554277661083,kv
131072,A100,A100x72,Qwen3-32B,12,6,1,TP12/DP6/EP1,0.9,18,3,6705.325772533754,6336.059955975093,0.9449294741097827,weight
131072,A100,A100x72,Qwen3-32B,12,6,1,TP12/DP6/EP1,0.95,24,4,6705.325772533754,6509.9075709243125,0.9708562703381377,kv
262144,A100,A100x72,Qwen3-32B,12,6,1,TP12/DP6/EP1,0.9,12,2,3352.7120767195647,3254.9537854621562,0.970842026090991,kv
262144,A100,A100x72,Qwen3-32B,12,6,1,TP12/DP6/EP1,0.95,12,2,3352.7120767195647,3254.9537854621562,0.970842026090991,kv
524288,A100,A100x72,Qwen3-32B,12,6,1,TP12/DP6/EP1,0.9,6,1,1676.368336243603,1627.4768927310781,0.9708349039674178,kv
524288,A100,A100x72,Qwen3-32B,12,6,1,TP12/DP6/EP1,0.95,6,1,1676.368336243603,1627.4768927310781,0.9708349039674178,kv
1048576,A100,A100x72,Qwen3-32B,12,6,1,TP12/DP6/EP1,0.9,6,1,838.1872426265886,825.7834133069009,0.9852016009205552,kv
1048576,A100,A100x72,Qwen3-32B,12,6,1,TP12/DP6/EP1,0.95,6,1,838.1872426265886,825.7834133069009,0.9852016009205552,kv
8192,A100,A100x72,Qwen3-32B,18,4,1,TP18/DP4/EP1,0.9,188,47,107200.54348265848,96542.94244272696,0.9005825838778926,weight
8192,A100,A100x72,Qwen3-32B,18,4,1,TP18/DP4/EP1,0.95,252,63,107200.54348265848,101863.12547363268,0.9502109053216766,kv
16384,A100,A100x72,Qwen3-32B,18,4,1,TP18/DP4/EP1,0.9,96,24,53622.21703096069,49298.52380054142,0.9193675034375616,weight
16384,A100,A100x72,Qwen3-32B,18,4,1,TP18/DP4/EP1,0.95,128,32,53622.21703096069,50971.835947880056,0.9505730790364311,kv
32768,A100,A100x72,Qwen3-32B,18,4,1,TP18/DP4/EP1,0.9,48,12,26816.598207934174,24649.26190027071,0.919179297431461,weight
32768,A100,A100x72,Qwen3-32B,18,4,1,TP18/DP4/EP1,0.95,64,16,26816.598207934174,25485.917973940028,0.9503784848594092,kv
65536,A100,A100x72,Qwen3-32B,18,4,1,TP18/DP4/EP1,0.9,24,6,13409.67194863821,12324.630950135355,0.9190851944284107,weight
65536,A100,A100x72,Qwen3-32B,18,4,1,TP18/DP4/EP1,0.95,32,8,13409.67194863821,12742.958986970014,0.9502811877708983,kv
131072,A100,A100x72,Qwen3-32B,18,4,1,TP18/DP4/EP1,0.9,12,3,6705.179238200479,6162.315475067678,0.9190381429268857,weight
131072,A100,A100x72,Qwen3-32B,18,4,1,TP18/DP4/EP1,0.95,16,4,6705.179238200479,6371.479493485007,0.9502325392266427,kv
262144,A100,A100x72,Qwen3-32B,18,4,1,TP18/DP4/EP1,0.9,8,2,3352.675441660963,3185.7397467425035,0.9502082149545149,kv
262144,A100,A100x72,Qwen3-32B,18,4,1,TP18/DP4/EP1,0.95,8,2,3352.675441660963,3185.7397467425035,0.9502082149545149,kv
524288,A100,A100x72,Qwen3-32B,18,4,1,TP18/DP4/EP1,0.9,4,1,1676.3591772945335,1592.8698733712517,0.9501960528184511,kv
524288,A100,A100x72,Qwen3-32B,18,4,1,TP18/DP4/EP1,0.95,4,1,1676.3591772945335,1592.8698733712517,0.9501960528184511,kv
1048576,A100,A100x72,Qwen3-32B,18,4,1,TP18/DP4/EP1,0.9,4,1,838.1849528662683,816.7793206485221,0.9744619225809922,kv
1048576,A100,A100x72,Qwen3-32B,18,4,1,TP18/DP4/EP1,0.95,4,1,838.1849528662683,816.7793206485221,0.9744619225809922,kv
8192,A100,A100x72,Qwen3-32B,24,3,1,TP24/DP3/EP1,0.9,147,49,107159.66615074957,97500.26682267294,0.9098597478412445,kv
8192,A100,A100x72,Qwen3-32B,24,3,1,TP24/DP3/EP1,0.95,276,92,107159.66615074957,101842.93918734675,0.9503849988117415,kv
16384,A100,A100x72,Qwen3-32B,24,3,1,TP24/DP3/EP1,0.9,75,25,53611.987378601334,48839.24710975823,0.9109762479958337,kv
16384,A100,A100x72,Qwen3-32B,24,3,1,TP24/DP3/EP1,0.95,141,47,53611.987378601334,50976.51881769859,0.9508418044216234,kv
32768,A100,A100x72,Qwen3-32B,24,3,1,TP24/DP3/EP1,0.9,39,13,26814.039503438507,24504.040394967054,0.9138511335386363,kv
32768,A100,A100x72,Qwen3-32B,24,3,1,TP24/DP3/EP1,0.95,72,24,26814.039503438507,25514.693063707902,0.9515423090368766,kv
65536,A100,A100x72,Qwen3-32B,24,3,1,TP24/DP3/EP1,0.9,21,7,13409.032110995764,12328.122719370038,0.9193894546095276,kv
65536,A100,A100x72,Qwen3-32B,24,3,1,TP24/DP3/EP1,0.95,36,12,13409.032110995764,12757.346531853951,0.9513995064112485,kv
131072,A100,A100x72,Qwen3-32B,24,3,1,TP24/DP3/EP1,0.9,12,4,6705.019258594247,6226.913130320759,0.9286942945524476,kv
131072,A100,A100x72,Qwen3-32B,24,3,1,TP24/DP3/EP1,0.95,18,6,6705.019258594247,6378.673265926976,0.9513281050984346,kv
262144,A100,A100x72,Qwen3-32B,24,3,1,TP24/DP3/EP1,0.9,6,2,3352.6354442345896,3113.4565651603793,0.9286594432790127,kv
262144,A100,A100x72,Qwen3-32B,24,3,1,TP24/DP3/EP1,0.95,9,3,3352.6354442345896,3189.336632963488,0.9512924044420275,kv
524288,A100,A100x72,Qwen3-32B,24,3,1,TP24/DP3/EP1,0.9,3,1,1676.3491776223157,1556.7282825801897,0.9286420176422953,kv
524288,A100,A100x72,Qwen3-32B,24,3,1,TP24/DP3/EP1,0.95,6,2,1676.3491776223157,1614.3403843682684,0.9630096199038921,kv
1048576,A100,A100x72,Qwen3-32B,24,3,1,TP24/DP3/EP1,0.9,3,1,838.1824529087594,807.1701921841342,0.9630005846376254,kv
1048576,A100,A100x72,Qwen3-32B,24,3,1,TP24/DP3/EP1,0.95,3,1,838.1824529087594,807.1701921841342,0.9630005846376254,kv
8192,A100,A100x72,Qwen3-32B,36,2,1,TP36/DP2/EP1,0.9,148,74,107070.87049380226,96444.72598727536,0.9007559716520472,kv
8192,A100,A100x72,Qwen3-32B,36,2,1,TP36/DP2/EP1,0.95,304,152,107070.87049380226,101720.44340149433,0.9500291062580122,kv
16384,A100,A100x72,Qwen3-32B,36,2,1,TP36/DP2/EP1,0.9,76,38,53589.75260570101,48350.96383353284,0.9022427139995631,kv
16384,A100,A100x72,Qwen3-32B,36,2,1,TP36/DP2/EP1,0.95,156,78,53589.75260570101,50927.990859560545,0.9503307700312597,kv
32768,A100,A100x72,Qwen3-32B,36,2,1,TP36/DP2/EP1,0.9,38,19,26808.47631955357,24175.48191676642,0.9017850036905418,kv
32768,A100,A100x72,Qwen3-32B,36,2,1,TP36/DP2/EP1,0.95,80,40,26808.47631955357,25496.269526251926,0.9510525410821448,kv
65536,A100,A100x72,Qwen3-32B,36,2,1,TP36/DP2/EP1,0.9,20,10,13407.64075317059,12147.67314781378,0.9060261511661657,kv
65536,A100,A100x72,Qwen3-32B,36,2,1,TP36/DP2/EP1,0.95,40,20,13407.64075317059,12748.134763125963,0.9508111828034571,kv
131072,A100,A100x72,Qwen3-32B,36,2,1,TP36/DP2/EP1,0.9,10,5,6704.671348873589,6073.83657390689,0.9059111562459089,kv
131072,A100,A100x72,Qwen3-32B,36,2,1,TP36/DP2/EP1,0.95,20,10,6704.671348873589,6374.067381562982,0.9506905036641132,kv
262144,A100,A100x72,Qwen3-32B,36,2,1,TP36/DP2/EP1,0.9,6,3,3352.5484580193393,3085.360419488396,0.9203030047509602,kv
262144,A100,A100x72,Qwen3-32B,36,2,1,TP36/DP2/EP1,0.95,10,5,3352.5484580193393,3187.033690781491,0.9506301640944413,kv
524288,A100,A100x72,Qwen3-32B,36,2,1,TP36/DP2/EP1,0.9,4,2,1676.3274299702398,1574.0652648282635,0.9389963062623202,kv
524288,A100,A100x72,Qwen3-32B,36,2,1,TP36/DP2/EP1,0.95,6,3,1676.3274299702398,1606.7538663170046,0.9584964354759319,kv
1048576,A100,A100x72,Qwen3-32B,36,2,1,TP36/DP2/EP1,0.9,2,1,838.1770158584494,787.0326324141317,0.9389814055066443,kv
1048576,A100,A100x72,Qwen3-32B,36,2,1,TP36/DP2/EP1,0.95,4,2,838.1770158584494,811.8063210330852,0.9685380363259475,kv
8192,A100,A100x72,Qwen3-32B,72,1,1,TP72/DP1/EP1,0.9,171,171,106770.6990710072,96125.02215771182,0.9002940225556121,kv
8192,A100,A100x72,Qwen3-32B,72,1,1,TP72/DP1/EP1,0.95,344,344,106770.6990710072,101432.73319425414,0.9500053298967062,kv
16384,A100,A100x72,Qwen3-32B,72,1,1,TP72/DP1/EP1,0.9,88,88,53514.45194994942,48205.003227427085,0.9007847688043574,kv
16384,A100,A100x72,Qwen3-32B,72,1,1,TP72/DP1/EP1,0.95,180,180,53514.45194994942,50839.68877631544,0.9500179283133533,kv
32768,A100,A100x72,Qwen3-32B,72,1,1,TP72/DP1/EP1,0.9,45,45,26789.618799027845,24156.93180283678,0.9017273438662516,kv
32768,A100,A100x72,Qwen3-32B,72,1,1,TP72/DP1/EP1,0.95,93,93,26789.618799027845,25462.785742703487,0.9504721188353562,kv
65536,A100,A100x72,Qwen3-32B,72,1,1,TP72/DP1/EP1,0.9,23,23,13402.92232020537,12104.612998326642,0.903132369877166,kv
65536,A100,A100x72,Qwen3-32B,72,1,1,TP72/DP1/EP1,0.95,47,47,13402.92232020537,12738.260493286385,0.9504091860685497,kv
131072,A100,A100x72,Qwen3-32B,72,1,1,TP72/DP1/EP1,0.9,12,12,6703.4912335106455,6076.972585547964,0.9065384549425939,kv
131072,A100,A100x72,Qwen3-32B,72,1,1,TP72/DP1/EP1,0.95,24,24,6703.4912335106455,6375.7938085047435,0.9511154093306264,kv
262144,A100,A100x72,Qwen3-32B,72,1,1,TP72/DP1/EP1,0.9,6,6,3352.2533657560243,3038.486292773982,0.9064011461104822,kv
262144,A100,A100x72,Qwen3-32B,72,1,1,TP72/DP1/EP1,0.95,12,12,3352.2533657560243,3187.8969042523718,0.9509713486508542,kv
524288,A100,A100x72,Qwen3-32B,72,1,1,TP72/DP1/EP1,0.9,3,3,1676.2536489745642,1519.243146386991,0.9063324916944263,kv
524288,A100,A100x72,Qwen3-32B,72,1,1,TP72/DP1/EP1,0.95,6,6,1676.2536489745642,1593.9484521261859,0.9508993183109681,kv
1048576,A100,A100x72,Qwen3-32B,72,1,1,TP72/DP1/EP1,0.9,2,2,838.1585696181733,777.8497355393691,0.9280460329764593,kv
1048576,A100,A100x72,Qwen3-32B,72,1,1,TP72/DP1/EP1,0.95,3,3,838.1585696181733,796.9742260630929,0.950863303141025,kv
8192,A100,A100x72,Llama-3.3-70B,1,72,1,TP1/DP72/EP1,0.9,3456,48,53644.18029785157,48951.841359773374,0.9125284623229462,weight
8192,A100,A100x72,Llama-3.3-70B,1,72,1,TP1/DP72/EP1,0.95,3600,50,53644.18029785157,50991.5014164306,0.9505504815864022,weight
16384,A100,A100x72,Llama-3.3-70B,1,72,1,TP1/DP72/EP1,0.9,1728,24,26822.090148925785,24475.920679886687,0.9125284623229462,weight
16384,A100,A100x72,Llama-3.3-70B,1,72,1,TP1/DP72/EP1,0.95,1800,25,26822.090148925785,25495.7507082153,0.9505504815864022,weight
32768,A100,A100x72,Llama-3.3-70B,1,72,1,TP1/DP72/EP1,0.9,864,12,13411.045074462892,12237.960339943344,0.9125284623229462,weight
32768,A100,A100x72,Llama-3.3-70B,1,72,1,TP1/DP72/EP1,0.95,936,13,13411.045074462892,13257.790368271955,0.9885725008498583,weight
65536,A100,A100x72,Llama-3.3-70B,1,72,1,TP1/DP72/EP1,0.9,432,6,6705.522537231446,6118.980169971672,0.9125284623229462,weight
65536,A100,A100x72,Llama-3.3-70B,1,72,1,TP1/DP72/EP1,0.95,504,7,6705.522537231446,6705.522537231445,0.9999999999999999,kv
131072,A100,A100x72,Llama-3.3-70B,1,72,1,TP1/DP72/EP1,0.9,216,3,3352.761268615723,3059.490084985836,0.9125284623229462,weight
131072,A100,A100x72,Llama-3.3-70B,1,72,1,TP1/DP72/EP1,0.95,288,4,3352.761268615723,3352.7612686157227,0.9999999999999999,kv
262144,A100,A100x72,Llama-3.3-70B,1,72,1,TP1/DP72/EP1,0.9,144,2,1676.3806343078616,1676.3806343078613,0.9999999999999999,kv
262144,A100,A100x72,Llama-3.3-70B,1,72,1,TP1/DP72/EP1,0.95,144,2,1676.3806343078616,1676.3806343078613,0.9999999999999999,kv
524288,A100,A100x72,Llama-3.3-70B,1,72,1,TP1/DP72/EP1,0.9,72,1,838.1903171539308,838.1903171539307,0.9999999999999999,kv
524288,A100,A100x72,Llama-3.3-70B,1,72,1,TP1/DP72/EP1,0.95,72,1,838.1903171539308,838.1903171539307,0.9999999999999999,kv
1048576,A100,A100x72,Llama-3.3-70B,1,72,1,TP1/DP72/EP1,0.9,72,1,419.0951585769654,419.09515857696533,0.9999999999999999,kv
1048576,A100,A100x72,Llama-3.3-70B,1,72,1,TP1/DP72/EP1,0.95,72,1,419.0951585769654,419.09515857696533,0.9999999999999999,kv
8192,A100,A100x72,Llama-3.3-70B,2,36,1,TP2/DP36/EP1,0.9,1728,48,53643.59483506812,48910.27455420323,0.9117635517265781,weight
8192,A100,A100x72,Llama-3.3-70B,2,36,1,TP2/DP36/EP1,0.95,1836,51,53643.59483506812,51967.166713840925,0.9687487737094891,weight
16384,A100,A100x72,Llama-3.3-70B,2,36,1,TP2/DP36/EP1,0.9,864,24,26821.943782431215,24455.137277101614,0.9117585763161619,weight
16384,A100,A100x72,Llama-3.3-70B,2,36,1,TP2/DP36/EP1,0.95,936,26,26821.943782431215,26493.065383526748,0.987738457675842,weight
32768,A100,A100x72,Llama-3.3-70B,2,36,1,TP2/DP36/EP1,0.9,432,12,13411.00848273941,12227.568638550807,0.9117560886109539,weight
32768,A100,A100x72,Llama-3.3-70B,2,36,1,TP2/DP36/EP1,0.95,468,13,13411.00848273941,13246.532691763374,0.9877357626618667,weight
65536,A100,A100x72,Llama-3.3-70B,2,36,1,TP2/DP36/EP1,0.9,216,6,6705.513389288096,6113.7843192754035,0.9117548447583498,weight
65536,A100,A100x72,Llama-3.3-70B,2,36,1,TP2/DP36/EP1,0.95,252,7,6705.513389288096,6700.173945874607,0.9992037233984175,kv
131072,A100,A100x72,Llama-3.3-70B,2,36,1,TP2/DP36/EP1,0.9,108,3,3352.7589816283253,3056.8921596377018,0.9117542228320478,weight
131072,A100,A100x72,Llama-3.3-70B,2,36,1,TP2/DP36/EP1,0.95,144,4,3352.7589816283253,3350.421026563344,0.9993026772643688,kv
262144,A100,A100x72,Llama-3.3-70B,2,36,1,TP2/DP36/EP1,0.9,72,2,1676.3800625608171,1675.210513281672,0.9993023364419173,kv
262144,A100,A100x72,Llama-3.3-70B,2,36,1,TP2/DP36/EP1,0.95,72,2,1676.3800625608171,1675.210513281672,0.9993023364419173,kv
524288,A100,A100x72,Llama-3.3-70B,2,36,1,TP2/DP36/EP1,0.9,36,1,838.1901742171452,837.605256640836,0.9993021660306917,kv
524288,A100,A100x72,Llama-3.3-70B,2,36,1,TP2/DP36/EP1,0.95,36,1,838.1901742171452,837.605256640836,0.9993021660306917,kv
1048576,A100,A100x72,Llama-3.3-70B,2,36,1,TP2/DP36/EP1,0.9,36,1,419.095122842766,418.9488423840199,0.99965096120004,kv
1048576,A100,A100x72,Llama-3.3-70B,2,36,1,TP2/DP36/EP1,0.95,36,1,419.095122842766,418.9488423840199,0.99965096120004,kv
8192,A100,A100x72,Llama-3.3-70B,4,18,1,TP4/DP18/EP1,0.9,864,48,53641.83852339091,48785.99661208357,0.9094765942970072,weight
8192,A100,A100x72,Llama-3.3-70B,4,18,1,TP4/DP18/EP1,0.95,918,51,53641.83852339091,51835.121400338794,0.9663188814405703,weight
16384,A100,A100x72,Llama-3.3-70B,4,18,1,TP4/DP18/EP1,0.9,432,24,26821.504692531907,24392.998306041784,0.909456743224167,weight
16384,A100,A100x72,Llama-3.3-70B,4,18,1,TP4/DP18/EP1,0.95,468,26,26821.504692531907,26425.748164878598,0.9852448051595143,weight
32768,A100,A100x72,Llama-3.3-70B,4,18,1,TP4/DP18/EP1,0.9,216,12,13410.89870876703,12196.499153020892,0.909446817687747,weight
32768,A100,A100x72,Llama-3.3-70B,4,18,1,TP4/DP18/EP1,0.95,234,13,13410.89870876703,13212.874082439299,0.9852340524950592,weight
65536,A100,A100x72,Llama-3.3-70B,4,18,1,TP4/DP18/EP1,0.9,108,6,6705.485945607804,6098.249576510446,0.9094418549195369,weight
65536,A100,A100x72,Llama-3.3-70B,4,18,1,TP4/DP18/EP1,0.95,126,7,6705.485945607804,6684.1792445802885,0.9968224971015752,kv
131072,A100,A100x72,Llama-3.3-70B,4,18,1,TP4/DP18/EP1,0.9,54,3,3352.7521206848523,3049.124788255223,0.9094393735354319,weight
131072,A100,A100x72,Llama-3.3-70B,4,18,1,TP4/DP18/EP1,0.95,72,4,3352.7521206848523,3343.4198614356046,0.9972165376641857,kv
262144,A100,A100x72,Llama-3.3-70B,4,18,1,TP4/DP18/EP1,0.9,36,2,1676.378347322024,1671.7099307178023,0.9972151772231612,kv
262144,A100,A100x72,Llama-3.3-70B,4,18,1,TP4/DP18/EP1,0.95,36,2,1676.378347322024,1671.7099307178023,0.9972151772231612,kv
524288,A100,A100x72,Llama-3.3-70B,4,18,1,TP4/DP18/EP1,0.9,18,1,838.1897454070813,835.8549653589012,0.9972144970026492,kv
524288,A100,A100x72,Llama-3.3-70B,4,18,1,TP4/DP18/EP1,0.95,18,1,838.1897454070813,835.8549653589012,0.9972144970026492,kv
1048576,A100,A100x72,Llama-3.3-70B,4,18,1,TP4/DP18/EP1,0.9,18,1,419.0950156402043,418.5105061538232,0.9986053055642091,kv
1048576,A100,A100x72,Llama-3.3-70B,4,18,1,TP4/DP18/EP1,0.95,18,1,419.0950156402043,418.5105061538232,0.9986053055642091,kv
8192,A100,A100x72,Llama-3.3-70B,8,9,1,TP8/DP9/EP1,0.9,432,48,53637.155587780726,48457.655636567586,0.9034344775659002,weight
8192,A100,A100x72,Llama-3.3-70B,8,9,1,TP8/DP9/EP1,0.95,459,51,53637.155587780726,51486.25911385306,0.959899132413769,weight
16384,A100,A100x72,Llama-3.3-70B,8,9,1,TP8/DP9/EP1,0.9,216,24,26820.333856414745,24228.827818283793,0.9033753251542345,weight
16384,A100,A100x72,Llama-3.3-70B,8,9,1,TP8/DP9/EP1,0.95,234,26,26820.333856414745,26247.896803140775,0.9786566022504206,weight
32768,A100,A100x72,Llama-3.3-70B,8,9,1,TP8/DP9/EP1,0.9,108,12,13410.605986959554,12114.413909141897,0.9033457489484016,weight
32768,A100,A100x72,Llama-3.3-70B,8,9,1,TP8/DP9/EP1,0.95,117,13,13410.605986959554,13123.948401570387,0.9786245613607684,weight
65536,A100,A100x72,Llama-3.3-70B,8,9,1,TP8/DP9/EP1,0.9,54,6,6705.4127635585755,6057.206954570948,0.9033309608454851,weight
65536,A100,A100x72,Llama-3.3-70B,8,9,1,TP8/DP9/EP1,0.95,63,7,6705.4127635585755,6641.897687752573,0.9905277903023086,kv
131072,A100,A100x72,Llama-3.3-70B,8,9,1,TP8/DP9/EP1,0.9,27,3,3352.7338249728705,3028.603477285474,0.9033235667940269,weight
131072,A100,A100x72,Llama-3.3-70B,8,9,1,TP8/DP9/EP1,0.95,36,4,3352.7338249728705,3324.892342941396,0.9916958865555932,kv
262144,A100,A100x72,Llama-3.3-70B,8,9,1,TP8/DP9/EP1,0.9,18,2,1676.3737733690687,1662.446171470698,0.9916918278491198,kv
262144,A100,A100x72,Llama-3.3-70B,8,9,1,TP8/DP9/EP1,0.95,18,2,1676.3737733690687,1662.446171470698,0.9916918278491198,kv
524288,A100,A100x72,Llama-3.3-70B,8,9,1,TP8/DP9/EP1,0.9,9,1,838.1886019157225,831.223085735349,0.9916897984958832,kv
524288,A100,A100x72,Llama-3.3-70B,8,9,1,TP8/DP9/EP1,0.95,9,1,838.1886019157225,831.223085735349,0.9916897984958832,kv
1048576,A100,A100x72,Llama-3.3-70B,8,9,1,TP8/DP9/EP1,0.9,9,1,419.0947297669746,417.3460813554938,0.9958275580977765,kv
1048576,A100,A100x72,Llama-3.3-70B,8,9,1,TP8/DP9/EP1,0.95,9,1,419.0947297669746,417.3460813554938,0.9958275580977765,kv
8192,A100,A100x72,Llama-3.3-70B,12,6,1,TP12/DP6/EP1,0.9,294,49,53631.58994333057,49074.57529209696,0.9150311475746152,weight
8192,A100,A100x72,Llama-3.3-70B,12,6,1,TP12/DP6/EP1,0.95,306,51,53631.58994333057,51077.619181570306,0.9523793576797015,weight
16384,A100,A100x72,Llama-3.3-70B,12,6,1,TP12/DP6/EP1,0.9,150,25,26818.942190880738,25038.04861841682,0.9335956817465576,weight
16384,A100,A100x72,Llama-3.3-70B,12,6,1,TP12/DP6/EP1,0.95,156,26,26818.942190880738,26039.57056315349,0.9709395090164199,weight
32768,A100,A100x72,Llama-3.3-70B,12,6,1,TP12/DP6/EP1,0.9,78,13,13410.25803876665,13019.785281576746,0.9708825321585075,weight
32768,A100,A100x72,Llama-3.3-70B,12,6,1,TP12/DP6/EP1,0.95,78,13,13410.25803876665,13019.785281576746,0.9708825321585075,weight
65536,A100,A100x72,Llama-3.3-70B,12,6,1,TP12/DP6/EP1,0.9,42,7,6705.325772533754,6592.327347295206,0.9831479589401293,kv
65536,A100,A100x72,Llama-3.3-70B,12,6,1,TP12/DP6/EP1,0.95,42,7,6705.325772533754,6592.327347295206,0.9831479589401293,kv
131072,A100,A100x72,Llama-3.3-70B,12,6,1,TP12/DP6/EP1,0.9,24,4,3352.7120767195647,3303.1336532276036,0.9852124422385621,kv
131072,A100,A100x72,Llama-3.3-70B,12,6,1,TP12/DP6/EP1,0.95,24,4,3352.7120767195647,3303.1336532276036,0.9852124422385621,kv
262144,A100,A100x72,Llama-3.3-70B,12,6,1,TP12/DP6/EP1,0.9,12,2,1676.368336243603,1651.5668266138018,0.9852052146932242,kv
262144,A100,A100x72,Llama-3.3-70B,12,6,1,TP12/DP6/EP1,0.95,12,2,1676.368336243603,1651.5668266138018,0.9852052146932242,kv
524288,A100,A100x72,Llama-3.3-70B,12,6,1,TP12/DP6/EP1,0.9,6,1,838.1872426265886,825.7834133069009,0.9852016009205552,kv
524288,A100,A100x72,Llama-3.3-70B,12,6,1,TP12/DP6/EP1,0.95,6,1,838.1872426265886,825.7834133069009,0.9852016009205552,kv
1048576,A100,A100x72,Llama-3.3-70B,12,6,1,TP12/DP6/EP1,0.9,6,1,419.09438994372016,415.97030555793356,0.9925456306246282,kv
1048576,A100,A100x72,Llama-3.3-70B,12,6,1,TP12/DP6/EP1,0.95,6,1,419.09438994372016,415.97030555793356,0.9925456306246282,kv
8192,A100,A100x72,Llama-3.3-70B,18,4,1,TP18/DP4/EP1,0.9,196,49,53622.21703096069,48427.107652249404,0.9031164754767281,weight
8192,A100,A100x72,Llama-3.3-70B,18,4,1,TP18/DP4/EP1,0.95,208,52,53622.21703096069,51392.032610550385,0.9584093209140788,weight
16384,A100,A100x72,Llama-3.3-70B,18,4,1,TP18/DP4/EP1,0.9,100,25,26816.598207934174,24707.70798584153,0.9213587716927985,weight
16384,A100,A100x72,Llama-3.3-70B,18,4,1,TP18/DP4/EP1,0.95,104,26,26816.598207934174,25696.016305275192,0.9582131225605104,weight
32768,A100,A100x72,Llama-3.3-70B,18,4,1,TP18/DP4/EP1,0.9,52,13,13409.67194863821,12848.008152637596,0.9581150233837262,weight
32768,A100,A100x72,Llama-3.3-70B,18,4,1,TP18/DP4/EP1,0.95,52,13,13409.67194863821,12848.008152637596,0.9581150233837262,weight
65536,A100,A100x72,Llama-3.3-70B,18,4,1,TP18/DP4/EP1,0.9,28,7,6705.179238200479,6510.476614077864,0.9709623535470367,kv
65536,A100,A100x72,Llama-3.3-70B,18,4,1,TP18/DP4/EP1,0.95,28,7,6705.179238200479,6510.476614077864,0.9709623535470367,kv
131072,A100,A100x72,Llama-3.3-70B,18,4,1,TP18/DP4/EP1,0.9,16,4,3352.675441660963,3267.1172825940885,0.9744806317952186,kv
131072,A100,A100x72,Llama-3.3-70B,18,4,1,TP18/DP4/EP1,0.95,16,4,3352.675441660963,3267.1172825940885,0.9744806317952186,kv
262144,A100,A100x72,Llama-3.3-70B,18,4,1,TP18/DP4/EP1,0.9,8,2,1676.3591772945335,1633.5586412970442,0.9744681589857342,kv
262144,A100,A100x72,Llama-3.3-70B,18,4,1,TP18/DP4/EP1,0.95,8,2,1676.3591772945335,1633.5586412970442,0.9744681589857342,kv
524288,A100,A100x72,Llama-3.3-70B,18,4,1,TP18/DP4/EP1,0.9,4,1,838.1849528662683,816.7793206485221,0.9744619225809922,kv
524288,A100,A100x72,Llama-3.3-70B,18,4,1,TP18/DP4/EP1,0.95,4,1,838.1849528662683,816.7793206485221,0.9744619225809922,kv
1048576,A100,A100x72,Llama-3.3-70B,18,4,1,TP18/DP4/EP1,0.9,4,1,419.0938175007584,413.67315881892733,0.9870657631884029,kv
1048576,A100,A100x72,Llama-3.3-70B,18,4,1,TP18/DP4/EP1,0.95,4,1,419.0938175007584,413.67315881892733,0.9870657631884029,kv
8192,A100,A100x72,Llama-3.3-70B,24,3,1,TP24/DP3/EP1,0.9,150,50,53611.987378601334,48713.70580240596,0.9086345831277564,weight
8192,A100,A100x72,Llama-3.3-70B,24,3,1,TP24/DP3/EP1,0.95,159,53,53611.987378601334,51265.124916971945,0.9562250426372719,kv
16384,A100,A100x72,Llama-3.3-70B,24,3,1,TP24/DP3/EP1,0.9,75,25,26814.039503438507,24356.85290120298,0.9083619384568883,weight
16384,A100,A100x72,Llama-3.3-70B,24,3,1,TP24/DP3/EP1,0.95,81,27,26814.039503438507,25653.631123801446,0.9567238505974359,kv
32768,A100,A100x72,Llama-3.3-70B,24,3,1,TP24/DP3/EP1,0.9,39,13,13409.032110995764,12665.56350862555,0.9445546407663122,weight
32768,A100,A100x72,Llama-3.3-70B,24,3,1,TP24/DP3/EP1,0.95,42,14,13409.032110995764,12846.80303553522,0.9580708681427125,kv
65536,A100,A100x72,Llama-3.3-70B,24,3,1,TP24/DP3/EP1,0.9,21,7,6705.019258594247,6423.40151776761,0.9579989661527565,kv
65536,A100,A100x72,Llama-3.3-70B,24,3,1,TP24/DP3/EP1,0.95,21,7,6705.019258594247,6423.40151776761,0.9579989661527565,kv
131072,A100,A100x72,Llama-3.3-70B,24,3,1,TP24/DP3/EP1,0.9,12,4,3352.6354442345896,3228.6807687365367,0.9630276904364257,kv
131072,A100,A100x72,Llama-3.3-70B,24,3,1,TP24/DP3/EP1,0.95,12,4,3352.6354442345896,3228.6807687365367,0.9630276904364257,kv
262144,A100,A100x72,Llama-3.3-70B,24,3,1,TP24/DP3/EP1,0.9,6,2,1676.3491776223157,1614.3403843682684,0.9630096199038921,kv
262144,A100,A100x72,Llama-3.3-70B,24,3,1,TP24/DP3/EP1,0.95,6,2,1676.3491776223157,1614.3403843682684,0.9630096199038921,kv
524288,A100,A100x72,Llama-3.3-70B,24,3,1,TP24/DP3/EP1,0.9,3,1,838.1824529087594,807.1701921841342,0.9630005846376254,kv
524288,A100,A100x72,Llama-3.3-70B,24,3,1,TP24/DP3/EP1,0.95,3,1,838.1824529087594,807.1701921841342,0.9630005846376254,kv
1048576,A100,A100x72,Llama-3.3-70B,24,3,1,TP24/DP3/EP1,0.9,3,1,419.0931925064493,411.1939210551506,0.9811515157188406,kv
1048576,A100,A100x72,Llama-3.3-70B,24,3,1,TP24/DP3/EP1,0.95,3,1,419.0931925064493,411.1939210551506,0.9811515157188406,kv
8192,A100,A100x72,Llama-3.3-70B,36,2,1,TP36/DP2/EP1,0.9,104,52,53589.75260570101,49144.487535728666,0.9170500915971863,weight
8192,A100,A100x72,Llama-3.3-70B,36,2,1,TP36/DP2/EP1,0.95,156,78,53589.75260570101,50927.990859560545,0.9503307700312597,kv
16384,A100,A100x72,Llama-3.3-70B,36,2,1,TP36/DP2/EP1,0.9,52,26,26808.47631955357,24572.243767864333,0.916584869463164,weight
16384,A100,A100x72,Llama-3.3-70B,36,2,1,TP36/DP2/EP1,0.95,80,40,26808.47631955357,25496.269526251926,0.9510525410821448,kv
32768,A100,A100x72,Llama-3.3-70B,36,2,1,TP36/DP2/EP1,0.9,26,13,13407.64075317059,12286.121883932166,0.9163522583961529,weight
32768,A100,A100x72,Llama-3.3-70B,36,2,1,TP36/DP2/EP1,0.95,40,20,13407.64075317059,12748.134763125963,0.9508111828034571,kv
65536,A100,A100x72,Llama-3.3-70B,36,2,1,TP36/DP2/EP1,0.9,14,7,6704.671348873589,6241.838031903709,0.9309685303146682,kv
65536,A100,A100x72,Llama-3.3-70B,36,2,1,TP36/DP2/EP1,0.95,20,10,6704.671348873589,6374.067381562982,0.9506905036641132,kv
131072,A100,A100x72,Llama-3.3-70B,36,2,1,TP36/DP2/EP1,0.9,8,4,3352.5484580193393,3148.130529656527,0.9390261077736723,kv
131072,A100,A100x72,Llama-3.3-70B,36,2,1,TP36/DP2/EP1,0.95,10,5,3352.5484580193393,3187.033690781491,0.9506301640944413,kv
262144,A100,A100x72,Llama-3.3-70B,36,2,1,TP36/DP2/EP1,0.9,4,2,1676.3274299702398,1574.0652648282635,0.9389963062623202,kv
262144,A100,A100x72,Llama-3.3-70B,36,2,1,TP36/DP2/EP1,0.95,6,3,1676.3274299702398,1606.7538663170046,0.9584964354759319,kv
524288,A100,A100x72,Llama-3.3-70B,36,2,1,TP36/DP2/EP1,0.9,2,1,838.1770158584494,787.0326324141317,0.9389814055066443,kv
524288,A100,A100x72,Llama-3.3-70B,36,2,1,TP36/DP2/EP1,0.95,4,2,838.1770158584494,811.8063210330852,0.9685380363259475,kv
1048576,A100,A100x72,Llama-3.3-70B,36,2,1,TP36/DP2/EP1,0.9,2,1,419.0918332267099,405.9031605165426,0.9685303514300818,kv
1048576,A100,A100x72,Llama-3.3-70B,36,2,1,TP36/DP2/EP1,0.95,2,1,419.0918332267099,405.9031605165426,0.9685303514300818,kv
8192,A100,A100x72,Llama-3.3-70B,72,1,1,TP72/DP1/EP1,0.9,88,88,53514.45194994942,48205.003227427085,0.9007847688043574,kv
8192,A100,A100x72,Llama-3.3-70B,72,1,1,TP72/DP1/EP1,0.95,180,180,53514.45194994942,50839.68877631544,0.9500179283133533,kv
16384,A100,A100x72,Llama-3.3-70B,72,1,1,TP72/DP1/EP1,0.9,45,45,26789.618799027845,24156.93180283678,0.9017273438662516,kv
16384,A100,A100x72,Llama-3.3-70B,72,1,1,TP72/DP1/EP1,0.95,93,93,26789.618799027845,25462.785742703487,0.9504721188353562,kv
32768,A100,A100x72,Llama-3.3-70B,72,1,1,TP72/DP1/EP1,0.9,23,23,13402.92232020537,12104.612998326642,0.903132369877166,kv
32768,A100,A100x72,Llama-3.3-70B,72,1,1,TP72/DP1/EP1,0.95,47,47,13402.92232020537,12738.260493286385,0.9504091860685497,kv
65536,A100,A100x72,Llama-3.3-70B,72,1,1,TP72/DP1/EP1,0.9,12,12,6703.4912335106455,6076.972585547964,0.9065384549425939,kv
65536,A100,A100x72,Llama-3.3-70B,72,1,1,TP72/DP1/EP1,0.95,24,24,6703.4912335106455,6375.7938085047435,0.9511154093306264,kv
131072,A100,A100x72,Llama-3.3-70B,72,1,1,TP72/DP1/EP1,0.9,6,6,3352.2533657560243,3038.486292773982,0.9064011461104822,kv
131072,A100,A100x72,Llama-3.3-70B,72,1,1,TP72/DP1/EP1,0.95,12,12,3352.2533657560243,3187.8969042523718,0.9509713486508542,kv
262144,A100,A100x72,Llama-3.3-70B,72,1,1,TP72/DP1/EP1,0.9,3,3,1676.2536489745642,1519.243146386991,0.9063324916944263,kv
262144,A100,A100x72,Llama-3.3-70B,72,1,1,TP72/DP1/EP1,0.95,6,6,1676.2536489745642,1593.9484521261859,0.9508993183109681,kv
524288,A100,A100x72,Llama-3.3-70B,72,1,1,TP72/DP1/EP1,0.9,2,2,838.1585696181733,777.8497355393691,0.9280460329764593,kv
524288,A100,A100x72,Llama-3.3-70B,72,1,1,TP72/DP1/EP1,0.95,3,3,838.1585696181733,796.9742260630929,0.950863303141025,kv
1048576,A100,A100x72,Llama-3.3-70B,72,1,1,TP72/DP1/EP1,0.9,1,1,419.0872215427133,388.92486776968457,0.9280284575082074,kv
1048576,A100,A100x72,Llama-3.3-70B,72,1,1,TP72/DP1/EP1,0.95,2,2,419.0872215427133,403.4467558172471,0.9626796883286213,kv
8192,A100,A100x72,Qwen3-235B-A22B,1,72,72,TP1/DP72/EP72,0.9,19368,269,91309.24306017288,82384.4777257276,0.9022578105420953,weight
8192,A100,A100x72,Qwen3-235B-A22B,1,72,72,TP1/DP72/EP72,0.95,20448,284,91309.24306017288,86978.40620667291,0.9525695678952683,weight
16384,A100,A100x72,Qwen3-235B-A22B,1,72,72,TP1/DP72/EP72,0.9,9720,135,45654.62153008644,41351.939067856685,0.9057558179647972,weight
16384,A100,A100x72,Qwen3-235B-A22B,1,72,72,TP1/DP72/EP72,0.95,10224,142,45654.62153008644,43493.60127319294,0.952665903593804,weight
32768,A100,A100x72,Qwen3-235B-A22B,1,72,72,TP1/DP72/EP72,0.9,4824,67,22827.31076504322,20785.507649937,0.9105543733941297,weight
32768,A100,A100x72,Qwen3-235B-A22B,1,72,72,TP1/DP72/EP72,0.95,5112,71,22827.31076504322,21961.669833091448,0.9620787161106432,weight
65536,A100,A100x72,Qwen3-235B-A22B,1,72,72,TP1/DP72/EP72,0.9,2088,29,11413.65538252161,10432.25598170269,0.914015329188772,weight
65536,A100,A100x72,Qwen3-235B-A22B,1,72,72,TP1/DP72/EP72,0.95,2232,31,11413.65538252161,10920.833303968198,0.9568217138123778,weight
131072,A100,A100x72,Qwen3-235B-A22B,1,72,72,TP1/DP72/EP72,0.9,432,6,5706.827691260805,5339.309645558864,0.9356002904617668,weight
131072,A100,A100x72,Qwen3-235B-A22B,1,72,72,TP1/DP72/EP72,0.95,504,7,5706.827691260805,5566.243509925646,0.9753656166015939,weight
262144,A100,A100x72,Qwen3-235B-A22B,1,72,72,TP1/DP72/EP72,0.9,72,1,2853.4138456304026,2853.413845630402,0.9999999999999999,kv
262144,A100,A100x72,Qwen3-235B-A22B,1,72,72,TP1/DP72/EP72,0.95,72,1,2853.4138456304026,2853.413845630402,0.9999999999999999,kv
524288,A100,A100x72,Qwen3-235B-A22B,1,72,72,TP1/DP72/EP72,0.9,72,1,1426.7069228152013,1426.706922815201,0.9999999999999999,kv
524288,A100,A100x72,Qwen3-235B-A22B,1,72,72,TP1/DP72/EP72,0.95,72,1,1426.7069228152013,1426.706922815201,0.9999999999999999,kv
1048576,A100,A100x72,Qwen3-235B-A22B,1,72,72,TP1/DP72/EP72,0.9,72,1,713.3534614076007,713.3534614076005,0.9999999999999999,kv
1048576,A100,A100x72,Qwen3-235B-A22B,1,72,72,TP1/DP72/EP72,0.95,72,1,713.3534614076007,713.3534614076005,0.9999999999999999,kv
8192,A100,A100x72,Qwen3-235B-A22B,2,36,72,TP2/DP36/EP72,0.9,9684,269,91307.54684781359,82363.45706155876,0.9020443534512832,weight
8192,A100,A100x72,Qwen3-235B-A22B,2,36,72,TP2/DP36/EP72,0.95,10224,284,91307.54684781359,86956.2133872768,0.9523442080007981,weight
16384,A100,A100x72,Qwen3-235B-A22B,2,36,72,TP2/DP36/EP72,0.9,4860,135,45654.19747305785,41341.38631175949,0.9055330856742471,weight
16384,A100,A100x72,Qwen3-235B-A22B,2,36,72,TP2/DP36/EP72,0.95,5112,142,45654.19747305785,43482.502619253486,0.9524316497932975,weight
32768,A100,A100x72,Qwen3-235B-A22B,2,36,72,TP2/DP36/EP72,0.9,2412,67,22827.20475029372,20780.13544018378,0.9103232597901152,weight
32768,A100,A100x72,Qwen3-235B-A22B,2,36,72,TP2/DP36/EP72,0.95,2556,71,22827.20475029372,21956.01031842636,0.9618352557224007,weight
65536,A100,A100x72,Qwen3-235B-A22B,2,36,72,TP2/DP36/EP72,0.9,1044,29,11413.62887877269,10429.129563620103,0.9137435319117849,weight
65536,A100,A100x72,Qwen3-235B-A22B,2,36,72,TP2/DP36/EP72,0.95,1116,31,11413.62887877269,10917.628207255131,0.9565431225436083,weight
131072,A100,A100x72,Qwen3-235B-A22B,2,36,72,TP2/DP36/EP72,0.9,216,6,5706.821065315882,5335.353103574366,0.9349080762319373,weight
131072,A100,A100x72,Qwen3-235B-A22B,2,36,72,TP2/DP36/EP72,0.95,252,7,5706.821065315882,5562.55749212337,0.974720852197505,weight
262144,A100,A100x72,Qwen3-235B-A22B,2,36,72,TP2/DP36/EP72,0.9,36,1,2853.4121891432096,2846.6449654986122,0.9976283750134854,kv
262144,A100,A100x72,Qwen3-235B-A22B,2,36,72,TP2/DP36/EP72,0.95,36,1,2853.4121891432096,2846.6449654986122,0.9976283750134854,kv
524288,A100,A100x72,Qwen3-235B-A22B,2,36,72,TP2/DP36/EP72,0.9,36,1,1426.706508693283,1425.0126932530648,0.9988127793418636,kv
524288,A100,A100x72,Qwen3-235B-A22B,2,36,72,TP2/DP36/EP72,0.95,36,1,1426.706508693283,1425.0126932530648,0.9988127793418636,kv
1048576,A100,A100x72,Qwen3-235B-A22B,2,36,72,TP2/DP36/EP72,0.9,36,1,713.353357877106,712.9296523782137,0.9994060370022605,kv
1048576,A100,A100x72,Qwen3-235B-A22B,2,36,72,TP2/DP36/EP72,0.95,36,1,713.353357877106,712.9296523782137,0.9994060370022605,kv
8192,A100,A100x72,Qwen3-235B-A22B,4,18,72,TP4/DP18/EP72,0.9,4842,269,91302.45858883232,82300.45938170345,0.9014046352500966,weight
8192,A100,A100x72,Qwen3-235B-A22B,4,18,72,TP4/DP18/EP72,0.95,5112,284,91302.45858883232,86889.70282794349,0.9516688178052132,weight
16384,A100,A100x72,Qwen3-235B-A22B,4,18,72,TP4/DP18/EP72,0.9,2430,135,45652.92534923637,41309.76033471424,0.9048655703594518,weight
16384,A100,A100x72,Qwen3-235B-A22B,4,18,72,TP4/DP18/EP72,0.95,2556,142,45652.92534923637,43449.24061715947,0.9517296051628866,weight
32768,A100,A100x72,Qwen3-235B-A22B,4,18,72,TP4/DP18/EP72,0.9,1206,67,22826.886711953397,20764.035459991865,0.9096306352244999,weight
32768,A100,A100x72,Qwen3-235B-A22B,4,18,72,TP4/DP18/EP72,0.95,1278,71,22826.886711953397,21939.049262370692,0.961105626851962,weight
65536,A100,A100x72,Qwen3-235B-A22B,4,18,72,TP4/DP18/EP72,0.9,522,29,11413.549368264463,10419.761542658862,0.9129291166542073,weight
65536,A100,A100x72,Qwen3-235B-A22B,4,18,72,TP4/DP18/EP72,0.95,558,31,11413.549368264463,10908.024194945763,0.9557083290212667,weight
131072,A100,A100x72,Qwen3-235B-A22B,4,18,72,TP4/DP18/EP72,0.9,108,6,5706.80118757343,5323.518582162169,0.9328375752346412,weight
131072,A100,A100x72,Qwen3-235B-A22B,4,18,72,TP4/DP18/EP72,0.95,126,7,5706.80118757343,5551.5286716215605,0.9727916724539176,weight
262144,A100,A100x72,Qwen3-235B-A22B,4,18,72,TP4/DP18/EP72,0.9,18,1,2853.4072196931725,2826.5296495071075,0.9905805347373604,kv
262144,A100,A100x72,Qwen3-235B-A22B,4,18,72,TP4/DP18/EP72,0.95,18,1,2853.4072196931725,2826.5296495071075,0.9905805347373604,kv
524288,A100,A100x72,Qwen3-235B-A22B,4,18,72,TP4/DP18/EP72,0.9,18,1,1426.7052663289705,1419.95406184814,0.9952679753554132,kv
524288,A100,A100x72,Qwen3-235B-A22B,4,18,72,TP4/DP18/EP72,0.95,18,1,1426.7052663289705,1419.95406184814,0.9952679753554132,kv
1048576,A100,A100x72,Qwen3-235B-A22B,4,18,72,TP4/DP18/EP72,0.9,18,1,713.3530472858024,711.6612413746531,0.9976283750134854,kv
1048576,A100,A100x72,Qwen3-235B-A22B,4,18,72,TP4/DP18/EP72,0.95,18,1,713.3530472858024,711.6612413746531,0.9976283750134854,kv
8192,A100,A100x72,Qwen3-235B-A22B,8,9,72,TP8/DP9/EP72,0.9,2430,270,91288.89267030587,82438.26251038637,0.9030481157013924,weight
8192,A100,A100x72,Qwen3-235B-A22B,8,9,72,TP8/DP9/EP72,0.95,2565,285,91288.89267030587,87018.16457707193,0.953217440059681,weight
16384,A100,A100x72,Qwen3-235B-A22B,8,9,72,TP8/DP9/EP72,0.9,1215,135,45649.53336561175,41225.6604752637,0.9030905123406892,weight
16384,A100,A100x72,Qwen3-235B-A22B,8,9,72,TP8/DP9/EP72,0.95,1287,143,45649.53336561175,43665.8727117316,0.9565458722657073,weight
32768,A100,A100x72,Qwen3-235B-A22B,8,9,72,TP8/DP9/EP72,0.9,603,67,22826.038653036707,20721.223895043495,0.9077888726122352,weight
32768,A100,A100x72,Qwen3-235B-A22B,8,9,72,TP8/DP9/EP72,0.95,639,71,22826.038653036707,21893.947628982896,0.9591654496769282,weight
65536,A100,A100x72,Qwen3-235B-A22B,8,9,72,TP8/DP9/EP72,0.9,261,29,11413.33734565826,10394.862235586768,0.9107644785020809,weight
65536,A100,A100x72,Qwen3-235B-A22B,8,9,72,TP8/DP9/EP72,0.95,279,31,11413.33734565826,10882.495909208335,0.9534893764748081,weight
131072,A100,A100x72,Qwen3-235B-A22B,8,9,72,TP8/DP9/EP72,0.9,54,6,5706.748180937206,5292.215021045135,0.9273608810571359,weight
131072,A100,A100x72,Qwen3-235B-A22B,8,9,72,TP8/DP9/EP72,0.95,63,7,5706.748180937206,5522.331167042489,0.9676843960785334,weight
262144,A100,A100x72,Qwen3-235B-A22B,8,9,72,TP8/DP9/EP72,0.9,9,1,2853.3939679110294,2774.2529284570032,0.9722642437938686,kv
262144,A100,A100x72,Qwen3-235B-A22B,8,9,72,TP8/DP9/EP72,0.95,9,1,2853.3939679110294,2774.2529284570032,0.9722642437938686,kv
524288,A100,A100x72,Qwen3-235B-A22B,8,9,72,TP8/DP9/EP72,0.9,9,1,1426.7019533680486,1406.6383165736734,0.9859370510098409,kv
524288,A100,A100x72,Qwen3-235B-A22B,8,9,72,TP8/DP9/EP72,0.95,9,1,1426.7019533680486,1406.6383165736734,0.9859370510098409,kv
1048576,A100,A100x72,Qwen3-235B-A22B,8,9,72,TP8/DP9/EP72,0.9,9,1,713.3522190436488,708.3007733239176,0.9929187215166957,kv
1048576,A100,A100x72,Qwen3-235B-A22B,8,9,72,TP8/DP9/EP72,0.95,9,1,713.3522190436488,708.3007733239176,0.9929187215166957,kv
8192,A100,A100x72,Qwen3-235B-A22B,12,6,72,TP12/DP6/EP72,0.9,1620,270,91272.77180955642,82239.27156445487,0.9010274360468614,weight
8192,A100,A100x72,Qwen3-235B-A22B,12,6,72,TP12/DP6/EP72,0.95,1710,285,91272.77180955642,86808.1185853687,0.9510845004959052,weight
16384,A100,A100x72,Qwen3-235B-A22B,12,6,72,TP12/DP6/EP72,0.9,810,135,45645.50189612462,41126.133517160786,0.9009898414689678,weight
16384,A100,A100x72,Qwen3-235B-A22B,12,6,72,TP12/DP6/EP72,0.95,858,143,45645.50189612462,43560.46131371025,0.9543210065438805,weight
32768,A100,A100x72,Qwen3-235B-A22B,12,6,72,TP12/DP6/EP72,0.9,402,67,22825.030628821078,20670.561947607257,0.9056093848788365,weight
32768,A100,A100x72,Qwen3-235B-A22B,12,6,72,TP12/DP6/EP72,0.95,426,71,22825.030628821078,21840.574976151733,0.9568694706842462,weight
65536,A100,A100x72,Qwen3-235B-A22B,12,6,72,TP12/DP6/EP72,0.9,174,29,11413.085319995347,10365.418252012503,0.908204745815107,weight
65536,A100,A100x72,Qwen3-235B-A22B,12,6,72,TP12/DP6/EP72,0.95,186,31,11413.085319995347,10852.304888150751,0.9508651327733328,weight
131072,A100,A100x72,Qwen3-235B-A22B,12,6,72,TP12/DP6/EP72,0.9,36,6,5706.685172070132,5255.479385016535,0.920933821746133,weight
131072,A100,A100x72,Qwen3-235B-A22B,12,6,72,TP12/DP6/EP72,0.95,42,7,5706.685172070132,5488.020502621743,0.9616827172246009,weight
262144,A100,A100x72,Qwen3-235B-A22B,12,6,72,TP12/DP6/EP72,0.9,6,1,2853.3782153878287,2714.571886603398,0.951353687346504,kv
262144,A100,A100x72,Qwen3-235B-A22B,12,6,72,TP12/DP6/EP72,0.95,6,1,2853.3782153878287,2714.571886603398,0.951353687346504,kv
524288,A100,A100x72,Qwen3-235B-A22B,12,6,72,TP12/DP6/EP72,0.9,6,1,1426.6980151989435,1391.1309005969147,0.9750703272709963,kv
524288,A100,A100x72,Qwen3-235B-A22B,12,6,72,TP12/DP6/EP72,0.95,6,1,1426.6980151989435,1391.1309005969147,0.9750703272709963,kv
1048576,A100,A100x72,Qwen3-235B-A22B,12,6,72,TP12/DP6/EP72,0.9,6,1,713.3512344965843,704.3471664456721,0.9873777914504256,kv
1048576,A100,A100x72,Qwen3-235B-A22B,12,6,72,TP12/DP6/EP72,0.95,6,1,713.3512344965843,704.3471664456721,0.9873777914504256,kv
8192,A100,A100x72,Qwen3-235B-A22B,18,4,72,TP18/DP4/EP72,0.9,1084,271,91245.62852340622,82209.58393185488,0.9009701096065832,weight
8192,A100,A100x72,Qwen3-235B-A22B,18,4,72,TP18/DP4/EP72,0.95,1144,286,91245.62852340622,86759.92860010549,0.9508392895540188,weight
16384,A100,A100x72,Qwen3-235B-A22B,18,4,72,TP18/DP4/EP72,0.9,544,136,45638.71235398667,41262.557247658006,0.9041130899490332,weight
16384,A100,A100x72,Qwen3-235B-A22B,18,4,72,TP18/DP4/EP72,0.95,572,143,45638.71235398667,43384.038203845645,0.9505973320926948,weight
32768,A100,A100x72,Qwen3-235B-A22B,18,4,72,TP18/DP4/EP72,0.9,268,67,22823.332777917603,20585.777961421994,0.9019619597949111,weight
32768,A100,A100x72,Qwen3-235B-A22B,18,4,72,TP18/DP4/EP72,0.95,284,71,22823.332777917603,21751.252847948013,0.953027021057728,weight
65536,A100,A100x72,Qwen3-235B-A22B,18,4,72,TP18/DP4/EP72,0.9,116,29,11412.660799079973,10316.19419463981,0.9039254189935659,weight
65536,A100,A100x72,Qwen3-235B-A22B,18,4,72,TP18/DP4/EP72,0.95,128,32,11412.660799079973,11047.640485648126,0.9680161953589935,weight
131072,A100,A100x72,Qwen3-235B-A22B,18,4,72,TP18/DP4/EP72,0.9,24,6,5706.57903456645,5194.736740419765,0.9103066318636255,weight
131072,A100,A100x72,Qwen3-235B-A22B,18,4,72,TP18/DP4/EP72,0.95,28,7,5706.57903456645,5431.177015877285,0.9517395593715652,weight
262144,A100,A100x72,Qwen3-235B-A22B,18,4,72,TP18/DP4/EP72,0.9,4,1,2853.351680102482,2619.640017956567,0.9180922338540755,kv
262144,A100,A100x72,Qwen3-235B-A22B,18,4,72,TP18/DP4/EP72,0.95,8,2,2853.351680102482,2731.534271035213,0.957307257315406,kv
524288,A100,A100x72,Qwen3-235B-A22B,18,4,72,TP18/DP4/EP72,0.9,4,1,1426.691381263924,1365.7671355176064,0.9572968291906663,kv
524288,A100,A100x72,Qwen3-235B-A22B,18,4,72,TP18/DP4/EP72,0.95,4,1,1426.691381263924,1365.7671355176064,0.9572968291906663,kv
1048576,A100,A100x72,Qwen3-235B-A22B,18,4,72,TP18/DP4/EP72,0.9,4,1,713.3495759986188,697.7860443795133,0.9781824618072871,kv
1048576,A100,A100x72,Qwen3-235B-A22B,18,4,72,TP18/DP4/EP72,0.95,4,1,713.3495759986188,697.7860443795133,0.9781824618072871,kv
8192,A100,A100x72,Qwen3-235B-A22B,24,3,72,TP24/DP3/EP72,0.9,816,272,91216.01177683756,82149.71717117631,0.9006063252596245,weight
8192,A100,A100x72,Qwen3-235B-A22B,24,3,72,TP24/DP3/EP72,0.95,861,287,91216.01177683756,86680.03123864047,0.9502721019058091,weight
16384,A100,A100x72,Qwen3-235B-A22B,24,3,72,TP24/DP3/EP72,0.9,408,136,45631.30180395188,41080.89225341211,0.9002787698214281,weight
16384,A100,A100x72,Qwen3-235B-A22B,24,3,72,TP24/DP3/EP72,0.95,432,144,45631.30180395188,43494.83831024237,0.9531798697550092,weight
32768,A100,A100x72,Qwen3-235B-A22B,24,3,72,TP24/DP3/EP72,0.9,204,68,22821.479344206502,20783.282007347763,0.9106895172693457,weight
32768,A100,A100x72,Qwen3-235B-A22B,24,3,72,TP24/DP3/EP72,0.95,216,72,22821.479344206502,21946.05390864644,0.9616402853488857,weight
65536,A100,A100x72,Qwen3-235B-A22B,24,3,72,TP24/DP3/EP72,0.9,90,30,11412.1973410782,10504.116919988639,0.9204289591259586,weight
65536,A100,A100x72,Qwen3-235B-A22B,24,3,72,TP24/DP3/EP72,0.95,96,32,11412.1973410782,10992.327973600975,0.963208718274972,weight
131072,A100,A100x72,Qwen3-235B-A22B,24,3,72,TP24/DP3/EP72,0.9,21,7,5706.463157616213,5370.444634343219,0.9411161495322157,weight
131072,A100,A100x72,Qwen3-235B-A22B,24,3,72,TP24/DP3/EP72,0.95,24,8,5706.463157616213,5526.086057021259,0.9683907359755384,kv
262144,A100,A100x72,Qwen3-235B-A22B,24,3,72,TP24/DP3/EP72,0.9,6,2,2853.322709308508,2678.2207725272992,0.9386322702966732,kv
262144,A100,A100x72,Qwen3-235B-A22B,24,3,72,TP24/DP3/EP72,0.95,9,3,2853.322709308508,2734.178198368539,0.958243590691204,kv
524288,A100,A100x72,Qwen3-235B-A22B,24,3,72,TP24/DP3/EP72,0.9,3,1,1426.6841383708665,1339.1103862636496,0.9386172806216114,kv
524288,A100,A100x72,Qwen3-235B-A22B,24,3,72,TP24/DP3/EP72,0.95,6,2,1426.6841383708665,1381.5215142553147,0.9683443427308843,kv
1048576,A100,A100x72,Qwen3-235B-A22B,24,3,72,TP24/DP3/EP72,0.9,3,1,713.3477652510334,690.7607571276574,0.9683366105234417,kv
1048576,A100,A100x72,Qwen3-235B-A22B,24,3,72,TP24/DP3/EP72,0.95,3,1,713.3477652510334,690.7607571276574,0.9683366105234417,kv
8192,A100,A100x72,Qwen3-235B-A22B,36,2,72,TP36/DP2/EP72,0.9,550,275,91151.66530689757,82268.15773807802,0.9025414671371087,weight
8192,A100,A100x72,Qwen3-235B-A22B,36,2,72,TP36/DP2/EP72,0.95,580,290,91151.66530689757,86755.51080180521,0.9517709907954945,weight
16384,A100,A100x72,Qwen3-235B-A22B,36,2,72,TP36/DP2/EP72,0.9,276,138,45615.19306975634,41288.93672925453,0.9051575571786806,weight
16384,A100,A100x72,Qwen3-235B-A22B,36,2,72,TP36/DP2/EP72,0.95,290,145,45615.19306975634,43381.286231283826,0.9510271317923319,weight
32768,A100,A100x72,Qwen3-235B-A22B,36,2,72,TP36/DP2/EP72,0.9,136,68,22817.449391697734,20583.856388577384,0.9021103119469148,weight
32768,A100,A100x72,Qwen3-235B-A22B,36,2,72,TP36/DP2/EP72,0.95,144,72,22817.449391697734,21736.037461930893,0.9526059240363509,weight
65536,A100,A100x72,Qwen3-235B-A22B,36,2,72,TP36/DP2/EP72,0.9,60,30,11411.189506557374,10388.81060092118,0.9104055799749282,weight
65536,A100,A100x72,Qwen3-235B-A22B,36,2,72,TP36/DP2/EP72,0.95,64,32,11411.189506557374,10873.921652917592,0.9529174541066868,weight
131072,A100,A100x72,Qwen3-235B-A22B,36,2,72,TP36/DP2/EP72,0.9,14,7,5706.211155669685,5242.937102699832,0.9188123186591959,weight
131072,A100,A100x72,Qwen3-235B-A22B,36,2,72,TP36/DP2/EP72,0.95,18,9,5706.211155669685,5439.3575188774885,0.9532345317212717,kv
262144,A100,A100x72,Qwen3-235B-A22B,36,2,72,TP36/DP2/EP72,0.9,4,2,2853.2597034062655,2569.1629033005506,0.9004307950774492,kv
262144,A100,A100x72,Qwen3-235B-A22B,36,2,72,TP36/DP2/EP72,0.95,10,5,2853.2597034062655,2732.485495616651,0.9576714984459941,kv
524288,A100,A100x72,Qwen3-235B-A22B,36,2,72,TP36/DP2/EP72,0.9,2,1,1426.6683862182879,1284.5814516502753,0.9004064743141561,kv
524288,A100,A100x72,Qwen3-235B-A22B,36,2,72,TP36/DP2/EP72,0.95,6,3,1426.6683862182879,1375.961677738867,0.9644579574558102,kv
1048576,A100,A100x72,Qwen3-235B-A22B,36,2,72,TP36/DP2/EP72,0.9,2,1,713.3438271282571,675.959542795135,0.9475928957237608,kv
1048576,A100,A100x72,Qwen3-235B-A22B,36,2,72,TP36/DP2/EP72,0.95,4,2,713.3438271282571,694.1532659173812,0.9730977398541005,kv
8192,A100,A100x72,Qwen3-235B-A22B,72,1,72,TP72/DP1/EP72,0.9,283,283,90934.02619163024,82022.42381239838,0.9019992542675724,weight
8192,A100,A100x72,Qwen3-235B-A22B,72,1,72,TP72/DP1/EP72,0.95,299,299,90934.02619163024,86424.07579897597,0.9504041492328713,kv
16384,A100,A100x72,Qwen3-235B-A22B,72,1,72,TP72/DP1/EP72,0.9,142,142,45560.62418140329,41160.066729108774,0.9034131438855327,weight
16384,A100,A100x72,Qwen3-235B-A22B,72,1,72,TP72/DP1/EP72,0.95,155,155,45560.62418140329,43294.22917086339,0.9502554003317412,kv
32768,A100,A100x72,Qwen3-235B-A22B,72,1,72,TP72/DP1/EP72,0.9,71,71,22803.787211795694,20772.362641491367,0.9109172282903283,weight
32768,A100,A100x72,Qwen3-235B-A22B,72,1,72,TP72/DP1/EP72,0.95,79,79,22803.787211795694,21668.385696652527,0.9502099583460479,kv
65536,A100,A100x72,Qwen3-235B-A22B,72,1,72,TP72/DP1/EP72,0.9,32,32,11407.771462518722,10490.532665750137,0.9195952689110002,weight
65536,A100,A100x72,Qwen3-235B-A22B,72,1,72,TP72/DP1/EP72,0.95,40,40,11407.771462518722,10841.072760243733,0.950323452381832,kv
131072,A100,A100x72,Qwen3-235B-A22B,72,1,72,TP72/DP1/EP72,0.9,10,10,5705.35633200559,5161.597342415454,0.9046932464954401,kv
131072,A100,A100x72,Qwen3-235B-A22B,72,1,72,TP72/DP1/EP72,0.95,20,20,5705.35633200559,5420.536380121866,0.95007849899121,kv
262144,A100,A100x72,Qwen3-235B-A22B,72,1,72,TP72/DP1/EP72,0.9,5,5,2853.0459583914508,2580.798671207727,0.9045766205121991,kv
262144,A100,A100x72,Qwen3-235B-A22B,72,1,72,TP72/DP1/EP72,0.95,11,11,2853.0459583914508,2722.6852322927302,0.9543082277678352,kv
524288,A100,A100x72,Qwen3-235B-A22B,72,1,72,TP72/DP1/EP72,0.9,3,3,1426.6149450761732,1311.2792737688535,0.919154308802533,kv
524288,A100,A100x72,Qwen3-235B-A22B,72,1,72,TP72/DP1/EP72,0.95,6,6,1426.6149450761732,1366.5600067408373,0.9579038909254316,kv
1048576,A100,A100x72,Qwen3-235B-A22B,72,1,72,TP72/DP1/EP72,0.9,2,2,713.3304662316107,669.1745192637597,0.9380988909654758,kv
1048576,A100,A100x72,Qwen3-235B-A22B,72,1,72,TP72/DP1/EP72,0.95,3,3,713.3304662316107,683.2800033704186,0.957873013583812,kv
8192,A100,A100x72,GLM-4.5-355B-A32B,1,72,72,TP1/DP72/EP72,0.9,14904,207,46647.11330247962,41983.163393974915,0.9000163230195686,weight
8192,A100,A100x72,GLM-4.5-355B-A32B,1,72,72,TP1/DP72/EP72,0.95,15768,219,46647.11330247962,44416.93301084498,0.9521903900639422,weight
16384,A100,A100x72,GLM-4.5-355B-A32B,1,72,72,TP1/DP72/EP72,0.9,7488,104,23323.55665123981,21118.08408164322,0.9054401263677188,weight
16384,A100,A100x72,GLM-4.5-355B-A32B,1,72,72,TP1/DP72/EP72,0.95,7920,110,23323.55665123981,22327.895564323335,0.9573109238095747,weight
32768,A100,A100x72,GLM-4.5-355B-A32B,1,72,72,TP1/DP72/EP72,0.9,3600,50,11661.778325619905,10550.382807340757,0.9046975952340381,weight
32768,A100,A100x72,GLM-4.5-355B-A32B,1,72,72,TP1/DP72/EP72,0.95,3816,53,11661.778325619905,11104.466562144275,0.952210396398012,weight
65536,A100,A100x72,GLM-4.5-355B-A32B,1,72,72,TP1/DP72/EP72,0.9,1296,18,5830.889162809953,5261.57460711633,0.9023623087667705,weight
65536,A100,A100x72,GLM-4.5-355B-A32B,1,72,72,TP1/DP72/EP72,0.95,1440,20,5830.889162809953,5549.661590659514,0.9517693503858488,weight
131072,A100,A100x72,GLM-4.5-355B-A32B,1,72,72,TP1/DP72/EP72,0.9,144,2,2915.4445814049764,2893.537124081302,0.9924857232878297,weight
131072,A100,A100x72,GLM-4.5-355B-A32B,1,72,72,TP1/DP72/EP72,0.95,144,2,2915.4445814049764,2893.537124081302,0.9924857232878297,weight
262144,A100,A100x72,GLM-4.5-355B-A32B,1,72,72,TP1/DP72/EP72,0.9,72,1,1457.7222907024882,1457.722290702488,0.9999999999999999,kv
262144,A100,A100x72,GLM-4.5-355B-A32B,1,72,72,TP1/DP72/EP72,0.95,72,1,1457.7222907024882,1457.722290702488,0.9999999999999999,kv
524288,A100,A100x72,GLM-4.5-355B-A32B,1,72,72,TP1/DP72/EP72,0.9,72,1,728.8611453512441,728.861145351244,0.9999999999999999,kv
524288,A100,A100x72,GLM-4.5-355B-A32B,1,72,72,TP1/DP72/EP72,0.95,72,1,728.8611453512441,728.861145351244,0.9999999999999999,kv
1048576,A100,A100x72,GLM-4.5-355B-A32B,1,72,72,TP1/DP72/EP72,0.9,72,1,364.43057267562205,364.430572675622,0.9999999999999999,kv
1048576,A100,A100x72,GLM-4.5-355B-A32B,1,72,72,TP1/DP72/EP72,0.95,72,1,364.43057267562205,364.430572675622,0.9999999999999999,kv
8192,A100,A100x72,GLM-4.5-355B-A32B,2,36,72,TP2/DP36/EP72,0.9,7488,208,46646.67060787328,42178.84770906815,0.9042198973563822,weight
8192,A100,A100x72,GLM-4.5-355B-A32B,2,36,72,TP2/DP36/EP72,0.95,7884,219,46646.67060787328,44409.42718682517,0.9520385186789623,weight
16384,A100,A100x72,GLM-4.5-355B-A32B,2,36,72,TP2/DP36/EP72,0.9,3744,104,23323.445977063064,21114.511180822232,0.9052912336190304,weight
16384,A100,A100x72,GLM-4.5-355B-A32B,2,36,72,TP2/DP36/EP72,0.95,3960,110,23323.445977063064,22324.119423360833,0.9571535632133864,weight
32768,A100,A100x72,GLM-4.5-355B-A32B,2,36,72,TP2/DP36/EP72,0.9,1800,50,11661.75065701007,10548.527957207383,0.9045406875396096,weight
32768,A100,A100x72,GLM-4.5-355B-A32B,2,36,72,TP2/DP36/EP72,0.95,1908,53,11661.75065701007,11102.528077053285,0.95204642969959,weight
65536,A100,A100x72,GLM-4.5-355B-A32B,2,36,72,TP2/DP36/EP72,0.9,648,18,5830.882245649288,5260.293244831007,0.9021436247929674,weight
65536,A100,A100x72,GLM-4.5-355B-A32B,2,36,72,TP2/DP36/EP72,0.95,720,20,5830.882245649288,5548.378606341095,0.9515504468437889,weight
131072,A100,A100x72,GLM-4.5-355B-A32B,2,36,72,TP2/DP36/EP72,0.9,72,2,2915.4428521137843,2890.05275951871,0.9912911712274979,weight
131072,A100,A100x72,GLM-4.5-355B-A32B,2,36,72,TP2/DP36/EP72,0.95,72,2,2915.4428521137843,2890.05275951871,0.9912911712274979,weight
262144,A100,A100x72,GLM-4.5-355B-A32B,2,36,72,TP2/DP36/EP72,0.9,36,1,1457.721858379562,1455.9536439682863,0.9987870015112201,kv
262144,A100,A100x72,GLM-4.5-355B-A32B,2,36,72,TP2/DP36/EP72,0.95,36,1,1457.721858379562,1455.9536439682863,0.9987870015112201,kv
524288,A100,A100x72,GLM-4.5-355B-A32B,2,36,72,TP2/DP36/EP72,0.9,36,1,728.8610372704965,728.4187152686557,0.9993931326011097,kv
524288,A100,A100x72,GLM-4.5-355B-A32B,2,36,72,TP2/DP36/EP72,0.95,36,1,728.8610372704965,728.4187152686557,0.9993931326011097,kv
1048576,A100,A100x72,GLM-4.5-355B-A32B,2,36,72,TP2/DP36/EP72,0.9,36,1,364.43054565543315,364.319931574538,0.9996964741781009,kv
1048576,A100,A100x72,GLM-4.5-355B-A32B,2,36,72,TP2/DP36/EP72,0.95,36,1,364.43054565543315,364.319931574538,0.9996964741781009,kv
8192,A100,A100x72,GLM-4.5-355B-A32B,4,18,72,TP4/DP18/EP72,0.9,3744,208,46645.342574468465,42157.47566885138,0.9037874596278871,weight
8192,A100,A100x72,GLM-4.5-355B-A32B,4,18,72,TP4/DP18/EP72,0.95,3942,219,46645.342574468465,44386.924927571534,0.9515832123369786,weight
16384,A100,A100x72,GLM-4.5-355B-A32B,4,18,72,TP4/DP18/EP72,0.9,1872,104,23323.11396083474,21103.799728530743,0.904844857507845,weight
16384,A100,A100x72,GLM-4.5-355B-A32B,4,18,72,TP4/DP18/EP72,0.95,1980,110,23323.11396083474,22312.798660134507,0.9566818006207575,weight
32768,A100,A100x72,GLM-4.5-355B-A32B,4,18,72,TP4/DP18/EP72,0.9,900,50,11661.66765196832,10542.967317932125,0.9040702953108619,weight
32768,A100,A100x72,GLM-4.5-355B-A32B,4,18,72,TP4/DP18/EP72,0.95,954,53,11661.66765196832,11096.71668042557,0.9515548729047003,weight
65536,A100,A100x72,GLM-4.5-355B-A32B,4,18,72,TP4/DP18/EP72,0.9,324,18,5830.861494265766,5256.452899875315,0.9014882114837849,weight
65536,A100,A100x72,GLM-4.5-355B-A32B,4,18,72,TP4/DP18/EP72,0.95,360,20,5830.861494265766,5544.53321016042,0.9508943430765884,weight
131072,A100,A100x72,GLM-4.5-355B-A32B,4,18,72,TP4/DP18/EP72,0.9,36,2,2915.4376642525176,2879.6498345801156,0.9877247145047165,weight
131072,A100,A100x72,GLM-4.5-355B-A32B,4,18,72,TP4/DP18/EP72,0.95,36,2,2915.4376642525176,2879.6498345801156,0.9877247145047165,weight
262144,A100,A100x72,GLM-4.5-355B-A32B,4,18,72,TP4/DP18/EP72,0.9,18,1,1457.720561412322,1450.6733610527053,0.9951656026908279,kv
262144,A100,A100x72,GLM-4.5-355B-A32B,4,18,72,TP4/DP18/EP72,0.95,18,1,1457.720561412322,1450.6733610527053,0.9951656026908279,kv
524288,A100,A100x72,GLM-4.5-355B-A32B,4,18,72,TP4/DP18/EP72,0.9,18,1,728.8607130284461,727.0946419063154,0.9975769429047799,kv
524288,A100,A100x72,GLM-4.5-355B-A32B,4,18,72,TP4/DP18/EP72,0.95,18,1,728.8607130284461,727.0946419063154,0.9975769429047799,kv
1048576,A100,A100x72,GLM-4.5-355B-A32B,4,18,72,TP4/DP18/EP72,0.9,18,1,364.4304645948905,363.9884109920716,0.9987870015112201,kv
1048576,A100,A100x72,GLM-4.5-355B-A32B,4,18,72,TP4/DP18/EP72,0.95,18,1,364.4304645948905,363.9884109920716,0.9987870015112201,kv
8192,A100,A100x72,GLM-4.5-355B-A32B,8,9,72,TP8/DP9/EP72,0.9,1872,208,46641.80152171737,42100.58930445244,0.9026364319321919,weight
8192,A100,A100x72,GLM-4.5-355B-A32B,8,9,72,TP8/DP9/EP72,0.95,1971,219,46641.80152171737,44327.030237665254,0.9503713148177969,weight
16384,A100,A100x72,GLM-4.5-355B-A32B,8,9,72,TP8/DP9/EP72,0.9,936,104,23322.22863043733,21075.288915934412,0.9036567323771757,weight
16384,A100,A100x72,GLM-4.5-355B-A32B,8,9,72,TP8/DP9/EP72,0.95,990,110,23322.22863043733,22282.666015261202,0.955426103068923,weight
32768,A100,A100x72,GLM-4.5-355B-A32B,8,9,72,TP8/DP9/EP72,0.9,450,50,11661.446310966987,10528.1675677209,0.9028183371919917,weight
32768,A100,A100x72,GLM-4.5-355B-A32B,8,9,72,TP8/DP9/EP72,0.95,477,53,11661.446310966987,11081.249323920829,0.9502465670574229,weight
65536,A100,A100x72,GLM-4.5-355B-A32B,8,9,72,TP8/DP9/EP72,0.9,171,19,5830.806157965135,5389.498287428965,0.9243144329308008,weight
65536,A100,A100x72,GLM-4.5-355B-A32B,8,9,72,TP8/DP9/EP72,0.95,189,21,5830.806157965135,5680.674502469925,0.974251989960235,weight
131072,A100,A100x72,GLM-4.5-355B-A32B,8,9,72,TP8/DP9/EP72,0.9,18,2,2915.42383004607,2852.271358758692,0.978338493828398,weight
131072,A100,A100x72,GLM-4.5-355B-A32B,8,9,72,TP8/DP9/EP72,0.95,18,2,2915.42383004607,2852.271358758692,0.978338493828398,weight
262144,A100,A100x72,GLM-4.5-355B-A32B,8,9,72,TP8/DP9/EP72,0.9,9,1,1457.7171028442988,1436.7780567020206,0.9856357271919073,kv
262144,A100,A100x72,GLM-4.5-355B-A32B,8,9,72,TP8/DP9/EP72,0.95,9,1,1457.7171028442988,1436.7780567020206,0.9856357271919073,kv
524288,A100,A100x72,GLM-4.5-355B-A32B,8,9,72,TP8/DP9/EP72,0.9,9,1,728.8598483843888,723.5871994020671,0.9927658945762904,kv
524288,A100,A100x72,GLM-4.5-355B-A32B,8,9,72,TP8/DP9/EP72,0.95,9,1,728.8598483843888,723.5871994020671,0.9927658945762904,kv
1048576,A100,A100x72,GLM-4.5-355B-A32B,8,9,72,TP8/DP9/EP72,0.9,9,1,364.43024843361974,363.1072986676605,0.9963698135057517,kv
1048576,A100,A100x72,GLM-4.5-355B-A32B,8,9,72,TP8/DP9/EP72,0.95,9,1,364.43024843361974,363.1072986676605,0.9963698135057517,kv
8192,A100,A100x72,GLM-4.5-355B-A32B,12,6,72,TP12/DP6/EP72,0.9,1248,208,46637.59289418936,42033.16663471094,0.9012722146718664,weight
8192,A100,A100x72,GLM-4.5-355B-A32B,12,6,72,TP12/DP6/EP72,0.95,1320,220,46637.59289418936,44458.12246407393,0.9532679477034722,weight
16384,A100,A100x72,GLM-4.5-355B-A32B,12,6,72,TP12/DP6/EP72,0.9,624,104,23321.176306259866,21041.497542855683,0.9022485515538823,weight
16384,A100,A100x72,GLM-4.5-355B-A32B,12,6,72,TP12/DP6/EP72,0.95,660,110,23321.176306259866,22246.95238592242,0.9539378328849947,weight
32768,A100,A100x72,GLM-4.5-355B-A32B,12,6,72,TP12/DP6/EP72,0.9,300,50,11661.183209006847,10510.628743465597,0.9013346720551834,weight
32768,A100,A100x72,GLM-4.5-355B-A32B,12,6,72,TP12/DP6/EP72,0.95,324,54,11661.183209006847,11248.511076277595,0.964611469922665,weight
65536,A100,A100x72,GLM-4.5-355B-A32B,12,6,72,TP12/DP6/EP72,0.9,114,19,5830.740379860389,5377.410219235987,0.9222516985681231,weight
65536,A100,A100x72,GLM-4.5-355B-A32B,12,6,72,TP12/DP6/EP72,0.95,126,21,5830.740379860389,5668.522733638604,0.9721788939905315,weight
131072,A100,A100x72,GLM-4.5-355B-A32B,12,6,72,TP12/DP6/EP72,0.9,12,2,2915.4073851930298,2820.395648025077,0.9674104766110888,weight
131072,A100,A100x72,GLM-4.5-355B-A32B,12,6,72,TP12/DP6/EP72,0.95,12,2,2915.4073851930298,2820.395648025077,0.9674104766110888,weight
262144,A100,A100x72,GLM-4.5-355B-A32B,12,6,72,TP12/DP6/EP72,0.9,6,1,1457.712991590181,1420.6027938464156,0.974542178084533,kv
262144,A100,A100x72,GLM-4.5-355B-A32B,12,6,72,TP12/DP6/EP72,0.95,6,1,1457.712991590181,1420.6027938464156,0.974542178084533,kv
524288,A100,A100x72,GLM-4.5-355B-A32B,12,6,72,TP12/DP6/EP72,0.9,6,1,728.8588205657521,719.4615958915211,0.987106934279897,kv
524288,A100,A100x72,GLM-4.5-355B-A32B,12,6,72,TP12/DP6/EP72,0.95,6,1,728.8588205657521,719.4615958915211,0.987106934279897,kv
1048576,A100,A100x72,GLM-4.5-355B-A32B,12,6,72,TP12/DP6/EP72,0.9,6,1,364.42999147832217,362.0654346473671,0.9935116294315867,kv
1048576,A100,A100x72,GLM-4.5-355B-A32B,12,6,72,TP12/DP6/EP72,0.95,6,1,364.42999147832217,362.0654346473671,0.9935116294315867,kv
8192,A100,A100x72,GLM-4.5-355B-A32B,18,4,72,TP18/DP4/EP72,0.9,836,209,46630.50503037111,42121.612799952374,0.9033059533135652,weight
8192,A100,A100x72,GLM-4.5-355B-A32B,18,4,72,TP18/DP4/EP72,0.95,880,220,46630.50503037111,44338.50940646538,0.9508477203407315,weight
16384,A100,A100x72,GLM-4.5-355B-A32B,18,4,72,TP18/DP4/EP72,0.9,420,105,23319.403843928416,21185.02894958021,0.9084721501187122,weight
16384,A100,A100x72,GLM-4.5-355B-A32B,18,4,72,TP18/DP4/EP72,0.95,440,110,23319.403843928416,22187.049677016377,0.9514415473701372,weight
32768,A100,A100x72,GLM-4.5-355B-A32B,18,4,72,TP18/DP4/EP72,0.9,204,51,11660.74003135684,10664.099680378185,0.9145302658065789,weight
32768,A100,A100x72,GLM-4.5-355B-A32B,18,4,72,TP18/DP4/EP72,0.95,216,54,11660.74003135684,11217.31791608261,0.9619730725424093,weight
65536,A100,A100x72,GLM-4.5-355B-A32B,18,4,72,TP18/DP4/EP72,0.9,76,19,5830.629577688241,5357.169589118872,0.9187977932295455,weight
65536,A100,A100x72,GLM-4.5-355B-A32B,18,4,72,TP18/DP4/EP72,0.95,84,21,5830.629577688241,5648.169781683145,0.9687066733405076,weight
131072,A100,A100x72,GLM-4.5-355B-A32B,18,4,72,TP18/DP4/EP72,0.9,8,2,2915.3796836799584,2768.281062458273,0.949543923199736,weight
131072,A100,A100x72,GLM-4.5-355B-A32B,18,4,72,TP18/DP4/EP72,0.95,12,3,2915.3796836799584,2829.449235135189,0.9705251261007956,kv
262144,A100,A100x72,GLM-4.5-355B-A32B,18,4,72,TP18/DP4/EP72,0.9,4,1,1457.7060660906538,1394.16316615217,0.9564089761189675,kv
262144,A100,A100x72,GLM-4.5-355B-A32B,18,4,72,TP18/DP4/EP72,0.95,4,1,1457.7060660906538,1394.16316615217,0.9564089761189675,kv
524288,A100,A100x72,GLM-4.5-355B-A32B,18,4,72,TP18/DP4/EP72,0.9,4,1,728.8570891757126,712.6172333785803,0.9777187379552026,kv
524288,A100,A100x72,GLM-4.5-355B-A32B,18,4,72,TP18/DP4/EP72,0.95,4,1,728.8570891757126,712.6172333785803,0.9777187379552026,kv
1048576,A100,A100x72,GLM-4.5-355B-A32B,18,4,72,TP18/DP4/EP72,0.9,4,1,364.4295586289175,360.3238318253662,0.9887338260403515,kv
1048576,A100,A100x72,GLM-4.5-355B-A32B,18,4,72,TP18/DP4/EP72,0.95,4,1,364.4295586289175,360.3238318253662,0.9887338260403515,kv
8192,A100,A100x72,GLM-4.5-355B-A32B,24,3,72,TP24/DP3/EP72,0.9,627,209,46622.76892486511,41998.24438296607,0.9008097406365614,weight
8192,A100,A100x72,GLM-4.5-355B-A32B,24,3,72,TP24/DP3/EP72,0.95,663,221,46622.76892486511,44409.59465869574,0.9525301839164464,weight
16384,A100,A100x72,GLM-4.5-355B-A32B,24,3,72,TP24/DP3/EP72,0.9,315,105,23317.468968304318,21122.91234478043,0.9058835833980535,weight
16384,A100,A100x72,GLM-4.5-355B-A32B,24,3,72,TP24/DP3/EP72,0.95,333,111,23317.468968304318,22322.00663010222,0.9573083022194544,weight
32768,A100,A100x72,GLM-4.5-355B-A32B,24,3,72,TP24/DP3/EP72,0.9,153,51,11660.256206241795,10631.697756914195,0.9117893782833856,weight
32768,A100,A100x72,GLM-4.5-355B-A32B,24,3,72,TP24/DP3/EP72,0.95,162,54,11660.256206241795,11183.458026994927,0.9591091164024651,weight
65536,A100,A100x72,GLM-4.5-355B-A32B,24,3,72,TP24/DP3/EP72,0.9,57,19,5830.508608130035,5335.244052342711,0.9150563717380111,weight
65536,A100,A100x72,GLM-4.5-355B-A32B,24,3,72,TP24/DP3/EP72,0.95,63,21,5830.508608130035,5626.114573038866,0.9649440471100303,weight
131072,A100,A100x72,GLM-4.5-355B-A32B,24,3,72,TP24/DP3/EP72,0.9,6,2,2915.349439630269,2713.53785730328,0.9307761945845561,weight
131072,A100,A100x72,GLM-4.5-355B-A32B,24,3,72,TP24/DP3/EP72,0.95,9,3,2915.349439630269,2791.081399194255,0.9573745641785659,kv
262144,A100,A100x72,GLM-4.5-355B-A32B,24,3,72,TP24/DP3/EP72,0.9,3,1,1457.6985048707013,1366.3977057739378,0.9373664727022122,kv
262144,A100,A100x72,GLM-4.5-355B-A32B,24,3,72,TP24/DP3/EP72,0.95,6,2,1457.6985048707013,1410.5834002496754,0.9676784297551262,kv
524288,A100,A100x72,GLM-4.5-355B-A32B,24,3,72,TP24/DP3/EP72,0.9,3,1,728.8551988447825,705.2917001248377,0.9676705348918517,kv
524288,A100,A100x72,GLM-4.5-355B-A32B,24,3,72,TP24/DP3/EP72,0.95,3,1,728.8551988447825,705.2917001248377,0.9676705348918517,kv
1048576,A100,A100x72,GLM-4.5-355B-A32B,24,3,72,TP24/DP3/EP72,0.9,3,1,364.4290860429422,358.4413739311503,0.983569609723505,kv
1048576,A100,A100x72,GLM-4.5-355B-A32B,24,3,72,TP24/DP3/EP72,0.95,3,1,364.4290860429422,358.4413739311503,0.983569609723505,kv
8192,A100,A100x72,GLM-4.5-355B-A32B,36,2,72,TP36/DP2/EP72,0.9,422,211,46605.95270054542,42131.75875500753,0.9039995175233156,weight
8192,A100,A100x72,GLM-4.5-355B-A32B,36,2,72,TP36/DP2/EP72,0.95,444,222,46605.95270054542,44328.1747036977,0.9511268869132877,weight
16384,A100,A100x72,GLM-4.5-355B-A32B,36,2,72,TP36/DP2/EP72,0.9,210,105,23313.261958827443,20989.06597469905,0.9003058435909546,weight
16384,A100,A100x72,GLM-4.5-355B-A32B,36,2,72,TP36/DP2/EP72,0.95,222,111,23313.261958827443,22180.612048533043,0.951416069004212,weight
32768,A100,A100x72,GLM-4.5-355B-A32B,36,2,72,TP36/DP2/EP72,0.9,102,51,11659.204084399737,10561.90287092105,0.9058854098842907,weight
32768,A100,A100x72,GLM-4.5-355B-A32B,36,2,72,TP36/DP2/EP72,0.95,108,54,11659.204084399737,11110.518045538058,0.9529396659592028,weight
65536,A100,A100x72,GLM-4.5-355B-A32B,36,2,72,TP36/DP2/EP72,0.9,38,19,5830.2455314667595,5288.172847096097,0.9070240384482934,weight
65536,A100,A100x72,GLM-4.5-355B-A32B,36,2,72,TP36/DP2/EP72,0.95,42,21,5830.2455314667595,5578.736854769986,0.956861391970657,weight
131072,A100,A100x72,GLM-4.5-355B-A32B,36,2,72,TP36/DP2/EP72,0.9,6,3,2915.283664687939,2711.1256171331966,0.9299697487322914,kv
131072,A100,A100x72,GLM-4.5-355B-A32B,36,2,72,TP36/DP2/EP72,0.95,10,5,2915.283664687939,2789.317529585235,0.956791122377387,kv
262144,A100,A100x72,GLM-4.5-355B-A32B,36,2,72,TP36/DP2/EP72,0.9,4,2,1457.6820604129819,1379.7363343297375,0.9465276220377157,kv
262144,A100,A100x72,GLM-4.5-355B-A32B,36,2,72,TP36/DP2/EP72,0.95,6,3,1457.6820604129819,1404.787679007854,0.9637133618903547,kv
524288,A100,A100x72,GLM-4.5-355B-A32B,36,2,72,TP36/DP2/EP72,0.9,2,1,728.8510876400808,689.8681671648687,0.9465145608804216,kv
524288,A100,A100x72,GLM-4.5-355B-A32B,36,2,72,TP36/DP2/EP72,0.95,4,2,728.8510876400808,708.8288062074408,0.9725289818837077,kv
1048576,A100,A100x72,GLM-4.5-355B-A32B,36,2,72,TP36/DP2/EP72,0.9,2,1,364.4280582304826,354.4144031037204,0.9725222718157749,kv
1048576,A100,A100x72,GLM-4.5-355B-A32B,36,2,72,TP36/DP2/EP72,0.95,2,1,364.4280582304826,354.4144031037204,0.9725222718157749,kv
8192,A100,A100x72,GLM-4.5-355B-A32B,72,1,72,TP72/DP1/EP72,0.9,215,215,46548.989082229564,42027.904945569186,0.902874708435154,weight
8192,A100,A100x72,GLM-4.5-355B-A32B,72,1,72,TP72/DP1/EP72,0.95,227,227,46548.989082229564,44373.62724330049,0.9532672592505445,weight
16384,A100,A100x72,GLM-4.5-355B-A32B,72,1,72,TP72/DP1/EP72,0.9,108,108,23298.999767944264,21130.391156564703,0.9069226733774545,weight
16384,A100,A100x72,GLM-4.5-355B-A32B,72,1,72,TP72/DP1/EP72,0.95,114,114,23298.999767944264,22297.954337837375,0.9570348323929266,weight
32768,A100,A100x72,GLM-4.5-355B-A32B,72,1,72,TP72/DP1/EP72,0.9,52,52,11655.635871165328,10510.489335400061,0.901751689189414,weight
32768,A100,A100x72,GLM-4.5-355B-A32B,72,1,72,TP72/DP1/EP72,0.95,56,56,11655.635871165328,11228.948687260627,0.9633922002522166,kv
65536,A100,A100x72,GLM-4.5-355B-A32B,72,1,72,TP72/DP1/EP72,0.9,20,20,5829.353144673036,5278.547506192823,0.9055117051909012,weight
65536,A100,A100x72,GLM-4.5-355B-A32B,72,1,72,TP72/DP1/EP72,0.95,22,22,5829.353144673036,5558.212247764258,0.9534869667046075,kv
131072,A100,A100x72,GLM-4.5-355B-A32B,72,1,72,TP72/DP1/EP72,0.9,5,5,2915.060526285355,2631.437608331879,0.9027042782144578,kv
131072,A100,A100x72,GLM-4.5-355B-A32B,72,1,72,TP72/DP1/EP72,0.95,11,11,2915.060526285355,2779.106123882129,0.9533613792313013,kv
262144,A100,A100x72,GLM-4.5-355B-A32B,72,1,72,TP72/DP1/EP72,0.9,3,3,1457.6262705981592,1337.4330633700806,0.9175418214857259,kv
262144,A100,A100x72,GLM-4.5-355B-A32B,72,1,72,TP72/DP1/EP72,0.95,6,6,1457.6262705981592,1394.9893596837005,0.9570281407670056,kv
524288,A100,A100x72,GLM-4.5-355B-A32B,72,1,72,TP72/DP1/EP72,0.9,2,2,728.8371395345308,682.802511408653,0.9368382514709971,kv
524288,A100,A100x72,GLM-4.5-355B-A32B,72,1,72,TP72/DP1/EP72,0.95,3,3,728.8371395345308,697.4946798418503,0.9569966210658566,kv
1048576,A100,A100x72,GLM-4.5-355B-A32B,72,1,72,TP72/DP1/EP72,0.9,1,1,364.42457112260996,341.4012557043265,0.9368228235890897,kv
1048576,A100,A100x72,GLM-4.5-355B-A32B,72,1,72,TP72/DP1/EP72,0.95,2,2,364.42457112260996,352.5402231125531,0.9673887302015692,kv
8192,A100,A100x72,Llama-3.1-405B,1,72,1,TP1/DP72/EP1,0.9,7344,102,19968.000000000004,18133.333333333332,0.9081196581196579,weight
8192,A100,A100x72,Llama-3.1-405B,1,72,1,TP1/DP72/EP1,0.95,7704,107,19968.000000000004,19022.222222222223,0.9526353276353274,weight
16384,A100,A100x72,Llama-3.1-405B,1,72,1,TP1/DP72/EP1,0.9,6264,87,17029.898507254467,15466.666666666666,0.9082066261333331,weight
16384,A100,A100x72,Llama-3.1-405B,1,72,1,TP1/DP72/EP1,0.95,6624,92,17029.898507254467,16355.555555555555,0.9604024092444442,weight
32768,A100,A100x72,Llama-3.1-405B,1,72,1,TP1/DP72/EP1,0.9,3168,44,8514.949253627234,7822.222222222222,0.9186457827555553,weight
32768,A100,A100x72,Llama-3.1-405B,1,72,1,TP1/DP72/EP1,0.95,3312,46,8514.949253627234,8177.777777777777,0.9604024092444442,weight
65536,A100,A100x72,Llama-3.1-405B,1,72,1,TP1/DP72/EP1,0.9,1584,22,4257.474626813617,3911.111111111111,0.9186457827555553,weight
65536,A100,A100x72,Llama-3.1-405B,1,72,1,TP1/DP72/EP1,0.95,1656,23,4257.474626813617,4088.8888888888887,0.9604024092444442,weight
131072,A100,A100x72,Llama-3.1-405B,1,72,1,TP1/DP72/EP1,0.9,792,11,2128.7373134068084,1955.5555555555554,0.9186457827555553,weight
131072,A100,A100x72,Llama-3.1-405B,1,72,1,TP1/DP72/EP1,0.95,864,12,2128.7373134068084,2128.737313406808,0.9999999999999998,kv
262144,A100,A100x72,Llama-3.1-405B,1,72,1,TP1/DP72/EP1,0.9,432,6,1064.3686567034042,1064.368656703404,0.9999999999999998,kv
262144,A100,A100x72,Llama-3.1-405B,1,72,1,TP1/DP72/EP1,0.95,432,6,1064.3686567034042,1064.368656703404,0.9999999999999998,kv
524288,A100,A100x72,Llama-3.1-405B,1,72,1,TP1/DP72/EP1,0.9,216,3,532.1843283517021,532.184328351702,0.9999999999999998,kv
524288,A100,A100x72,Llama-3.1-405B,1,72,1,TP1/DP72/EP1,0.95,216,3,532.1843283517021,532.184328351702,0.9999999999999998,kv
1048576,A100,A100x72,Llama-3.1-405B,1,72,1,TP1/DP72/EP1,0.9,144,2,266.09216417585105,266.092164175851,0.9999999999999998,kv
1048576,A100,A100x72,Llama-3.1-405B,1,72,1,TP1/DP72/EP1,0.95,144,2,266.09216417585105,266.092164175851,0.9999999999999998,kv
8192,A100,A100x72,Llama-3.1-405B,2,36,1,TP2/DP36/EP1,0.9,3672,102,19967.918880329547,18130.647311509405,0.9079888304919926,weight
8192,A100,A100x72,Llama-3.1-405B,2,36,1,TP2/DP36/EP1,0.95,3852,107,19967.918880329547,19019.404532661825,0.9524980868886589,weight
16384,A100,A100x72,Llama-3.1-405B,2,36,1,TP2/DP36/EP1,0.9,3132,87,17029.839503259034,15464.375648052139,0.9080752431690675,weight
16384,A100,A100x72,Llama-3.1-405B,2,36,1,TP2/DP36/EP1,0.95,3312,92,17029.839503259034,16353.13286920456,0.9602634755351058,weight
32768,A100,A100x72,Llama-3.1-405B,2,36,1,TP2/DP36/EP1,0.9,1584,44,8514.93450260282,7821.063546141312,0.9185112984428233,weight
32768,A100,A100x72,Llama-3.1-405B,2,36,1,TP2/DP36/EP1,0.95,1656,46,8514.93450260282,8176.56643460228,0.9602618120084061,weight
65536,A100,A100x72,Llama-3.1-405B,2,36,1,TP2/DP36/EP1,0.9,792,22,4257.4709390543185,3910.531773070656,0.9185105028430974,weight
65536,A100,A100x72,Llama-3.1-405B,2,36,1,TP2/DP36/EP1,0.95,828,23,4257.4709390543185,4088.28321730114,0.9602609802450564,weight
131072,A100,A100x72,Llama-3.1-405B,2,36,1,TP2/DP36/EP1,0.9,396,11,2128.7363914665843,1955.265886535328,0.9185101050432344,weight
131072,A100,A100x72,Llama-3.1-405B,2,36,1,TP2/DP36/EP1,0.95,432,12,2128.7363914665843,2128.4226708541587,0.9998526258987805,kv
262144,A100,A100x72,Llama-3.1-405B,2,36,1,TP2/DP36/EP1,0.9,216,6,1064.368426218298,1064.2113354270793,0.9998524093844301,kv
262144,A100,A100x72,Llama-3.1-405B,2,36,1,TP2/DP36/EP1,0.95,216,6,1064.368426218298,1064.2113354270793,0.9998524093844301,kv
524288,A100,A100x72,Llama-3.1-405B,2,36,1,TP2/DP36/EP1,0.9,108,3,532.1842707304194,532.1056677135397,0.9998523011272547,kv
524288,A100,A100x72,Llama-3.1-405B,2,36,1,TP2/DP36/EP1,0.95,108,3,532.1842707304194,532.1056677135397,0.9998523011272547,kv
1048576,A100,A100x72,Llama-3.1-405B,2,36,1,TP2/DP36/EP1,0.9,72,2,266.09214977052955,266.0626653465058,0.9998891946866935,kv
1048576,A100,A100x72,Llama-3.1-405B,2,36,1,TP2/DP36/EP1,0.95,72,2,266.09214977052955,266.0626653465058,0.9998891946866935,kv
8192,A100,A100x72,Llama-3.1-405B,4,18,1,TP4/DP18/EP1,0.9,1836,102,19967.675525272713,18122.59401835949,0.9075965800537005,weight
8192,A100,A100x72,Llama-3.1-405B,4,18,1,TP4/DP18/EP1,0.95,1926,107,19967.675525272713,19010.956470239857,0.9520866084877053,weight
16384,A100,A100x72,Llama-3.1-405B,4,18,1,TP4/DP18/EP1,0.9,1566,87,17029.662493725915,15457.506662718388,0.9076813277076546,weight
16384,A100,A100x72,Llama-3.1-405B,4,18,1,TP4/DP18/EP1,0.95,1656,92,17029.662493725915,16345.869114598754,0.9598469212540716,weight
32768,A100,A100x72,Llama-3.1-405B,4,18,1,TP4/DP18/EP1,0.9,792,44,8514.890249836235,7817.5895765472305,0.9181080844462539,weight
32768,A100,A100x72,Llama-3.1-405B,4,18,1,TP4/DP18/EP1,0.95,828,46,8514.890249836235,8172.934557299377,0.9598402701029018,weight
65536,A100,A100x72,Llama-3.1-405B,4,18,1,TP4/DP18/EP1,0.9,396,22,4257.459875814759,3908.7947882736153,0.918104903460912,weight
65536,A100,A100x72,Llama-3.1-405B,4,18,1,TP4/DP18/EP1,0.95,414,23,4257.459875814759,4086.4672786496885,0.959836944527317,weight
131072,A100,A100x72,Llama-3.1-405B,4,18,1,TP4/DP18/EP1,0.9,198,11,2128.733625650705,1954.3973941368076,0.918103312968241,weight
131072,A100,A100x72,Llama-3.1-405B,4,18,1,TP4/DP18/EP1,0.95,216,12,2128.733625650705,2127.4793010258095,0.9994107648745802,kv
262144,A100,A100x72,Llama-3.1-405B,4,18,1,TP4/DP18/EP1,0.9,108,6,1064.3677347635796,1063.7396505129047,0.9994098992010366,kv
262144,A100,A100x72,Llama-3.1-405B,4,18,1,TP4/DP18/EP1,0.95,108,6,1064.3677347635796,1063.7396505129047,0.9994098992010366,kv
524288,A100,A100x72,Llama-3.1-405B,4,18,1,TP4/DP18/EP1,0.9,54,3,532.1840978666461,531.8698252564524,0.9994094663642646,kv
524288,A100,A100x72,Llama-3.1-405B,4,18,1,TP4/DP18/EP1,0.95,54,3,532.1840978666461,531.8698252564524,0.9994094663642646,kv
1048576,A100,A100x72,Llama-3.1-405B,4,18,1,TP4/DP18/EP1,0.9,36,2,266.0921065545745,265.9742080881091,0.9995569261035512,kv
1048576,A100,A100x72,Llama-3.1-405B,4,18,1,TP4/DP18/EP1,0.95,36,2,266.0921065545745,265.9742080881091,0.9995569261035512,kv
8192,A100,A100x72,Llama-3.1-405B,8,9,1,TP8/DP9/EP1,0.9,918,102,19967.026607452888,18101.15350488021,0.9065522804544056,weight
8192,A100,A100x72,Llama-3.1-405B,8,9,1,TP8/DP9/EP1,0.95,963,107,19967.026607452888,18988.464951197868,0.9509911177315824,weight
16384,A100,A100x72,Llama-3.1-405B,8,9,1,TP8/DP9/EP1,0.9,783,87,17029.19048629342,15439.21916592724,0.9066325952695209,weight
16384,A100,A100x72,Llama-3.1-405B,8,9,1,TP8/DP9/EP1,0.95,828,92,17029.19048629342,16326.530612244896,0.9587379168367348,weight
32768,A100,A100x72,Llama-3.1-405B,8,9,1,TP8/DP9/EP1,0.9,396,44,8514.772244707383,7808.340727595386,0.9170345962511093,weight
32768,A100,A100x72,Llama-3.1-405B,8,9,1,TP8/DP9/EP1,0.95,414,46,8514.772244707383,8163.265306122448,0.9587179869897959,weight
65536,A100,A100x72,Llama-3.1-405B,8,9,1,TP8/DP9/EP1,0.9,198,22,4257.430374123691,3904.170363797693,0.917025064585182,weight
65536,A100,A100x72,Llama-3.1-405B,8,9,1,TP8/DP9/EP1,0.95,207,23,4257.430374123691,4081.632653061224,0.9587080220663265,weight
131072,A100,A100x72,Llama-3.1-405B,8,9,1,TP8/DP9/EP1,0.9,99,11,2128.7262501768305,1952.0851818988465,0.9170202987522182,weight
131072,A100,A100x72,Llama-3.1-405B,8,9,1,TP8/DP9/EP1,0.95,108,12,2128.7262501768305,2124.967731656672,0.9982343814664539,kv
262144,A100,A100x72,Llama-3.1-405B,8,9,1,TP8/DP9/EP1,0.9,54,6,1064.3658908887226,1062.483865828336,0.9982317875117033,kv
262144,A100,A100x72,Llama-3.1-405B,8,9,1,TP8/DP9/EP1,0.95,54,6,1064.3658908887226,1062.483865828336,0.9982317875117033,kv
524288,A100,A100x72,Llama-3.1-405B,8,9,1,TP8/DP9/EP1,0.9,27,3,532.1836368971333,531.241932914168,0.998230490534328,kv
524288,A100,A100x72,Llama-3.1-405B,8,9,1,TP8/DP9/EP1,0.95,27,3,532.1836368971333,531.241932914168,0.998230490534328,kv
1048576,A100,A100x72,Llama-3.1-405B,8,9,1,TP8/DP9/EP1,0.9,18,2,266.0919913120965,265.7386093674926,0.9986719557290642,kv
1048576,A100,A100x72,Llama-3.1-405B,8,9,1,TP8/DP9/EP1,0.95,18,2,266.0919913120965,265.7386093674926,0.9986719557290642,kv
8192,A100,A100x72,Llama-3.1-405B,12,6,1,TP12/DP6/EP1,0.9,612,102,19966.255279511362,18075.732601290052,0.9053141086420299,weight
8192,A100,A100x72,Llama-3.1-405B,12,6,1,TP12/DP6/EP1,0.95,648,108,19966.255279511362,19139.010989601233,0.9585678797386199,weight
16384,A100,A100x72,Llama-3.1-405B,12,6,1,TP12/DP6/EP1,0.9,522,87,17028.62943476976,15417.536630512104,0.9053891676702965,weight
16384,A100,A100x72,Llama-3.1-405B,12,6,1,TP12/DP6/EP1,0.95,552,92,17028.62943476976,16303.601954104754,0.9574230278812331,weight
32768,A100,A100x72,Llama-3.1-405B,12,6,1,TP12/DP6/EP1,0.9,264,44,8514.631973684163,7797.374847615317,0.9157618170361743,weight
32768,A100,A100x72,Llama-3.1-405B,12,6,1,TP12/DP6/EP1,0.95,276,46,8514.631973684163,8151.800977052377,0.9573873541741823,weight
65536,A100,A100x72,Llama-3.1-405B,12,6,1,TP12/DP6/EP1,0.9,132,22,4257.39530535003,3898.6874238076584,0.9157447556980195,weight
65536,A100,A100x72,Llama-3.1-405B,12,6,1,TP12/DP6/EP1,0.95,138,23,4257.39530535003,4075.9004885261884,0.9573695173206568,weight
131072,A100,A100x72,Llama-3.1-405B,12,6,1,TP12/DP6/EP1,0.9,66,11,2128.7174828561792,1949.3437119038292,0.915736225028942,weight
131072,A100,A100x72,Llama-3.1-405B,12,6,1,TP12/DP6/EP1,0.95,72,12,2128.7174828561792,2121.989877683063,0.9968395969745644,kv
262144,A100,A100x72,Llama-3.1-405B,12,6,1,TP12/DP6/EP1,0.9,36,6,1064.3636990426548,1060.9949388415314,0.9968349538751148,kv
262144,A100,A100x72,Llama-3.1-405B,12,6,1,TP12/DP6/EP1,0.95,36,6,1064.3636990426548,1060.9949388415314,0.9968349538751148,kv
524288,A100,A100x72,Llama-3.1-405B,12,6,1,TP12/DP6/EP1,0.9,18,3,532.1830889336283,530.4974694207657,0.9968326323253899,kv
524288,A100,A100x72,Llama-3.1-405B,12,6,1,TP12/DP6/EP1,0.95,18,3,532.1830889336283,530.4974694207657,0.9968326323253899,kv
1048576,A100,A100x72,Llama-3.1-405B,12,6,1,TP12/DP6/EP1,0.9,12,2,266.0918543209718,265.4590904149804,0.9976220094838825,kv
1048576,A100,A100x72,Llama-3.1-405B,12,6,1,TP12/DP6/EP1,0.95,12,2,266.0918543209718,265.4590904149804,0.9976220094838825,kv
8192,A100,A100x72,Llama-3.1-405B,18,4,1,TP18/DP4/EP1,0.9,408,102,19964.956085238966,18033.07126039797,0.9032362096569133,weight
8192,A100,A100x72,Llama-3.1-405B,18,4,1,TP18/DP4/EP1,0.95,432,108,19964.956085238966,19093.840158068437,0.9563677514014375,weight
16384,A100,A100x72,Llama-3.1-405B,18,4,1,TP18/DP4/EP1,0.9,348,87,17027.68440735879,15381.149016221798,0.9033024484277254,weight
16384,A100,A100x72,Llama-3.1-405B,18,4,1,TP18/DP4/EP1,0.95,368,92,17027.68440735879,16265.123097613854,0.9552163822454108,weight
32768,A100,A100x72,Llama-3.1-405B,18,4,1,TP18/DP4/EP1,0.9,176,44,8514.395692668388,7778.971916250104,0.913625839934648,weight
32768,A100,A100x72,Llama-3.1-405B,18,4,1,TP18/DP4/EP1,0.95,184,46,8514.395692668388,8132.561548806927,0.9551542872044047,weight
65536,A100,A100x72,Llama-3.1-405B,18,4,1,TP18/DP4/EP1,0.9,88,22,4257.33623207535,3889.485958125052,0.9135961423063407,weight
65536,A100,A100x72,Llama-3.1-405B,18,4,1,TP18/DP4/EP1,0.95,92,23,4257.33623207535,4066.2807744034635,0.9551232396839017,weight
131072,A100,A100x72,Llama-3.1-405B,18,4,1,TP18/DP4/EP1,0.9,44,11,2128.702714159895,1944.742979062526,0.913581293492187,weight
131072,A100,A100x72,Llama-3.1-405B,18,4,1,TP18/DP4/EP1,0.95,48,12,2128.702714159895,2116.992405007058,0.9944988517772156,kv
262144,A100,A100x72,Llama-3.1-405B,18,4,1,TP18/DP4/EP1,0.9,24,6,1064.3600068213807,1058.496202503529,0.9944907697768883,kv
262144,A100,A100x72,Llama-3.1-405B,18,4,1,TP18/DP4/EP1,0.95,24,6,1064.3600068213807,1058.496202503529,0.9944907697768883,kv
524288,A100,A100x72,Llama-3.1-405B,18,4,1,TP18/DP4/EP1,0.9,12,3,532.1821658724092,529.2481012517645,0.9944867287767247,kv
524288,A100,A100x72,Llama-3.1-405B,18,4,1,TP18/DP4/EP1,0.95,12,3,532.1821658724092,529.2481012517645,0.9944867287767247,kv
1048576,A100,A100x72,Llama-3.1-405B,18,4,1,TP18/DP4/EP1,0.9,8,2,266.0916235549294,264.9895581579594,0.9958583236020485,kv
1048576,A100,A100x72,Llama-3.1-405B,18,4,1,TP18/DP4/EP1,0.95,8,2,266.0916235549294,264.9895581579594,0.9958583236020485,kv
8192,A100,A100x72,Llama-3.1-405B,24,3,1,TP24/DP3/EP1,0.9,306,102,19963.53781147794,17986.722756710424,0.9009787206338269,weight
8192,A100,A100x72,Llama-3.1-405B,24,3,1,TP24/DP3/EP1,0.95,324,108,19963.53781147794,19044.765271811037,0.9539774689064049,weight
16384,A100,A100x72,Llama-3.1-405B,24,3,1,TP24/DP3/EP1,0.9,261,87,17026.652741464935,15341.616468958891,0.9010353768240964,weight
16384,A100,A100x72,Llama-3.1-405B,24,3,1,TP24/DP3/EP1,0.95,276,92,17026.652741464935,16223.318564876068,0.9528190191703088,weight
32768,A100,A100x72,Llama-3.1-405B,24,3,1,TP24/DP3/EP1,0.9,132,44,8514.137734845275,7758.978444071163,0.9113052531810099,weight
32768,A100,A100x72,Llama-3.1-405B,24,3,1,TP24/DP3/EP1,0.95,138,46,8514.137734845275,8111.659282438034,0.9527282192346921,weight
65536,A100,A100x72,Llama-3.1-405B,24,3,1,TP24/DP3/EP1,0.9,66,22,4257.271737449923,3879.4892220355814,0.9112618271248452,weight
65536,A100,A100x72,Llama-3.1-405B,24,3,1,TP24/DP3/EP1,0.95,69,23,4257.271737449923,4055.829641219017,0.9526828192668836,weight
131072,A100,A100x72,Llama-3.1-405B,24,3,1,TP24/DP3/EP1,0.9,33,11,2128.6865898572732,1939.7446110177907,0.9112401140967629,weight
131072,A100,A100x72,Llama-3.1-405B,24,3,1,TP24/DP3/EP1,0.95,36,12,2128.6865898572732,2111.5629500155405,0.9919557722008853,kv
262144,A100,A100x72,Llama-3.1-405B,24,3,1,TP24/DP3/EP1,0.9,18,6,1064.3559756649383,1055.7814750077703,0.9919439540405537,kv
262144,A100,A100x72,Llama-3.1-405B,24,3,1,TP24/DP3/EP1,0.95,18,6,1064.3559756649383,1055.7814750077703,0.9919439540405537,kv
524288,A100,A100x72,Llama-3.1-405B,24,3,1,TP24/DP3/EP1,0.9,9,3,532.1811580732001,527.8907375038851,0.9919380449603876,kv
524288,A100,A100x72,Llama-3.1-405B,24,3,1,TP24/DP3/EP1,0.95,9,3,532.1811580732001,527.8907375038851,0.9919380449603876,kv
1048576,A100,A100x72,Llama-3.1-405B,24,3,1,TP24/DP3/EP1,0.9,6,2,266.0913716038648,264.4788135344817,0.9939398332998796,kv
1048576,A100,A100x72,Llama-3.1-405B,24,3,1,TP24/DP3/EP1,0.95,6,2,266.0913716038648,264.4788135344817,0.9939398332998796,kv
8192,A100,A100x72,Llama-3.1-405B,36,2,1,TP36/DP2/EP1,0.9,206,103,19960.453935105506,18062.098590888316,0.9048941797421525,weight
8192,A100,A100x72,Llama-3.1-405B,36,2,1,TP36/DP2/EP1,0.95,218,109,19960.453935105506,19114.25967385268,0.9576064620572291,weight
16384,A100,A100x72,Llama-3.1-405B,36,2,1,TP36/DP2/EP1,0.9,176,88,17024.40942588194,15431.695883477394,0.9064452984793019,weight
16384,A100,A100x72,Llama-3.1-405B,36,2,1,TP36/DP2/EP1,0.95,186,93,17024.40942588194,16308.496785947702,0.957947872256535,weight
32768,A100,A100x72,Llama-3.1-405B,36,2,1,TP36/DP2/EP1,0.9,88,44,8513.576762093184,7715.847941738697,0.9062992156356203,weight
32768,A100,A100x72,Llama-3.1-405B,36,2,1,TP36/DP2/EP1,0.95,94,47,8513.576762093184,8241.928483220881,0.9680923439744127,weight
65536,A100,A100x72,Llama-3.1-405B,36,2,1,TP36/DP2/EP1,0.9,44,22,4257.131476274554,3857.9239708693485,0.9062261742137795,weight
65536,A100,A100x72,Llama-3.1-405B,36,2,1,TP36/DP2/EP1,0.95,48,24,4257.131476274554,4199.700334881382,0.9865094273659994,kv
131072,A100,A100x72,Llama-3.1-405B,36,2,1,TP36/DP2/EP1,0.9,22,11,2128.6515223146807,1928.9619854346743,0.9061896535028592,weight
131072,A100,A100x72,Llama-3.1-405B,36,2,1,TP36/DP2/EP1,0.95,24,12,2128.6515223146807,2099.850167440691,0.9864696712580407,kv
262144,A100,A100x72,Llama-3.1-405B,36,2,1,TP36/DP2/EP1,0.9,12,6,1064.3472084981759,1049.9250837203456,0.9864497932040613,kv
262144,A100,A100x72,Llama-3.1-405B,36,2,1,TP36/DP2/EP1,0.95,12,6,1064.3472084981759,1049.9250837203456,0.9864497932040613,kv
524288,A100,A100x72,Llama-3.1-405B,36,2,1,TP36/DP2/EP1,0.9,6,3,532.1789662463688,524.9625418601728,0.9864398541770718,kv
524288,A100,A100x72,Llama-3.1-405B,36,2,1,TP36/DP2/EP1,0.95,6,3,532.1789662463688,524.9625418601728,0.9864398541770718,kv
1048576,A100,A100x72,Llama-3.1-405B,36,2,1,TP36/DP2/EP1,0.9,4,2,266.09082364276435,263.3747754426075,0.9897927776577397,kv
1048576,A100,A100x72,Llama-3.1-405B,36,2,1,TP36/DP2/EP1,0.95,4,2,266.09082364276435,263.3747754426075,0.9897927776577397,kv
8192,A100,A100x72,Llama-3.1-405B,72,1,1,TP72/DP1/EP1,0.9,105,105,19949.998088672044,18071.985105451633,0.9058640018473596,weight
8192,A100,A100x72,Llama-3.1-405B,72,1,1,TP72/DP1/EP1,0.95,111,111,19949.998088672044,19104.669968620296,0.9576276590957801,weight
16384,A100,A100x72,Llama-3.1-405B,72,1,1,TP72/DP1/EP1,0.9,89,89,17016.80273192382,15318.158803668526,0.9001784321640746,weight
16384,A100,A100x72,Llama-3.1-405B,72,1,1,TP72/DP1/EP1,0.95,94,94,17016.80273192382,16178.729522975747,0.9507502541957642,weight
32768,A100,A100x72,Llama-3.1-405B,72,1,1,TP72/DP1/EP1,0.9,45,45,8511.6740504998,7745.136473764986,0.9099427947796235,weight
32768,A100,A100x72,Llama-3.1-405B,72,1,1,TP72/DP1/EP1,0.95,47,47,8511.6740504998,8089.364761487874,0.950384696769829,weight
65536,A100,A100x72,Llama-3.1-405B,72,1,1,TP72/DP1/EP1,0.9,23,23,4256.655668529073,3958.625308813215,0.9299848559705451,weight
65536,A100,A100x72,Llama-3.1-405B,72,1,1,TP72/DP1/EP1,0.95,24,24,4256.655668529073,4122.123171109942,0.9683947897374512,kv
131072,A100,A100x72,Llama-3.1-405B,72,1,1,TP72/DP1/EP1,0.9,12,12,2128.5325541421553,2061.061585554971,0.9683016506109409,kv
131072,A100,A100x72,Llama-3.1-405B,72,1,1,TP72/DP1/EP1,0.95,12,12,2128.5325541421553,2061.061585554971,0.9683016506109409,kv
262144,A100,A100x72,Llama-3.1-405B,72,1,1,TP72/DP1/EP1,0.9,6,6,1064.317464425196,1030.5307927774854,0.9682550810476857,kv
262144,A100,A100x72,Llama-3.1-405B,72,1,1,TP72/DP1/EP1,0.95,6,6,1064.317464425196,1030.5307927774854,0.9682550810476857,kv
524288,A100,A100x72,Llama-3.1-405B,72,1,1,TP72/DP1/EP1,0.9,3,3,532.1715299743722,515.2653963887427,0.9682317962660579,kv
524288,A100,A100x72,Llama-3.1-405B,72,1,1,TP72/DP1/EP1,0.95,3,3,532.1715299743722,515.2653963887427,0.9682317962660579,kv
1048576,A100,A100x72,Llama-3.1-405B,72,1,1,TP72/DP1/EP1,0.9,2,2,266.08896454304494,259.6967346335295,0.9759770950272484,kv
1048576,A100,A100x72,Llama-3.1-405B,72,1,1,TP72/DP1/EP1,0.95,2,2,266.08896454304494,259.6967346335295,0.9759770950272484,kv
8192,A100,A100x72,Qwen3-Coder-480B-A35B,1,72,72,TP1/DP72/EP72,0.9,29952,416,69218.29715851815,62379.97456394195,0.9012064313151821,weight
8192,A100,A100x72,Qwen3-Coder-480B-A35B,1,72,72,TP1/DP72/EP72,0.95,31608,439,69218.29715851815,65828.86736435317,0.9510327480838948,weight
16384,A100,A100x72,Qwen3-Coder-480B-A35B,1,72,72,TP1/DP72/EP72,0.9,14976,208,34609.148579259076,31190.694361573518,0.9012268617398406,weight
16384,A100,A100x72,Qwen3-Coder-480B-A35B,1,72,72,TP1/DP72/EP72,0.95,15840,220,34609.148579259076,32989.81373349089,0.9532107863890463,weight
32768,A100,A100x72,Qwen3-Coder-480B-A35B,1,72,72,TP1/DP72/EP72,0.9,7488,104,17304.574289629538,15668.653356877849,0.905463092857934,weight
32768,A100,A100x72,Qwen3-Coder-480B-A35B,1,72,72,TP1/DP72/EP72,0.95,7920,110,17304.574289629538,16551.903746328593,0.9565045328071426,weight
65536,A100,A100x72,Qwen3-Coder-480B-A35B,1,72,72,TP1/DP72/EP72,0.9,3456,48,8652.287144814769,7850.15026642172,0.9072919258263681,weight
65536,A100,A100x72,Qwen3-Coder-480B-A35B,1,72,72,TP1/DP72/EP72,0.95,3672,51,8652.287144814769,8234.325003899943,0.9516934500763412,weight
131072,A100,A100x72,Qwen3-Coder-480B-A35B,1,72,72,TP1/DP72/EP72,0.9,936,13,4326.143572407384,3902.1671944721047,0.9019966927035322,weight
131072,A100,A100x72,Qwen3-Coder-480B-A35B,1,72,72,TP1/DP72/EP72,0.95,1152,16,4326.143572407384,4202.267749294838,0.971365762361046,weight
262144,A100,A100x72,Qwen3-Coder-480B-A35B,1,72,72,TP1/DP72/EP72,0.9,72,1,2163.071786203692,2029.6565842709074,0.938321417354837,weight
262144,A100,A100x72,Qwen3-Coder-480B-A35B,1,72,72,TP1/DP72/EP72,0.95,144,2,2163.071786203692,2163.0717862036918,0.9999999999999998,kv
524288,A100,A100x72,Qwen3-Coder-480B-A35B,1,72,72,TP1/DP72/EP72,0.9,72,1,1081.535893101846,1081.5358931018459,0.9999999999999998,kv
524288,A100,A100x72,Qwen3-Coder-480B-A35B,1,72,72,TP1/DP72/EP72,0.95,72,1,1081.535893101846,1081.5358931018459,0.9999999999999998,kv
1048576,A100,A100x72,Qwen3-Coder-480B-A35B,1,72,72,TP1/DP72/EP72,0.9,72,1,540.767946550923,540.7679465509229,0.9999999999999998,kv
1048576,A100,A100x72,Qwen3-Coder-480B-A35B,1,72,72,TP1/DP72/EP72,0.95,72,1,540.767946550923,540.7679465509229,0.9999999999999998,kv
8192,A100,A100x72,Qwen3-Coder-480B-A35B,2,36,72,TP2/DP36/EP72,0.9,14976,416,69217.3224056717,62372.18054343755,0.9011065203863873,weight
8192,A100,A100x72,Qwen3-Coder-480B-A35B,2,36,72,TP2/DP36/EP72,0.95,15804,439,69217.3224056717,65820.64242445189,0.950927313233638,weight
16384,A100,A100x72,Qwen3-Coder-480B-A35B,2,36,72,TP2/DP36/EP72,0.9,7488,208,34608.90488933161,31186.79717463926,0.9011206010234889,weight
16384,A100,A100x72,Qwen3-Coder-480B-A35B,2,36,72,TP2/DP36/EP72,0.95,7920,220,34608.90488933161,32985.691794747785,0.9530983976588007,weight
32768,A100,A100x72,Qwen3-Coder-480B-A35B,2,36,72,TP2/DP36/EP72,0.9,3744,104,17304.51336693318,15666.686402723239,0.9053526135360945,weight
32768,A100,A100x72,Qwen3-Coder-480B-A35B,2,36,72,TP2/DP36/EP72,0.95,3960,110,17304.51336693318,16549.82851020345,0.9563879757421065,weight
65536,A100,A100x72,Qwen3-Coder-480B-A35B,2,36,72,TP2/DP36/EP72,0.9,1728,48,8652.27191411387,7849.080536184527,0.9071698871808281,weight
65536,A100,A100x72,Qwen3-Coder-480B-A35B,2,36,72,TP2/DP36/EP72,0.95,1836,51,8652.27191411387,8233.217242680925,0.9515670941005253,weight
131072,A100,A100x72,Qwen3-Coder-480B-A35B,2,36,72,TP2/DP36/EP72,0.9,468,13,4326.139764728808,3901.1913546693127,0.901771918345284,weight
131072,A100,A100x72,Qwen3-Coder-480B-A35B,2,36,72,TP2/DP36/EP72,0.95,576,16,4326.139764728808,4201.348208144908,0.9711540626585091,weight
262144,A100,A100x72,Qwen3-Coder-480B-A35B,2,36,72,TP2/DP36/EP72,0.9,36,1,2163.070834283629,2026.2294593014785,0.9367374508438278,weight
262144,A100,A100x72,Qwen3-Coder-480B-A35B,2,36,72,TP2/DP36/EP72,0.95,72,2,2163.070834283629,2161.124008549783,0.9990999713449092,kv
524288,A100,A100x72,Qwen3-Coder-480B-A35B,2,36,72,TP2/DP36/EP72,0.9,36,1,1081.5356551217778,1080.5620042748915,0.9990997515040069,kv
524288,A100,A100x72,Qwen3-Coder-480B-A35B,2,36,72,TP2/DP36/EP72,0.95,36,1,1081.5356551217778,1080.5620042748915,0.9990997515040069,kv
1048576,A100,A100x72,Qwen3-Coder-480B-A35B,2,36,72,TP2/DP36/EP72,0.9,36,1,540.7678870558995,540.5243646753011,0.9995496729994006,kv
1048576,A100,A100x72,Qwen3-Coder-480B-A35B,2,36,72,TP2/DP36/EP72,0.95,36,1,540.7678870558995,540.5243646753011,0.9995496729994006,kv
8192,A100,A100x72,Qwen3-Coder-480B-A35B,4,18,72,TP4/DP18/EP72,0.9,7488,416,69214.3983118466,62348.81016336436,0.9008069373434524,weight
8192,A100,A100x72,Qwen3-Coder-480B-A35B,4,18,72,TP4/DP18/EP72,0.95,7902,439,69214.3983118466,65795.97993203689,0.9506111667054018,weight
16384,A100,A100x72,Qwen3-Coder-480B-A35B,4,18,72,TP4/DP18/EP72,0.9,3744,208,34608.17384013921,31175.111454953654,0.9008019781383604,weight
16384,A100,A100x72,Qwen3-Coder-480B-A35B,4,18,72,TP4/DP18/EP72,0.95,3960,220,34608.17384013921,32973.33215643008,0.9527613999149239,weight
32768,A100,A100x72,Qwen3-Coder-480B-A35B,4,18,72,TP4/DP18/EP72,0.9,1872,104,17304.330601417925,15660.788502187586,0.9050213419353149,weight
32768,A100,A100x72,Qwen3-Coder-480B-A35B,4,18,72,TP4/DP18/EP72,0.95,1980,110,17304.330601417925,16543.6059229088,0.956038479844647,weight
65536,A100,A100x72,Qwen3-Coder-480B-A35B,4,18,72,TP4/DP18/EP72,0.9,864,48,8652.226222332902,7845.873094007883,0.9068039707233173,weight
65536,A100,A100x72,Qwen3-Coder-480B-A35B,4,18,72,TP4/DP18/EP72,0.95,918,51,8652.226222332902,8229.895746623739,0.951188230074353,weight
131072,A100,A100x72,Qwen3-Coder-480B-A35B,4,18,72,TP4/DP18/EP72,0.9,234,13,4326.128341733295,3898.266761479298,0.9010982692939314,weight
131072,A100,A100x72,Qwen3-Coder-480B-A35B,4,18,72,TP4/DP18/EP72,0.95,288,16,4326.128341733295,4198.59199768144,0.9705195190763212,weight
262144,A100,A100x72,Qwen3-Coder-480B-A35B,4,18,72,TP4/DP18/EP72,0.9,18,1,2163.0679785284674,2016.0171758212116,0.9320174843477207,weight
262144,A100,A100x72,Qwen3-Coder-480B-A35B,4,18,72,TP4/DP18/EP72,0.95,36,2,2163.0679785284674,2155.3016658301667,0.9964095845459355,kv
524288,A100,A100x72,Qwen3-Coder-480B-A35B,4,18,72,TP4/DP18/EP72,0.9,18,1,1081.534941182202,1077.6508329150834,0.9964087075514426,kv
524288,A100,A100x72,Qwen3-Coder-480B-A35B,4,18,72,TP4/DP18/EP72,0.95,18,1,1081.534941182202,1077.6508329150834,0.9964087075514426,kv
1048576,A100,A100x72,Qwen3-Coder-480B-A35B,4,18,72,TP4/DP18/EP72,0.9,18,1,540.7677085709073,539.7949338910602,0.9982011228399382,kv
1048576,A100,A100x72,Qwen3-Coder-480B-A35B,4,18,72,TP4/DP18/EP72,0.95,18,1,540.7677085709073,539.7949338910602,0.9982011228399382,kv
8192,A100,A100x72,Qwen3-Coder-480B-A35B,8,9,72,TP8/DP9/EP72,0.9,3744,416,69206.60193601291,62286.57468546708,0.900009145703412,weight
8192,A100,A100x72,Qwen3-Coder-480B-A35B,8,9,72,TP8/DP9/EP72,0.95,3960,440,69206.60193601291,65880.03089276786,0.9519327499084446,weight
16384,A100,A100x72,Qwen3-Coder-480B-A35B,8,9,72,TP8/DP9/EP72,0.9,1881,209,34606.224526606704,31293.68761952038,0.9042791592437509,weight
16384,A100,A100x72,Qwen3-Coder-480B-A35B,8,9,72,TP8/DP9/EP72,0.95,1980,220,34606.224526606704,32940.41835776698,0.9518639726919942,weight
32768,A100,A100x72,Qwen3-Coder-480B-A35B,8,9,72,TP8/DP9/EP72,0.9,936,104,17303.84324558427,15645.082455557089,0.9041391691726937,weight
32768,A100,A100x72,Qwen3-Coder-480B-A35B,8,9,72,TP8/DP9/EP72,0.95,990,110,17303.84324558427,16527.035210327365,0.955107774369423,weight
65536,A100,A100x72,Qwen3-Coder-480B-A35B,8,9,72,TP8/DP9/EP72,0.9,432,48,8652.104379942935,7837.33271652325,0.9058296539615882,weight
65536,A100,A100x72,Qwen3-Coder-480B-A35B,8,9,72,TP8/DP9/EP72,0.95,459,51,8652.104379942935,8221.051511738873,0.9501794188702443,weight
131072,A100,A100x72,Qwen3-Coder-480B-A35B,8,9,72,TP8/DP9/EP72,0.9,126,14,4326.097880706846,3990.4817916896327,0.922420597436326,weight
131072,A100,A100x72,Qwen3-Coder-480B-A35B,8,9,72,TP8/DP9/EP72,0.95,144,16,4326.097880706846,4191.259751991892,0.9688314660386457,weight
262144,A100,A100x72,Qwen3-Coder-480B-A35B,8,9,72,TP8/DP9/EP72,0.9,9,1,2163.0603632182338,1989.2810112464922,0.9196604242180324,weight
262144,A100,A100x72,Qwen3-Coder-480B-A35B,8,9,72,TP8/DP9/EP72,0.95,18,2,2163.0603632182338,2139.9277000413163,0.9893055859326549,kv
524288,A100,A100x72,Qwen3-Coder-480B-A35B,8,9,72,TP8/DP9/EP72,0.9,9,1,1081.533037347941,1069.9638500206581,0.9893029737162241,kv
524288,A100,A100x72,Qwen3-Coder-480B-A35B,8,9,72,TP8/DP9/EP72,0.95,9,1,1081.533037347941,1069.9638500206581,0.9893029737162241,kv
1048576,A100,A100x72,Qwen3-Coder-480B-A35B,8,9,72,TP8/DP9/EP72,0.9,9,1,540.7672326115041,537.8593754509652,0.9946227193787314,kv
1048576,A100,A100x72,Qwen3-Coder-480B-A35B,8,9,72,TP8/DP9/EP72,0.95,9,1,540.7672326115041,537.8593754509652,0.9946227193787314,kv
8192,A100,A100x72,Qwen3-Coder-480B-A35B,12,6,72,TP12/DP6/EP72,0.9,2502,417,69197.33649806531,62362.30533995653,0.9012240715609063,weight
8192,A100,A100x72,Qwen3-Coder-480B-A35B,12,6,72,TP12/DP6/EP72,0.95,2640,440,69197.33649806531,65801.95285392765,0.9509318737400739,weight
16384,A100,A100x72,Qwen3-Coder-480B-A35B,12,6,72,TP12/DP6/EP72,0.9,1254,209,34603.90762061324,31256.598956910235,0.9032678996718555,weight
16384,A100,A100x72,Qwen3-Coder-480B-A35B,12,6,72,TP12/DP6/EP72,0.95,1320,220,34603.90762061324,32901.37838388221,0.9507995092520464,weight
32768,A100,A100x72,Qwen3-Coder-480B-A35B,12,6,72,TP12/DP6/EP72,0.9,624,104,17303.263950753964,15626.453267345345,0.9030928102246539,weight
32768,A100,A100x72,Qwen3-Coder-480B-A35B,12,6,72,TP12/DP6/EP72,0.95,660,110,17303.263950753964,16507.38037444757,0.9540038469868157,weight
65536,A100,A100x72,Qwen3-Coder-480B-A35B,12,6,72,TP12/DP6/EP72,0.9,288,48,8651.959547692702,7827.2047388193105,0.9046742180974093,weight
65536,A100,A100x72,Qwen3-Coder-480B-A35B,12,6,72,TP12/DP6/EP72,0.95,312,52,8651.959547692702,8339.652428979269,0.9639033080319106,weight
131072,A100,A100x72,Qwen3-Coder-480B-A35B,12,6,72,TP12/DP6/EP72,0.9,84,14,4326.061671576383,3981.488229753729,0.9203493921303498,weight
131072,A100,A100x72,Qwen3-Coder-480B-A35B,12,6,72,TP12/DP6/EP72,0.95,96,16,4326.061671576383,4182.57699723152,0.966832494486243,weight
262144,A100,A100x72,Qwen3-Coder-480B-A35B,12,6,72,TP12/DP6/EP72,0.9,6,1,2163.0513108021255,1958.4073479932083,0.9053910733476641,weight
262144,A100,A100x72,Qwen3-Coder-480B-A35B,12,6,72,TP12/DP6/EP72,0.95,12,2,2163.0513108021255,2121.935253179093,0.98099164018084,kv
524288,A100,A100x72,Qwen3-Coder-480B-A35B,12,6,72,TP12/DP6/EP72,0.9,6,1,1081.530774227227,1060.9676265895464,0.9809869972009133,kv
524288,A100,A100x72,Qwen3-Coder-480B-A35B,12,6,72,TP12/DP6/EP72,0.95,6,1,1081.530774227227,1060.9676265895464,0.9809869972009133,kv
1048576,A100,A100x72,Qwen3-Coder-480B-A35B,12,6,72,TP12/DP6/EP72,0.9,6,1,540.7666668292399,535.5765155246764,0.9904022351544047,kv
1048576,A100,A100x72,Qwen3-Coder-480B-A35B,12,6,72,TP12/DP6/EP72,0.95,6,1,540.7666668292399,535.5765155246764,0.9904022351544047,kv
8192,A100,A100x72,Qwen3-Coder-480B-A35B,18,4,72,TP18/DP4/EP72,0.9,1672,418,69181.73415076699,62387.30303657955,0.9017886556676881,weight
8192,A100,A100x72,Qwen3-Coder-480B-A35B,18,4,72,TP18/DP4/EP72,0.95,1764,441,69181.73415076699,65820.09720121314,0.9514086053086227,weight
16384,A100,A100x72,Qwen3-Coder-480B-A35B,18,4,72,TP18/DP4/EP72,0.9,836,209,34600.00541248524,31194.320186950645,0.9015698065669762,weight
16384,A100,A100x72,Qwen3-Coder-480B-A35B,18,4,72,TP18/DP4/EP72,0.95,884,221,34600.00541248524,32985.05662863587,0.9533251869588836,weight
32768,A100,A100x72,Qwen3-Coder-480B-A35B,18,4,72,TP18/DP4/EP72,0.9,416,104,17302.288195961937,15595.171858125492,0.9013358049234865,weight
32768,A100,A100x72,Qwen3-Coder-480B-A35B,18,4,72,TP18/DP4/EP72,0.95,440,110,17302.288195961937,16474.37660612544,0.9521501676275559,weight
65536,A100,A100x72,Qwen3-Coder-480B-A35B,18,4,72,TP18/DP4/EP72,0.9,192,48,8651.715583643621,7810.202863089823,0.9027345833993077,weight
65536,A100,A100x72,Qwen3-Coder-480B-A35B,18,4,72,TP18/DP4/EP72,0.95,208,52,8651.715583643621,8321.835501977846,0.9618711365998409,weight
131072,A100,A100x72,Qwen3-Coder-480B-A35B,18,4,72,TP18/DP4/EP72,0.9,56,14,4326.000677394849,3966.429573679548,0.9168814037422117,weight
131072,A100,A100x72,Qwen3-Coder-480B-A35B,18,4,72,TP18/DP4/EP72,0.95,64,16,4326.000677394849,4168.031651893438,0.9634838185932645,weight
262144,A100,A100x72,Qwen3-Coder-480B-A35B,18,4,72,TP18/DP4/EP72,0.9,8,2,2163.0360618605605,2092.3009075136947,0.9672982084792326,kv
262144,A100,A100x72,Qwen3-Coder-480B-A35B,18,4,72,TP18/DP4/EP72,0.95,8,2,2163.0360618605605,2092.3009075136947,0.9672982084792326,kv
524288,A100,A100x72,Qwen3-Coder-480B-A35B,18,4,72,TP18/DP4/EP72,0.9,4,1,1081.5269619423116,1046.1504537568474,0.9672902207431504,kv
524288,A100,A100x72,Qwen3-Coder-480B-A35B,18,4,72,TP18/DP4/EP72,0.95,4,1,1081.5269619423116,1046.1504537568474,0.9672902207431504,kv
1048576,A100,A100x72,Qwen3-Coder-480B-A35B,18,4,72,TP18/DP4/EP72,0.9,4,1,540.7657137518203,531.7744633711073,0.9833731130653017,kv
1048576,A100,A100x72,Qwen3-Coder-480B-A35B,18,4,72,TP18/DP4/EP72,0.95,4,1,540.7657137518203,531.7744633711073,0.9833731130653017,kv
8192,A100,A100x72,Qwen3-Coder-480B-A35B,24,3,72,TP24/DP3/EP72,0.9,1254,418,69164.70746226597,62251.881865574505,0.9000527024499759,weight
8192,A100,A100x72,Qwen3-Coder-480B-A35B,24,3,72,TP24/DP3/EP72,0.95,1326,442,69164.70746226597,65826.15257267558,0.9517303692578791,weight
16384,A100,A100x72,Qwen3-Coder-480B-A35B,24,3,72,TP24/DP3/EP72,0.9,630,210,34595.74596695858,31275.504385078944,0.9040274609181514,weight
16384,A100,A100x72,Qwen3-Coder-480B-A35B,24,3,72,TP24/DP3/EP72,0.95,663,221,34595.74596695858,32913.45669717947,0.9513729441941845,weight
32768,A100,A100x72,Qwen3-Coder-480B-A35B,24,3,72,TP24/DP3/EP72,0.9,315,105,17301.22298764794,15707.103897797248,0.9078609014525274,weight
32768,A100,A100x72,Qwen3-Coder-480B-A35B,24,3,72,TP24/DP3/EP72,0.95,330,110,17301.22298764794,16438.493298868485,0.950134756982475,weight
65536,A100,A100x72,Qwen3-Coder-480B-A35B,24,3,72,TP24/DP3/EP72,0.9,144,48,8651.449238182493,7791.724274214166,0.9006264799920459,weight
65536,A100,A100x72,Qwen3-Coder-480B-A35B,24,3,72,TP24/DP3/EP72,0.95,156,52,8651.449238182493,8302.469622322584,0.9596622939981299,weight
131072,A100,A100x72,Qwen3-Coder-480B-A35B,24,3,72,TP24/DP3/EP72,0.9,42,14,4325.934085605733,3950.117997409832,0.9131248695058934,weight
131072,A100,A100x72,Qwen3-Coder-480B-A35B,24,3,72,TP24/DP3/EP72,0.95,48,16,4325.934085605733,4152.266057497913,0.9598542130621708,weight
262144,A100,A100x72,Qwen3-Coder-480B-A35B,24,3,72,TP24/DP3/EP72,0.9,6,2,2163.0194132352394,2060.876986990582,0.9527778504346003,kv
262144,A100,A100x72,Qwen3-Coder-480B-A35B,24,3,72,TP24/DP3/EP72,0.95,6,2,2163.0194132352394,2060.876986990582,0.9527778504346003,kv
524288,A100,A100x72,Qwen3-Coder-480B-A35B,24,3,72,TP24/DP3/EP72,0.9,3,1,1081.522799701222,1030.438493495291,0.9527663159574227,kv
524288,A100,A100x72,Qwen3-Coder-480B-A35B,24,3,72,TP24/DP3/EP72,0.95,3,1,1081.522799701222,1030.438493495291,0.9527663159574227,kv
1048576,A100,A100x72,Qwen3-Coder-480B-A35B,24,3,72,TP24/DP3/EP72,0.9,3,1,540.7646731809529,527.6845322658427,0.97581176884546,kv
1048576,A100,A100x72,Qwen3-Coder-480B-A35B,24,3,72,TP24/DP3/EP72,0.95,3,1,540.7646731809529,527.6845322658427,0.97581176884546,kv
8192,A100,A100x72,Qwen3-Coder-480B-A35B,36,2,72,TP36/DP2/EP72,0.9,840,420,69127.70541743161,62255.83392722185,0.900591644859126,weight
8192,A100,A100x72,Qwen3-Coder-480B-A35B,36,2,72,TP36/DP2/EP72,0.95,888,444,69127.70541743161,65813.31013185617,0.9520540242792483,weight
16384,A100,A100x72,Qwen3-Coder-480B-A35B,36,2,72,TP36/DP2/EP72,0.9,420,210,34586.48581366455,31128.546512128785,0.900020507426933,weight
16384,A100,A100x72,Qwen3-Coder-480B-A35B,36,2,72,TP36/DP2/EP72,0.95,444,222,34586.48581366455,32907.014687968775,0.9514414059079618,weight
32768,A100,A100x72,Qwen3-Coder-480B-A35B,36,2,72,TP36/DP2/EP72,0.9,210,105,17298.9067426191,15632.973318958962,0.9036971845419689,weight
32768,A100,A100x72,Qwen3-Coder-480B-A35B,36,2,72,TP36/DP2/EP72,0.95,222,111,17298.9067426191,16506.89584337938,0.9542161298963217,weight
65536,A100,A100x72,Qwen3-Coder-480B-A35B,36,2,72,TP36/DP2/EP72,0.9,98,49,8650.870025996712,7878.072872806872,0.9106682737265144,weight
65536,A100,A100x72,Qwen3-Coder-480B-A35B,36,2,72,TP36/DP2/EP72,0.95,104,52,8650.870025996712,8260.660819746807,0.954893645948062,weight
131072,A100,A100x72,Qwen3-Coder-480B-A35B,36,2,72,TP36/DP2/EP72,0.9,28,14,4325.789263687562,3915.1013926401924,0.9050605921802869,weight
131072,A100,A100x72,Qwen3-Coder-480B-A35B,36,2,72,TP36/DP2/EP72,0.95,32,16,4325.789263687562,4118.386225317207,0.9520542898121782,weight
262144,A100,A100x72,Qwen3-Coder-480B-A35B,36,2,72,TP36/DP2/EP72,0.9,4,2,2162.9832053963773,1995.689529876396,0.9226560450850454,kv
262144,A100,A100x72,Qwen3-Coder-480B-A35B,36,2,72,TP36/DP2/EP72,0.95,8,4,2162.9832053963773,2076.0122488427082,0.9597912011814576,kv
524288,A100,A100x72,Qwen3-Coder-480B-A35B,36,2,72,TP36/DP2/EP72,0.9,2,1,1081.5137474465696,997.844764938198,0.9226371530589303,kv
524288,A100,A100x72,Qwen3-Coder-480B-A35B,36,2,72,TP36/DP2/EP72,0.95,4,2,1081.5137474465696,1038.0061244213541,0.959771548787118,kv
1048576,A100,A100x72,Qwen3-Coder-480B-A35B,36,2,72,TP36/DP2/EP72,0.9,2,1,540.7624100804212,519.0030622106771,0.9597617225899483,kv
1048576,A100,A100x72,Qwen3-Coder-480B-A35B,36,2,72,TP36/DP2/EP72,0.95,2,1,540.7624100804212,519.0030622106771,0.9597617225899483,kv
8192,A100,A100x72,Qwen3-Coder-480B-A35B,72,1,72,TP72/DP1/EP72,0.9,426,426,69002.45977118783,62154.352364112616,0.9007556045134689,weight
8192,A100,A100x72,Qwen3-Coder-480B-A35B,72,1,72,TP72/DP1/EP72,0.95,450,450,69002.45977118783,65656.00600415225,0.9515023989270467,weight
16384,A100,A100x72,Qwen3-Coder-480B-A35B,72,1,72,TP72/DP1/EP72,0.9,214,214,34555.10497269083,31223.584684649188,0.9035881878907742,weight
16384,A100,A100x72,Qwen3-Coder-480B-A35B,72,1,72,TP72/DP1/EP72,0.95,225,225,34555.10497269083,32828.30576938888,0.9500276672674947,weight
32768,A100,A100x72,Qwen3-Coder-480B-A35B,72,1,72,TP72/DP1/EP72,0.9,107,107,17291.05283083092,15673.004726785362,0.9064228118509657,weight
32768,A100,A100x72,Qwen3-Coder-480B-A35B,72,1,72,TP72/DP1/EP72,0.95,113,113,17291.05283083092,16534.61932402663,0.9562528948234126,weight
65536,A100,A100x72,Qwen3-Coder-480B-A35B,72,1,72,TP72/DP1/EP72,0.9,50,50,8648.905458923224,7869.464942468416,0.9098798662840457,weight
65536,A100,A100x72,Qwen3-Coder-480B-A35B,72,1,72,TP72/DP1/EP72,0.95,53,53,8648.905458923224,8249.004417883367,0.9537628150823094,weight
131072,A100,A100x72,Qwen3-Coder-480B-A35B,72,1,72,TP72/DP1/EP72,0.9,15,15,4325.297985688671,3904.24808257893,0.9026541282235605,weight
131072,A100,A100x72,Qwen3-Coder-480B-A35B,72,1,72,TP72/DP1/EP72,0.95,17,17,4325.297985688671,4110.616501202069,0.9503660822452166,weight
262144,A100,A100x72,Qwen3-Coder-480B-A35B,72,1,72,TP72/DP1/EP72,0.9,4,4,2162.860368862229,1966.2592080179127,0.9091013161669156,kv
262144,A100,A100x72,Qwen3-Coder-480B-A35B,72,1,72,TP72/DP1/EP72,0.95,8,8,2162.860368862229,2059.9752469242303,0.952430992116185,kv
524288,A100,A100x72,Qwen3-Coder-480B-A35B,72,1,72,TP72/DP1/EP72,0.9,2,2,1081.4830361833785,983.1296040089563,0.9090568886577106,kv
524288,A100,A100x72,Qwen3-Coder-480B-A35B,72,1,72,TP72/DP1/EP72,0.95,4,4,1081.4830361833785,1029.9876234621152,0.952384447098686,kv
1048576,A100,A100x72,Qwen3-Coder-480B-A35B,72,1,72,TP72/DP1/EP72,0.9,1,1,540.7547319983947,491.56480200447817,0.9090346749031082,kv
1048576,A100,A100x72,Qwen3-Coder-480B-A35B,72,1,72,TP72/DP1/EP72,0.95,2,2,540.7547319983947,514.9938117310576,0.9523611745899366,kv
8192,A100,A100x72,DeepSeek-V3/R1-671B,1,72,72,TP1/DP72/EP72,0.9,132048,1834,218568.64864864867,196785.3614137372,0.9003366339610384,weight
8192,A100,A100x72,DeepSeek-V3/R1-671B,1,72,72,TP1/DP72/EP72,0.95,139392,1936,218568.64864864867,207729.8035425274,0.9504098818694495,weight
16384,A100,A100x72,DeepSeek-V3/R1-671B,1,72,72,TP1/DP72/EP72,0.9,75600,1050,125072.04149590165,112663.37485519344,0.9007878460102148,weight
16384,A100,A100x72,DeepSeek-V3/R1-671B,1,72,72,TP1/DP72/EP72,0.95,79776,1108,125072.04149590165,118886.6850852895,0.9505456508374429,weight
32768,A100,A100x72,DeepSeek-V3/R1-671B,1,72,72,TP1/DP72/EP72,0.9,37800,525,62536.020747950824,56331.69059484076,0.90078789665693,weight
32768,A100,A100x72,DeepSeek-V3/R1-671B,1,72,72,TP1/DP72/EP72,0.95,39888,554,62536.020747950824,59443.343873625396,0.9505456721208669,weight
65536,A100,A100x72,DeepSeek-V3/R1-671B,1,72,72,TP1/DP72/EP72,0.9,18936,263,31268.010373975412,28225.995862406344,0.9027116060412671,weight
65536,A100,A100x72,DeepSeek-V3/R1-671B,1,72,72,TP1/DP72/EP72,0.95,19944,277,31268.010373975412,29726.062243687353,0.9506860810187195,weight
131072,A100,A100x72,DeepSeek-V3/R1-671B,1,72,72,TP1/DP72/EP72,0.9,9360,130,15634.005186987706,14171.4970762728,0.9064533948132395,weight
131072,A100,A100x72,DeepSeek-V3/R1-671B,1,72,72,TP1/DP72/EP72,0.95,9864,137,15634.005186987706,14887.213310515226,0.9522328496414956,weight
262144,A100,A100x72,DeepSeek-V3/R1-671B,1,72,72,TP1/DP72/EP72,0.9,3960,55,7817.002593493853,7110.049730510346,0.9095621557587932,weight
262144,A100,A100x72,DeepSeek-V3/R1-671B,1,72,72,TP1/DP72/EP72,0.95,4248,59,7817.002593493853,7445.290709687643,0.9524482844465745,weight
524288,A100,A100x72,DeepSeek-V3/R1-671B,1,72,72,TP1/DP72/EP72,0.9,648,9,3908.5012967469265,3607.2199982457337,0.9229164133188464,weight
524288,A100,A100x72,DeepSeek-V3/R1-671B,1,72,72,TP1/DP72/EP72,0.95,792,11,3908.5012967469265,3773.738347264081,0.9655205565378705,weight
1048576,A100,A100x72,DeepSeek-V3/R1-671B,1,72,72,TP1/DP72/EP72,0.9,72,1,1954.2506483734633,1917.371873201079,0.9811289431050829,weight
1048576,A100,A100x72,DeepSeek-V3/R1-671B,1,72,72,TP1/DP72/EP72,0.95,72,1,1954.2506483734633,1917.371873201079,0.9811289431050829,weight
8192,A100,A100x72,DeepSeek-V3/R1-671B,2,36,72,TP2/DP36/EP72,0.9,66024,1834,218558.9297908332,196767.76734966395,0.9002961697240008,weight
8192,A100,A100x72,DeepSeek-V3/R1-671B,2,36,72,TP2/DP36/EP72,0.95,69696,1936,218558.9297908332,207711.23096453075,0.9503671671677566,weight
16384,A100,A100x72,DeepSeek-V3/R1-671B,2,36,72,TP2/DP36/EP72,0.9,37800,1050,125068.85899721953,112653.30191774691,0.900730228299687,weight
16384,A100,A100x72,DeepSeek-V3/R1-671B,2,36,72,TP2/DP36/EP72,0.95,39888,1108,125068.85899721953,118876.05573796498,0.9504848504343337,weight
32768,A100,A100x72,DeepSeek-V3/R1-671B,2,36,72,TP2/DP36/EP72,0.9,18900,525,62535.2251131577,56326.65412555117,0.9007188192515162,weight
32768,A100,A100x72,DeepSeek-V3/R1-671B,2,36,72,TP2/DP36/EP72,0.95,19944,554,62535.2251131577,59438.02919972514,0.9504727790164955,weight
65536,A100,A100x72,DeepSeek-V3/R1-671B,2,36,72,TP2/DP36/EP72,0.9,9468,263,31267.811464011786,28223.4716685073,0.9026366204424502,weight
65536,A100,A100x72,DeepSeek-V3/R1-671B,2,36,72,TP2/DP36/EP72,0.95,9972,277,31267.811464011786,29723.40412166264,0.9506071173504833,weight
131072,A100,A100x72,DeepSeek-V3/R1-671B,2,36,72,TP2/DP36/EP72,0.9,4680,130,15633.955459338627,14170.209812895022,0.9063739403473056,weight
131072,A100,A100x72,DeepSeek-V3/R1-671B,2,36,72,TP2/DP36/EP72,0.95,4932,137,15633.955459338627,14885.865323578586,0.9521496567067943,weight
262144,A100,A100x72,DeepSeek-V3/R1-671B,2,36,72,TP2/DP36/EP72,0.9,1980,55,7816.990161561813,7109.283861392123,0.9094656273651632,weight
262144,A100,A100x72,DeepSeek-V3/R1-671B,2,36,72,TP2/DP36/EP72,0.95,2124,59,7816.990161561813,7444.507849163244,0.9523496506071912,weight
524288,A100,A100x72,DeepSeek-V3/R1-671B,2,36,72,TP2/DP36/EP72,0.9,324,9,3908.4981887614445,3606.015582364003,0.9226089940972201,weight
524288,A100,A100x72,DeepSeek-V3/R1-671B,2,36,72,TP2/DP36/EP72,0.95,396,11,3908.4981887614445,3772.6597843171676,0.9652453710136367,weight
1048576,A100,A100x72,DeepSeek-V3/R1-671B,2,36,72,TP2/DP36/EP72,0.9,36,1,1954.249871376784,1914.31316468569,0.9795641758630598,weight
1048576,A100,A100x72,DeepSeek-V3/R1-671B,2,36,72,TP2/DP36/EP72,0.95,36,1,1954.249871376784,1914.31316468569,0.9795641758630598,weight
8192,A100,A100x72,DeepSeek-V3/R1-671B,4,18,72,TP4/DP18/EP72,0.9,33012,1834,218529.77840259156,196715.00402885294,0.9001748204148643,weight
8192,A100,A100x72,DeepSeek-V3/R1-671B,4,18,72,TP4/DP18/EP72,0.95,34848,1936,218529.77840259156,207655.53315150453,0.9502390688785045,weight
16384,A100,A100x72,DeepSeek-V3/R1-671B,4,18,72,TP4/DP18/EP72,0.9,18900,1050,125059.31247285556,112623.093909649,0.9005574369689113,weight
16384,A100,A100x72,DeepSeek-V3/R1-671B,4,18,72,TP4/DP18/EP72,0.95,19944,1108,125059.31247285556,118844.17909703881,0.9503025144395724,weight
32768,A100,A100x72,DeepSeek-V3/R1-671B,4,18,72,TP4/DP18/EP72,0.9,9450,525,62532.83833024636,56311.55011980416,0.9005116611277655,weight
32768,A100,A100x72,DeepSeek-V3/R1-671B,4,18,72,TP4/DP18/EP72,0.95,9972,554,62532.83833024636,59422.09087854848,0.9502541778885918,weight
65536,A100,A100x72,DeepSeek-V3/R1-671B,4,18,72,TP4/DP18/EP72,0.9,4734,263,31267.214749304883,28215.901794886486,0.9024117440941479,weight
65536,A100,A100x72,DeepSeek-V3/R1-671B,4,18,72,TP4/DP18/EP72,0.95,4986,277,31267.214749304883,29715.432607113617,0.9503703110547841,weight
131072,A100,A100x72,DeepSeek-V3/R1-671B,4,18,72,TP4/DP18/EP72,0.9,2340,130,15633.806278289425,14166.349425517283,0.9061356635325595,weight
131072,A100,A100x72,DeepSeek-V3/R1-671B,4,18,72,TP4/DP18/EP72,0.95,2466,137,15633.806278289425,14881.822827038939,0.9519001682722166,weight
262144,A100,A100x72,DeepSeek-V3/R1-671B,4,18,72,TP4/DP18/EP72,0.9,990,55,7816.952866002946,7106.987243677822,0.9091761669162843,weight
262144,A100,A100x72,DeepSeek-V3/R1-671B,4,18,72,TP4/DP18/EP72,0.95,1062,59,7816.952866002946,7442.160255077071,0.9520538735040988,weight
524288,A100,A100x72,DeepSeek-V3/R1-671B,4,18,72,TP4/DP18/EP72,0.9,162,9,3908.488864834657,3602.40715560369,0.9216879669314563,weight
524288,A100,A100x72,DeepSeek-V3/R1-671B,4,18,72,TP4/DP18/EP72,0.95,198,11,3908.488864834657,3769.4277914447425,0.9644207574336284,weight
1048576,A100,A100x72,DeepSeek-V3/R1-671B,4,18,72,TP4/DP18/EP72,0.9,18,1,1954.2475403904532,1905.195313510812,0.9748996860091528,weight
1048576,A100,A100x72,DeepSeek-V3/R1-671B,4,18,72,TP4/DP18/EP72,0.95,18,1,1954.2475403904532,1905.195313510812,0.9748996860091528,weight
8192,A100,A100x72,DeepSeek-V3/R1-671B,8,9,72,TP8/DP9/EP72,0.9,16515,1835,218452.0793718352,196681.62352808812,0.9003421898919498,weight
8192,A100,A100x72,DeepSeek-V3/R1-671B,8,9,72,TP8/DP9/EP72,0.95,17433,1937,218452.0793718352,207614.33502665214,0.9503884587578783,weight
16384,A100,A100x72,DeepSeek-V3/R1-671B,8,9,72,TP8/DP9/EP72,0.9,9450,1050,125033.86219804709,112542.61836757124,0.900097112807006,weight
16384,A100,A100x72,DeepSeek-V3/R1-671B,8,9,72,TP8/DP9/EP72,0.95,9981,1109,125033.86219804709,118866.44168536775,0.9506739981933017,weight
32768,A100,A100x72,DeepSeek-V3/R1-671B,8,9,72,TP8/DP9/EP72,0.9,4734,526,62526.47446644562,56378.49569737559,0.9016739897534236,weight
32768,A100,A100x72,DeepSeek-V3/R1-671B,8,9,72,TP8/DP9/EP72,0.95,4995,555,62526.47446644562,59486.81385466344,0.9513860226772678,weight
65536,A100,A100x72,DeepSeek-V3/R1-671B,8,9,72,TP8/DP9/EP72,0.9,2367,263,31265.62362142721,28195.735303166617,0.9018126631526162,weight
65536,A100,A100x72,DeepSeek-V3/R1-671B,8,9,72,TP8/DP9/EP72,0.95,2502,278,31265.62362142721,29801.257949906427,0.9531637145878896,weight
131072,A100,A100x72,DeepSeek-V3/R1-671B,8,9,72,TP8/DP9/EP72,0.9,1170,130,15633.40847607656,14156.065334849389,0.9055008929442409,weight
131072,A100,A100x72,DeepSeek-V3/R1-671B,8,9,72,TP8/DP9/EP72,0.95,1233,137,15633.40847607656,14871.053562592713,0.951235527770514,weight
262144,A100,A100x72,DeepSeek-V3/R1-671B,8,9,72,TP8/DP9/EP72,0.9,495,55,7816.853412919141,7100.870177766016,0.9084051859064162,weight
262144,A100,A100x72,DeepSeek-V3/R1-671B,8,9,72,TP8/DP9/EP72,0.95,531,59,7816.853412919141,7435.907236625449,0.9512660457897174,weight
524288,A100,A100x72,DeepSeek-V3/R1-671B,8,9,72,TP8/DP9/EP72,0.9,81,9,3908.464001247373,3592.819896268052,0.9192408821269471,weight
524288,A100,A100x72,DeepSeek-V3/R1-671B,8,9,72,TP8/DP9/EP72,0.95,99,11,3908.464001247373,3760.8361548863795,0.9622286795237519,weight
1048576,A100,A100x72,DeepSeek-V3/R1-671B,8,9,72,TP8/DP9/EP72,0.9,9,1,1954.2413244540896,1881.3003494502857,0.9626755538883205,weight
1048576,A100,A100x72,DeepSeek-V3/R1-671B,8,9,72,TP8/DP9/EP72,0.95,9,1,1954.2413244540896,1881.3003494502857,0.9626755538883205,weight
8192,A100,A100x72,DeepSeek-V3/R1-671B,12,6,72,TP12/DP6/EP72,0.9,11016,1836,218359.78868114343,196621.7947084532,0.9004487314079939,weight
8192,A100,A100x72,DeepSeek-V3/R1-671B,12,6,72,TP12/DP6/EP72,0.95,11628,1938,218359.78868114343,207545.22774781173,0.9504736609306602,weight
16384,A100,A100x72,DeepSeek-V3/R1-671B,12,6,72,TP12/DP6/EP72,0.9,6306,1051,125003.62237172524,112554.19729770423,0.9004074854967006,weight
16384,A100,A100x72,DeepSeek-V3/R1-671B,12,6,72,TP12/DP6/EP72,0.95,6654,1109,125003.62237172524,118765.56118282936,0.9500969566278195,weight
32768,A100,A100x72,DeepSeek-V3/R1-671B,12,6,72,TP12/DP6/EP72,0.9,3156,526,62518.911287146526,56330.647951562234,0.9010177367426973,weight
32768,A100,A100x72,DeepSeek-V3/R1-671B,12,6,72,TP12/DP6/EP72,0.95,3330,555,62518.911287146526,59436.32811856418,0.9506935884659895,weight
65536,A100,A100x72,DeepSeek-V3/R1-671B,12,6,72,TP12/DP6/EP72,0.9,1578,263,31263.73242356421,28171.80042201977,0.9011016356059272,weight
65536,A100,A100x72,DeepSeek-V3/R1-671B,12,6,72,TP12/DP6/EP72,0.95,1668,278,31263.73242356421,29775.962372134116,0.9524122701898278,weight
131072,A100,A100x72,DeepSeek-V3/R1-671B,12,6,72,TP12/DP6/EP72,0.9,780,130,15632.935626218627,14143.859818823308,0.9047475251610497,weight
131072,A100,A100x72,DeepSeek-V3/R1-671B,12,6,72,TP12/DP6/EP72,0.95,822,137,15632.935626218627,14858.272161145249,0.950446705366447,weight
262144,A100,A100x72,DeepSeek-V3/R1-671B,12,6,72,TP12/DP6/EP72,0.9,330,55,7816.7351941548595,7093.61237215728,0.9074904286717669,weight
262144,A100,A100x72,DeepSeek-V3/R1-671B,12,6,72,TP12/DP6/EP72,0.95,354,59,7816.7351941548595,7428.487792620806,0.9503312582695171,weight
524288,A100,A100x72,DeepSeek-V3/R1-671B,12,6,72,TP12/DP6/EP72,0.9,54,9,3908.434445768779,3581.48948656294,0.9163488696708767,weight
524288,A100,A100x72,DeepSeek-V3/R1-671B,12,6,72,TP12/DP6/EP72,0.95,66,11,3908.434445768779,3750.6739012417806,0.9596358729522027,weight
1048576,A100,A100x72,DeepSeek-V3/R1-671B,12,6,72,TP12/DP6/EP72,0.9,6,1,1954.2339354859978,1853.6641585002653,0.9485374933064389,weight
1048576,A100,A100x72,DeepSeek-V3/R1-671B,12,6,72,TP12/DP6/EP72,0.95,12,2,1954.2339354859978,1920.6115439124849,0.9827951040236381,kv
8192,A100,A100x72,DeepSeek-V3/R1-671B,18,4,72,TP18/DP4/EP72,0.9,7348,1837,218204.49796865252,196448.03634249873,0.900293248632852,weight
8192,A100,A100x72,DeepSeek-V3/R1-671B,18,4,72,TP18/DP4/EP72,0.95,7756,1939,218204.49796865252,207355.8750506832,0.9502823130642896,weight
16384,A100,A100x72,DeepSeek-V3/R1-671B,18,4,72,TP18/DP4/EP72,0.9,4208,1052,124952.71538219287,112500.45412754998,0.9003442124762543,weight
16384,A100,A100x72,DeepSeek-V3/R1-671B,18,4,72,TP18/DP4/EP72,0.95,4444,1111,124952.71538219287,118809.89024306813,0.9508388023394636,weight
32768,A100,A100x72,DeepSeek-V3/R1-671B,18,4,72,TP18/DP4/EP72,0.9,2108,527,62506.1749822121,56357.16962273644,0.901625633607791,weight
32768,A100,A100x72,DeepSeek-V3/R1-671B,18,4,72,TP18/DP4/EP72,0.95,2224,556,62506.1749822121,59458.41616435545,0.9512406763215958,weight
65536,A100,A100x72,DeepSeek-V3/R1-671B,18,4,72,TP18/DP4/EP72,0.9,1056,264,31260.547151602448,28238.334508639215,0.9033218251649088,weight
65536,A100,A100x72,DeepSeek-V3/R1-671B,18,4,72,TP18/DP4/EP72,0.95,1112,278,31260.547151602448,29733.44804082336,0.9511493159933124,weight
131072,A100,A100x72,DeepSeek-V3/R1-671B,18,4,72,TP18/DP4/EP72,0.9,520,130,15632.139158697466,14123.346719708661,0.9034813838546635,weight
131072,A100,A100x72,DeepSeek-V3/R1-671B,18,4,72,TP18/DP4/EP72,0.95,552,138,15632.139158697466,14939.159740043837,0.9556695720516237,weight
262144,A100,A100x72,DeepSeek-V3/R1-671B,18,4,72,TP18/DP4/EP72,0.9,220,55,7816.536058579184,7081.419832611932,0.9059537088477432,weight
262144,A100,A100x72,DeepSeek-V3/R1-671B,18,4,72,TP18/DP4/EP72,0.95,240,60,7816.536058579184,7500.608772553741,0.9595821878568971,weight
524288,A100,A100x72,DeepSeek-V3/R1-671B,18,4,72,TP18/DP4/EP72,0.9,36,9,3908.384659537684,3562.5637460305065,0.9115181990433654,weight
524288,A100,A100x72,DeepSeek-V3/R1-671B,18,4,72,TP18/DP4/EP72,0.95,44,11,3908.384659537684,3733.6788434130317,0.9552997385509854,weight
1048576,A100,A100x72,DeepSeek-V3/R1-671B,18,4,72,TP18/DP4/EP72,0.9,4,1,1954.2214886360612,1808.9015838565683,0.9256379557667651,weight
1048576,A100,A100x72,DeepSeek-V3/R1-671B,18,4,72,TP18/DP4/EP72,0.95,8,2,1954.2214886360612,1896.3014861309412,0.9703615977810452,kv
8192,A100,A100x72,DeepSeek-V3/R1-671B,24,3,72,TP24/DP3/EP72,0.9,5514,1838,218035.20281762836,196249.089419304,0.9000798351973145,weight
8192,A100,A100x72,DeepSeek-V3/R1-671B,24,3,72,TP24/DP3/EP72,0.95,5820,1940,218035.20281762836,207139.95292353086,0.9500298586957509,weight
16384,A100,A100x72,DeepSeek-V3/R1-671B,24,3,72,TP24/DP3/EP72,0.9,3159,1053,124897.18220247228,112432.14970540135,0.9001976483595625,weight
16384,A100,A100x72,DeepSeek-V3/R1-671B,24,3,72,TP24/DP3/EP72,0.95,3336,1112,124897.18220247228,118731.76683039505,0.9506360731014539,weight
32768,A100,A100x72,DeepSeek-V3/R1-671B,24,3,72,TP24/DP3/EP72,0.9,1581,527,62492.275345056485,56269.46439307135,0.9004227175658855,weight
32768,A100,A100x72,DeepSeek-V3/R1-671B,24,3,72,TP24/DP3/EP72,0.95,1671,557,62492.275345056485,59472.657791537495,0.9516801470766441,weight
65536,A100,A100x72,DeepSeek-V3/R1-671B,24,3,72,TP24/DP3/EP72,0.9,792,264,31257.070196797467,28194.379149014025,0.9020160549757079,weight
65536,A100,A100x72,DeepSeek-V3/R1-671B,24,3,72,TP24/DP3/EP72,0.95,837,279,31257.070196797467,29793.82487804268,0.9531867411263417,weight
131072,A100,A100x72,DeepSeek-V3/R1-671B,24,3,72,TP24/DP3/EP72,0.9,390,130,15631.269664135354,14101.01825338732,0.9021031916390599,weight
131072,A100,A100x72,DeepSeek-V3/R1-671B,24,3,72,TP24/DP3/EP72,0.95,414,138,15631.269664135354,14915.625363294577,0.9542171355099347,weight
262144,A100,A100x72,DeepSeek-V3/R1-671B,24,3,72,TP24/DP3/EP72,0.9,165,55,7816.31865294533,7068.155728769633,0.9042819315082843,weight
262144,A100,A100x72,DeepSeek-V3/R1-671B,24,3,72,TP24/DP3/EP72,0.95,180,60,7816.31865294533,7486.967171571183,0.9578636061299726,weight
524288,A100,A100x72,DeepSeek-V3/R1-671B,24,3,72,TP24/DP3/EP72,0.9,27,9,3908.330304129385,3542.127623885139,0.9063020134564035,weight
524288,A100,A100x72,DeepSeek-V3/R1-671B,24,3,72,TP24/DP3/EP72,0.95,33,11,3908.330304129385,3715.2985625446927,0.9506101770925701,weight
1048576,A100,A100x72,DeepSeek-V3/R1-671B,24,3,72,TP24/DP3/EP72,0.9,3,1,1954.2078992839652,1762.4348485258795,0.9018666075250475,weight
1048576,A100,A100x72,DeepSeek-V3/R1-671B,24,3,72,TP24/DP3/EP72,0.95,6,2,1954.2078992839652,1870.452810548062,0.9571411574139109,kv
8192,A100,A100x72,DeepSeek-V3/R1-671B,36,2,72,TP36/DP2/EP72,0.9,3682,1841,217667.91200197415,195906.33856888008,0.9000239712278,weight
8192,A100,A100x72,DeepSeek-V3/R1-671B,36,2,72,TP36/DP2/EP72,0.95,3888,1944,217667.91200197415,206866.87788044696,0.950378381350811,weight
16384,A100,A100x72,DeepSeek-V3/R1-671B,36,2,72,TP36/DP2/EP72,0.9,2112,1056,124776.57458491156,112372.13119431717,0.9005867613223101,weight
16384,A100,A100x72,DeepSeek-V3/R1-671B,36,2,72,TP36/DP2/EP72,0.95,2228,1114,124776.57458491156,118544.08536976235,0.9500508069252378,weight
32768,A100,A100x72,DeepSeek-V3/R1-671B,36,2,72,TP36/DP2/EP72,0.9,1058,529,62462.066666612096,56292.481364751286,0.901226686353645,weight
32768,A100,A100x72,DeepSeek-V3/R1-671B,36,2,72,TP36/DP2/EP72,0.95,1116,558,62462.066666612096,59378.45684920904,0.9506322800066533,weight
65536,A100,A100x72,DeepSeek-V3/R1-671B,36,2,72,TP36/DP2/EP72,0.9,530,265,31249.510915061073,28205.493883810144,0.9025899304624372,weight
65536,A100,A100x72,DeepSeek-V3/R1-671B,36,2,72,TP36/DP2/EP72,0.95,558,279,31249.510915061073,29693.31015985494,0.9502007964401099,weight
131072,A100,A100x72,DeepSeek-V3/R1-671B,36,2,72,TP36/DP2/EP72,0.9,262,131,15629.378953722855,14153.794770465087,0.9055890712211383,weight
131072,A100,A100x72,DeepSeek-V3/R1-671B,36,2,72,TP36/DP2/EP72,0.95,276,138,15629.378953722855,14864.696099052117,0.9510740089587121,weight
262144,A100,A100x72,DeepSeek-V3/R1-671B,36,2,72,TP36/DP2/EP72,0.9,110,55,7815.845864034666,7039.4787819170315,0.9006675546545564,weight
262144,A100,A100x72,DeepSeek-V3/R1-671B,36,2,72,TP36/DP2/EP72,0.95,120,60,7815.845864034666,7457.4689983026865,0.9541473985072961,weight
524288,A100,A100x72,DeepSeek-V3/R1-671B,36,2,72,TP36/DP2/EP72,0.9,20,10,3908.2120929845096,3589.6072274243606,0.9184781025236411,weight
524288,A100,A100x72,DeepSeek-V3/R1-671B,36,2,72,TP36/DP2/EP72,0.95,24,12,3908.2120929845096,3758.7107883036742,0.9617468803831809,weight
1048576,A100,A100x72,DeepSeek-V3/R1-671B,36,2,72,TP36/DP2/EP72,0.9,4,2,1954.1783447578596,1816.5979907645979,0.9295968280672411,kv
1048576,A100,A100x72,DeepSeek-V3/R1-671B,36,2,72,TP36/DP2/EP72,0.95,6,3,1954.1783447578596,1860.2757557565765,0.9519477895898398,kv
8192,A100,A100x72,DeepSeek-V3/R1-671B,72,1,72,TP72/DP1/EP72,0.9,1852,1852,216430.94053480861,194846.93659265083,0.9002730206280907,weight
8192,A100,A100x72,DeepSeek-V3/R1-671B,72,1,72,TP72/DP1/EP72,0.95,1955,1955,216430.94053480861,205683.45628435875,0.9503422005010354,weight
16384,A100,A100x72,DeepSeek-V3/R1-671B,72,1,72,TP72/DP1/EP72,0.9,1064,1064,124369.10846463933,111942.30050463331,0.9000812330857931,weight
16384,A100,A100x72,DeepSeek-V3/R1-671B,72,1,72,TP72/DP1/EP72,0.95,1124,1124,124369.10846463933,118254.8362473756,0.9508376935981483,weight
32768,A100,A100x72,DeepSeek-V3/R1-671B,72,1,72,TP72/DP1/EP72,0.9,534,534,62359.79226826977,56181.57043789476,0.9009261961009026,weight
32768,A100,A100x72,DeepSeek-V3/R1-671B,72,1,72,TP72/DP1/EP72,0.95,564,564,62359.79226826977,59337.8369301464,0.9515400031301737,weight
65536,A100,A100x72,DeepSeek-V3/R1-671B,72,1,72,TP72/DP1/EP72,0.9,268,268,31223.891089286968,28201.428592292745,0.9032003254062322,weight
65536,A100,A100x72,DeepSeek-V3/R1-671B,72,1,72,TP72/DP1/EP72,0.95,282,282,31223.891089286968,29672.584868558413,0.9503166912703966,weight
131072,A100,A100x72,DeepSeek-V3/R1-671B,72,1,72,TP72/DP1/EP72,0.9,132,132,15622.967578761449,14091.346743179349,0.9019635144308785,weight
131072,A100,A100x72,DeepSeek-V3/R1-671B,72,1,72,TP72/DP1/EP72,0.95,140,140,15622.967578761449,14896.342617814309,0.9534899527068759,weight
262144,A100,A100x72,DeepSeek-V3/R1-671B,72,1,72,TP72/DP1/EP72,0.9,57,57,7814.242217024345,7108.9187146772,0.9097387203060451,weight
262144,A100,A100x72,DeepSeek-V3/R1-671B,72,1,72,TP72/DP1/EP72,0.95,61,61,7814.242217024345,7443.185910674888,0.9525153820365252,weight
524288,A100,A100x72,DeepSeek-V3/R1-671B,72,1,72,TP72/DP1/EP72,0.9,11,11,3907.8110807634034,3548.410876781731,0.9080303022449431,weight
524288,A100,A100x72,DeepSeek-V3/R1-671B,72,1,72,TP72/DP1/EP72,0.95,14,14,3907.8110807634034,3716.452348470967,0.9510317340481429,kv
1048576,A100,A100x72,DeepSeek-V3/R1-671B,72,1,72,TP72/DP1/EP72,0.9,4,4,1954.0780791402788,1792.1804551601124,0.9171488459399764,kv
1048576,A100,A100x72,DeepSeek-V3/R1-671B,72,1,72,TP72/DP1/EP72,0.95,7,7,1954.0780791402788,1858.2261742354835,0.9509477610296071,kv
8192,A100,A100x72,Kimi-K2-1T-A32B,1,72,72,TP1/DP72/EP72,0.9,231120,3210,250144.0829918033,225173.76265034275,0.9001762502522245,weight
8192,A100,A100x72,Kimi-K2-1T-A32B,1,72,72,TP1/DP72/EP72,0.95,243936,3388,250144.0829918033,237660.0336010471,0.9500925656867715,weight
16384,A100,A100x72,Kimi-K2-1T-A32B,1,72,72,TP1/DP72/EP72,0.9,115560,1605,125072.04149590165,112586.8813251716,0.9001762502522264,weight
16384,A100,A100x72,Kimi-K2-1T-A32B,1,72,72,TP1/DP72/EP72,0.95,121968,1694,125072.04149590165,118830.0168005236,0.9500925656867719,weight
32768,A100,A100x72,Kimi-K2-1T-A32B,1,72,72,TP1/DP72/EP72,0.9,57816,803,62536.020747950824,56328.51699022406,0.9007371482310029,weight
32768,A100,A100x72,Kimi-K2-1T-A32B,1,72,72,TP1/DP72/EP72,0.95,60984,847,62536.020747950824,59415.009458213186,0.950092582604244,weight
65536,A100,A100x72,Kimi-K2-1T-A32B,1,72,72,TP1/DP72/EP72,0.9,28944,402,31268.010373975412,28205.215432092722,0.9020470152961227,weight
65536,A100,A100x72,Kimi-K2-1T-A32B,1,72,72,TP1/DP72/EP72,0.95,30528,424,31268.010373975412,29746.483297457085,0.9513391783384879,weight
131072,A100,A100x72,Kimi-K2-1T-A32B,1,72,72,TP1/DP72/EP72,0.9,14256,198,15634.005186987706,14104.995069352002,0.9021997179002915,weight
131072,A100,A100x72,Kimi-K2-1T-A32B,1,72,72,TP1/DP72/EP72,0.95,15120,210,15634.005186987706,14908.137489684275,0.9535712257593738,weight
262144,A100,A100x72,Kimi-K2-1T-A32B,1,72,72,TP1/DP72/EP72,0.9,6048,84,7817.002593493853,7087.685336158054,0.9067011621637666,weight
262144,A100,A100x72,Kimi-K2-1T-A32B,1,72,72,TP1/DP72/EP72,0.95,6552,91,7817.002593493853,7470.666478123219,0.955694511901673,weight
524288,A100,A100x72,Kimi-K2-1T-A32B,1,72,72,TP1/DP72/EP72,0.9,720,10,3908.5012967469265,3523.229023360137,0.9014271087213264,weight
524288,A100,A100x72,Kimi-K2-1T-A32B,1,72,72,TP1/DP72/EP72,0.95,1008,14,3908.5012967469265,3722.9789645606893,0.9525336393413382,weight
1048576,A100,A100x72,Kimi-K2-1T-A32B,1,72,72,TP1/DP72/EP72,0.9,72,1,1954.2506483734633,1954.2506483734633,1.0,kv
1048576,A100,A100x72,Kimi-K2-1T-A32B,1,72,72,TP1/DP72/EP72,0.95,72,1,1954.2506483734633,1954.2506483734633,1.0,kv
8192,A100,A100x72,Kimi-K2-1T-A32B,2,36,72,TP2/DP36/EP72,0.9,115560,3210,250131.35332098545,225160.60058917056,0.9001694413743857,weight
8192,A100,A100x72,Kimi-K2-1T-A32B,2,36,72,TP2/DP36/EP72,0.95,121968,3388,250131.35332098545,237646.1416810311,0.9500853792449901,weight
16384,A100,A100x72,Kimi-K2-1T-A32B,2,36,72,TP2/DP36/EP72,0.9,57780,1605,125068.85899721953,112580.30029458553,0.9001465368536572,weight
16384,A100,A100x72,Kimi-K2-1T-A32B,2,36,72,TP2/DP36/EP72,0.95,60984,1694,125068.85899721953,118823.0708405156,0.9500612046293412,weight
32768,A100,A100x72,Kimi-K2-1T-A32B,2,36,72,TP2/DP36/EP72,0.9,28908,803,62535.2251131577,56325.22442446963,0.9006959569194632,weight
32768,A100,A100x72,Kimi-K2-1T-A32B,2,36,72,TP2/DP36/EP72,0.95,30492,847,62535.2251131577,59411.536478085516,0.9500491342372261,weight
65536,A100,A100x72,Kimi-K2-1T-A32B,2,36,72,TP2/DP36/EP72,0.9,14472,402,31267.811464011786,28203.566411225016,0.9020000150533845,weight
65536,A100,A100x72,Kimi-K2-1T-A32B,2,36,72,TP2/DP36/EP72,0.95,15264,424,31267.811464011786,29744.74430072059,0.9512896140798279,weight
131072,A100,A100x72,Kimi-K2-1T-A32B,2,36,72,TP2/DP36/EP72,0.9,7128,198,15633.955459338627,14104.15778367862,0.9021490319811412,weight
131072,A100,A100x72,Kimi-K2-1T-A32B,2,36,72,TP2/DP36/EP72,0.95,7560,210,15633.955459338627,14907.255587240274,0.9535178494023229,weight
262144,A100,A100x72,Kimi-K2-1T-A32B,2,36,72,TP2/DP36/EP72,0.9,3024,84,7816.990161561813,7087.187005290872,0.9066388544455929,weight
262144,A100,A100x72,Kimi-K2-1T-A32B,2,36,72,TP2/DP36/EP72,0.95,3276,91,7816.990161561813,7470.1554246459555,0.9556306545425457,weight
524288,A100,A100x72,Kimi-K2-1T-A32B,2,36,72,TP2/DP36/EP72,0.9,360,10,3908.4981887614445,3522.194898419133,0.9011632418167433,weight
524288,A100,A100x72,Kimi-K2-1T-A32B,2,36,72,TP2/DP36/EP72,0.95,504,14,3908.4981887614445,3722.154113282915,0.952323356317691,weight
1048576,A100,A100x72,Kimi-K2-1T-A32B,2,36,72,TP2/DP36/EP72,0.9,36,1,1954.249871376784,1951.073243247929,0.9983745025774943,kv
1048576,A100,A100x72,Kimi-K2-1T-A32B,2,36,72,TP2/DP36/EP72,0.95,36,1,1954.249871376784,1951.073243247929,0.9983745025774943,kv
8192,A100,A100x72,Kimi-K2-1T-A32B,4,18,72,TP4/DP18/EP72,0.9,57780,3210,250093.17208100192,225121.12363636424,0.9001490195160163,weight
8192,A100,A100x72,Kimi-K2-1T-A32B,4,18,72,TP4/DP18/EP72,0.95,60984,3388,250093.17208100192,237604.47566355206,0.9500638249595837,weight
16384,A100,A100x72,Kimi-K2-1T-A32B,4,18,72,TP4/DP18/EP72,0.9,28890,1605,125059.31247285556,112560.56181818237,0.9000574174963094,weight
16384,A100,A100x72,Kimi-K2-1T-A32B,4,18,72,TP4/DP18/EP72,0.95,30510,1695,125059.31247285556,118872.36902294005,0.9505279268886242,weight
32768,A100,A100x72,Kimi-K2-1T-A32B,4,18,72,TP4/DP18/EP72,0.9,14454,803,62532.83833024636,56315.34903632201,0.9005724118728027,weight
32768,A100,A100x72,Kimi-K2-1T-A32B,4,18,72,TP4/DP18/EP72,0.95,15264,848,62532.83833024636,59471.25114370094,0.9510403290767537,weight
65536,A100,A100x72,Kimi-K2-1T-A32B,4,18,72,TP4/DP18/EP72,0.9,7236,402,31267.214749304883,28198.620505341136,0.9018590472938762,weight
65536,A100,A100x72,Kimi-K2-1T-A32B,4,18,72,TP4/DP18/EP72,0.95,7632,424,31267.214749304883,29739.52853025033,0.9511409560684161,weight
131072,A100,A100x72,Kimi-K2-1T-A32B,4,18,72,TP4/DP18/EP72,0.9,3564,198,15633.806278289425,14101.64652297698,0.9019970103224225,weight
131072,A100,A100x72,Kimi-K2-1T-A32B,4,18,72,TP4/DP18/EP72,0.95,3780,210,15633.806278289425,14904.61050583267,0.9533577582146847,weight
262144,A100,A100x72,Kimi-K2-1T-A32B,4,18,72,TP4/DP18/EP72,0.9,1512,84,7816.952866002946,7085.692433048758,0.906451983849801,weight
262144,A100,A100x72,Kimi-K2-1T-A32B,4,18,72,TP4/DP18/EP72,0.95,1638,91,7816.952866002946,7468.622683649941,0.9554391348746717,weight
524288,A100,A100x72,Kimi-K2-1T-A32B,4,18,72,TP4/DP18/EP72,0.9,180,10,3908.488864834657,3519.096162781235,0.9003725696760058,weight
524288,A100,A100x72,Kimi-K2-1T-A32B,4,18,72,TP4/DP18/EP72,0.95,252,14,3908.488864834657,3719.6817510097676,0.9516930659509819,weight
1048576,A100,A100x72,Kimi-K2-1T-A32B,4,18,72,TP4/DP18/EP72,0.9,18,1,1954.2475403904532,1941.6027204556826,0.9935295710121532,kv
1048576,A100,A100x72,Kimi-K2-1T-A32B,4,18,72,TP4/DP18/EP72,0.95,18,1,1954.2475403904532,1941.6027204556826,0.9935295710121532,kv
8192,A100,A100x72,Kimi-K2-1T-A32B,8,9,72,TP8/DP9/EP72,0.9,28890,3210,249991.41240437233,225015.9194066386,0.9000945962202304,weight
8192,A100,A100x72,Kimi-K2-1T-A32B,8,9,72,TP8/DP9/EP72,0.95,30492,3388,249991.41240437233,237493.43767903166,0.9500063837987978,weight
16384,A100,A100x72,Kimi-K2-1T-A32B,8,9,72,TP8/DP9/EP72,0.9,14454,1606,125033.86219804709,112578.05812058019,0.9003805540475303,weight
16384,A100,A100x72,Kimi-K2-1T-A32B,8,9,72,TP8/DP9/EP72,0.95,15255,1695,125033.86219804709,118816.81725677651,0.9502771102805486,weight
32768,A100,A100x72,Kimi-K2-1T-A32B,8,9,72,TP8/DP9/EP72,0.9,7227,803,62526.47446644562,56289.03158957329,0.9002431701115724,weight
32768,A100,A100x72,Kimi-K2-1T-A32B,8,9,72,TP8/DP9/EP72,0.95,7632,848,62526.47446644562,59443.45887269882,0.9506926366782238,weight
65536,A100,A100x72,Kimi-K2-1T-A32B,8,9,72,TP8/DP9/EP72,0.9,3618,402,31265.62362142721,28185.439899644516,0.9014833748695242,weight
65536,A100,A100x72,Kimi-K2-1T-A32B,8,9,72,TP8/DP9/EP72,0.95,3816,424,31265.62362142721,29725.628747479645,0.9507447894660843,weight
131072,A100,A100x72,Kimi-K2-1T-A32B,8,9,72,TP8/DP9/EP72,0.9,1782,198,15633.40847607656,14094.954197662064,0.9015918837681011,weight
131072,A100,A100x72,Kimi-K2-1T-A32B,8,9,72,TP8/DP9/EP72,0.95,1890,210,15633.40847607656,14897.56154226841,0.952931125996343,weight
262144,A100,A100x72,Kimi-K2-1T-A32B,8,9,72,TP8/DP9/EP72,0.9,756,84,7816.853412919141,7081.7099871067985,0.905954047366764,weight
262144,A100,A100x72,Kimi-K2-1T-A32B,8,9,72,TP8/DP9/EP72,0.95,819,91,7816.853412919141,7464.538447666555,0.9549287997814689,weight
524288,A100,A100x72,Kimi-K2-1T-A32B,8,9,72,TP8/DP9/EP72,0.9,99,11,3908.464001247373,3564.2919921175003,0.9119418756268367,weight
524288,A100,A100x72,Kimi-K2-1T-A32B,8,9,72,TP8/DP9/EP72,0.95,126,14,3908.464001247373,3713.104813764365,0.9500163779375582,weight
1048576,A100,A100x72,Kimi-K2-1T-A32B,8,9,72,TP8/DP9/EP72,0.9,9,1,1954.2413244540896,1916.7917334936938,0.9808367623323812,kv
1048576,A100,A100x72,Kimi-K2-1T-A32B,8,9,72,TP8/DP9/EP72,0.95,9,1,1954.2413244540896,1916.7917334936938,0.9808367623323812,kv
8192,A100,A100x72,Kimi-K2-1T-A32B,12,6,72,TP12/DP6/EP72,0.9,19260,3210,249870.5561246109,224890.98868120133,0.9000299681930022,weight
8192,A100,A100x72,Kimi-K2-1T-A32B,12,6,72,TP12/DP6/EP72,0.95,20334,3389,249870.5561246109,237431.63882884465,0.9502185552043877,weight
16384,A100,A100x72,Kimi-K2-1T-A32B,12,6,72,TP12/DP6/EP72,0.9,9636,1606,125003.62237172524,112515.55383863243,0.9000983467826489,weight
16384,A100,A100x72,Kimi-K2-1T-A32B,12,6,72,TP12/DP6/EP72,0.95,10176,1696,125003.62237172524,118820.90866146966,0.9505397236260086,weight
32768,A100,A100x72,Kimi-K2-1T-A32B,12,6,72,TP12/DP6/EP72,0.9,4824,804,62518.911287146526,56327.838894269,0.9009728054213515,weight
32768,A100,A100x72,Kimi-K2-1T-A32B,12,6,72,TP12/DP6/EP72,0.95,5088,848,62518.911287146526,59410.45536526535,0.9502797496328083,weight
65536,A100,A100x72,Kimi-K2-1T-A32B,12,6,72,TP12/DP6/EP72,0.9,2412,402,31263.73242356421,28169.787845687242,0.9010372614517071,weight
65536,A100,A100x72,Kimi-K2-1T-A32B,12,6,72,TP12/DP6/EP72,0.95,2544,424,31263.73242356421,29709.12266482064,0.9502743390430304,weight
131072,A100,A100x72,Kimi-K2-1T-A32B,12,6,72,TP12/DP6/EP72,0.9,1188,198,15632.935626218627,14087.007142832941,0.9011108009174588,weight
131072,A100,A100x72,Kimi-K2-1T-A32B,12,6,72,TP12/DP6/EP72,0.95,1260,210,15632.935626218627,14889.190953833013,0.9524245036141357,weight
262144,A100,A100x72,Kimi-K2-1T-A32B,12,6,72,TP12/DP6/EP72,0.9,504,84,7816.7351941548595,7076.981786166046,0.9053628670263794,weight
262144,A100,A100x72,Kimi-K2-1T-A32B,12,6,72,TP12/DP6/EP72,0.95,546,91,7816.7351941548595,7459.689234247832,0.9543228789208548,weight
524288,A100,A100x72,Kimi-K2-1T-A32B,12,6,72,TP12/DP6/EP72,0.9,66,11,3908.434445768779,3555.1628685205665,0.9096130222599333,weight
524288,A100,A100x72,Kimi-K2-1T-A32B,12,6,72,TP12/DP6/EP72,0.95,90,15,3908.434445768779,3752.8099993331334,0.9601824084310477,weight
1048576,A100,A100x72,Kimi-K2-1T-A32B,12,6,72,TP12/DP6/EP72,0.9,6,1,1954.2339354859978,1888.1109224557308,0.9661642284326504,kv
1048576,A100,A100x72,Kimi-K2-1T-A32B,12,6,72,TP12/DP6/EP72,0.95,6,1,1954.2339354859978,1888.1109224557308,0.9661642284326504,kv
8192,A100,A100x72,Kimi-K2-1T-A32B,18,4,72,TP18/DP4/EP72,0.9,12844,3211,249667.23347956315,224750.84589904154,0.9002016114278721,weight
8192,A100,A100x72,Kimi-K2-1T-A32B,18,4,72,TP18/DP4/EP72,0.95,13556,3389,249667.23347956315,237209.78410210268,0.9501037873338706,weight
16384,A100,A100x72,Kimi-K2-1T-A32B,18,4,72,TP18/DP4/EP72,0.9,6428,1607,124952.71538219287,112480.41400179398,0.9001838308015168,weight
16384,A100,A100x72,Kimi-K2-1T-A32B,18,4,72,TP18/DP4/EP72,0.95,6784,1696,124952.71538219287,118709.88310332438,0.950038442463827,weight
32768,A100,A100x72,Kimi-K2-1T-A32B,18,4,72,TP18/DP4/EP72,0.9,3216,804,62506.1749822121,56275.20649061591,0.9003143530480087,weight
32768,A100,A100x72,Kimi-K2-1T-A32B,18,4,72,TP18/DP4/EP72,0.95,3396,849,62506.1749822121,59424.936598788816,0.9507050561916461,weight
65536,A100,A100x72,Kimi-K2-1T-A32B,18,4,72,TP18/DP4/EP72,0.9,1608,402,31260.547151602448,28143.460681049273,0.9002868870005243,weight
65536,A100,A100x72,Kimi-K2-1T-A32B,18,4,72,TP18/DP4/EP72,0.95,1700,425,31260.547151602448,29751.28099742957,0.9517197780687114,weight
131072,A100,A100x72,Kimi-K2-1T-A32B,18,4,72,TP18/DP4/EP72,0.9,792,198,15632.139158697466,14073.640293348137,0.9003016254187959,weight
131072,A100,A100x72,Kimi-K2-1T-A32B,18,4,72,TP18/DP4/EP72,0.95,840,210,15632.139158697466,14875.111652444726,0.9515723664837297,weight
262144,A100,A100x72,Kimi-K2-1T-A32B,18,4,72,TP18/DP4/EP72,0.9,336,84,7816.536058579184,7069.03122545316,0.9043687859271644,weight
262144,A100,A100x72,Kimi-K2-1T-A32B,18,4,72,TP18/DP4/EP72,0.95,364,91,7816.536058579184,7451.534794215534,0.953303962058355,weight
524288,A100,A100x72,Kimi-K2-1T-A32B,18,4,72,TP18/DP4/EP72,0.9,44,11,3908.384659537684,3539.8898236446025,0.9057168451948969,weight
524288,A100,A100x72,Kimi-K2-1T-A32B,18,4,72,TP18/DP4/EP72,0.95,60,15,3908.384659537684,3740.3176858092565,0.9569983539572311,weight
1048576,A100,A100x72,Kimi-K2-1T-A32B,18,4,72,TP18/DP4/EP72,0.9,4,1,1954.2214886360612,1841.6900693616997,0.9424162409794694,kv
1048576,A100,A100x72,Kimi-K2-1T-A32B,18,4,72,TP18/DP4/EP72,0.95,8,2,1954.2214886360612,1896.3014861309412,0.9703615977810452,kv
8192,A100,A100x72,Kimi-K2-1T-A32B,24,3,72,TP24/DP3/EP72,0.9,9633,3211,249445.6223140249,224521.7941124495,0.9000831204397767,weight
8192,A100,A100x72,Kimi-K2-1T-A32B,24,3,72,TP24/DP3/EP72,0.95,10170,3390,249445.6223140249,237037.95765842538,0.9502590402649777,weight
16384,A100,A100x72,Kimi-K2-1T-A32B,24,3,72,TP24/DP3/EP72,0.9,4824,1608,124897.18220247228,112435.7038096604,0.9002261046000987,weight
16384,A100,A100x72,Kimi-K2-1T-A32B,24,3,72,TP24/DP3/EP72,0.95,5091,1697,124897.18220247228,118658.82423196106,0.9500520519318191,weight
32768,A100,A100x72,Kimi-K2-1T-A32B,24,3,72,TP24/DP3/EP72,0.9,2415,805,62492.275345056485,56287.7770250659,0.9007157558957182,weight
32768,A100,A100x72,Kimi-K2-1T-A32B,24,3,72,TP24/DP3/EP72,0.95,2550,850,62492.275345056485,59434.29715837644,0.9510663010780908,weight
65536,A100,A100x72,Kimi-K2-1T-A32B,24,3,72,TP24/DP3/EP72,0.9,1209,403,31257.070196797467,28184.587798212127,0.9017028026222323,weight
65536,A100,A100x72,Kimi-K2-1T-A32B,24,3,72,TP24/DP3/EP72,0.95,1275,425,31257.070196797467,29720.95649580615,0.9508554803338957,weight
131072,A100,A100x72,Kimi-K2-1T-A32B,24,3,72,TP24/DP3/EP72,0.9,597,199,15631.269664135354,14125.523815542487,0.9036709185532333,weight
131072,A100,A100x72,Kimi-K2-1T-A32B,24,3,72,TP24/DP3/EP72,0.95,630,210,15631.269664135354,14859.770175126125,0.9506438372834568,weight
262144,A100,A100x72,Kimi-K2-1T-A32B,24,3,72,TP24/DP3/EP72,0.9,252,84,7816.31865294533,7060.371137652477,0.9032859906488078,weight
262144,A100,A100x72,Kimi-K2-1T-A32B,24,3,72,TP24/DP3/EP72,0.95,273,91,7816.31865294533,7442.652069387219,0.9521940442618334,weight
524288,A100,A100x72,Kimi-K2-1T-A32B,24,3,72,TP24/DP3/EP72,0.9,33,11,3908.330304129385,3523.363787560362,0.9015010281597022,weight
524288,A100,A100x72,Kimi-K2-1T-A32B,24,3,72,TP24/DP3/EP72,0.95,45,15,3908.330304129385,3726.773143344586,0.9535461062252152,weight
1048576,A100,A100x72,Kimi-K2-1T-A32B,24,3,72,TP24/DP3/EP72,0.9,3,1,1954.2078992839652,1793.5459546318386,0.9177866670629087,kv
1048576,A100,A100x72,Kimi-K2-1T-A32B,24,3,72,TP24/DP3/EP72,0.95,6,2,1954.2078992839652,1870.452810548062,0.9571411574139109,kv
8192,A100,A100x72,Kimi-K2-1T-A32B,36,2,72,TP36/DP2/EP72,0.9,6424,3212,248965.0007807386,224095.0108514085,0.9001064814277534,weight
8192,A100,A100x72,Kimi-K2-1T-A32B,36,2,72,TP36/DP2/EP72,0.95,6782,3391,248965.0007807386,236583.49371018872,0.9502680817314794,weight
16384,A100,A100x72,Kimi-K2-1T-A32B,36,2,72,TP36/DP2/EP72,0.9,3220,1610,124776.57458491156,112326.57766835878,0.9002216805680905,weight
16384,A100,A100x72,Kimi-K2-1T-A32B,36,2,72,TP36/DP2/EP72,0.95,3400,1700,124776.57458491156,118605.70312808051,0.9505446316557462,weight
32768,A100,A100x72,Kimi-K2-1T-A32B,36,2,72,TP36/DP2/EP72,0.9,1612,806,62462.066666612096,56233.05925577615,0.9002753552154632,weight
32768,A100,A100x72,Kimi-K2-1T-A32B,36,2,72,TP36/DP2/EP72,0.95,1702,851,62462.066666612096,59372.620591257866,0.9505388431695034,weight
65536,A100,A100x72,Kimi-K2-1T-A32B,36,2,72,TP36/DP2/EP72,0.9,808,404,31249.510915061073,28191.905114500518,0.9021550830388546,weight
65536,A100,A100x72,Kimi-K2-1T-A32B,36,2,72,TP36/DP2/EP72,0.95,852,426,31249.510915061073,29724.915160956512,0.9512121723041187,weight
131072,A100,A100x72,Kimi-K2-1T-A32B,36,2,72,TP36/DP2/EP72,0.9,398,199,15629.378953722855,14093.811428818928,0.9017512129272315,weight
131072,A100,A100x72,Kimi-K2-1T-A32B,36,2,72,TP36/DP2/EP72,0.95,422,211,15629.378953722855,14893.405039523206,0.9529108663639931,weight
262144,A100,A100x72,Kimi-K2-1T-A32B,36,2,72,TP36/DP2/EP72,0.9,168,84,7815.845864034666,7041.609567855764,0.9009401784979382,weight
262144,A100,A100x72,Kimi-K2-1T-A32B,36,2,72,TP36/DP2/EP72,0.95,184,92,7815.845864034666,7478.6130687458735,0.9568526809311069,weight
524288,A100,A100x72,Kimi-K2-1T-A32B,36,2,72,TP36/DP2/EP72,0.9,24,12,3908.2120929845096,3543.353993055824,0.9066432191375619,weight
524288,A100,A100x72,Kimi-K2-1T-A32B,36,2,72,TP36/DP2/EP72,0.95,32,16,3908.2120929845096,3746.437079928719,0.9586063884950904,weight
1048576,A100,A100x72,Kimi-K2-1T-A32B,36,2,72,TP36/DP2/EP72,0.9,4,2,1954.1783447578596,1816.5979907645979,0.9295968280672411,kv
1048576,A100,A100x72,Kimi-K2-1T-A32B,36,2,72,TP36/DP2/EP72,0.95,6,3,1954.1783447578596,1860.2757557565765,0.9519477895898398,kv
8192,A100,A100x72,Kimi-K2-1T-A32B,72,1,72,TP72/DP1/EP72,0.9,3215,3215,247348.06511669277,222633.78765370217,0.9000829966010406,weight
8192,A100,A100x72,Kimi-K2-1T-A32B,72,1,72,TP72/DP1/EP72,0.95,3394,3394,247348.06511669277,235029.2613675475,0.9501964822593879,weight
16384,A100,A100x72,Kimi-K2-1T-A32B,72,1,72,TP72/DP1/EP72,0.9,1617,1617,124369.10846463933,111974.75416361961,0.9003421793881904,weight
16384,A100,A100x72,Kimi-K2-1T-A32B,72,1,72,TP72/DP1/EP72,0.95,1707,1707,124369.10846463933,118207.11524879307,0.9504539890016318,weight
32768,A100,A100x72,Kimi-K2-1T-A32B,72,1,72,TP72/DP1/EP72,0.9,811,811,62359.79226826977,56160.500329555114,0.9005883163939112,weight
32768,A100,A100x72,Kimi-K2-1T-A32B,72,1,72,TP72/DP1/EP72,0.95,856,856,62359.79226826977,59276.67962775671,0.9505592862264581,weight
65536,A100,A100x72,Kimi-K2-1T-A32B,72,1,72,TP72/DP1/EP72,0.9,406,406,31223.891089286968,28120.197064456574,0.9005987429319697,weight
65536,A100,A100x72,Kimi-K2-1T-A32B,72,1,72,TP72/DP1/EP72,0.95,429,429,31223.891089286968,29711.053751513988,0.9515487248707436,weight
131072,A100,A100x72,Kimi-K2-1T-A32B,72,1,72,TP72/DP1/EP72,0.9,201,201,15622.967578761449,14119.10897957824,0.903740528705467,weight
131072,A100,A100x72,Kimi-K2-1T-A32B,72,1,72,TP72/DP1/EP72,0.95,212,212,15622.967578761449,14847.655183327377,0.9503735515339566,weight
262144,A100,A100x72,Kimi-K2-1T-A32B,72,1,72,TP72/DP1/EP72,0.9,86,86,7814.242217024345,7086.49028729319,0.9068685216660353,weight
262144,A100,A100x72,Kimi-K2-1T-A32B,72,1,72,TP72/DP1/EP72,0.95,93,93,7814.242217024345,7468.909356788429,0.9558072490402763,weight
524288,A100,A100x72,Kimi-K2-1T-A32B,72,1,72,TP72/DP1/EP72,0.9,14,14,3907.8110807634034,3548.321692499148,0.9080074801891324,weight
524288,A100,A100x72,Kimi-K2-1T-A32B,72,1,72,TP72/DP1/EP72,0.95,18,18,3907.8110807634034,3755.3389265894943,0.9609827212670365,weight
1048576,A100,A100x72,Kimi-K2-1T-A32B,72,1,72,TP72/DP1/EP72,0.9,4,4,1954.0780791402788,1792.1804551601124,0.9171488459399764,kv
1048576,A100,A100x72,Kimi-K2-1T-A32B,72,1,72,TP72/DP1/EP72,0.95,7,7,1954.0780791402788,1858.2261742354835,0.9509477610296071,kv
8192,A100,A100x72,DeepSeek-V4-Flash-284B,1,72,72,TP1/DP72/EP72,0.9,59112,821,231058.28571428574,208140.84507042254,0.9008153264315235,weight
8192,A100,A100x72,DeepSeek-V4-Flash-284B,1,72,72,TP1/DP72/EP72,0.95,62352,866,231058.28571428574,219549.2957746479,0.9501901007182697,weight
16384,A100,A100x72,DeepSeek-V4-Flash-284B,1,72,72,TP1/DP72/EP72,0.9,51048,709,199606.25227107562,179746.47887323945,0.9005052538591548,weight
16384,A100,A100x72,DeepSeek-V4-Flash-284B,1,72,72,TP1/DP72/EP72,0.95,53856,748,199606.25227107562,189633.8028169014,0.9500393933521125,weight
32768,A100,A100x72,DeepSeek-V4-Flash-284B,1,72,72,TP1/DP72/EP72,0.9,25560,355,99803.12613553781,90000.00000984571,0.9017753600986511,weight
32768,A100,A100x72,DeepSeek-V4-Flash-284B,1,72,72,TP1/DP72/EP72,0.95,26928,374,99803.12613553781,94816.901411494,0.9500393933826055,weight
65536,A100,A100x72,DeepSeek-V4-Flash-284B,1,72,72,TP1/DP72/EP72,0.9,12816,178,49901.563067768904,45127.21192740104,0.9043246173695191,weight
65536,A100,A100x72,DeepSeek-V4-Flash-284B,1,72,72,TP1/DP72/EP72,0.95,13464,187,49901.563067768904,47408.71597421203,0.9500447092173955,weight
131072,A100,A100x72,DeepSeek-V4-Flash-284B,1,72,72,TP1/DP72/EP72,0.9,6408,89,24950.781533884452,22634.078366759404,0.9071490741090076,weight
131072,A100,A100x72,DeepSeek-V4-Flash-284B,1,72,72,TP1/DP72/EP72,0.95,6768,94,24950.781533884452,23885.01489115334,0.9572852400922294,weight
262144,A100,A100x72,DeepSeek-V4-Flash-284B,1,72,72,TP1/DP72/EP72,0.9,3024,42,12475.390766942226,11386.442419632811,0.9127122855185464,weight
262144,A100,A100x72,DeepSeek-V4-Flash-284B,1,72,72,TP1/DP72/EP72,0.95,3240,45,12475.390766942226,12052.60451439753,0.9661103799918628,weight
524288,A100,A100x72,DeepSeek-V4-Flash-284B,1,72,72,TP1/DP72/EP72,0.9,936,13,6237.695383471113,5697.393125095926,0.9133811087013161,weight
524288,A100,A100x72,DeepSeek-V4-Flash-284B,1,72,72,TP1/DP72/EP72,0.95,1080,15,6237.695383471113,6040.865788288814,0.9684451415014805,weight
1048576,A100,A100x72,DeepSeek-V4-Flash-284B,1,72,72,TP1/DP72/EP72,0.9,72,1,3118.8476917355565,2964.341891858278,0.9504606139354949,weight
1048576,A100,A100x72,DeepSeek-V4-Flash-284B,1,72,72,TP1/DP72/EP72,0.95,72,1,3118.8476917355565,2964.341891858278,0.9504606139354949,weight
8192,A100,A100x72,DeepSeek-V4-Flash-284B,2,36,72,TP2/DP36/EP72,0.9,29556,821,231047.42442241445,208096.88094064637,0.9006673909517011,weight
8192,A100,A100x72,DeepSeek-V4-Flash-284B,2,36,72,TP2/DP36/EP72,0.95,31176,866,231047.42442241445,219502.9219179047,0.9500340567164106,weight
16384,A100,A100x72,DeepSeek-V4-Flash-284B,2,36,72,TP2/DP36/EP72,0.9,25524,709,199598.14659114368,179708.51228613674,0.9003516082453971,weight
16384,A100,A100x72,DeepSeek-V4-Flash-284B,2,36,72,TP2/DP36/EP72,0.95,26964,749,199598.14659114368,189847.21537703305,0.9511471855794111,weight
32768,A100,A100x72,DeepSeek-V4-Flash-284B,2,36,72,TP2/DP36/EP72,0.9,12780,355,99801.0996744092,89980.98994154611,0.9016031910980923,weight
32768,A100,A100x72,DeepSeek-V4-Flash-284B,2,36,72,TP2/DP36/EP72,0.95,13500,375,99801.0996744092,95050.34148001221,0.9523977369999345,weight
65536,A100,A100x72,DeepSeek-V4-Flash-284B,2,36,72,TP2/DP36/EP72,0.9,6408,178,49901.056447343384,45117.679927851525,0.9041427805333264,weight
65536,A100,A100x72,DeepSeek-V4-Flash-284B,2,36,72,TP2/DP36/EP72,0.95,6768,188,49901.056447343384,47652.15444202471,0.9549327776719163,weight
131072,A100,A100x72,DeepSeek-V4-Flash-284B,2,36,72,TP2/DP36/EP72,0.9,3204,89,24950.65487813514,22629.28255257702,0.9069614670678485,weight
131072,A100,A100x72,DeepSeek-V4-Flash-284B,2,36,72,TP2/DP36/EP72,0.95,3384,94,24950.65487813514,23879.95839149216,0.9570874395132106,weight
262144,A100,A100x72,DeepSeek-V4-Flash-284B,2,36,72,TP2/DP36/EP72,0.9,1512,42,12475.359102924529,11383.870558786974,0.9125084468404854,weight
262144,A100,A100x72,DeepSeek-V4-Flash-284B,2,36,72,TP2/DP36/EP72,0.95,1620,45,12475.359102924529,12049.91501698768,0.9658972473315726,weight
524288,A100,A100x72,DeepSeek-V4-Flash-284B,2,36,72,TP2/DP36/EP72,0.9,468,13,6237.687467456643,5695.313097039237,0.9130488064291309,weight
524288,A100,A100x72,DeepSeek-V4-Flash-284B,2,36,72,TP2/DP36/EP72,0.95,540,15,6237.687467456643,6038.839131804797,0.9681214654165857,weight
1048576,A100,A100x72,DeepSeek-V4-Flash-284B,2,36,72,TP2/DP36/EP72,0.9,36,1,3118.845712730683,2957.0371675652814,0.9481190927448183,weight
1048576,A100,A100x72,DeepSeek-V4-Flash-284B,2,36,72,TP2/DP36/EP72,0.95,72,2,3118.845712730683,3114.7999473081063,0.9987028003962933,kv
8192,A100,A100x72,DeepSeek-V4-Flash-284B,4,18,72,TP4/DP18/EP72,0.9,14778,821,231014.84667258104,207965.09991556432,0.9002239592432547,weight
8192,A100,A100x72,DeepSeek-V4-Flash-284B,4,18,72,TP4/DP18/EP72,0.95,15606,867,231014.84667258104,219617.22488038277,0.9506628168866038,weight
16384,A100,A100x72,DeepSeek-V4-Flash-284B,4,18,72,TP4/DP18/EP72,0.9,12780,710,199573.83350076596,179848.01576132845,0.9011603004591191,weight
16384,A100,A100x72,DeepSeek-V4-Flash-284B,4,18,72,TP4/DP18/EP72,0.95,13482,749,199573.83350076596,189726.9912749789,0.9506606549913806,weight
32768,A100,A100x72,DeepSeek-V4-Flash-284B,4,18,72,TP4/DP18/EP72,0.9,6390,355,99795.02078475078,89924.0078904933,0.9010871202126567,weight
32768,A100,A100x72,DeepSeek-V4-Flash-284B,4,18,72,TP4/DP18/EP72,0.95,6750,375,99795.02078475078,94990.1491725716,0.951852591698509,weight
65536,A100,A100x72,DeepSeek-V4-Flash-284B,4,18,72,TP4/DP18/EP72,0.9,3204,178,49899.53664778592,45089.10807467251,0.9035977306349026,weight
65536,A100,A100x72,DeepSeek-V4-Flash-284B,4,18,72,TP4/DP18/EP72,0.95,3384,188,49899.53664778592,47621.97771546975,0.9543571126042264,weight
131072,A100,A100x72,DeepSeek-V4-Flash-284B,4,18,72,TP4/DP18/EP72,0.9,1602,89,24950.2749186023,22614.907296197638,0.9063991226540166,weight
131072,A100,A100x72,DeepSeek-V4-Flash-284B,4,18,72,TP4/DP18/EP72,0.95,1692,94,24950.2749186023,23864.801729993927,0.9564945399539838,weight
262144,A100,A100x72,DeepSeek-V4-Flash-284B,4,18,72,TP4/DP18/EP72,0.9,756,42,12475.264111835846,11376.161942417433,0.9118974829257807,weight
262144,A100,A100x72,DeepSeek-V4-Flash-284B,4,18,72,TP4/DP18/EP72,0.95,810,45,12475.264111835846,12041.853721765774,0.9652584196867723,weight
524288,A100,A100x72,DeepSeek-V4-Flash-284B,4,18,72,TP4/DP18/EP72,0.9,234,13,6237.663719533785,5689.082115523339,0.9120533538394326,weight
524288,A100,A100x72,DeepSeek-V4-Flash-284B,4,18,72,TP4/DP18/EP72,0.95,270,15,6237.663719533785,6032.7673132507425,0.9671517389369049,weight
1048576,A100,A100x72,DeepSeek-V4-Flash-284B,4,18,72,TP4/DP18/EP72,0.9,18,1,3118.8397757311322,2935.3374129913805,0.9411632607203317,weight
1048576,A100,A100x72,DeepSeek-V4-Flash-284B,4,18,72,TP4/DP18/EP72,0.95,36,2,3118.8397757311322,3102.7195091037706,0.994831325817761,kv
8192,A100,A100x72,DeepSeek-V4-Flash-284B,8,9,72,TP8/DP9/EP72,0.9,7398,822,230928.0175700886,207867.37847710034,0.9001392757117955,weight
8192,A100,A100x72,DeepSeek-V4-Flash-284B,8,9,72,TP8/DP9/EP72,0.95,7812,868,230928.0175700886,219499.85951109865,0.9505120332333802,weight
16384,A100,A100x72,DeepSeek-V4-Flash-284B,8,9,72,TP8/DP9/EP72,0.9,6399,711,199509.02754138372,179797.69598201744,0.9012008037817857,weight
16384,A100,A100x72,DeepSeek-V4-Flash-284B,8,9,72,TP8/DP9/EP72,0.95,6750,750,199509.02754138372,189660.01685866818,0.950633759263487,weight
32768,A100,A100x72,DeepSeek-V4-Flash-284B,8,9,72,TP8/DP9/EP72,0.9,3204,356,99778.81403211372,90025.28801145742,0.902248527252317,weight
32768,A100,A100x72,DeepSeek-V4-Flash-284B,8,9,72,TP8/DP9/EP72,0.95,3375,375,99778.81403211372,94830.00843218034,0.9504022407167457,weight
65536,A100,A100x72,DeepSeek-V4-Flash-284B,8,9,72,TP8/DP9/EP72,0.9,1602,178,49895.48430151726,45013.09308520084,0.9021476335050234,weight
65536,A100,A100x72,DeepSeek-V4-Flash-284B,8,9,72,TP8/DP9/EP72,0.95,1692,188,49895.48430151726,47541.692983419685,0.9528255642560023,weight
131072,A100,A100x72,DeepSeek-V4-Flash-284B,8,9,72,TP8/DP9/EP72,0.9,801,89,24949.261749755176,22576.662417723157,0.9049030245532094,weight
131072,A100,A100x72,DeepSeek-V4-Flash-284B,8,9,72,TP8/DP9/EP72,0.95,846,94,24949.261749755176,23824.477868953985,0.9549171477664172,weight
262144,A100,A100x72,DeepSeek-V4-Flash-284B,8,9,72,TP8/DP9/EP72,0.9,378,42,12475.010809338053,11355.656579209883,0.9102722837490218,weight
262144,A100,A100x72,DeepSeek-V4-Flash-284B,8,9,72,TP8/DP9/EP72,0.95,405,45,12475.010809338053,12020.409571582559,0.9635590505929497,weight
524288,A100,A100x72,DeepSeek-V4-Flash-284B,8,9,72,TP8/DP9/EP72,0.9,117,13,6237.600392623522,5672.532626336562,0.9094094313968559,weight
524288,A100,A100x72,DeepSeek-V4-Flash-284B,8,9,72,TP8/DP9/EP72,0.95,135,15,6237.600392623522,6016.6353306026485,0.9645753097165085,weight
1048576,A100,A100x72,DeepSeek-V4-Flash-284B,8,9,72,TP8/DP9/EP72,0.9,9,1,3118.823943842836,2878.998532299344,0.9231038956152193,weight
1048576,A100,A100x72,DeepSeek-V4-Flash-284B,8,9,72,TP8/DP9/EP72,0.95,18,2,3118.823943842836,3070.9584336249213,0.9846527052889887,kv
8192,A100,A100x72,DeepSeek-V4-Flash-284B,12,6,72,TP12/DP6/EP72,0.9,4944,824,230824.88678913456,207956.38835404062,0.9009270674700471,weight
8192,A100,A100x72,DeepSeek-V4-Flash-284B,12,6,72,TP12/DP6/EP72,0.95,5214,869,230824.88678913456,219313.22995104524,0.9501281815915908,weight
16384,A100,A100x72,DeepSeek-V4-Flash-284B,12,6,72,TP12/DP6/EP72,0.9,4272,712,199432.0460103132,179690.4714903846,0.9010110214739124,weight
16384,A100,A100x72,DeepSeek-V4-Flash-284B,12,6,72,TP12/DP6/EP72,0.95,4506,751,199432.0460103132,189533.06754112197,0.9503641532681296,weight
32768,A100,A100x72,DeepSeek-V4-Flash-284B,12,6,72,TP12/DP6/EP72,0.9,2136,356,99759.55555724657,89845.23575436509,0.9006178430978254,weight
32768,A100,A100x72,DeepSeek-V4-Flash-284B,12,6,72,TP12/DP6/EP72,0.95,2256,376,99759.55555724657,94892.72090208139,0.9512143510666268,weight
65536,A100,A100x72,DeepSeek-V4-Flash-284B,12,6,72,TP12/DP6/EP72,0.9,1068,178,49890.66804500183,44923.065162107436,0.9004302191661661,weight
65536,A100,A100x72,DeepSeek-V4-Flash-284B,12,6,72,TP12/DP6/EP72,0.95,1128,188,49890.66804500183,47446.608213174935,0.9510116835953704,weight
131072,A100,A100x72,DeepSeek-V4-Flash-284B,12,6,72,TP12/DP6/EP72,0.9,534,89,24948.057480821033,22531.367832607608,0.9031311495866454,weight
131072,A100,A100x72,DeepSeek-V4-Flash-284B,12,6,72,TP12/DP6/EP72,0.95,564,94,24948.057480821033,23776.720928691455,0.9530489877606684,weight
262144,A100,A100x72,DeepSeek-V4-Flash-284B,12,6,72,TP12/DP6/EP72,0.9,252,42,12474.709716498826,11331.37736323688,0.9083479792920716,weight
262144,A100,A100x72,DeepSeek-V4-Flash-284B,12,6,72,TP12/DP6/EP72,0.95,270,45,12474.709716498826,11995.017587520915,0.9615468303568235,weight
524288,A100,A100x72,DeepSeek-V4-Flash-284B,12,6,72,TP12/DP6/EP72,0.9,78,13,6237.525116212689,5652.984710663819,0.9062864846781102,weight
524288,A100,A100x72,DeepSeek-V4-Flash-284B,12,6,72,TP12/DP6/EP72,0.95,90,15,6237.525116212689,5997.570769671563,0.9615305201870158,weight
1048576,A100,A100x72,DeepSeek-V4-Flash-284B,12,6,72,TP12/DP6/EP72,0.9,6,1,3118.8051243399796,2814.7779007695117,0.9025180441067769,weight
1048576,A100,A100x72,DeepSeek-V4-Flash-284B,12,6,72,TP12/DP6/EP72,0.95,12,2,3118.8051243399796,3034.0390783290277,0.9728209866819137,kv
8192,A100,A100x72,DeepSeek-V4-Flash-284B,18,4,72,TP18/DP4/EP72,0.9,3304,826,230651.36749051753,207761.16836353694,0.9007584504005959,weight
8192,A100,A100x72,DeepSeek-V4-Flash-284B,18,4,72,TP18/DP4/EP72,0.95,3488,872,230651.36749051753,219331.4029213126,0.950921753933801,weight
16384,A100,A100x72,DeepSeek-V4-Flash-284B,18,4,72,TP18/DP4/EP72,0.9,2856,714,199302.5021560141,179590.16248373533,0.9010933658181174,weight
16384,A100,A100x72,DeepSeek-V4-Flash-284B,18,4,72,TP18/DP4/EP72,0.95,3012,753,199302.5021560141,189399.7091740234,0.9503127513459977,weight
32768,A100,A100x72,DeepSeek-V4-Flash-284B,18,4,72,TP18/DP4/EP72,0.9,1428,357,99727.1307839424,89795.0812504335,0.9004077480678095,weight
32768,A100,A100x72,DeepSeek-V4-Flash-284B,18,4,72,TP18/DP4/EP72,0.95,1508,377,99727.1307839424,94825.61800860605,0.9508507590982898,weight
65536,A100,A100x72,DeepSeek-V4-Flash-284B,18,4,72,TP18/DP4/EP72,0.9,716,179,49882.55699375765,45023.72290235588,0.9025945263389403,weight
65536,A100,A100x72,DeepSeek-V4-Flash-284B,18,4,72,TP18/DP4/EP72,0.95,756,189,49882.55699375765,47538.804370311176,0.953014585364183,weight
131072,A100,A100x72,DeepSeek-V4-Flash-284B,18,4,72,TP18/DP4/EP72,0.9,356,89,24946.02911035073,22455.477072323443,0.9001623854838727,weight
131072,A100,A100x72,DeepSeek-V4-Flash-284B,18,4,72,TP18/DP4/EP72,0.95,380,95,24946.02911035073,23945.430460148513,0.959889461934964,weight
262144,A100,A100x72,DeepSeek-V4-Flash-284B,18,4,72,TP18/DP4/EP72,0.9,168,42,12474.202547897607,11290.712079048852,0.9051249597475697,weight
262144,A100,A100x72,DeepSeek-V4-Flash-284B,18,4,72,TP18/DP4/EP72,0.95,180,45,12474.202547897607,11952.485600668495,0.9581763286890799,weight
524288,A100,A100x72,DeepSeek-V4-Flash-284B,18,4,72,TP18/DP4/EP72,0.9,52,13,6237.398314562788,5620.358432231497,0.9010741576514916,weight
524288,A100,A100x72,DeepSeek-V4-Flash-284B,18,4,72,TP18/DP4/EP72,0.95,60,15,6237.398314562788,5965.727576883099,0.9564448630696865,weight
1048576,A100,A100x72,DeepSeek-V4-Flash-284B,18,4,72,TP18/DP4/EP72,0.9,8,2,3118.7734227399524,2973.814452727961,0.9535205190107591,kv
1048576,A100,A100x72,DeepSeek-V4-Flash-284B,18,4,72,TP18/DP4/EP72,0.95,8,2,3118.7734227399524,2973.814452727961,0.9535205190107591,kv
8192,A100,A100x72,DeepSeek-V4-Flash-284B,24,3,72,TP24/DP3/EP72,0.9,2484,828,230462.21591221422,207503.50364873817,0.9003797122552128,weight
8192,A100,A100x72,DeepSeek-V4-Flash-284B,24,3,72,TP24/DP3/EP72,0.95,2622,874,230462.21591221422,219031.47607366808,0.9504008073805025,weight
16384,A100,A100x72,DeepSeek-V4-Flash-284B,24,3,72,TP24/DP3/EP72,0.9,2148,716,199161.2575689444,179435.39687499581,0.9009553317008957,weight
16384,A100,A100x72,DeepSeek-V4-Flash-284B,24,3,72,TP24/DP3/EP72,0.95,2265,755,199161.2575689444,189209.1126265668,0.9500297142935422,weight
32768,A100,A100x72,DeepSeek-V4-Flash-284B,24,3,72,TP24/DP3/EP72,0.9,1077,359,99691.75331480757,89968.30654120757,0.9024648835004916,weight
32768,A100,A100x72,DeepSeek-V4-Flash-284B,24,3,72,TP24/DP3/EP72,0.95,1134,378,99691.75331480757,94729.8603637022,0.9502276488664347,weight
65536,A100,A100x72,DeepSeek-V4-Flash-284B,24,3,72,TP24/DP3/EP72,0.9,540,180,49873.70431844652,45109.849312450104,0.9044816287240481,weight
65536,A100,A100x72,DeepSeek-V4-Flash-284B,24,3,72,TP24/DP3/EP72,0.95,570,190,49873.70431844652,47615.755284697385,0.954726662785423,weight
131072,A100,A100x72,DeepSeek-V4-Flash-284B,24,3,72,TP24/DP3/EP72,0.9,270,90,24943.814901908816,22620.20638763493,0.9068463054504116,weight
131072,A100,A100x72,DeepSeek-V4-Flash-284B,24,3,72,TP24/DP3/EP72,0.95,285,95,24943.814901908816,23857.782207327404,0.9564608421425423,weight
262144,A100,A100x72,DeepSeek-V4-Flash-284B,24,3,72,TP24/DP3/EP72,0.9,126,42,12473.648865765865,11246.645513962294,0.9016323639531731,weight
262144,A100,A100x72,DeepSeek-V4-Flash-284B,24,3,72,TP24/DP3/EP72,0.95,135,45,12473.648865765865,11906.392062630779,0.9545235873448441,weight
524288,A100,A100x72,DeepSeek-V4-Flash-284B,24,3,72,TP24/DP3/EP72,0.9,42,14,6237.259877772848,5757.730436799829,0.9231185728396736,weight
524288,A100,A100x72,DeepSeek-V4-Flash-284B,24,3,72,TP24/DP3/EP72,0.95,45,15,6237.259877772848,5931.344915641891,0.9509536289771863,weight
1048576,A100,A100x72,DeepSeek-V4-Flash-284B,24,3,72,TP24/DP3/EP72,0.9,6,2,3118.7388115100703,2910.7331840029883,0.9333045695460572,kv
1048576,A100,A100x72,DeepSeek-V4-Flash-284B,24,3,72,TP24/DP3/EP72,0.95,9,3,3118.7388115100703,2976.9484688753373,0.954535999580523,kv
8192,A100,A100x72,DeepSeek-V4-Flash-284B,36,2,72,TP36/DP2/EP72,0.9,1666,833,230051.9035483101,207111.23411576948,0.9002804624577985,weight
8192,A100,A100x72,DeepSeek-V4-Flash-284B,36,2,72,TP36/DP2/EP72,0.95,1760,880,230051.9035483101,218796.9820190602,0.9510765989950333,weight
16384,A100,A100x72,DeepSeek-V4-Flash-284B,36,2,72,TP36/DP2/EP72,0.9,1440,720,198854.75798741973,179015.71256104927,0.900233488868164,weight
16384,A100,A100x72,DeepSeek-V4-Flash-284B,36,2,72,TP36/DP2/EP72,0.95,1520,760,198854.75798741973,188961.029925552,0.9502464604719508,weight
32768,A100,A100x72,DeepSeek-V4-Flash-284B,36,2,72,TP36/DP2/EP72,0.9,722,361,99614.89823656924,89756.48922117517,0.9010347930890624,weight
32768,A100,A100x72,DeepSeek-V4-Flash-284B,36,2,72,TP36/DP2/EP72,0.95,762,381,99614.89823656924,94729.14789878653,0.9509536181407339,weight
65536,A100,A100x72,DeepSeek-V4-Flash-284B,36,2,72,TP36/DP2/EP72,0.9,362,181,49854.46167660294,45002.92481139377,0.902686004380506,weight
65536,A100,A100x72,DeepSeek-V4-Flash-284B,36,2,72,TP36/DP2/EP72,0.95,382,191,49854.46167660294,47489.091719957425,0.9525544980910785,weight
131072,A100,A100x72,DeepSeek-V4-Flash-284B,36,2,72,TP36/DP2/EP72,0.9,182,91,24939.000626175515,22686.67753258066,0.9096867141006901,weight
131072,A100,A100x72,DeepSeek-V4-Flash-284B,36,2,72,TP36/DP2/EP72,0.95,192,96,24939.000626175515,23915.391712610868,0.9589554958954415,weight
262144,A100,A100x72,DeepSeek-V4-Flash-284B,36,2,72,TP36/DP2/EP72,0.9,86,43,12472.444844532967,11369.235175621106,0.911548242332342,weight
262144,A100,A100x72,DeepSeek-V4-Flash-284B,36,2,72,TP36/DP2/EP72,0.95,92,46,12472.444844532967,12028.164401243128,0.9643790412523187,weight
524288,A100,A100x72,DeepSeek-V4-Flash-284B,36,2,72,TP36/DP2/EP72,0.9,28,14,6236.958815902748,5683.633821536754,0.9112828847041369,weight
524288,A100,A100x72,DeepSeek-V4-Flash-284B,36,2,72,TP36/DP2/EP72,0.95,32,16,6236.958815902748,6033.2474691969965,0.9673380324099085,weight
1048576,A100,A100x72,DeepSeek-V4-Flash-284B,36,2,72,TP36/DP2/EP72,0.9,6,3,3118.6635389707835,2886.1622778062037,0.9254484306308627,kv
1048576,A100,A100x72,DeepSeek-V4-Flash-284B,36,2,72,TP36/DP2/EP72,0.95,10,5,3118.6635389707835,2974.941938077745,0.9539156439618782,kv
8192,A100,A100x72,DeepSeek-V4-Flash-284B,72,1,72,TP72/DP1/EP72,0.9,850,850,228670.62225972977,205833.95445979838,0.9001329179312201,weight
8192,A100,A100x72,DeepSeek-V4-Flash-284B,72,1,72,TP72/DP1/EP72,0.95,898,898,228670.62225972977,217457.51894693993,0.9509639532967479,weight
16384,A100,A100x72,DeepSeek-V4-Flash-284B,72,1,72,TP72/DP1/EP72,0.9,736,736,197821.86293257785,178227.98880283718,0.9009519279655217,weight
16384,A100,A100x72,DeepSeek-V4-Flash-284B,72,1,72,TP72/DP1/EP72,0.95,777,777,197821.86293257785,188156.45013560393,0.9511408261266445,weight
32768,A100,A100x72,DeepSeek-V4-Flash-284B,72,1,72,TP72/DP1/EP72,0.9,370,370,99355.02589448226,89598.3095919388,0.9017994689779926,weight
32768,A100,A100x72,DeepSeek-V4-Flash-284B,72,1,72,TP72/DP1/EP72,0.95,390,390,99355.02589448226,94441.46145905613,0.9505453861926978,weight
65536,A100,A100x72,DeepSeek-V4-Flash-284B,72,1,72,TP72/DP1/EP72,0.9,186,186,49789.28595426995,45041.5691646578,0.9046438064210682,weight
65536,A100,A100x72,DeepSeek-V4-Flash-284B,72,1,72,TP72/DP1/EP72,0.95,196,196,49789.28595426995,47463.03023177832,0.9532779858576756,weight
131072,A100,A100x72,DeepSeek-V4-Flash-284B,72,1,72,TP72/DP1/EP72,0.9,93,93,24922.68064240194,22572.679385107833,0.9057083268444263,weight
131072,A100,A100x72,DeepSeek-V4-Flash-284B,72,1,72,TP72/DP1/EP72,0.95,98,98,24922.68064240194,23771.11943140993,0.9537946488375406,weight
262144,A100,A100x72,DeepSeek-V4-Flash-284B,72,1,72,TP72/DP1/EP72,0.9,44,44,12468.361585753548,11268.539202437345,0.9037706458010385,weight
262144,A100,A100x72,DeepSeek-V4-Flash-284B,72,1,72,TP72/DP1/EP72,0.95,47,47,12468.361585753548,11891.163541211483,0.9537069854309025,kv
524288,A100,A100x72,DeepSeek-V4-Flash-284B,72,1,72,TP72/DP1/EP72,0.9,15,15,6235.93759296589,5621.797978164818,0.9015160742638254,weight
524288,A100,A100x72,DeepSeek-V4-Flash-284B,72,1,72,TP72/DP1/EP72,0.95,22,22,6235.93759296589,5926.658069319939,0.9504036852461742,kv
1048576,A100,A100x72,DeepSeek-V4-Flash-284B,72,1,72,TP72/DP1/EP72,0.9,6,6,3118.408182182074,2845.105102687353,0.9123581444352548,kv
1048576,A100,A100x72,DeepSeek-V4-Flash-284B,72,1,72,TP72/DP1/EP72,0.95,11,11,3118.408182182074,2963.3290346599697,0.9502697727615667,kv
8192,A100,A100x72,DeepSeek-V4-Pro-1.6T,1,72,72,TP1/DP72/EP72,0.9,182016,2528,126360.00000000001,113760.0,0.9002849002849002,weight
8192,A100,A100x72,DeepSeek-V4-Pro-1.6T,1,72,72,TP1/DP72/EP72,0.95,192096,2668,126360.00000000001,120060.0,0.95014245014245,weight
16384,A100,A100x72,DeepSeek-V4-Pro-1.6T,1,72,72,TP1/DP72/EP72,0.9,182016,2528,126360.00000000001,113760.0,0.9002849002849002,weight
16384,A100,A100x72,DeepSeek-V4-Pro-1.6T,1,72,72,TP1/DP72/EP72,0.95,192096,2668,126360.00000000001,120060.0,0.95014245014245,weight
32768,A100,A100x72,DeepSeek-V4-Pro-1.6T,1,72,72,TP1/DP72/EP72,0.9,143784,1997,99803.12613553781,89865.0000000019,0.900422696960019,weight
32768,A100,A100x72,DeepSeek-V4-Pro-1.6T,1,72,72,TP1/DP72/EP72,0.95,151704,2107,99803.12613553781,94815.00000000036,0.9500203417600035,weight
65536,A100,A100x72,DeepSeek-V4-Pro-1.6T,1,72,72,TP1/DP72/EP72,0.9,71928,999,49901.563067768904,44955.006392555355,0.9008737127433089,weight
65536,A100,A100x72,DeepSeek-V4-Pro-1.6T,1,72,72,TP1/DP72/EP72,0.95,75888,1054,49901.563067768904,47430.00283648985,0.9504712862817034,weight
131072,A100,A100x72,DeepSeek-V4-Pro-1.6T,1,72,72,TP1/DP72/EP72,0.9,35928,499,24950.781533884452,22463.396225932473,0.900308320820573,weight
131072,A100,A100x72,DeepSeek-V4-Pro-1.6T,1,72,72,TP1/DP72/EP72,0.95,37944,527,24950.781533884452,23720.704694592154,0.950699867351979,weight
262144,A100,A100x72,DeepSeek-V4-Pro-1.6T,1,72,72,TP1/DP72/EP72,0.9,17640,245,12475.390766942226,11254.69754739953,0.9021519051108734,weight
262144,A100,A100x72,DeepSeek-V4-Pro-1.6T,1,72,72,TP1/DP72/EP72,0.95,18720,260,12475.390766942226,11891.634058683381,0.9532073408228858,weight
524288,A100,A100x72,DeepSeek-V4-Pro-1.6T,1,72,72,TP1/DP72/EP72,0.9,7200,100,6237.695383471113,5626.64989146515,0.9020398633724348,weight
524288,A100,A100x72,DeepSeek-V4-Pro-1.6T,1,72,72,TP1/DP72/EP72,0.95,7848,109,6237.695383471113,5936.630819481556,0.9517346478977909,weight
1048576,A100,A100x72,DeepSeek-V4-Pro-1.6T,1,72,72,TP1/DP72/EP72,0.9,1008,14,3118.8476917355565,2809.5393695676876,0.9008260893959374,weight
1048576,A100,A100x72,DeepSeek-V4-Pro-1.6T,1,72,72,TP1/DP72/EP72,0.95,1296,18,3118.8476917355565,2982.3630630892562,0.9562387643975169,weight
8192,A100,A100x72,DeepSeek-V4-Pro-1.6T,2,36,72,TP2/DP36/EP72,0.9,91008,2528,126356.75161964221,113755.734159969,0.9002742845304803,weight
8192,A100,A100x72,DeepSeek-V4-Pro-1.6T,2,36,72,TP2/DP36/EP72,0.95,96048,2668,126356.75161964221,120055.49791882804,0.950131246490238,weight
16384,A100,A100x72,DeepSeek-V4-Pro-1.6T,2,36,72,TP2/DP36/EP72,0.9,91008,2528,126356.75161964221,113755.734159969,0.9002742845304803,weight
16384,A100,A100x72,DeepSeek-V4-Pro-1.6T,2,36,72,TP2/DP36/EP72,0.95,96048,2668,126356.75161964221,120055.49791882804,0.950131246490238,weight
32768,A100,A100x72,DeepSeek-V4-Pro-1.6T,2,36,72,TP2/DP36/EP72,0.9,71892,1997,99801.0996744092,89861.63018886982,0.9004072147705199,weight
32768,A100,A100x72,DeepSeek-V4-Pro-1.6T,2,36,72,TP2/DP36/EP72,0.95,75852,2107,99801.0996744092,94811.44457082896,0.9500040067708825,weight
65536,A100,A100x72,DeepSeek-V4-Pro-1.6T,2,36,72,TP2/DP36/EP72,0.9,35964,999,49901.056447343384,44953.320642791536,0.9008490770175818,weight
65536,A100,A100x72,DeepSeek-V4-Pro-1.6T,2,36,72,TP2/DP36/EP72,0.95,37944,1054,49901.056447343384,47428.224277973066,0.9504452942398183,weight
131072,A100,A100x72,DeepSeek-V4-Pro-1.6T,2,36,72,TP2/DP36/EP72,0.9,17964,499,24950.65487813514,22462.55356520939,0.9002791179198212,weight
131072,A100,A100x72,DeepSeek-V4-Pro-1.6T,2,36,72,TP2/DP36/EP72,0.95,18972,527,24950.65487813514,23719.81498756064,0.9506690346771973,weight
262144,A100,A100x72,DeepSeek-V4-Pro-1.6T,2,36,72,TP2/DP36/EP72,0.9,8820,245,12475.359102924529,11254.266719617057,0.902119660585865,weight
262144,A100,A100x72,DeepSeek-V4-Pro-1.6T,2,36,72,TP2/DP36/EP72,0.95,9360,260,12475.359102924529,11891.180835699332,0.953173430728078,weight
524288,A100,A100x72,DeepSeek-V4-Pro-1.6T,2,36,72,TP2/DP36/EP72,0.9,3600,100,6237.687467456643,5626.386077260059,0.901998714525876,weight
524288,A100,A100x72,DeepSeek-V4-Pro-1.6T,2,36,72,TP2/DP36/EP72,0.95,3924,109,6237.687467456643,5936.361385338163,0.9516926611519793,weight
1048576,A100,A100x72,DeepSeek-V4-Pro-1.6T,2,36,72,TP2/DP36/EP72,0.9,504,14,3118.845712730683,2809.069596256822,0.9006760369038459,weight
1048576,A100,A100x72,DeepSeek-V4-Pro-1.6T,2,36,72,TP2/DP36/EP72,0.95,648,18,3118.845712730683,2981.951338018588,0.9561073591574885,weight
8192,A100,A100x72,DeepSeek-V4-Pro-1.6T,4,18,72,TP4/DP18/EP72,0.9,45504,2528,126347.00748057844,113742.93855921611,0.9002424420435935,weight
8192,A100,A100x72,DeepSeek-V4-Pro-1.6T,4,18,72,TP4/DP18/EP72,0.95,48024,2668,126347.00748057844,120041.99370094485,0.9500976405744886,weight
16384,A100,A100x72,DeepSeek-V4-Pro-1.6T,4,18,72,TP4/DP18/EP72,0.9,45504,2528,126347.00748057844,113742.93855921611,0.9002424420435935,weight
16384,A100,A100x72,DeepSeek-V4-Pro-1.6T,4,18,72,TP4/DP18/EP72,0.95,48024,2668,126347.00748057844,120041.99370094485,0.9500976405744886,weight
32768,A100,A100x72,DeepSeek-V4-Pro-1.6T,4,18,72,TP4/DP18/EP72,0.9,35946,1997,99795.02078475078,89851.52227166115,0.9003607751679625,weight
32768,A100,A100x72,DeepSeek-V4-Pro-1.6T,4,18,72,TP4/DP18/EP72,0.95,37944,2108,99795.02078475078,94845.77313403024,0.9504058658257546,weight
65536,A100,A100x72,DeepSeek-V4-Pro-1.6T,4,18,72,TP4/DP18/EP72,0.9,17982,999,49899.53664778592,44948.26415197382,0.9007751809248153,weight
65536,A100,A100x72,DeepSeek-V4-Pro-1.6T,4,18,72,TP4/DP18/EP72,0.95,18972,1054,49899.53664778592,47422.889402654044,0.9503673298088277,weight
131072,A100,A100x72,DeepSeek-V4-Pro-1.6T,4,18,72,TP4/DP18/EP72,0.9,8982,499,24950.2749186023,22460.025962322343,0.9001915223618122,weight
131072,A100,A100x72,DeepSeek-V4-Pro-1.6T,4,18,72,TP4/DP18/EP72,0.95,9486,527,24950.2749186023,23717.14626687049,0.9505765505288113,weight
262144,A100,A100x72,DeepSeek-V4-Pro-1.6T,4,18,72,TP4/DP18/EP72,0.9,4410,245,12475.264111835846,11252.974434151027,0.9020229418209128,weight
262144,A100,A100x72,DeepSeek-V4-Pro-1.6T,4,18,72,TP4/DP18/EP72,0.95,4680,260,12475.264111835846,11889.821374006422,0.9530717159507679,weight
524288,A100,A100x72,DeepSeek-V4-Pro-1.6T,4,18,72,TP4/DP18/EP72,0.9,1800,100,6237.663719533785,5625.594783055966,0.9018752911348729,weight
524288,A100,A100x72,DeepSeek-V4-Pro-1.6T,4,18,72,TP4/DP18/EP72,0.95,1962,109,6237.663719533785,5935.553229627315,0.9515667237782657,weight
1048576,A100,A100x72,DeepSeek-V4-Pro-1.6T,4,18,72,TP4/DP18/EP72,0.9,252,14,3118.8397757311322,2807.661218441587,0.9002261803536871,weight
1048576,A100,A100x72,DeepSeek-V4-Pro-1.6T,4,18,72,TP4/DP18/EP72,0.95,324,18,3118.8397757311322,2980.7168446042792,0.9557133610384093,weight
8192,A100,A100x72,DeepSeek-V4-Pro-1.6T,8,9,72,TP8/DP9/EP72,0.9,22752,2528,126321.030455546,113708.83102603827,0.9001575637562098,weight
8192,A100,A100x72,DeepSeek-V4-Pro-1.6T,8,9,72,TP8/DP9/EP72,0.95,24012,2668,126321.030455546,120005.99730121445,0.950008061749038,weight
16384,A100,A100x72,DeepSeek-V4-Pro-1.6T,8,9,72,TP8/DP9/EP72,0.9,22752,2528,126321.030455546,113708.83102603827,0.9001575637562098,weight
16384,A100,A100x72,DeepSeek-V4-Pro-1.6T,8,9,72,TP8/DP9/EP72,0.95,24012,2668,126321.030455546,120005.99730121445,0.950008061749038,weight
32768,A100,A100x72,DeepSeek-V4-Pro-1.6T,8,9,72,TP8/DP9/EP72,0.9,17973,1997,99778.81403211372,89824.57893947914,0.9002369872883955,weight
32768,A100,A100x72,DeepSeek-V4-Pro-1.6T,8,9,72,TP8/DP9/EP72,0.95,18972,2108,99778.81403211372,94817.33220051012,0.9502751973980493,weight
65536,A100,A100x72,DeepSeek-V4-Pro-1.6T,8,9,72,TP8/DP9/EP72,0.9,8991,999,49895.48430151726,44934.78573609875,0.90057820592659,weight
65536,A100,A100x72,DeepSeek-V4-Pro-1.6T,8,9,72,TP8/DP9/EP72,0.95,9486,1054,49895.48430151726,47408.668934193614,0.9501595103818238,weight
131072,A100,A100x72,DeepSeek-V4-Pro-1.6T,8,9,72,TP8/DP9/EP72,0.9,4500,500,24949.261749755176,22498.15365417843,0.90175628761437,weight
131072,A100,A100x72,DeepSeek-V4-Pro-1.6T,8,9,72,TP8/DP9/EP72,0.95,4743,527,24949.261749755176,23710.032613341296,0.9503300278443694,weight
262144,A100,A100x72,DeepSeek-V4-Pro-1.6T,8,9,72,TP8/DP9/EP72,0.9,2205,245,12475.010809338053,11249.529790038821,0.9017651336717152,weight
262144,A100,A100x72,DeepSeek-V4-Pro-1.6T,8,9,72,TP8/DP9/EP72,0.95,2340,260,12475.010809338053,11886.197662031609,0.9528005902114575,weight
524288,A100,A100x72,DeepSeek-V4-Pro-1.6T,8,9,72,TP8/DP9/EP72,0.9,900,100,6237.600392623522,5623.48575291502,0.9015463317536753,weight
524288,A100,A100x72,DeepSeek-V4-Pro-1.6T,8,9,72,TP8/DP9/EP72,0.95,981,109,6237.600392623522,5933.3992230877875,0.9512310583577176,weight
1048576,A100,A100x72,DeepSeek-V4-Pro-1.6T,8,9,72,TP8/DP9/EP72,0.9,135,15,3118.823943842836,2850.418186489013,0.9139400741475939,weight
1048576,A100,A100x72,DeepSeek-V4-Pro-1.6T,8,9,72,TP8/DP9/EP72,0.95,162,18,3118.823943842836,2977.4298537455065,0.9546642924886899,weight
8192,A100,A100x72,DeepSeek-V4-Pro-1.6T,12,6,72,TP12/DP6/EP72,0.9,15168,2528,126290.16489006976,113668.31325587793,0.900056733276272,weight
8192,A100,A100x72,DeepSeek-V4-Pro-1.6T,12,6,72,TP12/DP6/EP72,0.95,16014,2669,126290.16489006976,120008.19939870974,0.9502576824028363,weight
16384,A100,A100x72,DeepSeek-V4-Pro-1.6T,12,6,72,TP12/DP6/EP72,0.9,15168,2528,126290.16489006976,113668.31325587793,0.900056733276272,weight
16384,A100,A100x72,DeepSeek-V4-Pro-1.6T,12,6,72,TP12/DP6/EP72,0.95,16014,2669,126290.16489006976,120008.19939870974,0.9502576824028363,weight
32768,A100,A100x72,DeepSeek-V4-Pro-1.6T,12,6,72,TP12/DP6/EP72,0.9,11982,1997,99759.55555724657,89792.57182436435,0.9000899344708617,weight
32768,A100,A100x72,DeepSeek-V4-Pro-1.6T,12,6,72,TP12/DP6/EP72,0.95,12648,2108,99759.55555724657,94783.54602191123,0.9501199708886044,weight
65536,A100,A100x72,DeepSeek-V4-Pro-1.6T,12,6,72,TP12/DP6/EP72,0.9,5994,999,49890.66804500183,44918.77416019107,0.900344211059149,weight
65536,A100,A100x72,DeepSeek-V4-Pro-1.6T,12,6,72,TP12/DP6/EP72,0.95,6330,1055,49890.66804500183,47436.73953278046,0.9508138774568442,weight
131072,A100,A100x72,DeepSeek-V4-Pro-1.6T,12,6,72,TP12/DP6/EP72,0.9,3000,500,24948.057480821033,22490.133958061277,0.9014783606038547,weight
131072,A100,A100x72,DeepSeek-V4-Pro-1.6T,12,6,72,TP12/DP6/EP72,0.95,3162,527,24948.057480821033,23701.582007086337,0.9500371732471383,weight
262144,A100,A100x72,DeepSeek-V4-Pro-1.6T,12,6,72,TP12/DP6/EP72,0.9,1470,245,12474.709716498826,11245.437808650768,0.9014588767366469,weight
262144,A100,A100x72,DeepSeek-V4-Pro-1.6T,12,6,72,TP12/DP6/EP72,0.95,1560,260,12474.709716498826,11881.892948740557,0.9524785120270798,weight
524288,A100,A100x72,DeepSeek-V4-Pro-1.6T,12,6,72,TP12/DP6/EP72,0.9,600,100,6237.525116212689,5620.980758893411,0.9011556112669199,weight
524288,A100,A100x72,DeepSeek-V4-Pro-1.6T,12,6,72,TP12/DP6/EP72,0.95,654,109,6237.525116212689,5930.840741295787,0.9508323623227164,weight
1048576,A100,A100x72,DeepSeek-V4-Pro-1.6T,12,6,72,TP12/DP6/EP72,0.9,90,15,3118.8051243399796,2846.1320956626278,0.9125713156781297,weight
1048576,A100,A100x72,DeepSeek-V4-Pro-1.6T,12,6,72,TP12/DP6/EP72,0.95,108,18,3118.8051243399796,2973.5319542296315,0.9534202477171152,weight
8192,A100,A100x72,DeepSeek-V4-Pro-1.6T,18,4,72,TP18/DP4/EP72,0.9,10116,2529,126238.20485220317,113645.06165793446,0.9002430111469625,weight
8192,A100,A100x72,DeepSeek-V4-Pro-1.6T,18,4,72,TP18/DP4/EP72,0.95,10676,2669,126238.20485220317,119936.20781535274,0.9500785277782692,weight
16384,A100,A100x72,DeepSeek-V4-Pro-1.6T,18,4,72,TP18/DP4/EP72,0.9,10116,2529,126238.20485220317,113645.06165793446,0.9002430111469625,weight
16384,A100,A100x72,DeepSeek-V4-Pro-1.6T,18,4,72,TP18/DP4/EP72,0.95,10676,2669,126238.20485220317,119936.20781535274,0.9500785277782692,weight
32768,A100,A100x72,DeepSeek-V4-Pro-1.6T,18,4,72,TP18/DP4/EP72,0.9,7992,1998,99727.1307839424,89783.64301801416,0.9002930527754711,weight
32768,A100,A100x72,DeepSeek-V4-Pro-1.6T,18,4,72,TP18/DP4/EP72,0.95,8436,2109,99727.1307839424,94771.62318567999,0.9503093334852032,weight
65536,A100,A100x72,DeepSeek-V4-Pro-1.6T,18,4,72,TP18/DP4/EP72,0.9,4000,1000,49882.55699375765,44936.76454855169,0.9008512645848351,weight
65536,A100,A100x72,DeepSeek-V4-Pro-1.6T,18,4,72,TP18/DP4/EP72,0.95,4220,1055,49882.55699375765,47408.28275894228,0.9503980071605992,weight
131072,A100,A100x72,DeepSeek-V4-Pro-1.6T,18,4,72,TP18/DP4/EP72,0.9,2000,500,24946.02911035073,22476.63741812243,0.9010106305374395,weight
131072,A100,A100x72,DeepSeek-V4-Pro-1.6T,18,4,72,TP18/DP4/EP72,0.95,2112,528,24946.02911035073,23732.218753879777,0.9513425422899345,weight
262144,A100,A100x72,DeepSeek-V4-Pro-1.6T,18,4,72,TP18/DP4/EP72,0.9,980,245,12474.202547897607,11238.551449195911,0.9009434796367042,weight
262144,A100,A100x72,DeepSeek-V4-Pro-1.6T,18,4,72,TP18/DP4/EP72,0.95,1040,260,12474.202547897607,11874.648553798199,0.9519364871784565,weight
524288,A100,A100x72,DeepSeek-V4-Pro-1.6T,18,4,72,TP18/DP4/EP72,0.9,400,100,6237.398314562788,5616.766050809646,0.9004982153690396,weight
524288,A100,A100x72,DeepSeek-V4-Pro-1.6T,18,4,72,TP18/DP4/EP72,0.95,436,109,6237.398314562788,5926.535874196487,0.9501615217292579,weight
1048576,A100,A100x72,DeepSeek-V4-Pro-1.6T,18,4,72,TP18/DP4/EP72,0.9,60,15,3118.7734227399524,2838.941096437461,0.9102748778535349,weight
1048576,A100,A100x72,DeepSeek-V4-Pro-1.6T,18,4,72,TP18/DP4/EP72,0.95,72,18,3118.7734227399524,2966.988831254479,0.9513319594239311,weight
8192,A100,A100x72,DeepSeek-V4-Pro-1.6T,24,3,72,TP24/DP3/EP72,0.9,7587,2529,126181.52342475433,113570.67721670096,0.9000579017769303,weight
8192,A100,A100x72,DeepSeek-V4-Pro-1.6T,24,3,72,TP24/DP3/EP72,0.95,8010,2670,126181.52342475433,119902.61295713387,0.9502390659329394,weight
16384,A100,A100x72,DeepSeek-V4-Pro-1.6T,24,3,72,TP24/DP3/EP72,0.9,7587,2529,126181.52342475433,113570.67721670096,0.9000579017769303,weight
16384,A100,A100x72,DeepSeek-V4-Pro-1.6T,24,3,72,TP24/DP3/EP72,0.95,8010,2670,126181.52342475433,119902.61295713387,0.9502390659329394,weight
32768,A100,A100x72,DeepSeek-V4-Pro-1.6T,24,3,72,TP24/DP3/EP72,0.9,5994,1998,99691.75331480757,89724.87666230653,0.9000230578649013,weight
32768,A100,A100x72,DeepSeek-V4-Pro-1.6T,24,3,72,TP24/DP3/EP72,0.95,6327,2109,99691.75331480757,94709.59203243307,0.9500243388573798,weight
65536,A100,A100x72,DeepSeek-V4-Pro-1.6T,24,3,72,TP24/DP3/EP72,0.9,3000,1000,49873.70431844652,44907.351949887525,0.9004214257507615,weight
65536,A100,A100x72,DeepSeek-V4-Pro-1.6T,24,3,72,TP24/DP3/EP72,0.95,3168,1056,49873.70431844652,47422.15977716088,0.9508449477577926,weight
131072,A100,A100x72,DeepSeek-V4-Pro-1.6T,24,3,72,TP24/DP3/EP72,0.9,1500,500,24943.814901908816,22461.92031381497,0.9005006011368406,weight
131072,A100,A100x72,DeepSeek-V4-Pro-1.6T,24,3,72,TP24/DP3/EP72,0.95,1584,528,24943.814901908816,23716.681563292605,0.9508041034043151,weight
262144,A100,A100x72,DeepSeek-V4-Pro-1.6T,24,3,72,TP24/DP3/EP72,0.9,735,245,12473.648865765865,11231.042511944775,0.9003814868292915,weight
262144,A100,A100x72,DeepSeek-V4-Pro-1.6T,24,3,72,TP24/DP3/EP72,0.95,780,260,12473.648865765865,11866.74916790893,0.9513454559777949,weight
524288,A100,A100x72,DeepSeek-V4-Pro-1.6T,24,3,72,TP24/DP3/EP72,0.9,303,101,6237.259877772848,5646.2621177166275,0.9052472124558566,weight
524288,A100,A100x72,DeepSeek-V4-Pro-1.6T,24,3,72,TP24/DP3/EP72,0.95,330,110,6237.259877772848,5956.645286133191,0.9550099567536607,weight
1048576,A100,A100x72,DeepSeek-V4-Pro-1.6T,24,3,72,TP24/DP3/EP72,0.9,45,15,3118.7388115100703,2831.1313077116993,0.9077808302712231,weight
1048576,A100,A100x72,DeepSeek-V4-Pro-1.6T,24,3,72,TP24/DP3/EP72,0.95,57,19,3118.7388115100703,2999.56589582612,0.9617881063832185,weight
8192,A100,A100x72,DeepSeek-V4-Pro-1.6T,36,2,72,TP36/DP2/EP72,0.9,5060,2530,126058.42381440353,113454.07937002077,0.9000118828794798,weight
8192,A100,A100x72,DeepSeek-V4-Pro-1.6T,36,2,72,TP36/DP2/EP72,0.95,5342,2671,126058.42381440353,119777.0142281919,0.9501706478937116,weight
16384,A100,A100x72,DeepSeek-V4-Pro-1.6T,36,2,72,TP36/DP2/EP72,0.9,5060,2530,126058.42381440353,113454.07937002077,0.9000118828794798,weight
16384,A100,A100x72,DeepSeek-V4-Pro-1.6T,36,2,72,TP36/DP2/EP72,0.95,5342,2671,126058.42381440353,119777.0142281919,0.9501706478937116,weight
32768,A100,A100x72,DeepSeek-V4-Pro-1.6T,36,2,72,TP36/DP2/EP72,0.9,4000,2000,99614.89823656924,89687.01926484038,0.900337407882988,weight
32768,A100,A100x72,DeepSeek-V4-Pro-1.6T,36,2,72,TP36/DP2/EP72,0.95,4222,2111,99614.89823656924,94664.64883403743,0.9503061340204779,weight
65536,A100,A100x72,DeepSeek-V4-Pro-1.6T,36,2,72,TP36/DP2/EP72,0.9,2002,1001,49854.46167660294,44888.359305707774,0.9003880053282012,weight
65536,A100,A100x72,DeepSeek-V4-Pro-1.6T,36,2,72,TP36/DP2/EP72,0.95,2114,1057,49854.46167660294,47399.592375925684,0.9507592857666067,weight
131072,A100,A100x72,DeepSeek-V4-Pro-1.6T,36,2,72,TP36/DP2/EP72,0.9,1002,501,24939.000626175515,22474.710009912244,0.9011872747748843,weight
131072,A100,A100x72,DeepSeek-V4-Pro-1.6T,36,2,72,TP36/DP2/EP72,0.95,1058,529,24939.000626175515,23727.726818580566,0.9514305394289289,weight
262144,A100,A100x72,DeepSeek-V4-Pro-1.6T,36,2,72,TP36/DP2/EP72,0.9,492,246,12472.444844532967,11256.869060298674,0.9025390932262077,weight
262144,A100,A100x72,DeepSeek-V4-Pro-1.6T,36,2,72,TP36/DP2/EP72,0.95,520,260,12472.444844532967,11849.605202456441,0.9500627463308018,weight
524288,A100,A100x72,DeepSeek-V4-Pro-1.6T,36,2,72,TP36/DP2/EP72,0.9,202,101,6236.958815902748,5636.274066704183,0.9036894796119282,weight
524288,A100,A100x72,DeepSeek-V4-Pro-1.6T,36,2,72,TP36/DP2/EP72,0.95,220,110,6236.958815902748,5946.437890969862,0.9534194575420111,weight
1048576,A100,A100x72,DeepSeek-V4-Pro-1.6T,36,2,72,TP36/DP2/EP72,0.9,30,15,3118.6635389707835,2814.29343900728,0.9024036751127211,weight
1048576,A100,A100x72,DeepSeek-V4-Pro-1.6T,36,2,72,TP36/DP2/EP72,0.95,38,19,3118.6635389707835,2984.6295545351736,0.9570219798446601,weight
8192,A100,A100x72,DeepSeek-V4-Pro-1.6T,72,1,72,TP72/DP1/EP72,0.9,2534,2534,125642.55671632489,113088.0445825936,0.9000775496627564,weight
8192,A100,A100x72,DeepSeek-V4-Pro-1.6T,72,1,72,TP72/DP1/EP72,0.95,2675,2675,125642.55671632489,119380.63112014123,0.9501607913764298,weight
16384,A100,A100x72,DeepSeek-V4-Pro-1.6T,72,1,72,TP72/DP1/EP72,0.9,2534,2534,125642.55671632489,113088.0445825936,0.9000775496627564,weight
16384,A100,A100x72,DeepSeek-V4-Pro-1.6T,72,1,72,TP72/DP1/EP72,0.95,2675,2675,125642.55671632489,119380.63112014123,0.9501607913764298,weight
32768,A100,A100x72,DeepSeek-V4-Pro-1.6T,72,1,72,TP72/DP1/EP72,0.9,2004,2004,99355.02589448226,89435.05972514674,0.9001563727649692,weight
32768,A100,A100x72,DeepSeek-V4-Pro-1.6T,72,1,72,TP72/DP1/EP72,0.95,2115,2115,99355.02589448226,94388.7980632148,0.9500153335318766,weight
65536,A100,A100x72,DeepSeek-V4-Pro-1.6T,72,1,72,TP72/DP1/EP72,0.9,1005,1005,49789.28595426995,44851.42043736572,0.900824737244886,weight
65536,A100,A100x72,DeepSeek-V4-Pro-1.6T,72,1,72,TP72/DP1/EP72,0.95,1060,1060,49789.28595426995,47305.972267628254,0.9501235328234562,weight
131072,A100,A100x72,DeepSeek-V4-Pro-1.6T,72,1,72,TP72/DP1/EP72,0.9,503,503,24922.68064240194,22455.83735688042,0.9010201462307957,weight
131072,A100,A100x72,DeepSeek-V4-Pro-1.6T,72,1,72,TP72/DP1/EP72,0.95,531,531,24922.68064240194,23702.921321983005,0.9510582614318096,weight
262144,A100,A100x72,DeepSeek-V4-Pro-1.6T,72,1,72,TP72/DP1/EP72,0.9,247,247,12468.361585753548,11243.704882573833,0.9017788588535147,weight
262144,A100,A100x72,DeepSeek-V4-Pro-1.6T,72,1,72,TP72/DP1/EP72,0.95,262,262,12468.361585753548,11876.532085561288,0.9525334987983916,weight
524288,A100,A100x72,DeepSeek-V4-Pro-1.6T,72,1,72,TP72/DP1/EP72,0.9,102,102,6235.93759296589,5636.720637467469,0.9039090839885352,weight
524288,A100,A100x72,DeepSeek-V4-Pro-1.6T,72,1,72,TP72/DP1/EP72,0.95,111,111,6235.93759296589,5946.827735522878,0.9536381092445303,weight
1048576,A100,A100x72,DeepSeek-V4-Pro-1.6T,72,1,72,TP72/DP1/EP72,0.9,17,17,3118.408182182074,2850.6042667710385,0.9141215967360493,weight
1048576,A100,A100x72,DeepSeek-V4-Pro-1.6T,72,1,72,TP72/DP1/EP72,0.95,20,20,3118.408182182074,2975.0996059176314,0.9540443175196635,weight
8192,H100NVL,H100NVLx72,Qwen3-30B-A3B,1,72,72,TP1/DP72/EP72,0.9,4896,68,348687.1719360352,316426.8204443611,0.9074805324424378,weight
8192,H100NVL,H100NVLx72,Qwen3-30B-A3B,1,72,72,TP1/DP72/EP72,0.95,5184,72,348687.1719360352,334133.0652805619,0.9582602750348866,weight
16384,H100NVL,H100NVLx72,Qwen3-30B-A3B,1,72,72,TP1/DP72/EP72,0.9,2160,30,174343.5859680176,159849.7786538617,0.9168664150523167,weight
16384,H100NVL,H100NVLx72,Qwen3-30B-A3B,1,72,72,TP1/DP72/EP72,0.95,2304,32,174343.5859680176,167291.13966604744,0.9595485760900668,weight
32768,H100NVL,H100NVLx72,Qwen3-30B-A3B,1,72,72,TP1/DP72/EP72,0.9,504,7,87171.7929840088,81363.68328089181,0.9333716847583661,weight
32768,H100NVL,H100NVLx72,Qwen3-30B-A3B,1,72,72,TP1/DP72/EP72,0.95,576,8,87171.7929840088,84882.56123524072,0.9737388475055454,weight
65536,H100NVL,H100NVLx72,Qwen3-30B-A3B,1,72,72,TP1/DP72/EP72,0.9,72,1,43585.8964920044,41875.175613272084,0.9607505863956214,weight
65536,H100NVL,H100NVLx72,Qwen3-30B-A3B,1,72,72,TP1/DP72/EP72,0.95,72,1,43585.8964920044,41875.175613272084,0.9607505863956214,weight
131072,H100NVL,H100NVLx72,Qwen3-30B-A3B,1,72,72,TP1/DP72/EP72,0.9,72,1,21792.9482460022,21792.948246002197,0.9999999999999998,kv
131072,H100NVL,H100NVLx72,Qwen3-30B-A3B,1,72,72,TP1/DP72/EP72,0.95,72,1,21792.9482460022,21792.948246002197,0.9999999999999998,kv
262144,H100NVL,H100NVLx72,Qwen3-30B-A3B,1,72,72,TP1/DP72/EP72,0.9,72,1,10896.4741230011,10896.474123001099,0.9999999999999998,kv
262144,H100NVL,H100NVLx72,Qwen3-30B-A3B,1,72,72,TP1/DP72/EP72,0.95,72,1,10896.4741230011,10896.474123001099,0.9999999999999998,kv
524288,H100NVL,H100NVLx72,Qwen3-30B-A3B,1,72,72,TP1/DP72/EP72,0.9,72,1,5448.23706150055,5448.237061500549,0.9999999999999998,kv
524288,H100NVL,H100NVLx72,Qwen3-30B-A3B,1,72,72,TP1/DP72/EP72,0.95,72,1,5448.23706150055,5448.237061500549,0.9999999999999998,kv
1048576,H100NVL,H100NVLx72,Qwen3-30B-A3B,1,72,72,TP1/DP72/EP72,0.9,72,1,2724.118530750275,2724.1185307502747,0.9999999999999998,kv
1048576,H100NVL,H100NVLx72,Qwen3-30B-A3B,1,72,72,TP1/DP72/EP72,0.95,72,1,2724.118530750275,2724.1185307502747,0.9999999999999998,kv
8192,H100NVL,H100NVLx72,Qwen3-30B-A3B,2,36,72,TP2/DP36/EP72,0.9,2448,68,348662.43761813693,315204.526741097,0.9040392446470422,weight
8192,H100NVL,H100NVLx72,Qwen3-30B-A3B,2,36,72,TP2/DP36/EP72,0.95,2592,72,348662.43761813693,332845.85687288974,0.9546364074854261,weight
16384,H100NVL,H100NVLx72,Qwen3-30B-A3B,2,36,72,TP2/DP36/EP72,0.9,1080,30,174337.4021692174,159143.1398848375,0.9128456539140587,weight
16384,H100NVL,H100NVLx72,Qwen3-30B-A3B,2,36,72,TP2/DP36/EP72,0.95,1152,32,174337.4021692174,166565.49042847418,0.9554202847808896,weight
32768,H100NVL,H100NVLx72,Qwen3-30B-A3B,2,36,72,TP2/DP36/EP72,0.9,252,7,87170.24700689159,80583.14265036995,0.9244340290099112,weight
32768,H100NVL,H100NVLx72,Qwen3-30B-A3B,2,36,72,TP2/DP36/EP72,0.95,288,8,87170.24700689159,84138.61321560304,0.9652216909394684,weight
65536,H100NVL,H100NVLx72,Qwen3-30B-A3B,2,36,72,TP2/DP36/EP72,0.9,36,1,43585.509994297856,40463.173532002984,0.928362970567435,weight
65536,H100NVL,H100NVLx72,Qwen3-30B-A3B,2,36,72,TP2/DP36/EP72,0.95,72,2,43585.509994297856,42808.461012556356,0.9821718506484572,kv
131072,H100NVL,H100NVLx72,Qwen3-30B-A3B,2,36,72,TP2/DP36/EP72,0.9,36,1,21792.851621147154,21404.230506278178,0.9821674959466127,kv
131072,H100NVL,H100NVLx72,Qwen3-30B-A3B,2,36,72,TP2/DP36/EP72,0.95,36,1,21792.851621147154,21404.230506278178,0.9821674959466127,kv
262144,H100NVL,H100NVLx72,Qwen3-30B-A3B,2,36,72,TP2/DP36/EP72,0.9,36,1,10896.449966733786,10798.420201092353,0.9910035134433038,kv
262144,H100NVL,H100NVLx72,Qwen3-30B-A3B,2,36,72,TP2/DP36/EP72,0.95,36,1,10896.449966733786,10798.420201092353,0.9910035134433038,kv
524288,H100NVL,H100NVLx72,Qwen3-30B-A3B,2,36,72,TP2/DP36/EP72,0.9,36,1,5448.231022427028,5423.612788001535,0.9954814261135119,kv
524288,H100NVL,H100NVLx72,Qwen3-30B-A3B,2,36,72,TP2/DP36/EP72,0.95,36,1,5448.231022427028,5423.612788001535,0.9954814261135119,kv
1048576,H100NVL,H100NVLx72,Qwen3-30B-A3B,2,36,72,TP2/DP36/EP72,0.9,36,1,2724.117020981057,2717.9485191447516,0.9977355958687546,kv
1048576,H100NVL,H100NVLx72,Qwen3-30B-A3B,2,36,72,TP2/DP36/EP72,0.95,36,1,2724.117020981057,2717.9485191447516,0.9977355958687546,kv
8192,H100NVL,H100NVLx72,Qwen3-30B-A3B,4,18,72,TP4/DP18/EP72,0.9,1242,69,348588.2557144733,315943.9005574685,0.9063526822207585,weight
8192,H100NVL,H100NVLx72,Qwen3-30B-A3B,4,18,72,TP4/DP18/EP72,0.95,1314,73,348588.2557144733,333424.46340907045,0.9564994171294645,weight
16384,H100NVL,H100NVLx72,Qwen3-30B-A3B,4,18,72,TP4/DP18/EP72,0.9,540,30,174318.85340453745,157060.21852425838,0.9009938710402863,weight
16384,H100NVL,H100NVLx72,Qwen3-30B-A3B,4,18,72,TP4/DP18/EP72,0.95,594,33,174318.85340453745,168150.37723557523,0.9646138323624285,weight
32768,H100NVL,H100NVLx72,Qwen3-30B-A3B,4,18,72,TP4/DP18/EP72,0.9,144,8,87165.60940453423,81983.00802727231,0.9405430488851452,weight
32768,H100NVL,H100NVLx72,Qwen3-30B-A3B,4,18,72,TP4/DP18/EP72,0.95,162,9,87165.60940453423,84445.40148163523,0.9687926472208258,kv
65536,H100NVL,H100NVLx72,Qwen3-30B-A3B,4,18,72,TP4/DP18/EP72,0.9,36,2,43584.35054230435,40634.106554769,0.9323095571959538,kv
65536,H100NVL,H100NVLx72,Qwen3-30B-A3B,4,18,72,TP4/DP18/EP72,0.95,54,3,43584.35054230435,41572.58707303745,0.9538420684434836,kv
131072,H100NVL,H100NVLx72,Qwen3-30B-A3B,4,18,72,TP4/DP18/EP72,0.9,18,1,21792.561751722897,20317.0532773845,0.9322930231356695,kv
131072,H100NVL,H100NVLx72,Qwen3-30B-A3B,4,18,72,TP4/DP18/EP72,0.95,36,2,21792.561751722897,21029.13676407296,0.9649685522818545,kv
262144,H100NVL,H100NVLx72,Qwen3-30B-A3B,4,18,72,TP4/DP18/EP72,0.9,18,1,10896.377498574464,10514.56838203648,0.9649599955041999,kv
262144,H100NVL,H100NVLx72,Qwen3-30B-A3B,4,18,72,TP4/DP18/EP72,0.95,18,1,10896.377498574464,10514.56838203648,0.9649599955041999,kv
524288,H100NVL,H100NVLx72,Qwen3-30B-A3B,4,18,72,TP4/DP18/EP72,0.9,18,1,5448.212905286789,5351.0576265695445,0.9821674959466127,kv
524288,H100NVL,H100NVLx72,Qwen3-30B-A3B,4,18,72,TP4/DP18/EP72,0.95,18,1,5448.212905286789,5351.0576265695445,0.9821674959466127,kv
1048576,H100NVL,H100NVLx72,Qwen3-30B-A3B,4,18,72,TP4/DP18/EP72,0.9,18,1,2724.1124916834465,2699.605050273088,0.9910035134433038,kv
1048576,H100NVL,H100NVLx72,Qwen3-30B-A3B,4,18,72,TP4/DP18/EP72,0.95,18,1,2724.1124916834465,2699.605050273088,0.9910035134433038,kv
8192,H100NVL,H100NVLx72,Qwen3-30B-A3B,8,9,72,TP8/DP9/EP72,0.9,639,71,348390.59154029953,315064.1053662931,0.904341601113096,weight
8192,H100NVL,H100NVLx72,Qwen3-30B-A3B,8,9,72,TP8/DP9/EP72,0.95,675,75,348390.59154029953,332105.7592320756,0.953256968748135,weight
16384,H100NVL,H100NVLx72,Qwen3-30B-A3B,8,9,72,TP8/DP9/EP72,0.9,288,32,174269.40932313006,158979.91136710666,0.912265164520793,weight
16384,H100NVL,H100NVLx72,Qwen3-30B-A3B,8,9,72,TP8/DP9/EP72,0.95,306,34,174269.40932313006,165839.73477488846,0.9516284895841283,kv
32768,H100NVL,H100NVLx72,Qwen3-30B-A3B,8,9,72,TP8/DP9/EP72,0.9,81,9,87153.24487702563,79474.12420330246,0.9118894461754291,kv
32768,H100NVL,H100NVLx72,Qwen3-30B-A3B,8,9,72,TP8/DP9/EP72,0.95,153,17,87153.24487702563,82919.86738744423,0.9514260485016393,kv
65536,H100NVL,H100NVLx72,Qwen3-30B-A3B,8,9,72,TP8/DP9/EP72,0.9,36,4,43581.258971881005,39303.230185353765,0.9018378796884353,kv
65536,H100NVL,H100NVLx72,Qwen3-30B-A3B,8,9,72,TP8/DP9/EP72,0.95,81,9,43581.258971881005,41572.58707303745,0.9539097321594228,kv
131072,H100NVL,H100NVLx72,Qwen3-30B-A3B,8,9,72,TP8/DP9/EP72,0.9,18,2,21791.78880428931,19651.615092676882,0.9017899021125253,kv
131072,H100NVL,H100NVLx72,Qwen3-30B-A3B,8,9,72,TP8/DP9/EP72,0.95,45,5,21791.78880428931,20882.754662801413,0.958285473962148,kv
262144,H100NVL,H100NVLx72,Qwen3-30B-A3B,8,9,72,TP8/DP9/EP72,0.9,9,1,10896.184254862004,9825.807546338441,0.9017659133245706,kv
262144,H100NVL,H100NVLx72,Qwen3-30B-A3B,8,9,72,TP8/DP9/EP72,0.95,27,3,10896.184254862004,10514.568382036481,0.9649771090595094,kv
524288,H100NVL,H100NVLx72,Qwen3-30B-A3B,8,9,72,TP8/DP9/EP72,0.9,9,1,5448.164593501879,5166.740775687862,0.9483452063563432,kv
524288,H100NVL,H100NVLx72,Qwen3-30B-A3B,8,9,72,TP8/DP9/EP72,0.95,18,2,5448.164593501879,5303.756449240915,0.9734941663779391,kv
1048576,H100NVL,H100NVLx72,Qwen3-30B-A3B,8,9,72,TP8/DP9/EP72,0.9,9,1,2724.1004136301176,2651.8782246204573,0.9734876920658672,kv
1048576,H100NVL,H100NVLx72,Qwen3-30B-A3B,8,9,72,TP8/DP9/EP72,0.95,9,1,2724.1004136301176,2651.8782246204573,0.9734876920658672,kv
8192,H100NVL,H100NVLx72,Qwen3-30B-A3B,12,6,72,TP12/DP6/EP72,0.9,444,74,348155.9152337994,316716.1739721134,0.9096963748538552,weight
8192,H100NVL,H100NVLx72,Qwen3-30B-A3B,12,6,72,TP12/DP6/EP72,0.95,696,116,348155.9152337994,330860.21754177456,0.9503219766339167,kv
16384,H100NVL,H100NVLx72,Qwen3-30B-A3B,12,6,72,TP12/DP6/EP72,0.9,204,34,174210.6705380698,159667.87269588636,0.9165217733376129,kv
16384,H100NVL,H100NVLx72,Qwen3-30B-A3B,12,6,72,TP12/DP6/EP72,0.95,354,59,174210.6705380698,165573.58508927864,0.9504216049331851,kv
32768,H100NVL,H100NVLx72,Qwen3-30B-A3B,12,6,72,TP12/DP6/EP72,0.9,90,15,87138.55145524385,78947.85758197155,0.9060037866537268,kv
32768,H100NVL,H100NVLx72,Qwen3-30B-A3B,12,6,72,TP12/DP6/EP72,0.95,180,30,87138.55145524385,82856.25781440215,0.9508564972755925,kv
65536,H100NVL,H100NVLx72,Qwen3-30B-A3B,12,6,72,TP12/DP6/EP72,0.9,48,8,43577.58452499724,39708.06167602322,0.9112038243708905,kv
65536,H100NVL,H100NVLx72,Qwen3-30B-A3B,12,6,72,TP12/DP6/EP72,0.95,90,15,43577.58452499724,41428.12890720108,0.9506752005365698,kv
131072,H100NVL,H100NVLx72,Qwen3-30B-A3B,12,6,72,TP12/DP6/EP72,0.9,24,4,21790.870056091742,19854.03083801161,0.9111169396589248,kv
131072,H100NVL,H100NVLx72,Qwen3-30B-A3B,12,6,72,TP12/DP6/EP72,0.95,48,8,21790.870056091742,20778.35540745869,0.9535349141164743,kv
262144,H100NVL,H100NVLx72,Qwen3-30B-A3B,12,6,72,TP12/DP6/EP72,0.9,12,2,10895.95455075011,9927.015419005806,0.9110734973029417,kv
262144,H100NVL,H100NVLx72,Qwen3-30B-A3B,12,6,72,TP12/DP6/EP72,0.95,24,4,10895.95455075011,10389.177703729345,0.9534894492574882,kv
524288,H100NVL,H100NVLx72,Qwen3-30B-A3B,12,6,72,TP12/DP6/EP72,0.9,6,1,5448.107165340908,4963.507709502903,0.9110517761249504,kv
524288,H100NVL,H100NVLx72,Qwen3-30B-A3B,12,6,72,TP12/DP6/EP72,0.95,12,2,5448.107165340908,5194.5888518646725,0.9534667168279954,kv
1048576,H100NVL,H100NVLx72,Qwen3-30B-A3B,12,6,72,TP12/DP6/EP72,0.9,6,1,2724.086056323239,2597.2944259323363,0.9534553506132488,kv
1048576,H100NVL,H100NVLx72,Qwen3-30B-A3B,12,6,72,TP12/DP6/EP72,0.95,6,1,2724.086056323239,2597.2944259323363,0.9534553506132488,kv
8192,H100NVL,H100NVLx72,Qwen3-30B-A3B,18,4,72,TP18/DP4/EP72,0.9,384,96,347761.3088030641,313118.844005129,0.9003843615692366,kv
8192,H100NVL,H100NVLx72,Qwen3-30B-A3B,18,4,72,TP18/DP4/EP72,0.95,788,197,347761.3088030641,330397.8955165758,0.9500708881437953,kv
16384,H100NVL,H100NVLx72,Qwen3-30B-A3B,18,4,72,TP18/DP4/EP72,0.9,196,49,174111.81247265945,156886.02160321217,0.9010647777148824,kv
16384,H100NVL,H100NVLx72,Qwen3-30B-A3B,18,4,72,TP18/DP4/EP72,0.95,404,101,174111.81247265945,165413.7064163092,0.95004298713095,kv
32768,H100NVL,H100NVLx72,Qwen3-30B-A3B,18,4,72,TP18/DP4/EP72,0.9,100,25,87113.81106940235,78600.4208834344,0.902272784516505,kv
32768,H100NVL,H100NVLx72,Qwen3-30B-A3B,18,4,72,TP18/DP4/EP72,0.95,208,52,87113.81106940235,82829.23341530509,0.9508163217577085,kv
65536,H100NVL,H100NVLx72,Qwen3-30B-A3B,18,4,72,TP18/DP4/EP72,0.9,52,13,43571.39619094872,39449.401033265065,0.9053967621413992,kv
65536,H100NVL,H100NVLx72,Qwen3-30B-A3B,18,4,72,TP18/DP4/EP72,0.95,104,26,43571.39619094872,41414.616707652545,0.9505001062200479,kv
131072,H100NVL,H100NVLx72,Qwen3-30B-A3B,18,4,72,TP18/DP4/EP72,0.9,28,7,21789.322567636907,19859.32467744987,0.9114246033030136,kv
131072,H100NVL,H100NVLx72,Qwen3-30B-A3B,18,4,72,TP18/DP4/EP72,0.95,52,13,21789.322567636907,20707.308353826273,0.9503419984512175,kv
262144,H100NVL,H100NVLx72,Qwen3-30B-A3B,18,4,72,TP18/DP4/EP72,0.9,16,4,10895.56762800329,10041.026141945535,0.9215698057014073,kv
262144,H100NVL,H100NVLx72,Qwen3-30B-A3B,18,4,72,TP18/DP4/EP72,0.95,28,7,10895.56762800329,10390.627077941228,0.9536563337219544,kv
524288,H100NVL,H100NVLx72,Qwen3-30B-A3B,18,4,72,TP18/DP4/EP72,0.9,8,2,5448.01042832411,5020.513070972767,0.9215314722731088,kv
524288,H100NVL,H100NVLx72,Qwen3-30B-A3B,18,4,72,TP18/DP4/EP72,0.95,16,4,5448.01042832411,5225.637260397471,0.9591826831368523,kv
1048576,H100NVL,H100NVLx72,Qwen3-30B-A3B,18,4,72,TP18/DP4/EP72,0.9,4,1,2724.0618712777177,2510.2565354863837,0.9215123055589597,kv
1048576,H100NVL,H100NVLx72,Qwen3-30B-A3B,18,4,72,TP18/DP4/EP72,0.95,8,2,2724.0618712777177,2612.8186301987357,0.9591627333241137,kv
8192,H100NVL,H100NVLx72,Qwen3-30B-A3B,24,3,72,TP24/DP3/EP72,0.9,417,139,347331.4957203252,312719.5302577027,0.9003489004334567,kv
8192,H100NVL,H100NVLx72,Qwen3-30B-A3B,24,3,72,TP24/DP3/EP72,0.95,846,282,347331.4957203252,329979.9131630853,0.9500431640348228,kv
16384,H100NVL,H100NVLx72,Qwen3-30B-A3B,24,3,72,TP24/DP3/EP72,0.9,213,71,174004.00678165138,156701.25779842617,0.9005612037144781,kv
16384,H100NVL,H100NVLx72,Qwen3-30B-A3B,24,3,72,TP24/DP3/EP72,0.95,441,147,174004.00678165138,165352.04753658728,0.9502772412826046,kv
32768,H100NVL,H100NVLx72,Qwen3-30B-A3B,24,3,72,TP24/DP3/EP72,0.9,108,36,87086.81542954393,78460.90228863139,0.9009504125467628,kv
32768,H100NVL,H100NVLx72,Qwen3-30B-A3B,24,3,72,TP24/DP3/EP72,0.95,225,75,87086.81542954393,82761.38993925377,0.9503320282300417,kv
65536,H100NVL,H100NVLx72,Qwen3-30B-A3B,24,3,72,TP24/DP3/EP72,0.9,54,18,43564.64174352012,39230.451144315695,0.9005112764447535,kv
65536,H100NVL,H100NVLx72,Qwen3-30B-A3B,24,3,72,TP24/DP3/EP72,0.95,114,38,43564.64174352012,41408.261093362285,0.9505015865193341,kv
131072,H100NVL,H100NVLx72,Qwen3-30B-A3B,24,3,72,TP24/DP3/EP72,0.9,27,9,21787.63326295014,19615.225572157848,0.9002917083937487,kv
131072,H100NVL,H100NVLx72,Qwen3-30B-A3B,24,3,72,TP24/DP3/EP72,0.95,57,19,21787.63326295014,20704.130546681143,0.9502698295316226,kv
262144,H100NVL,H100NVLx72,Qwen3-30B-A3B,24,3,72,TP24/DP3/EP72,0.9,15,5,10895.145215187442,9906.607393407721,0.9092680453307098,kv
262144,H100NVL,H100NVLx72,Qwen3-30B-A3B,24,3,72,TP24/DP3/EP72,0.95,30,10,10895.145215187442,10377.990493750007,0.9525334714477656,kv
524288,H100NVL,H100NVLx72,Qwen3-30B-A3B,24,3,72,TP24/DP3/EP72,0.9,9,3,5447.9048142871,5029.451986094296,0.9231901359408092,kv
524288,H100NVL,H100NVLx72,Qwen3-30B-A3B,24,3,72,TP24/DP3/EP72,0.95,15,5,5447.9048142871,5188.995246875003,0.9524753871005405,kv
1048576,H100NVL,H100NVLx72,Qwen3-30B-A3B,24,3,72,TP24/DP3/EP72,0.9,6,2,2724.035466414176,2563.997148423799,0.9412495468713388,kv
1048576,H100NVL,H100NVLx72,Qwen3-30B-A3B,24,3,72,TP24/DP3/EP72,0.95,9,3,2724.035466414176,2615.2376335282197,0.9600600527315549,kv
8192,H100NVL,H100NVLx72,Qwen3-30B-A3B,36,2,72,TP36/DP2/EP72,0.9,458,229,346400.3630939929,311862.48033068987,0.900294900228117,kv
8192,H100NVL,H100NVLx72,Qwen3-30B-A3B,36,2,72,TP36/DP2/EP72,0.95,908,454,346400.3630939929,329086.7246342577,0.9500184171139645,kv
16384,H100NVL,H100NVLx72,Qwen3-30B-A3B,36,2,72,TP36/DP2/EP72,0.9,236,118,173770.00288120855,156421.22752332315,0.900162426942323,kv
16384,H100NVL,H100NVLx72,Qwen3-30B-A3B,36,2,72,TP36/DP2/EP72,0.95,482,241,173770.00288120855,165082.42820905754,0.9500053258438975,kv
32768,H100NVL,H100NVLx72,Qwen3-30B-A3B,36,2,72,TP36/DP2/EP72,0.9,120,60,87028.1609406067,78344.84337857274,0.9002240485357379,kv
32768,H100NVL,H100NVLx72,Qwen3-30B-A3B,36,2,72,TP36/DP2/EP72,0.95,250,125,87028.1609406067,82699.36220090753,0.9502597930036302,kv
65536,H100NVL,H100NVLx72,Qwen3-30B-A3B,36,2,72,TP36/DP2/EP72,0.9,62,31,43549.95887413701,39300.79487201269,0.9024301259524777,kv
65536,H100NVL,H100NVLx72,Qwen3-30B-A3B,36,2,72,TP36/DP2/EP72,0.95,128,64,43549.95887413701,41399.46324995585,0.9506200308846153,kv
131072,H100NVL,H100NVLx72,Qwen3-30B-A3B,36,2,72,TP36/DP2/EP72,0.9,32,16,21783.960136079164,19710.955620144934,0.9048380320664989,kv
131072,H100NVL,H100NVLx72,Qwen3-30B-A3B,36,2,72,TP36/DP2/EP72,0.95,64,32,21783.960136079164,20699.731624977925,0.9502281263678264,kv
262144,H100NVL,H100NVLx72,Qwen3-30B-A3B,36,2,72,TP36/DP2/EP72,0.9,16,8,10894.22663205171,9855.477810072467,0.9046514399725119,kv
262144,H100NVL,H100NVLx72,Qwen3-30B-A3B,36,2,72,TP36/DP2/EP72,0.95,32,16,10894.22663205171,10349.865812488963,0.9500321741094321,kv
524288,H100NVL,H100NVLx72,Qwen3-30B-A3B,36,2,72,TP36/DP2/EP72,0.9,8,4,5447.675130811697,4927.7389050362335,0.9045581439255183,kv
524288,H100NVL,H100NVLx72,Qwen3-30B-A3B,36,2,72,TP36/DP2/EP72,0.95,18,9,5447.675130811697,5203.93837403291,0.955258573441682,kv
1048576,H100NVL,H100NVLx72,Qwen3-30B-A3B,36,2,72,TP36/DP2/EP72,0.9,4,2,2723.978040833003,2463.8694525181168,0.9045114959020213,kv
1048576,H100NVL,H100NVLx72,Qwen3-30B-A3B,36,2,72,TP36/DP2/EP72,0.95,10,5,2723.978040833003,2613.688955707138,0.9595117568964917,kv
8192,H100NVL,H100NVLx72,Qwen3-30B-A3B,72,1,72,TP72/DP1/EP72,0.9,502,502,343278.0938393048,308964.21463265346,0.900040579860845,kv
8192,H100NVL,H100NVLx72,Qwen3-30B-A3B,72,1,72,TP72/DP1/EP72,0.95,933,933,343278.0938393048,326127.0089203124,0.9500373451531073,kv
16384,H100NVL,H100NVLx72,Qwen3-30B-A3B,72,1,72,TP72/DP1/EP72,0.9,270,270,172980.7457810779,155730.55188063183,0.9002767977293977,kv
16384,H100NVL,H100NVLx72,Qwen3-30B-A3B,72,1,72,TP72/DP1/EP72,0.95,530,530,172980.7457810779,164337.41984670903,0.9500330172855901,kv
32768,H100NVL,H100NVLx72,Qwen3-30B-A3B,72,1,72,TP72/DP1/EP72,0.9,140,140,86829.74605038935,78163.30325636368,0.9001903934050858,kv
32768,H100NVL,H100NVLx72,Qwen3-30B-A3B,72,1,72,TP72/DP1/EP72,0.95,285,285,86829.74605038935,82500.99132742698,0.9501466384521003,kv
65536,H100NVL,H100NVLx72,Qwen3-30B-A3B,72,1,72,TP72/DP1/EP72,0.9,72,72,43500.21666223463,39194.16260574921,0.9010107446148933,kv
65536,H100NVL,H100NVLx72,Qwen3-30B-A3B,72,1,72,TP72/DP1/EP72,0.95,148,148,43500.21666223463,41332.79782205632,0.9501745277039048,kv
131072,H100NVL,H100NVLx72,Qwen3-30B-A3B,72,1,72,TP72/DP1/EP72,0.9,36,36,21771.507214495927,19597.081302874605,0.9001251548549867,kv
131072,H100NVL,H100NVLx72,Qwen3-30B-A3B,72,1,72,TP72/DP1/EP72,0.95,76,76,21771.507214495927,20694.550741215004,0.9505336740047164,kv
262144,H100NVL,H100NVLx72,Qwen3-30B-A3B,72,1,72,TP72/DP1/EP72,0.9,19,19,10891.111226977058,9850.781124609346,0.9044789754978504,kv
262144,H100NVL,H100NVLx72,Qwen3-30B-A3B,72,1,72,TP72/DP1/EP72,0.95,38,38,10891.111226977058,10347.275370607502,0.9500660818684428,kv
524288,H100NVL,H100NVLx72,Qwen3-30B-A3B,72,1,72,TP72/DP1/EP72,0.9,10,10,5446.896007482594,4949.138056011472,0.9086162190746191,kv
524288,H100NVL,H100NVLx72,Qwen3-30B-A3B,72,1,72,TP72/DP1/EP72,0.95,20,20,5446.896007482594,5186.708582597854,0.9522319823019733,kv
1048576,H100NVL,H100NVLx72,Qwen3-30B-A3B,72,1,72,TP72/DP1/EP72,0.9,5,5,2723.78322597906,2474.569028005736,0.9085043935962474,kv
1048576,H100NVL,H100NVLx72,Qwen3-30B-A3B,72,1,72,TP72/DP1/EP72,0.95,10,10,2723.78322597906,2593.354291298927,0.9521147889317623,kv
8192,H100NVL,H100NVLx72,Qwen3-32B,1,72,1,TP1/DP72/EP1,0.9,3168,44,209212.30316162112,188341.46341463414,0.9002408585365852,weight
8192,H100NVL,H100NVLx72,Qwen3-32B,1,72,1,TP1/DP72/EP1,0.95,3384,47,209212.30316162112,201182.92682926828,0.9616209170731705,weight
16384,H100NVL,H100NVLx72,Qwen3-32B,1,72,1,TP1/DP72/EP1,0.9,1584,22,104606.15158081056,94170.73170731707,0.9002408585365852,weight
16384,H100NVL,H100NVLx72,Qwen3-32B,1,72,1,TP1/DP72/EP1,0.95,1728,24,104606.15158081056,102731.70731707317,0.9820809365853658,weight
32768,H100NVL,H100NVLx72,Qwen3-32B,1,72,1,TP1/DP72/EP1,0.9,792,11,52303.07579040528,47085.365853658535,0.9002408585365852,weight
32768,H100NVL,H100NVLx72,Qwen3-32B,1,72,1,TP1/DP72/EP1,0.95,864,12,52303.07579040528,51365.85365853659,0.9820809365853658,weight
65536,H100NVL,H100NVLx72,Qwen3-32B,1,72,1,TP1/DP72/EP1,0.9,432,6,26151.53789520264,25682.926829268294,0.9820809365853658,weight
65536,H100NVL,H100NVLx72,Qwen3-32B,1,72,1,TP1/DP72/EP1,0.95,432,6,26151.53789520264,25682.926829268294,0.9820809365853658,weight
131072,H100NVL,H100NVLx72,Qwen3-32B,1,72,1,TP1/DP72/EP1,0.9,216,3,13075.76894760132,12841.463414634147,0.9820809365853658,weight
131072,H100NVL,H100NVLx72,Qwen3-32B,1,72,1,TP1/DP72/EP1,0.95,216,3,13075.76894760132,12841.463414634147,0.9820809365853658,weight
262144,H100NVL,H100NVLx72,Qwen3-32B,1,72,1,TP1/DP72/EP1,0.9,144,2,6537.88447380066,6537.884473800659,0.9999999999999999,kv
262144,H100NVL,H100NVLx72,Qwen3-32B,1,72,1,TP1/DP72/EP1,0.95,144,2,6537.88447380066,6537.884473800659,0.9999999999999999,kv
524288,H100NVL,H100NVLx72,Qwen3-32B,1,72,1,TP1/DP72/EP1,0.9,72,1,3268.94223690033,3268.9422369003296,0.9999999999999999,kv
524288,H100NVL,H100NVLx72,Qwen3-32B,1,72,1,TP1/DP72/EP1,0.95,72,1,3268.94223690033,3268.9422369003296,0.9999999999999999,kv
1048576,H100NVL,H100NVLx72,Qwen3-32B,1,72,1,TP1/DP72/EP1,0.9,72,1,1634.471118450165,1634.4711184501648,0.9999999999999999,kv
1048576,H100NVL,H100NVLx72,Qwen3-32B,1,72,1,TP1/DP72/EP1,0.95,72,1,1634.471118450165,1634.4711184501648,0.9999999999999999,kv
8192,H100NVL,H100NVLx72,Qwen3-32B,2,36,1,TP2/DP36/EP1,0.9,1620,45,209203.39855451643,191937.29683750038,0.9174673937597784,weight
8192,H100NVL,H100NVLx72,Qwen3-32B,2,36,1,TP2/DP36/EP1,0.95,1692,47,209203.39855451643,200467.8433636115,0.958243722371324,weight
16384,H100NVL,H100NVLx72,Qwen3-32B,2,36,1,TP2/DP36/EP1,0.9,828,23,104603.92538165803,98101.28505027796,0.9378355993080133,weight
16384,H100NVL,H100NVLx72,Qwen3-32B,2,36,1,TP2/DP36/EP1,0.95,864,24,104603.92538165803,102366.55831333353,0.9786110601474922,weight
32768,H100NVL,H100NVLx72,Qwen3-32B,2,36,1,TP2/DP36/EP1,0.9,432,12,52302.51923469491,51183.279156666766,0.9786006468826898,weight
32768,H100NVL,H100NVLx72,Qwen3-32B,2,36,1,TP2/DP36/EP1,0.95,432,12,52302.51923469491,51183.279156666766,0.9786006468826898,weight
65536,H100NVL,H100NVLx72,Qwen3-32B,2,36,1,TP2/DP36/EP1,0.9,216,6,26151.398755534756,25591.639578333383,0.9785954402502886,weight
65536,H100NVL,H100NVLx72,Qwen3-32B,2,36,1,TP2/DP36/EP1,0.95,216,6,26151.398755534756,25591.639578333383,0.9785954402502886,weight
131072,H100NVL,H100NVLx72,Qwen3-32B,2,36,1,TP2/DP36/EP1,0.9,108,3,13075.73416259181,12795.819789166691,0.9785928369340879,weight
131072,H100NVL,H100NVLx72,Qwen3-32B,2,36,1,TP2/DP36/EP1,0.95,108,3,13075.73416259181,12795.819789166691,0.9785928369340879,weight
262144,H100NVL,H100NVLx72,Qwen3-32B,2,36,1,TP2/DP36/EP1,0.9,72,2,6537.875777536716,6520.122886223528,0.9972846086531372,kv
262144,H100NVL,H100NVLx72,Qwen3-32B,2,36,1,TP2/DP36/EP1,0.95,72,2,6537.875777536716,6520.122886223528,0.9972846086531372,kv
524288,H100NVL,H100NVLx72,Qwen3-32B,2,36,1,TP2/DP36/EP1,0.9,36,1,3268.9400628328976,3260.061443111764,0.9972839453919388,kv
524288,H100NVL,H100NVLx72,Qwen3-32B,2,36,1,TP2/DP36/EP1,0.95,36,1,3268.9400628328976,3260.061443111764,0.9972839453919388,kv
1048576,H100NVL,H100NVLx72,Qwen3-32B,2,36,1,TP2/DP36/EP1,0.9,36,1,1634.4705749331263,1632.2479000744793,0.99864012549829,kv
1048576,H100NVL,H100NVLx72,Qwen3-32B,2,36,1,TP2/DP36/EP1,0.95,36,1,1634.4705749331263,1632.2479000744793,0.99864012549829,kv
8192,H100NVL,H100NVLx72,Qwen3-32B,4,18,1,TP4/DP18/EP1,0.9,810,45,209176.6892806542,189912.22796681494,0.9079034027161987,weight
8192,H100NVL,H100NVLx72,Qwen3-32B,4,18,1,TP4/DP18/EP1,0.95,864,48,209176.6892806542,202573.04316460263,0.968430296230612,weight
16384,H100NVL,H100NVLx72,Qwen3-32B,4,18,1,TP4/DP18/EP1,0.9,414,23,104597.24735269246,97066.24984970542,0.9280000411713207,weight
16384,H100NVL,H100NVLx72,Qwen3-32B,4,18,1,TP4/DP18/EP1,0.95,432,24,104597.24735269246,101286.52158230131,0.9683478690483347,weight
32768,H100NVL,H100NVLx72,Qwen3-32B,4,18,1,TP4/DP18/EP1,0.9,216,12,52300.84963862911,50643.26079115066,0.9683066554571962,weight
32768,H100NVL,H100NVLx72,Qwen3-32B,4,18,1,TP4/DP18/EP1,0.95,216,12,52300.84963862911,50643.26079115066,0.9683066554571962,weight
65536,H100NVL,H100NVLx72,Qwen3-32B,4,18,1,TP4/DP18/EP1,0.9,108,6,26150.981345414508,25321.63039557533,0.9682860486616268,weight
65536,H100NVL,H100NVLx72,Qwen3-32B,4,18,1,TP4/DP18/EP1,0.95,108,6,26150.981345414508,25321.63039557533,0.9682860486616268,weight
131072,H100NVL,H100NVLx72,Qwen3-32B,4,18,1,TP4/DP18/EP1,0.9,54,3,13075.629808673728,12660.815197787664,0.9682757452638422,weight
131072,H100NVL,H100NVLx72,Qwen3-32B,4,18,1,TP4/DP18/EP1,0.95,54,3,13075.629808673728,12660.815197787664,0.9682757452638422,weight
262144,H100NVL,H100NVLx72,Qwen3-32B,4,18,1,TP4/DP18/EP1,0.9,36,2,6537.849688883689,6467.412481058036,0.9892262423919875,kv
262144,H100NVL,H100NVLx72,Qwen3-32B,4,18,1,TP4/DP18/EP1,0.95,36,2,6537.849688883689,6467.412481058036,0.9892262423919875,kv
524288,H100NVL,H100NVLx72,Qwen3-32B,4,18,1,TP4/DP18/EP1,0.9,18,1,3268.9335406479527,3233.706240529018,0.9892236107951121,kv
524288,H100NVL,H100NVLx72,Qwen3-32B,4,18,1,TP4/DP18/EP1,0.95,18,1,3268.9335406479527,3233.706240529018,0.9892236107951121,kv
1048576,H100NVL,H100NVLx72,Qwen3-32B,4,18,1,TP4/DP18/EP1,0.9,18,1,1634.468944384179,1625.6143859051679,0.99458260830869,kv
1048576,H100NVL,H100NVLx72,Qwen3-32B,4,18,1,TP4/DP18/EP1,0.95,18,1,1634.468944384179,1625.6143859051679,0.99458260830869,kv
8192,H100NVL,H100NVLx72,Qwen3-32B,8,9,1,TP8/DP9/EP1,0.9,414,46,209105.4978813098,188820.0210501696,0.9029892707906971,weight
8192,H100NVL,H100NVLx72,Qwen3-32B,8,9,1,TP8/DP9/EP1,0.95,441,49,209105.4978813098,200645.46639754597,0.9595418027288511,kv
16384,H100NVL,H100NVLx72,Qwen3-32B,8,9,1,TP8/DP9/EP1,0.9,207,23,104579.44344332747,94410.0105250848,0.9027587776009386,weight
16384,H100NVL,H100NVLx72,Qwen3-32B,8,9,1,TP8/DP9/EP1,0.95,225,25,104579.44344332747,100404.96095477052,0.9600831449172978,kv
32768,H100NVL,H100NVLx72,Qwen3-32B,8,9,1,TP8/DP9/EP1,0.9,108,12,52296.39790353244,49257.39679569642,0.9418889019193664,weight
32768,H100NVL,H100NVLx72,Qwen3-32B,8,9,1,TP8/DP9/EP1,0.95,117,13,52296.39790353244,50280.14780472578,0.9614457174942355,kv
65536,H100NVL,H100NVLx72,Qwen3-32B,8,9,1,TP8/DP9/EP1,0.9,54,6,26149.868316901262,24628.69839784821,0.9418287732611684,weight
65536,H100NVL,H100NVLx72,Qwen3-32B,8,9,1,TP8/DP9/EP1,0.95,63,7,26149.868316901262,25209.719419865443,0.9640476622810303,kv
131072,H100NVL,H100NVLx72,Qwen3-32B,8,9,1,TP8/DP9/EP1,0.9,27,3,13075.351539701802,12314.349198924105,0.9417987089320695,weight
131072,H100NVL,H100NVLx72,Qwen3-32B,8,9,1,TP8/DP9/EP1,0.95,36,4,13075.351539701802,12661.860056245498,0.9683762626036643,kv
262144,H100NVL,H100NVLx72,Qwen3-32B,8,9,1,TP8/DP9/EP1,0.9,18,2,6537.780120160179,6330.930028122749,0.9683608062315253,kv
262144,H100NVL,H100NVLx72,Qwen3-32B,8,9,1,TP8/DP9/EP1,0.95,18,2,6537.780120160179,6330.930028122749,0.9683608062315253,kv
524288,H100NVL,H100NVLx72,Qwen3-32B,8,9,1,TP8/DP9/EP1,0.9,9,1,3268.9161482820045,3165.4650140613744,0.9683530780454557,kv
524288,H100NVL,H100NVLx72,Qwen3-32B,8,9,1,TP8/DP9/EP1,0.95,9,1,3268.9161482820045,3165.4650140613744,0.9683530780454557,kv
1048576,H100NVL,H100NVLx72,Qwen3-32B,8,9,1,TP8/DP9/EP1,0.9,9,1,1634.4645962695574,1608.1857862430022,0.9839220683723997,kv
1048576,H100NVL,H100NVLx72,Qwen3-32B,8,9,1,TP8/DP9/EP1,0.95,9,1,1634.4645962695574,1608.1857862430022,0.9839220683723997,kv
8192,H100NVL,H100NVLx72,Qwen3-32B,12,6,1,TP12/DP6/EP1,0.9,288,48,209020.93412154305,190822.21011488565,0.9129334863843108,weight
8192,H100NVL,H100NVLx72,Qwen3-32B,12,6,1,TP12/DP6/EP1,0.95,420,70,209020.93412154305,198574.14359296422,0.9500203624460689,kv
16384,H100NVL,H100NVLx72,Qwen3-32B,12,6,1,TP12/DP6/EP1,0.9,144,24,104558.2874298303,95411.10505744282,0.9125159506985402,weight
16384,H100NVL,H100NVLx72,Qwen3-32B,12,6,1,TP12/DP6/EP1,0.95,216,36,104558.2874298303,99427.50937728258,0.9509290159712015,kv
32768,H100NVL,H100NVLx72,Qwen3-32B,12,6,1,TP12/DP6/EP1,0.9,72,12,52291.10701441159,47705.55252872141,0.9123071828556549,weight
32768,H100NVL,H100NVLx72,Qwen3-32B,12,6,1,TP12/DP6/EP1,0.95,108,18,52291.10701441159,49713.75468864129,0.9507114598843743,kv
65536,H100NVL,H100NVLx72,Qwen3-32B,12,6,1,TP12/DP6/EP1,0.9,36,6,26148.545358805637,23852.776264360706,0.9122027989342122,weight
65536,H100NVL,H100NVLx72,Qwen3-32B,12,6,1,TP12/DP6/EP1,0.95,54,9,26148.545358805637,24856.877344320645,0.9506026818409608,kv
131072,H100NVL,H100NVLx72,Qwen3-32B,12,6,1,TP12/DP6/EP1,0.9,18,3,13075.020770694899,11926.388132180353,0.9121506069734909,weight
131072,H100NVL,H100NVLx72,Qwen3-32B,12,6,1,TP12/DP6/EP1,0.95,30,5,13075.020770694899,12490.273138519367,0.9552774987947913,kv
262144,H100NVL,H100NVLx72,Qwen3-32B,12,6,1,TP12/DP6/EP1,0.9,12,2,6537.697424222699,6176.000625938398,0.9446752006380434,kv
262144,H100NVL,H100NVLx72,Qwen3-32B,12,6,1,TP12/DP6/EP1,0.95,18,3,6537.697424222699,6292.093583646876,0.9624326693881793,kv
524288,H100NVL,H100NVLx72,Qwen3-32B,12,6,1,TP12/DP6/EP1,0.9,6,1,3268.8954738368916,3088.000312969199,0.9446616870084973,kv
524288,H100NVL,H100NVLx72,Qwen3-32B,12,6,1,TP12/DP6/EP1,0.95,12,2,3268.8954738368916,3175.8961392009537,0.9715502268640058,kv
1048576,H100NVL,H100NVLx72,Qwen3-32B,12,6,1,TP12/DP6/EP1,0.9,6,1,1634.4594276006849,1587.9480696004769,0.9715432777254773,kv
1048576,H100NVL,H100NVLx72,Qwen3-32B,12,6,1,TP12/DP6/EP1,0.95,6,1,1634.4594276006849,1587.9480696004769,0.9715432777254773,kv
8192,H100NVL,H100NVLx72,Qwen3-32B,18,4,1,TP18/DP4/EP1,0.9,232,58,208878.63804362033,188003.5655030068,0.9000612377783975,kv
8192,H100NVL,H100NVLx72,Qwen3-32B,18,4,1,TP18/DP4/EP1,0.95,484,121,208878.63804362033,198479.6441812195,0.9502151394714227,kv
16384,H100NVL,H100NVLx72,Qwen3-32B,18,4,1,TP18/DP4/EP1,0.9,120,30,104522.6687294237,94320.50506012129,0.9023928130297495,kv
16384,H100NVL,H100NVLx72,Qwen3-32B,18,4,1,TP18/DP4/EP1,0.95,248,62,104522.6687294237,99363.14535442342,0.9506372786141094,kv
32768,H100NVL,H100NVLx72,Qwen3-32B,18,4,1,TP18/DP4/EP1,0.9,60,15,52282.19674610708,47160.25253006064,0.9020327274900166,kv
32768,H100NVL,H100NVLx72,Qwen3-32B,18,4,1,TP18/DP4/EP1,0.95,124,31,52282.19674610708,49681.57267721171,0.9502579418855615,kv
65536,H100NVL,H100NVLx72,Qwen3-32B,18,4,1,TP18/DP4/EP1,0.9,32,8,26146.317092072928,23725.933034564892,0.9074292547977302,kv
65536,H100NVL,H100NVLx72,Qwen3-32B,18,4,1,TP18/DP4/EP1,0.95,64,16,26146.317092072928,24879.75533988671,0.9515586938027989,kv
131072,H100NVL,H100NVLx72,Qwen3-32B,18,4,1,TP18/DP4/EP1,0.9,16,4,13074.463616522986,11862.966517282446,0.9073386767691565,kv
131072,H100NVL,H100NVLx72,Qwen3-32B,18,4,1,TP18/DP4/EP1,0.95,32,8,13074.463616522986,12439.877669943355,0.951463710849471,kv
262144,H100NVL,H100NVLx72,Qwen3-32B,18,4,1,TP18/DP4/EP1,0.9,8,2,6537.5581247416485,5931.483258641223,0.9072933877548697,kv
262144,H100NVL,H100NVLx72,Qwen3-32B,18,4,1,TP18/DP4/EP1,0.95,16,4,6537.5581247416485,6219.938834971677,0.9514162193728071,kv
524288,H100NVL,H100NVLx72,Qwen3-32B,18,4,1,TP18/DP4/EP1,0.9,4,1,3268.860647599246,2965.7416293206115,0.9072707432477262,kv
524288,H100NVL,H100NVLx72,Qwen3-32B,18,4,1,TP18/DP4/EP1,0.95,8,2,3268.860647599246,3109.9694174858387,0.951392473634475,kv
1048576,H100NVL,H100NVLx72,Qwen3-32B,18,4,1,TP18/DP4/EP1,0.9,4,1,1634.450720870343,1554.9847087429193,0.951380600765309,kv
1048576,H100NVL,H100NVLx72,Qwen3-32B,18,4,1,TP18/DP4/EP1,0.95,4,1,1634.450720870343,1554.9847087429193,0.951380600765309,kv
8192,H100NVL,H100NVLx72,Qwen3-32B,24,3,1,TP24/DP3/EP1,0.9,255,85,208723.49954752414,187996.74716808184,0.9006975619689481,kv
8192,H100NVL,H100NVLx72,Qwen3-32B,24,3,1,TP24/DP3/EP1,0.95,525,175,208723.49954752414,198340.62381411833,0.9502553581368937,kv
16384,H100NVL,H100NVLx72,Qwen3-32B,24,3,1,TP24/DP3/EP1,0.9,129,43,104483.80775523248,94109.34253624882,0.900707435516829,kv
16384,H100NVL,H100NVLx72,Qwen3-32B,24,3,1,TP24/DP3/EP1,0.95,270,90,104483.80775523248,99313.66792710453,0.9505173103928246,kv
32768,H100NVL,H100NVLx72,Qwen3-32B,24,3,1,TP24/DP3/EP1,0.9,66,22,52272.47193739379,47162.22902050035,0.9022383536211196,kv
32768,H100NVL,H100NVLx72,Qwen3-32B,24,3,1,TP24/DP3/EP1,0.95,138,46,52272.47193739379,49711.5105545048,0.9510074559711614,kv
65536,H100NVL,H100NVLx72,Qwen3-32B,24,3,1,TP24/DP3/EP1,0.9,33,11,26143.884692908614,23581.114510250176,0.9019743923766014,kv
65536,H100NVL,H100NVLx72,Qwen3-32B,24,3,1,TP24/DP3/EP1,0.95,69,23,26143.884692908614,24855.7552772524,0.9507292267087755,kv
131072,H100NVL,H100NVLx72,Qwen3-32B,24,3,1,TP24/DP3/EP1,0.9,18,6,13073.855367024793,11887.928872089265,0.9092902237601082,kv
131072,H100NVL,H100NVLx72,Qwen3-32B,24,3,1,TP24/DP3/EP1,0.95,36,12,13073.855367024793,12453.588592500008,0.9525567051866554,kv
262144,H100NVL,H100NVLx72,Qwen3-32B,24,3,1,TP24/DP3/EP1,0.9,9,3,6537.406043648466,5943.964436044633,0.9092236884719128,kv
262144,H100NVL,H100NVLx72,Qwen3-32B,24,3,1,TP24/DP3/EP1,0.95,18,6,6537.406043648466,6226.794296250004,0.9524870039699855,kv
524288,H100NVL,H100NVLx72,Qwen3-32B,24,3,1,TP24/DP3/EP1,0.9,6,2,3268.8226249857935,3041.04654948636,0.9303186187716675,kv
524288,H100NVL,H100NVLx72,Qwen3-32B,24,3,1,TP24/DP3/EP1,0.95,9,3,3268.8226249857935,3113.397148125002,0.9524521533616505,kv
1048576,H100NVL,H100NVLx72,Qwen3-32B,24,3,1,TP24/DP3/EP1,0.9,3,1,1634.4412149244397,1520.52327474318,0.9303015984049778,kv
1048576,H100NVL,H100NVLx72,Qwen3-32B,24,3,1,TP24/DP3/EP1,0.95,6,2,1634.4412149244397,1575.4394891228521,0.9639009801864822,kv
8192,H100NVL,H100NVLx72,Qwen3-32B,36,2,1,TP36/DP2/EP1,0.9,282,141,208386.8866337687,187623.3985138596,0.9003608698449435,kv
8192,H100NVL,H100NVLx72,Qwen3-32B,36,2,1,TP36/DP2/EP1,0.95,572,286,208386.8866337687,197981.2434317074,0.9500657485211688,kv
16384,H100NVL,H100NVLx72,Qwen3-32B,36,2,1,TP36/DP2/EP1,0.9,144,72,104399.38957422682,94013.81205428728,0.9005207064687336,kv
16384,H100NVL,H100NVLx72,Qwen3-32B,36,2,1,TP36/DP2/EP1,0.95,298,149,104399.38957422682,99205.07484497751,0.9502457365849232,kv
32768,H100NVL,H100NVLx72,Qwen3-32B,36,2,1,TP36/DP2/EP1,0.9,74,37,52251.334153120624,47135.90456569127,0.9020995411822639,kv
32768,H100NVL,H100NVLx72,Qwen3-32B,36,2,1,TP36/DP2/EP1,0.95,152,76,52251.334153120624,49653.13706886994,0.9502750096937858,kv
65536,H100NVL,H100NVLx72,Qwen3-32B,36,2,1,TP36/DP2/EP1,0.9,38,19,26138.59608443693,23629.38425134246,0.9040035729161265,kv
65536,H100NVL,H100NVLx72,Qwen3-32B,36,2,1,TP36/DP2/EP1,0.95,78,39,26138.59608443693,24858.862788095626,0.9510404731682103,kv
131072,H100NVL,H100NVLx72,Qwen3-32B,36,2,1,TP36/DP2/EP1,0.9,20,10,13072.532694135189,11871.940879201831,0.9081592034975757,kv
131072,H100NVL,H100NVLx72,Qwen3-32B,36,2,1,TP36/DP2/EP1,0.95,40,20,13072.532694135189,12444.810122750901,0.95198156424073,kv
262144,H100NVL,H100NVLx72,Qwen3-32B,36,2,1,TP36/DP2/EP1,0.9,10,5,6537.0753103001225,5935.970439600916,0.9080468187735151,kv
262144,H100NVL,H100NVLx72,Qwen3-32B,36,2,1,TP36/DP2/EP1,0.95,20,10,6537.0753103001225,6222.405061375451,0.9518637564984356,kv
524288,H100NVL,H100NVLx72,Qwen3-32B,36,2,1,TP36/DP2/EP1,0.9,6,3,3268.7399335061214,3014.236450589167,0.9221401860979597,kv
524288,H100NVL,H100NVLx72,Qwen3-32B,36,2,1,TP36/DP2/EP1,0.95,10,5,3268.7399335061214,3111.2025306877254,0.9518048526272881,kv
1048576,H100NVL,H100NVLx72,Qwen3-32B,36,2,1,TP36/DP2/EP1,0.9,4,2,1634.420541036583,1537.058935188014,0.9404305052438827,kv
1048576,H100NVL,H100NVLx72,Qwen3-32B,36,2,1,TP36/DP2/EP1,0.95,6,3,1634.420541036583,1568.2133734242827,0.9594919630841703,kv
8192,H100NVL,H100NVLx72,Qwen3-32B,72,1,1,TP72/DP1/EP1,0.9,319,319,207252.87665168635,186564.47191535565,0.9001779609983408,kv
8192,H100NVL,H100NVLx72,Qwen3-32B,72,1,1,TP72/DP1/EP1,0.95,619,619,207252.87665168635,196894.55241732672,0.9500208421629387,kv
16384,H100NVL,H100NVLx72,Qwen3-32B,72,1,1,TP72/DP1/EP1,0.9,167,167,104113.99022748545,93737.95762631515,0.9003396894259933,kv
16384,H100NVL,H100NVLx72,Qwen3-32B,72,1,1,TP72/DP1/EP1,0.95,337,337,104113.99022748545,98922.5482636763,0.9501369417071996,kv
32768,H100NVL,H100NVLx72,Qwen3-32B,72,1,1,TP72/DP1/EP1,0.9,86,86,52179.745323393065,47010.96328919525,0.9009427508286331,kv
32768,H100NVL,H100NVLx72,Qwen3-32B,72,1,1,TP72/DP1/EP1,0.95,176,176,52179.745323393065,49576.05965964423,0.9501016026887054,kv
65536,H100NVL,H100NVLx72,Qwen3-32B,72,1,1,TP72/DP1/EP1,0.9,44,44,26120.668883940107,23559.659045114935,0.9019546608777783,kv
65536,H100NVL,H100NVLx72,Qwen3-32B,72,1,1,TP72/DP1/EP1,0.95,90,90,26120.668883940107,24816.783511205278,0.9500822364646067,kv
131072,H100NVL,H100NVLx72,Qwen3-32B,72,1,1,TP72/DP1/EP1,0.9,22,22,13068.047137412297,11779.829522557467,0.9014223317907377,kv
131072,H100NVL,H100NVLx72,Qwen3-32B,72,1,1,TP72/DP1/EP1,0.95,46,46,13068.047137412297,12422.174760979127,0.9505762131371479,kv
262144,H100NVL,H100NVLx72,Qwen3-32B,72,1,1,TP72/DP1/EP1,0.9,11,11,6535.953451076957,5889.914761278734,0.9011561672472174,kv
262144,H100NVL,H100NVLx72,Qwen3-32B,72,1,1,TP72/DP1/EP1,0.95,23,23,6535.953451076957,6211.087380489564,0.9502955348413835,kv
524288,H100NVL,H100NVLx72,Qwen3-32B,72,1,1,TP72/DP1/EP1,0.9,6,6,3268.459409915767,2969.4828336068836,0.9085267586919219,kv
524288,H100NVL,H100NVLx72,Qwen3-32B,72,1,1,TP72/DP1/EP1,0.95,12,12,3268.459409915767,3112.0251495587127,0.9521382276058047,kv
1048576,H100NVL,H100NVLx72,Qwen3-32B,72,1,1,TP72/DP1/EP1,0.9,3,3,1634.3504027890947,1484.7414168034418,0.9084596634048988,kv
1048576,H100NVL,H100NVLx72,Qwen3-32B,72,1,1,TP72/DP1/EP1,0.95,6,6,1634.3504027890947,1556.0125747793563,0.952067911583678,kv
8192,H100NVL,H100NVLx72,Llama-3.3-70B,1,72,1,TP1/DP72/EP1,0.9,3456,48,104606.15158081056,95456.09065155809,0.9125284623229462,weight
8192,H100NVL,H100NVLx72,Llama-3.3-70B,1,72,1,TP1/DP72/EP1,0.95,3600,50,104606.15158081056,99433.42776203968,0.9505504815864023,weight
16384,H100NVL,H100NVLx72,Llama-3.3-70B,1,72,1,TP1/DP72/EP1,0.9,1728,24,52303.07579040528,47728.04532577904,0.9125284623229462,weight
16384,H100NVL,H100NVLx72,Llama-3.3-70B,1,72,1,TP1/DP72/EP1,0.95,1800,25,52303.07579040528,49716.71388101984,0.9505504815864023,weight
32768,H100NVL,H100NVLx72,Llama-3.3-70B,1,72,1,TP1/DP72/EP1,0.9,864,12,26151.53789520264,23864.02266288952,0.9125284623229462,weight
32768,H100NVL,H100NVLx72,Llama-3.3-70B,1,72,1,TP1/DP72/EP1,0.95,936,13,26151.53789520264,25852.691218130312,0.9885725008498583,weight
65536,H100NVL,H100NVLx72,Llama-3.3-70B,1,72,1,TP1/DP72/EP1,0.9,432,6,13075.76894760132,11932.01133144476,0.9125284623229462,weight
65536,H100NVL,H100NVLx72,Llama-3.3-70B,1,72,1,TP1/DP72/EP1,0.95,504,7,13075.76894760132,13075.768947601318,0.9999999999999999,kv
131072,H100NVL,H100NVLx72,Llama-3.3-70B,1,72,1,TP1/DP72/EP1,0.9,216,3,6537.88447380066,5966.00566572238,0.9125284623229462,weight
131072,H100NVL,H100NVLx72,Llama-3.3-70B,1,72,1,TP1/DP72/EP1,0.95,288,4,6537.88447380066,6537.884473800659,0.9999999999999999,kv
262144,H100NVL,H100NVLx72,Llama-3.3-70B,1,72,1,TP1/DP72/EP1,0.9,144,2,3268.94223690033,3268.9422369003296,0.9999999999999999,kv
262144,H100NVL,H100NVLx72,Llama-3.3-70B,1,72,1,TP1/DP72/EP1,0.95,144,2,3268.94223690033,3268.9422369003296,0.9999999999999999,kv
524288,H100NVL,H100NVLx72,Llama-3.3-70B,1,72,1,TP1/DP72/EP1,0.9,72,1,1634.471118450165,1634.4711184501648,0.9999999999999999,kv
524288,H100NVL,H100NVLx72,Llama-3.3-70B,1,72,1,TP1/DP72/EP1,0.95,72,1,1634.471118450165,1634.4711184501648,0.9999999999999999,kv
1048576,H100NVL,H100NVLx72,Llama-3.3-70B,1,72,1,TP1/DP72/EP1,0.9,72,1,817.2355592250825,817.2355592250824,0.9999999999999999,kv
1048576,H100NVL,H100NVLx72,Llama-3.3-70B,1,72,1,TP1/DP72/EP1,0.95,72,1,817.2355592250825,817.2355592250824,0.9999999999999999,kv
8192,H100NVL,H100NVLx72,Llama-3.3-70B,2,36,1,TP2/DP36/EP1,0.9,1728,48,104603.92538165803,95298.16027263601,0.9110380889142641,weight
8192,H100NVL,H100NVLx72,Llama-3.3-70B,2,36,1,TP2/DP36/EP1,0.95,1836,51,104603.92538165803,101254.29528967576,0.9679779694714056,weight
16384,H100NVL,H100NVLx72,Llama-3.3-70B,2,36,1,TP2/DP36/EP1,0.9,864,24,52302.51923469491,47649.08013631801,0.9110283946840931,weight
16384,H100NVL,H100NVLx72,Llama-3.3-70B,2,36,1,TP2/DP36/EP1,0.95,936,26,52302.51923469491,51619.836814344504,0.9869474275744341,weight
32768,H100NVL,H100NVLx72,Llama-3.3-70B,2,36,1,TP2/DP36/EP1,0.9,432,12,26151.398755534756,23824.540068159004,0.9110235475690076,weight
32768,H100NVL,H100NVLx72,Llama-3.3-70B,2,36,1,TP2/DP36/EP1,0.95,468,13,26151.398755534756,25809.918407172252,0.9869421765330915,weight
65536,H100NVL,H100NVLx72,Llama-3.3-70B,2,36,1,TP2/DP36/EP1,0.9,216,6,13075.73416259181,11912.270034079502,0.9110211240114648,weight
65536,H100NVL,H100NVLx72,Llama-3.3-70B,2,36,1,TP2/DP36/EP1,0.95,252,7,13075.73416259181,13055.446328589362,0.9984484363363328,kv
131072,H100NVL,H100NVLx72,Llama-3.3-70B,2,36,1,TP2/DP36/EP1,0.9,108,3,6537.875777536716,5956.135017039751,0.9110199122326934,weight
131072,H100NVL,H100NVLx72,Llama-3.3-70B,2,36,1,TP2/DP36/EP1,0.95,144,4,6537.875777536716,6528.991600297917,0.9986411217433462,kv
262144,H100NVL,H100NVLx72,Llama-3.3-70B,2,36,1,TP2/DP36/EP1,0.9,72,2,3268.9400628328976,3264.4958001489586,0.9986404575799754,kv
262144,H100NVL,H100NVLx72,Llama-3.3-70B,2,36,1,TP2/DP36/EP1,0.95,72,2,3268.9400628328976,3264.4958001489586,0.9986404575799754,kv
524288,H100NVL,H100NVLx72,Llama-3.3-70B,2,36,1,TP2/DP36/EP1,0.9,36,1,1634.4705749331263,1632.2479000744793,0.99864012549829,kv
524288,H100NVL,H100NVLx72,Llama-3.3-70B,2,36,1,TP2/DP36/EP1,0.95,36,1,1634.4705749331263,1632.2479000744793,0.99864012549829,kv
1048576,H100NVL,H100NVLx72,Llama-3.3-70B,2,36,1,TP2/DP36/EP1,0.9,36,1,817.2354233458001,816.6793763693701,0.99931960000687,kv
1048576,H100NVL,H100NVLx72,Llama-3.3-70B,2,36,1,TP2/DP36/EP1,0.95,36,1,817.2354233458001,816.6793763693701,0.99931960000687,kv
8192,H100NVL,H100NVLx72,Llama-3.3-70B,4,18,1,TP4/DP18/EP1,0.9,864,48,104597.24735269246,94827.48916530648,0.9065964120982722,weight
8192,H100NVL,H100NVLx72,Llama-3.3-70B,4,18,1,TP4/DP18/EP1,0.95,918,51,104597.24735269246,100754.20723813814,0.9632586878544143,weight
16384,H100NVL,H100NVLx72,Llama-3.3-70B,4,18,1,TP4/DP18/EP1,0.9,432,24,52300.84963862911,47413.74458265324,0.9065578266941522,weight
16384,H100NVL,H100NVLx72,Llama-3.3-70B,4,18,1,TP4/DP18/EP1,0.95,468,26,52300.84963862911,51364.88996454101,0.9821043122519982,weight
32768,H100NVL,H100NVLx72,Llama-3.3-70B,4,18,1,TP4/DP18/EP1,0.9,216,12,26150.981345414508,23706.87229132662,0.9065385339920923,weight
32768,H100NVL,H100NVLx72,Llama-3.3-70B,4,18,1,TP4/DP18/EP1,0.95,234,13,26150.981345414508,25682.444982270506,0.9820834118247667,weight
65536,H100NVL,H100NVLx72,Llama-3.3-70B,4,18,1,TP4/DP18/EP1,0.9,108,6,13075.629808673728,11853.43614566331,0.9065288876410623,weight
65536,H100NVL,H100NVLx72,Llama-3.3-70B,4,18,1,TP4/DP18/EP1,0.95,126,7,13075.629808673728,12994.855742271153,0.993822548696737,kv
131072,H100NVL,H100NVLx72,Llama-3.3-70B,4,18,1,TP4/DP18/EP1,0.9,54,3,6537.849688883689,5926.718072831655,0.9065240644655472,weight
131072,H100NVL,H100NVLx72,Llama-3.3-70B,4,18,1,TP4/DP18/EP1,0.95,72,4,6537.849688883689,6502.4575436206715,0.9945865770938119,kv
262144,H100NVL,H100NVLx72,Llama-3.3-70B,4,18,1,TP4/DP18/EP1,0.9,36,2,3268.9335406479527,3251.2287718103357,0.994583931237064,kv
262144,H100NVL,H100NVLx72,Llama-3.3-70B,4,18,1,TP4/DP18/EP1,0.95,36,2,3268.9335406479527,3251.2287718103357,0.994583931237064,kv
524288,H100NVL,H100NVLx72,Llama-3.3-70B,4,18,1,TP4/DP18/EP1,0.9,18,1,1634.468944384179,1625.6143859051679,0.99458260830869,kv
524288,H100NVL,H100NVLx72,Llama-3.3-70B,4,18,1,TP4/DP18/EP1,0.95,18,1,1634.468944384179,1625.6143859051679,0.99458260830869,kv
1048576,H100NVL,H100NVLx72,Llama-3.3-70B,4,18,1,TP4/DP18/EP1,0.9,18,1,817.2350157082244,815.015360777941,0.9972839453919388,kv
1048576,H100NVL,H100NVLx72,Llama-3.3-70B,4,18,1,TP4/DP18/EP1,0.95,18,1,817.2350157082244,815.015360777941,0.9972839453919388,kv
8192,H100NVL,H100NVLx72,Llama-3.3-70B,8,9,1,TP8/DP9/EP1,0.9,441,49,104579.44344332747,95544.6919615577,0.913608724771367,weight
8192,H100NVL,H100NVLx72,Llama-3.3-70B,8,9,1,TP8/DP9/EP1,0.95,459,51,104579.44344332747,99444.4753069274,0.9508988768028512,weight
16384,H100NVL,H100NVLx72,Llama-3.3-70B,8,9,1,TP8/DP9/EP1,0.9,225,25,52296.39790353244,48747.29181712128,0.9321347888441963,weight
16384,H100NVL,H100NVLx72,Llama-3.3-70B,8,9,1,TP8/DP9/EP1,0.95,234,26,52296.39790353244,50697.18348980613,0.9694201803979641,weight
32768,H100NVL,H100NVLx72,Llama-3.3-70B,8,9,1,TP8/DP9/EP1,0.9,117,13,26149.868316901262,25348.591744903064,0.9693582941876493,weight
32768,H100NVL,H100NVLx72,Llama-3.3-70B,8,9,1,TP8/DP9/EP1,0.95,117,13,26149.868316901262,25348.591744903064,0.9693582941876493,weight
65536,H100NVL,H100NVLx72,Llama-3.3-70B,8,9,1,TP8/DP9/EP1,0.9,63,7,13075.351539701802,12835.99676487326,0.9816941996471935,kv
65536,H100NVL,H100NVLx72,Llama-3.3-70B,8,9,1,TP8/DP9/EP1,0.95,63,7,13075.351539701802,12835.99676487326,0.9816941996471935,kv
131072,H100NVL,H100NVLx72,Llama-3.3-70B,8,9,1,TP8/DP9/EP1,0.9,36,4,6537.780120160179,6432.743144972009,0.9839338470768888,kv
131072,H100NVL,H100NVLx72,Llama-3.3-70B,8,9,1,TP8/DP9/EP1,0.95,36,4,6537.780120160179,6432.743144972009,0.9839338470768888,kv
262144,H100NVL,H100NVLx72,Llama-3.3-70B,8,9,1,TP8/DP9/EP1,0.9,18,2,3268.9161482820045,3216.3715724860044,0.9839259946072293,kv
262144,H100NVL,H100NVLx72,Llama-3.3-70B,8,9,1,TP8/DP9/EP1,0.95,18,2,3268.9161482820045,3216.3715724860044,0.9839259946072293,kv
524288,H100NVL,H100NVLx72,Llama-3.3-70B,8,9,1,TP8/DP9/EP1,0.9,9,1,1634.4645962695574,1608.1857862430022,0.9839220683723997,kv
524288,H100NVL,H100NVLx72,Llama-3.3-70B,8,9,1,TP8/DP9/EP1,0.95,9,1,1634.4645962695574,1608.1857862430022,0.9839220683723997,kv
1048576,H100NVL,H100NVLx72,Llama-3.3-70B,8,9,1,TP8/DP9/EP1,0.9,9,1,817.2339286766774,810.6109582274723,0.991895869448385,kv
1048576,H100NVL,H100NVLx72,Llama-3.3-70B,8,9,1,TP8/DP9/EP1,0.95,9,1,817.2339286766774,810.6109582274723,0.991895869448385,kv
8192,H100NVL,H100NVLx72,Llama-3.3-70B,12,6,1,TP12/DP6/EP1,0.9,300,50,104558.2874298303,96010.97160798243,0.9182531004289446,weight
8192,H100NVL,H100NVLx72,Llama-3.3-70B,12,6,1,TP12/DP6/EP1,0.95,312,52,104558.2874298303,99851.41047230174,0.9549832244461025,weight
16384,H100NVL,H100NVLx72,Llama-3.3-70B,12,6,1,TP12/DP6/EP1,0.9,150,25,52291.10701441159,48005.485803991214,0.9180430200255802,weight
16384,H100NVL,H100NVLx72,Llama-3.3-70B,12,6,1,TP12/DP6/EP1,0.95,156,26,52291.10701441159,49925.70523615087,0.9547647408266036,weight
32768,H100NVL,H100NVLx72,Llama-3.3-70B,12,6,1,TP12/DP6/EP1,0.9,78,13,26148.545358805637,24962.852618075434,0.9546554990168539,weight
32768,H100NVL,H100NVLx72,Llama-3.3-70B,12,6,1,TP12/DP6/EP1,0.95,78,13,26148.545358805637,24962.852618075434,0.9546554990168539,weight
65536,H100NVL,H100NVLx72,Llama-3.3-70B,12,6,1,TP12/DP6/EP1,0.9,42,7,13075.020770694899,12652.1379429352,0.9676571964835797,kv
65536,H100NVL,H100NVLx72,Llama-3.3-70B,12,6,1,TP12/DP6/EP1,0.95,42,7,13075.020770694899,12652.1379429352,0.9676571964835797,kv
131072,H100NVL,H100NVLx72,Llama-3.3-70B,12,6,1,TP12/DP6/EP1,0.9,24,4,6537.697424222699,6351.792278401907,0.971564125141063,kv
131072,H100NVL,H100NVLx72,Llama-3.3-70B,12,6,1,TP12/DP6/EP1,0.95,24,4,6537.697424222699,6351.792278401907,0.971564125141063,kv
262144,H100NVL,H100NVLx72,Llama-3.3-70B,12,6,1,TP12/DP6/EP1,0.9,12,2,3268.8954738368916,3175.8961392009537,0.9715502268640058,kv
262144,H100NVL,H100NVLx72,Llama-3.3-70B,12,6,1,TP12/DP6/EP1,0.95,12,2,3268.8954738368916,3175.8961392009537,0.9715502268640058,kv
524288,H100NVL,H100NVLx72,Llama-3.3-70B,12,6,1,TP12/DP6/EP1,0.9,6,1,1634.4594276006849,1587.9480696004769,0.9715432777254773,kv
524288,H100NVL,H100NVLx72,Llama-3.3-70B,12,6,1,TP12/DP6/EP1,0.95,6,1,1634.4594276006849,1587.9480696004769,0.9715432777254773,kv
1048576,H100NVL,H100NVLx72,Llama-3.3-70B,12,6,1,TP12/DP6/EP1,0.9,6,1,817.2326365022598,805.4368801505171,0.9855662196724935,kv
1048576,H100NVL,H100NVLx72,Llama-3.3-70B,12,6,1,TP12/DP6/EP1,0.95,6,1,817.2326365022598,805.4368801505171,0.9855662196724935,kv
8192,H100NVL,H100NVLx72,Llama-3.3-70B,18,4,1,TP18/DP4/EP1,0.9,204,51,104522.6687294237,95483.54583660117,0.9135199760712006,weight
8192,H100NVL,H100NVLx72,Llama-3.3-70B,18,4,1,TP18/DP4/EP1,0.95,248,62,104522.6687294237,99363.14535442342,0.9506372786141094,kv
16384,H100NVL,H100NVLx72,Llama-3.3-70B,18,4,1,TP18/DP4/EP1,0.9,104,26,52282.19674610708,48677.886112777065,0.9310604592451752,weight
16384,H100NVL,H100NVLx72,Llama-3.3-70B,18,4,1,TP18/DP4/EP1,0.95,124,31,52282.19674610708,49681.57267721171,0.9502579418855615,kv
32768,H100NVL,H100NVLx72,Llama-3.3-70B,18,4,1,TP18/DP4/EP1,0.9,52,13,26146.317092072928,24338.943056388533,0.9308746226353861,weight
32768,H100NVL,H100NVLx72,Llama-3.3-70B,18,4,1,TP18/DP4/EP1,0.95,64,16,26146.317092072928,24879.75533988671,0.9515586938027989,kv
65536,H100NVL,H100NVLx72,Llama-3.3-70B,18,4,1,TP18/DP4/EP1,0.9,28,7,13074.463616522986,12354.050074123445,0.9448991894788623,kv
65536,H100NVL,H100NVLx72,Llama-3.3-70B,18,4,1,TP18/DP4/EP1,0.95,32,8,13074.463616522986,12439.877669943355,0.951463710849471,kv
131072,H100NVL,H100NVLx72,Llama-3.3-70B,18,4,1,TP18/DP4/EP1,0.9,16,4,6537.5581247416485,6219.938834971677,0.9514162193728071,kv
131072,H100NVL,H100NVLx72,Llama-3.3-70B,18,4,1,TP18/DP4/EP1,0.95,16,4,6537.5581247416485,6219.938834971677,0.9514162193728071,kv
262144,H100NVL,H100NVLx72,Llama-3.3-70B,18,4,1,TP18/DP4/EP1,0.9,8,2,3268.860647599246,3109.9694174858387,0.951392473634475,kv
262144,H100NVL,H100NVLx72,Llama-3.3-70B,18,4,1,TP18/DP4/EP1,0.95,8,2,3268.860647599246,3109.9694174858387,0.951392473634475,kv
524288,H100NVL,H100NVLx72,Llama-3.3-70B,18,4,1,TP18/DP4/EP1,0.9,4,1,1634.450720870343,1554.9847087429193,0.951380600765309,kv
524288,H100NVL,H100NVLx72,Llama-3.3-70B,18,4,1,TP18/DP4/EP1,0.95,4,1,1634.450720870343,1554.9847087429193,0.951380600765309,kv
1048576,H100NVL,H100NVLx72,Llama-3.3-70B,18,4,1,TP18/DP4/EP1,0.9,4,1,817.2304597983075,796.8687242515243,0.9750844632592275,kv
1048576,H100NVL,H100NVLx72,Llama-3.3-70B,18,4,1,TP18/DP4/EP1,0.95,4,1,817.2304597983075,796.8687242515243,0.9750844632592275,kv
8192,H100NVL,H100NVLx72,Llama-3.3-70B,24,3,1,TP24/DP3/EP1,0.9,156,52,104483.80775523248,94769.69206787685,0.9070275490905513,weight
8192,H100NVL,H100NVLx72,Llama-3.3-70B,24,3,1,TP24/DP3/EP1,0.95,270,90,104483.80775523248,99313.66792710453,0.9505173103928246,kv
16384,H100NVL,H100NVLx72,Llama-3.3-70B,24,3,1,TP24/DP3/EP1,0.9,78,26,52272.47193739379,47384.846033938426,0.9064971346809613,weight
16384,H100NVL,H100NVLx72,Llama-3.3-70B,24,3,1,TP24/DP3/EP1,0.95,138,46,52272.47193739379,49711.5105545048,0.9510074559711614,kv
32768,H100NVL,H100NVLx72,Llama-3.3-70B,24,3,1,TP24/DP3/EP1,0.9,39,13,26143.884692908614,23692.423016969213,0.9062319274761663,weight
32768,H100NVL,H100NVLx72,Llama-3.3-70B,24,3,1,TP24/DP3/EP1,0.95,69,23,26143.884692908614,24855.7552772524,0.9507292267087755,kv
65536,H100NVL,H100NVLx72,Llama-3.3-70B,24,3,1,TP24/DP3/EP1,0.9,21,7,13073.855367024793,12044.233509188516,0.9212457359415789,kv
65536,H100NVL,H100NVLx72,Llama-3.3-70B,24,3,1,TP24/DP3/EP1,0.95,36,12,13073.855367024793,12453.588592500008,0.9525567051866554,kv
131072,H100NVL,H100NVLx72,Llama-3.3-70B,24,3,1,TP24/DP3/EP1,0.9,12,4,6537.406043648466,6082.09309897272,0.9303526595050474,kv
131072,H100NVL,H100NVLx72,Llama-3.3-70B,24,3,1,TP24/DP3/EP1,0.95,18,6,6537.406043648466,6226.794296250004,0.9524870039699855,kv
262144,H100NVL,H100NVLx72,Llama-3.3-70B,24,3,1,TP24/DP3/EP1,0.9,6,2,3268.8226249857935,3041.04654948636,0.9303186187716675,kv
262144,H100NVL,H100NVLx72,Llama-3.3-70B,24,3,1,TP24/DP3/EP1,0.95,9,3,3268.8226249857935,3113.397148125002,0.9524521533616505,kv
524288,H100NVL,H100NVLx72,Llama-3.3-70B,24,3,1,TP24/DP3/EP1,0.9,3,1,1634.4412149244397,1520.52327474318,0.9303015984049778,kv
524288,H100NVL,H100NVLx72,Llama-3.3-70B,24,3,1,TP24/DP3/EP1,0.95,6,2,1634.4412149244397,1575.4394891228521,0.9639009801864822,kv
1048576,H100NVL,H100NVLx72,Llama-3.3-70B,24,3,1,TP24/DP3/EP1,0.9,3,1,817.2280832752629,787.7197445614261,0.9638921626437822,kv
1048576,H100NVL,H100NVLx72,Llama-3.3-70B,24,3,1,TP24/DP3/EP1,0.95,3,1,817.2280832752629,787.7197445614261,0.9638921626437822,kv
8192,H100NVL,H100NVLx72,Llama-3.3-70B,36,2,1,TP36/DP2/EP1,0.9,144,72,104399.38957422682,94013.81205428728,0.9005207064687336,kv
8192,H100NVL,H100NVLx72,Llama-3.3-70B,36,2,1,TP36/DP2/EP1,0.95,298,149,104399.38957422682,99205.07484497751,0.9502457365849232,kv
16384,H100NVL,H100NVLx72,Llama-3.3-70B,36,2,1,TP36/DP2/EP1,0.9,74,37,52251.334153120624,47135.90456569127,0.9020995411822639,kv
16384,H100NVL,H100NVLx72,Llama-3.3-70B,36,2,1,TP36/DP2/EP1,0.95,152,76,52251.334153120624,49653.13706886994,0.9502750096937858,kv
32768,H100NVL,H100NVLx72,Llama-3.3-70B,36,2,1,TP36/DP2/EP1,0.9,38,19,26138.59608443693,23629.38425134246,0.9040035729161265,kv
32768,H100NVL,H100NVLx72,Llama-3.3-70B,36,2,1,TP36/DP2/EP1,0.95,78,39,26138.59608443693,24858.862788095626,0.9510404731682103,kv
65536,H100NVL,H100NVLx72,Llama-3.3-70B,36,2,1,TP36/DP2/EP1,0.9,20,10,13072.532694135189,11871.940879201831,0.9081592034975757,kv
65536,H100NVL,H100NVLx72,Llama-3.3-70B,36,2,1,TP36/DP2/EP1,0.95,40,20,13072.532694135189,12444.810122750901,0.95198156424073,kv
131072,H100NVL,H100NVLx72,Llama-3.3-70B,36,2,1,TP36/DP2/EP1,0.9,10,5,6537.0753103001225,5935.970439600916,0.9080468187735151,kv
131072,H100NVL,H100NVLx72,Llama-3.3-70B,36,2,1,TP36/DP2/EP1,0.95,20,10,6537.0753103001225,6222.405061375451,0.9518637564984356,kv
262144,H100NVL,H100NVLx72,Llama-3.3-70B,36,2,1,TP36/DP2/EP1,0.9,6,3,3268.7399335061214,3014.236450589167,0.9221401860979597,kv
262144,H100NVL,H100NVLx72,Llama-3.3-70B,36,2,1,TP36/DP2/EP1,0.95,10,5,3268.7399335061214,3111.2025306877254,0.9518048526272881,kv
524288,H100NVL,H100NVLx72,Llama-3.3-70B,36,2,1,TP36/DP2/EP1,0.9,4,2,1634.420541036583,1537.058935188014,0.9404305052438827,kv
524288,H100NVL,H100NVLx72,Llama-3.3-70B,36,2,1,TP36/DP2/EP1,0.95,6,3,1634.420541036583,1568.2133734242827,0.9594919630841703,kv
1048576,H100NVL,H100NVLx72,Llama-3.3-70B,36,2,1,TP36/DP2/EP1,0.9,2,1,817.2229146760491,768.529467594007,0.9404159548054959,kv
1048576,H100NVL,H100NVLx72,Llama-3.3-70B,36,2,1,TP36/DP2/EP1,0.95,4,2,817.2229146760491,792.1345200682066,0.9693004269003058,kv
8192,H100NVL,H100NVLx72,Llama-3.3-70B,72,1,1,TP72/DP1/EP1,0.9,167,167,104113.99022748545,93737.95762631515,0.9003396894259933,kv
8192,H100NVL,H100NVLx72,Llama-3.3-70B,72,1,1,TP72/DP1/EP1,0.95,337,337,104113.99022748545,98922.5482636763,0.9501369417071996,kv
16384,H100NVL,H100NVLx72,Llama-3.3-70B,72,1,1,TP72/DP1/EP1,0.9,86,86,52179.745323393065,47010.96328919525,0.9009427508286331,kv
16384,H100NVL,H100NVLx72,Llama-3.3-70B,72,1,1,TP72/DP1/EP1,0.95,176,176,52179.745323393065,49576.05965964423,0.9501016026887054,kv
32768,H100NVL,H100NVLx72,Llama-3.3-70B,72,1,1,TP72/DP1/EP1,0.9,44,44,26120.668883940107,23559.659045114935,0.9019546608777783,kv
32768,H100NVL,H100NVLx72,Llama-3.3-70B,72,1,1,TP72/DP1/EP1,0.95,90,90,26120.668883940107,24816.783511205278,0.9500822364646067,kv
65536,H100NVL,H100NVLx72,Llama-3.3-70B,72,1,1,TP72/DP1/EP1,0.9,22,22,13068.047137412297,11779.829522557467,0.9014223317907377,kv
65536,H100NVL,H100NVLx72,Llama-3.3-70B,72,1,1,TP72/DP1/EP1,0.95,46,46,13068.047137412297,12422.174760979127,0.9505762131371479,kv
131072,H100NVL,H100NVLx72,Llama-3.3-70B,72,1,1,TP72/DP1/EP1,0.9,11,11,6535.953451076957,5889.914761278734,0.9011561672472174,kv
131072,H100NVL,H100NVLx72,Llama-3.3-70B,72,1,1,TP72/DP1/EP1,0.95,23,23,6535.953451076957,6211.087380489564,0.9502955348413835,kv
262144,H100NVL,H100NVLx72,Llama-3.3-70B,72,1,1,TP72/DP1/EP1,0.9,6,6,3268.459409915767,2969.4828336068836,0.9085267586919219,kv
262144,H100NVL,H100NVLx72,Llama-3.3-70B,72,1,1,TP72/DP1/EP1,0.95,12,12,3268.459409915767,3112.0251495587127,0.9521382276058047,kv
524288,H100NVL,H100NVLx72,Llama-3.3-70B,72,1,1,TP72/DP1/EP1,0.9,3,3,1634.3504027890947,1484.7414168034418,0.9084596634048988,kv
524288,H100NVL,H100NVLx72,Llama-3.3-70B,72,1,1,TP72/DP1/EP1,0.95,6,6,1634.3504027890947,1556.0125747793563,0.952067911583678,kv
1048576,H100NVL,H100NVLx72,Llama-3.3-70B,72,1,1,TP72/DP1/EP1,0.9,2,2,817.2053791953252,759.7708730259066,0.9297183943821167,kv
1048576,H100NVL,H100NVLx72,Llama-3.3-70B,72,1,1,TP72/DP1/EP1,0.95,3,3,817.2053791953252,778.0062873896782,0.9520327535726146,kv
8192,H100NVL,H100NVLx72,Qwen3-235B-A22B,1,72,72,TP1/DP72/EP72,0.9,19368,269,178053.02396733713,160649.73156516883,0.9022578105420954,weight
8192,H100NVL,H100NVLx72,Qwen3-235B-A22B,1,72,72,TP1/DP72/EP72,0.95,20448,284,178053.02396733713,169607.89210301216,0.9525695678952681,weight
16384,H100NVL,H100NVLx72,Qwen3-235B-A22B,1,72,72,TP1/DP72/EP72,0.9,9720,135,89026.51198366856,80636.28118232053,0.9057558179647971,weight
16384,H100NVL,H100NVLx72,Qwen3-235B-A22B,1,72,72,TP1/DP72/EP72,0.95,10224,142,89026.51198366856,84812.52248272623,0.952665903593804,weight
32768,H100NVL,H100NVLx72,Qwen3-235B-A22B,1,72,72,TP1/DP72/EP72,0.9,4824,67,44513.25599183428,40531.739917377156,0.9105543733941297,weight
32768,H100NVL,H100NVLx72,Qwen3-235B-A22B,1,72,72,TP1/DP72/EP72,0.95,5112,71,44513.25599183428,42825.256174528324,0.9620787161106432,weight
65536,H100NVL,H100NVLx72,Qwen3-235B-A22B,1,72,72,TP1/DP72/EP72,0.9,2088,29,22256.62799591714,20342.899164320246,0.914015329188772,weight
65536,H100NVL,H100NVLx72,Qwen3-235B-A22B,1,72,72,TP1/DP72/EP72,0.95,2232,31,22256.62799591714,21295.62494273799,0.956821713812378,weight
131072,H100NVL,H100NVLx72,Qwen3-235B-A22B,1,72,72,TP1/DP72/EP72,0.9,432,6,11128.31399795857,10411.653808839785,0.9356002904617668,weight
131072,H100NVL,H100NVLx72,Qwen3-235B-A22B,1,72,72,TP1/DP72/EP72,0.95,504,7,11128.31399795857,10854.17484435501,0.9753656166015939,weight
262144,H100NVL,H100NVLx72,Qwen3-235B-A22B,1,72,72,TP1/DP72/EP72,0.9,72,1,5564.156998979285,5564.156998979284,0.9999999999999999,kv
262144,H100NVL,H100NVLx72,Qwen3-235B-A22B,1,72,72,TP1/DP72/EP72,0.95,72,1,5564.156998979285,5564.156998979284,0.9999999999999999,kv
524288,H100NVL,H100NVLx72,Qwen3-235B-A22B,1,72,72,TP1/DP72/EP72,0.9,72,1,2782.0784994896426,2782.078499489642,0.9999999999999999,kv
524288,H100NVL,H100NVLx72,Qwen3-235B-A22B,1,72,72,TP1/DP72/EP72,0.95,72,1,2782.0784994896426,2782.078499489642,0.9999999999999999,kv
1048576,H100NVL,H100NVLx72,Qwen3-235B-A22B,1,72,72,TP1/DP72/EP72,0.9,72,1,1391.0392497448213,1391.039249744821,0.9999999999999999,kv
1048576,H100NVL,H100NVLx72,Qwen3-235B-A22B,1,72,72,TP1/DP72/EP72,0.95,72,1,1391.0392497448213,1391.039249744821,0.9999999999999999,kv
8192,H100NVL,H100NVLx72,Qwen3-235B-A22B,2,36,72,TP2/DP36/EP72,0.9,9684,269,178046.57423366417,160569.81985990872,0.9018416700856071,weight
8192,H100NVL,H100NVLx72,Qwen3-235B-A22B,2,36,72,TP2/DP36/EP72,0.95,10224,284,178046.57423366417,169523.52435762432,0.9521302225963955,weight
16384,H100NVL,H100NVLx72,Qwen3-235B-A22B,2,36,72,TP2/DP36/EP72,0.9,4860,135,89024.89952104566,80596.16405301931,0.9053215952685936,weight
16384,H100NVL,H100NVLx72,Qwen3-235B-A22B,2,36,72,TP2/DP36/EP72,0.95,5112,142,89024.89952104566,84770.33007940622,0.9522092193922258,weight
32768,H100NVL,H100NVLx72,Qwen3-235B-A22B,2,36,72,TP2/DP36/EP72,0.9,2412,67,44512.85287252787,40511.31710433507,0.9101038124954143,weight
32768,H100NVL,H100NVLx72,Qwen3-235B-A22B,2,36,72,TP2/DP36/EP72,0.95,2556,71,44512.85287252787,42803.74113721108,0.9616040845503389,weight
65536,H100NVL,H100NVLx72,Qwen3-235B-A22B,2,36,72,TP2/DP36/EP72,0.9,1044,29,22256.527215634196,20331.0143432084,0.9134854753497567,weight
65536,H100NVL,H100NVLx72,Qwen3-235B-A22B,2,36,72,TP2/DP36/EP72,0.95,1116,31,22256.527215634196,21283.44095950776,0.9562786122606366,weight
131072,H100NVL,H100NVLx72,Qwen3-235B-A22B,2,36,72,TP2/DP36/EP72,0.9,216,6,11128.28880283079,10396.619641549507,0.9342514222766071,weight
131072,H100NVL,H100NVLx72,Qwen3-235B-A22B,2,36,72,TP2/DP36/EP72,0.95,252,7,11128.28880283079,10840.167573618563,0.9741091164762964,weight
262144,H100NVL,H100NVLx72,Qwen3-235B-A22B,2,36,72,TP2/DP36/EP72,0.9,36,1,5564.15070019021,5538.476206356552,0.9953857299672383,kv
262144,H100NVL,H100NVLx72,Qwen3-235B-A22B,2,36,72,TP2/DP36/EP72,0.95,36,1,5564.15070019021,5538.476206356552,0.9953857299672383,kv
524288,H100NVL,H100NVLx72,Qwen3-235B-A22B,2,36,72,TP2/DP36/EP72,0.9,36,1,2782.0769247914823,2775.643451183154,0.9976875284967864,kv
524288,H100NVL,H100NVLx72,Qwen3-235B-A22B,2,36,72,TP2/DP36/EP72,0.95,36,1,2782.0769247914823,2775.643451183154,0.9976875284967864,kv
1048576,H100NVL,H100NVLx72,Qwen3-235B-A22B,2,36,72,TP2/DP36/EP72,0.9,36,1,1391.03885607017,1389.428624951466,0.9988424254925179,kv
1048576,H100NVL,H100NVLx72,Qwen3-235B-A22B,2,36,72,TP2/DP36/EP72,0.95,36,1,1391.03885607017,1389.428624951466,0.9988424254925179,kv
8192,H100NVL,H100NVLx72,Qwen3-235B-A22B,4,18,72,TP4/DP18/EP72,0.9,4842,269,178027.2278359368,160330.56103738258,0.9005957290147617,weight
8192,H100NVL,H100NVLx72,Qwen3-235B-A22B,4,18,72,TP4/DP18/EP72,0.95,5112,284,178027.2278359368,169270.92397379238,0.9508148053048723,weight
16384,H100NVL,H100NVLx72,Qwen3-235B-A22B,4,18,72,TP4/DP18/EP72,0.9,2430,135,89020.06248362015,80476.05181090652,0.9040215156635535,weight
16384,H100NVL,H100NVLx72,Qwen3-235B-A22B,4,18,72,TP4/DP18/EP72,0.95,2556,142,89020.06248362015,84644.00437183856,0.9508418890114035,weight
32768,H100NVL,H100NVLx72,Qwen3-235B-A22B,4,18,72,TP4/DP18/EP72,0.9,1206,67,44511.64355841604,40450.171964656525,0.9087548499881983,weight
32768,H100NVL,H100NVLx72,Qwen3-235B-A22B,4,18,72,TP4/DP18/EP72,0.95,1278,71,44511.64355841604,42739.32553767961,0.9601830469726312,weight
65536,H100NVL,H100NVLx72,Qwen3-235B-A22B,4,18,72,TP4/DP18/EP72,0.9,522,29,22256.224880261416,20295.44305494531,0.911899621976992,weight
65536,H100NVL,H100NVLx72,Qwen3-235B-A22B,4,18,72,TP4/DP18/EP72,0.95,558,31,22256.224880261416,21246.972517157985,0.9546530299485554,weight
131072,H100NVL,H100NVLx72,Qwen3-235B-A22B,4,18,72,TP4/DP18/EP72,0.9,108,6,11128.213218131967,10351.776523578686,0.9302280896911485,weight
131072,H100NVL,H100NVLx72,Qwen3-235B-A22B,4,18,72,TP4/DP18/EP72,0.95,126,7,11128.213218131967,10798.361840806096,0.9703589991618402,weight
262144,H100NVL,H100NVLx72,Qwen3-235B-A22B,4,18,72,TP4/DP18/EP72,0.9,18,1,5564.131803908549,5462.836728259857,0.9817949899070442,kv
262144,H100NVL,H100NVLx72,Qwen3-235B-A22B,4,18,72,TP4/DP18/EP72,0.95,18,1,5564.131803908549,5462.836728259857,0.9817949899070442,kv
524288,H100NVL,H100NVLx72,Qwen3-235B-A22B,4,18,72,TP4/DP18/EP72,0.9,18,1,2782.0722007076974,2756.5156893798767,0.9908138576269445,kv
524288,H100NVL,H100NVLx72,Qwen3-235B-A22B,4,18,72,TP4/DP18/EP72,0.95,18,1,2782.0722007076974,2756.5156893798767,0.9908138576269445,kv
1048576,H100NVL,H100NVLx72,Qwen3-235B-A22B,4,18,72,TP4/DP18/EP72,0.9,18,1,1391.0376750475525,1384.619051589138,0.9953857299672383,kv
1048576,H100NVL,H100NVLx72,Qwen3-235B-A22B,4,18,72,TP4/DP18/EP72,0.95,18,1,1391.0376750475525,1384.619051589138,0.9953857299672383,kv
8192,H100NVL,H100NVLx72,Qwen3-235B-A22B,8,9,72,TP8/DP9/EP72,0.9,2430,270,177975.65799053587,160289.67477774672,0.9006269541999411,weight
8192,H100NVL,H100NVLx72,Qwen3-235B-A22B,8,9,72,TP8/DP9/EP72,0.95,2565,285,177975.65799053587,169194.6539837596,0.9506617696716525,weight
16384,H100NVL,H100NVLx72,Qwen3-235B-A22B,8,9,72,TP8/DP9/EP72,0.9,1215,135,89007.16628651027,80157.49582143697,0.9005735062209869,weight
16384,H100NVL,H100NVLx72,Qwen3-235B-A22B,8,9,72,TP8/DP9/EP72,0.95,1287,143,89007.16628651027,84902.1608367824,0.9538800568426812,weight
32768,H100NVL,H100NVLx72,Qwen3-235B-A22B,8,9,72,TP8/DP9/EP72,0.9,603,67,44508.41904200369,40288.01701774282,0.9051774447374109,weight
32768,H100NVL,H100NVLx72,Qwen3-235B-A22B,8,9,72,TP8/DP9/EP72,0.95,639,71,44508.41904200369,42568.4946690122,0.9564144399026905,weight
65536,H100NVL,H100NVLx72,Qwen3-235B-A22B,8,9,72,TP8/DP9/EP72,0.9,261,29,22255.418692756157,20201.191987903356,0.9076976832827942,weight
65536,H100NVL,H100NVLx72,Qwen3-235B-A22B,8,9,72,TP8/DP9/EP72,0.95,279,31,22255.418692756157,21150.33154659898,0.9503452547259034,weight
131072,H100NVL,H100NVLx72,Qwen3-235B-A22B,8,9,72,TP8/DP9/EP72,0.9,54,6,11128.011663954738,10234.064579737229,0.9196669529819838,weight
131072,H100NVL,H100NVLx72,Qwen3-235B-A22B,8,9,72,TP8/DP9/EP72,0.95,63,7,11128.011663954738,10688.440273579472,0.9604986583722677,weight
262144,H100NVL,H100NVLx72,Qwen3-235B-A22B,8,9,72,TP8/DP9/EP72,0.9,9,1,5564.081414451586,5270.877120757082,0.9473040971447748,kv
262144,H100NVL,H100NVLx72,Qwen3-235B-A22B,8,9,72,TP8/DP9/EP72,0.95,18,2,5564.081414451586,5413.547848233983,0.9729454774283816,kv
524288,H100NVL,H100NVLx72,Qwen3-235B-A22B,8,9,72,TP8/DP9/EP72,0.9,9,1,2782.059603229373,2706.7739241169916,0.9729388690936057,kv
524288,H100NVL,H100NVLx72,Qwen3-235B-A22B,8,9,72,TP8/DP9/EP72,0.95,9,1,2782.059603229373,2706.7739241169916,0.9729388690936057,kv
1048576,H100NVL,H100NVLx72,Qwen3-235B-A22B,8,9,72,TP8/DP9/EP72,0.9,9,1,1391.0345256637104,1371.954819713836,0.9862838013019334,kv
1048576,H100NVL,H100NVLx72,Qwen3-235B-A22B,8,9,72,TP8/DP9/EP72,0.95,9,1,1391.0345256637104,1371.954819713836,0.9862838013019334,kv
8192,H100NVL,H100NVLx72,Qwen3-235B-A22B,12,6,72,TP12/DP6/EP72,0.9,1626,271,177914.3946403671,160129.9784754038,0.9000394757213861,weight
8192,H100NVL,H100NVLx72,Qwen3-235B-A22B,12,6,72,TP12/DP6/EP72,0.95,1722,287,177914.3946403671,169584.14429909608,0.9531783228776421,weight
16384,H100NVL,H100NVLx72,Qwen3-235B-A22B,12,6,72,TP12/DP6/EP72,0.9,816,136,88991.84115484085,80372.27536163451,0.9031420669428699,weight
16384,H100NVL,H100NVLx72,Qwen3-235B-A22B,12,6,72,TP12/DP6/EP72,0.95,864,144,88991.84115484085,85094.99783971511,0.9562112294278141,weight
32768,H100NVL,H100NVLx72,Qwen3-235B-A22B,12,6,72,TP12/DP6/EP72,0.9,402,67,44504.58659650594,40096.943125877435,0.9009620399220931,weight
32768,H100NVL,H100NVLx72,Qwen3-235B-A22B,12,6,72,TP12/DP6/EP72,0.95,426,71,44504.58659650594,42367.19242089736,0.9519736202700422,weight
65536,H100NVL,H100NVLx72,Qwen3-235B-A22B,12,6,72,TP12/DP6/EP72,0.9,174,29,22254.460436008223,20090.286223829982,0.9027532382372858,weight
65536,H100NVL,H100NVLx72,Qwen3-235B-A22B,12,6,72,TP12/DP6/EP72,0.95,192,32,22254.460436008223,21515.571695057402,0.9667981731987857,weight
131072,H100NVL,H100NVLx72,Qwen3-235B-A22B,12,6,72,TP12/DP6/EP72,0.9,36,6,11127.772081592882,10097.573917888092,0.907420986325834,weight
131072,H100NVL,H100NVLx72,Qwen3-235B-A22B,12,6,72,TP12/DP6/EP72,0.95,48,8,11127.772081592882,10857.589581007522,0.9757199825262161,kv
262144,H100NVL,H100NVLx72,Qwen3-235B-A22B,12,6,72,TP12/DP6/EP72,0.9,6,1,5564.021516589064,5059.536667167395,0.9093308953034143,kv
262144,H100NVL,H100NVLx72,Qwen3-235B-A22B,12,6,72,TP12/DP6/EP72,0.95,12,2,5564.021516589064,5299.862221728164,0.9525236748144642,kv
524288,H100NVL,H100NVLx72,Qwen3-235B-A22B,12,6,72,TP12/DP6/EP72,0.9,6,1,2782.044628479722,2649.931110864082,0.9525120782523768,kv
524288,H100NVL,H100NVLx72,Qwen3-235B-A22B,12,6,72,TP12/DP6/EP72,0.95,6,1,2782.044628479722,2649.931110864082,0.9525120782523768,kv
1048576,H100NVL,H100NVLx72,Qwen3-235B-A22B,12,6,72,TP12/DP6/EP72,0.9,6,1,1391.0307819407944,1357.1986976259402,0.9756784071538295,kv
1048576,H100NVL,H100NVLx72,Qwen3-235B-A22B,12,6,72,TP12/DP6/EP72,0.95,6,1,1391.0307819407944,1357.1986976259402,0.9756784071538295,kv
8192,H100NVL,H100NVLx72,Qwen3-235B-A22B,18,4,72,TP18/DP4/EP72,0.9,1092,273,177811.28968520116,160049.26442331512,0.9001074380972541,weight
8192,H100NVL,H100NVLx72,Qwen3-235B-A22B,18,4,72,TP18/DP4/EP72,0.95,1156,289,177811.28968520116,169429.43878650508,0.9528609746122679,weight
16384,H100NVL,H100NVLx72,Qwen3-235B-A22B,18,4,72,TP18/DP4/EP72,0.9,548,137,88966.03736134816,80328.77313507428,0.9029150394639652,weight
16384,H100NVL,H100NVLx72,Qwen3-235B-A22B,18,4,72,TP18/DP4/EP72,0.95,580,145,88966.03736134816,85014.80373641626,0.9555871685182132,weight
32768,H100NVL,H100NVLx72,Qwen3-235B-A22B,18,4,72,TP18/DP4/EP72,0.9,272,68,44498.132199550484,40340.784660856276,0.9065725383696845,weight
32768,H100NVL,H100NVLx72,Qwen3-235B-A22B,18,4,72,TP18/DP4/EP72,0.95,288,72,44498.132199550484,42598.282020349645,0.9573049455046558,weight
65536,H100NVL,H100NVLx72,Qwen3-235B-A22B,18,4,72,TP18/DP4/EP72,0.9,120,30,22252.846405430937,20375.050172975956,0.9156154588836467,weight
65536,H100NVL,H100NVLx72,Qwen3-235B-A22B,18,4,72,TP18/DP4/EP72,0.95,128,32,22252.846405430937,21324.170727255434,0.9582671060926006,weight
131072,H100NVL,H100NVLx72,Qwen3-235B-A22B,18,4,72,TP18/DP4/EP72,0.9,28,7,11127.368520014645,10352.157026649344,0.9303329001847167,weight
131072,H100NVL,H100NVLx72,Qwen3-235B-A22B,18,4,72,TP18/DP4/EP72,0.95,32,8,11127.368520014645,10664.371499214867,0.9583911488177109,kv
262144,H100NVL,H100NVLx72,Qwen3-235B-A22B,18,4,72,TP18/DP4/EP72,0.9,8,2,5563.920619451726,5118.782295228886,0.9199955652374665,kv
262144,H100NVL,H100NVLx72,Qwen3-235B-A22B,18,4,72,TP18/DP4/EP72,0.95,16,4,5563.920619451726,5332.1857496074335,0.9583504356560845,kv
524288,H100NVL,H100NVLx72,Qwen3-235B-A22B,18,4,72,TP18/DP4/EP72,0.9,4,1,2782.019403352476,2559.391147614443,0.9199760233628298,kv
524288,H100NVL,H100NVLx72,Qwen3-235B-A22B,18,4,72,TP18/DP4/EP72,0.95,8,2,2782.019403352476,2666.0928748037168,0.9583300790752711,kv
1048576,H100NVL,H100NVLx72,Qwen3-235B-A22B,18,4,72,TP18/DP4/EP72,0.9,4,1,1391.0244755536148,1333.0464374018584,0.9583199007848645,kv
1048576,H100NVL,H100NVLx72,Qwen3-235B-A22B,18,4,72,TP18/DP4/EP72,0.95,4,1,1391.0244755536148,1333.0464374018584,0.9583199007848645,kv
8192,H100NVL,H100NVLx72,Qwen3-235B-A22B,24,3,72,TP24/DP3/EP72,0.9,828,276,177698.85555485814,160437.13336931978,0.9028596884789198,weight
8192,H100NVL,H100NVLx72,Qwen3-235B-A22B,24,3,72,TP24/DP3/EP72,0.95,873,291,177698.85555485814,169156.54097971183,0.951928139613093,weight
16384,H100NVL,H100NVLx72,Qwen3-235B-A22B,24,3,72,TP24/DP3/EP72,0.9,414,138,88937.88173255044,80228.78893378773,0.902076678361283,weight
16384,H100NVL,H100NVLx72,Qwen3-235B-A22B,24,3,72,TP24/DP3/EP72,0.95,438,146,88937.88173255044,84875.3708812929,0.9543219292823488,weight
32768,H100NVL,H100NVLx72,Qwen3-235B-A22B,24,3,72,TP24/DP3/EP72,0.9,207,69,44491.08739409257,40553.1793510167,0.9114899573437097,weight
32768,H100NVL,H100NVLx72,Qwen3-235B-A22B,24,3,72,TP24/DP3/EP72,0.95,219,73,44491.08739409257,42796.32513320249,0.96190782558587,weight
65536,H100NVL,H100NVLx72,Qwen3-235B-A22B,24,3,72,TP24/DP3/EP72,0.9,90,30,22251.084466080745,20175.334418852362,0.9067124098875887,weight
65536,H100NVL,H100NVLx72,Qwen3-235B-A22B,24,3,72,TP24/DP3/EP72,0.95,99,33,22251.084466080745,21589.031013014883,0.9702462388260182,kv
131072,H100NVL,H100NVLx72,Qwen3-235B-A22B,24,3,72,TP24/DP3/EP72,0.9,21,7,11126.927942884875,10133.725117872049,0.9107388103786607,weight
131072,H100NVL,H100NVLx72,Qwen3-235B-A22B,24,3,72,TP24/DP3/EP72,0.95,30,10,11126.927942884875,10588.079453636896,0.9515725731294462,kv
262144,H100NVL,H100NVLx72,Qwen3-235B-A22B,24,3,72,TP24/DP3/EP72,0.9,9,3,5563.810463630005,5128.07489137279,0.9216839654935105,kv
262144,H100NVL,H100NVLx72,Qwen3-235B-A22B,24,3,72,TP24/DP3/EP72,0.95,15,5,5563.810463630005,5294.039726818448,0.9515133129399325,kv
524288,H100NVL,H100NVLx72,Qwen3-235B-A22B,24,3,72,TP24/DP3/EP72,0.9,6,2,2781.991862954463,2615.2795575483115,0.9400744813002062,kv
524288,H100NVL,H100NVLx72,Qwen3-235B-A22B,24,3,72,TP24/DP3/EP72,0.95,9,3,2781.991862954463,2668.611576210614,0.9592449251007371,kv
1048576,H100NVL,H100NVLx72,Qwen3-235B-A22B,24,3,72,TP24/DP3/EP72,0.9,3,1,1391.017590273778,1307.6397787741557,0.9400598438994492,kv
1048576,H100NVL,H100NVLx72,Qwen3-235B-A22B,24,3,72,TP24/DP3/EP72,0.95,6,2,1391.017590273778,1348.050833448491,0.969111277150111,kv
8192,H100NVL,H100NVLx72,Qwen3-235B-A22B,36,2,72,TP36/DP2/EP72,0.9,560,280,177454.81530632224,159817.41969953102,0.9006090898331185,weight
8192,H100NVL,H100NVLx72,Qwen3-235B-A22B,36,2,72,TP36/DP2/EP72,0.95,592,296,177454.81530632224,168949.84225721238,0.9520724583639583,weight
16384,H100NVL,H100NVLx72,Qwen3-235B-A22B,36,2,72,TP36/DP2/EP72,0.9,282,141,88876.70816882896,80487.78359481764,0.9056116642160527,weight
16384,H100NVL,H100NVLx72,Qwen3-235B-A22B,36,2,72,TP36/DP2/EP72,0.95,296,148,88876.70816882896,84480.46462211624,0.9505354818231827,weight
32768,H100NVL,H100NVLx72,Qwen3-235B-A22B,36,2,72,TP36/DP2/EP72,0.9,140,70,44475.77350246285,40361.04199996239,0.9074837562460245,weight
32768,H100NVL,H100NVLx72,Qwen3-235B-A22B,36,2,72,TP36/DP2/EP72,0.95,148,74,44475.77350246285,42529.34650408302,0.9562362417761651,kv
65536,H100NVL,H100NVLx72,Qwen3-235B-A22B,36,2,72,TP36/DP2/EP72,0.9,62,31,22247.253426635492,20218.530500086144,0.908810184895882,weight
65536,H100NVL,H100NVLx72,Qwen3-235B-A22B,36,2,72,TP36/DP2/EP72,0.95,66,33,22247.253426635492,21150.412419671648,0.9506976890167191,kv
131072,H100NVL,H100NVLx72,Qwen3-235B-A22B,36,2,72,TP36/DP2/EP72,0.9,16,8,11125.96986195903,10044.751235025911,0.9028202808071654,kv
131072,H100NVL,H100NVLx72,Qwen3-235B-A22B,36,2,72,TP36/DP2/EP72,0.95,34,17,11125.96986195903,10590.68816002682,0.9518889850886258,kv
262144,H100NVL,H100NVLx72,Qwen3-235B-A22B,36,2,72,TP36/DP2/EP72,0.9,8,4,5563.570903250008,5022.375617512956,0.9027251930193055,kv
262144,H100NVL,H100NVLx72,Qwen3-235B-A22B,36,2,72,TP36/DP2/EP72,0.95,18,9,5563.570903250008,5309.59489306953,0.9543501800197935,kv
524288,H100NVL,H100NVLx72,Qwen3-235B-A22B,36,2,72,TP36/DP2/EP72,0.9,4,2,2781.93196783993,2511.187808756478,0.9026776491253755,kv
524288,H100NVL,H100NVLx72,Qwen3-235B-A22B,36,2,72,TP36/DP2/EP72,0.95,10,5,2781.93196783993,2666.999059414279,0.9586859384937108,kv
1048576,H100NVL,H100NVLx72,Qwen3-235B-A22B,36,2,72,TP36/DP2/EP72,0.9,2,1,1391.0026158676428,1255.593904378239,0.9026538771784104,kv
1048576,H100NVL,H100NVLx72,Qwen3-235B-A22B,36,2,72,TP36/DP2/EP72,0.95,6,3,1391.0026158676428,1342.7566181153536,0.965315667129644,kv
8192,H100NVL,H100NVLx72,Qwen3-235B-A22B,72,1,72,TP72/DP1/EP72,0.9,296,296,176631.8100064907,159178.45476401167,0.9011879273510378,weight
8192,H100NVL,H100NVLx72,Qwen3-235B-A22B,72,1,72,TP72/DP1/EP72,0.95,540,540,176631.8100064907,167811.1917819868,0.9500621194779141,kv
16384,H100NVL,H100NVLx72,Qwen3-235B-A22B,72,1,72,TP72/DP1/EP72,0.9,149,149,88669.7848005548,80131.63680364462,0.9037084840555882,weight
16384,H100NVL,H100NVLx72,Qwen3-235B-A22B,72,1,72,TP72/DP1/EP72,0.95,290,290,88669.7848005548,84239.77361006878,0.9500392247432374,kv
32768,H100NVL,H100NVLx72,Qwen3-235B-A22B,72,1,72,TP72/DP1/EP72,0.9,74,74,44423.89516266365,40053.60942954144,0.9016230855687043,kv
32768,H100NVL,H100NVLx72,Qwen3-235B-A22B,72,1,72,TP72/DP1/EP72,0.95,151,151,44423.89516266365,42210.066897526354,0.9501658227620274,kv
65536,H100NVL,H100NVLx72,Qwen3-235B-A22B,72,1,72,TP72/DP1/EP72,0.9,37,37,22234.265341993105,20026.80471477072,0.9007180766592171,kv
65536,H100NVL,H100NVLx72,Qwen3-235B-A22B,72,1,72,TP72/DP1/EP72,0.95,77,77,22234.265341993105,21126.327818045265,0.9501698164114595,kv
131072,H100NVL,H100NVLx72,Qwen3-235B-A22B,72,1,72,TP72/DP1/EP72,0.9,19,19,11122.72052441772,10039.872463234713,0.9026453951795489,kv
131072,H100NVL,H100NVLx72,Qwen3-235B-A22B,72,1,72,TP72/DP1/EP72,0.95,39,39,11122.72052441772,10570.045941237639,0.9503112047123009,kv
262144,H100NVL,H100NVLx72,Qwen3-235B-A22B,72,1,72,TP72/DP1/EP72,0.9,10,10,5562.758279071694,5044.606452055785,0.9068534347492125,kv
262144,H100NVL,H100NVLx72,Qwen3-235B-A22B,72,1,72,TP72/DP1/EP72,0.95,20,20,5562.758279071694,5291.659565576162,0.9512654154836344,kv
524288,H100NVL,H100NVLx72,Qwen3-235B-A22B,72,1,72,TP72/DP1/EP72,0.9,5,5,2781.728775555877,2522.3032260278924,0.9067394521681421,kv
524288,H100NVL,H100NVLx72,Qwen3-235B-A22B,72,1,72,TP72/DP1/EP72,0.95,10,10,2781.728775555877,2645.829782788081,0.9511458507522399,kv
1048576,H100NVL,H100NVLx72,Qwen3-235B-A22B,72,1,72,TP72/DP1/EP72,0.9,3,3,1390.9518132657352,1281.088451781026,0.9210156955568666,kv
1048576,H100NVL,H100NVLx72,Qwen3-235B-A22B,72,1,72,TP72/DP1/EP72,0.95,5,5,1390.9518132657352,1322.9148913940405,0.9510860683865426,kv
8192,H100NVL,H100NVLx72,GLM-4.5-355B-A32B,1,72,72,TP1/DP72/EP72,0.9,14904,207,90961.87093983527,81867.16861825107,0.9000163230195685,weight
8192,H100NVL,H100NVLx72,GLM-4.5-355B-A32B,1,72,72,TP1/DP72/EP72,0.95,15768,219,90961.87093983527,86613.01937114772,0.9521903900639422,weight
16384,H100NVL,H100NVLx72,GLM-4.5-355B-A32B,1,72,72,TP1/DP72/EP72,0.9,7488,104,45480.93546991763,41180.26395920428,0.9054401263677188,weight
16384,H100NVL,H100NVLx72,GLM-4.5-355B-A32B,1,72,72,TP1/DP72/EP72,0.95,7920,110,45480.93546991763,43539.39635043051,0.9573109238095748,weight
32768,H100NVL,H100NVLx72,GLM-4.5-355B-A32B,1,72,72,TP1/DP72/EP72,0.9,3600,50,22740.467734958816,20573.246474314474,0.904697595234038,weight
32768,H100NVL,H100NVLx72,GLM-4.5-355B-A32B,1,72,72,TP1/DP72/EP72,0.95,3816,53,22740.467734958816,21653.70979618133,0.9522103963980117,weight
65536,H100NVL,H100NVLx72,GLM-4.5-355B-A32B,1,72,72,TP1/DP72/EP72,0.9,1296,18,11370.233867479408,10260.070483876845,0.9023623087667705,weight
65536,H100NVL,H100NVLx72,GLM-4.5-355B-A32B,1,72,72,TP1/DP72/EP72,0.95,1440,20,11370.233867479408,10821.840101786054,0.9517693503858489,weight
131072,H100NVL,H100NVLx72,GLM-4.5-355B-A32B,1,72,72,TP1/DP72/EP72,0.9,144,2,5685.116933739704,5642.397391958539,0.9924857232878297,weight
131072,H100NVL,H100NVLx72,GLM-4.5-355B-A32B,1,72,72,TP1/DP72/EP72,0.95,144,2,5685.116933739704,5642.397391958539,0.9924857232878297,weight
262144,H100NVL,H100NVLx72,GLM-4.5-355B-A32B,1,72,72,TP1/DP72/EP72,0.9,72,1,2842.558466869852,2842.5584668698516,0.9999999999999999,kv
262144,H100NVL,H100NVLx72,GLM-4.5-355B-A32B,1,72,72,TP1/DP72/EP72,0.95,72,1,2842.558466869852,2842.5584668698516,0.9999999999999999,kv
524288,H100NVL,H100NVLx72,GLM-4.5-355B-A32B,1,72,72,TP1/DP72/EP72,0.9,72,1,1421.279233434926,1421.2792334349258,0.9999999999999999,kv
524288,H100NVL,H100NVLx72,GLM-4.5-355B-A32B,1,72,72,TP1/DP72/EP72,0.95,72,1,1421.279233434926,1421.2792334349258,0.9999999999999999,kv
1048576,H100NVL,H100NVLx72,GLM-4.5-355B-A32B,1,72,72,TP1/DP72/EP72,0.9,72,1,710.639616717463,710.6396167174629,0.9999999999999999,kv
1048576,H100NVL,H100NVLx72,GLM-4.5-355B-A32B,1,72,72,TP1/DP72/EP72,0.95,72,1,710.639616717463,710.6396167174629,0.9999999999999999,kv
8192,H100NVL,H100NVLx72,GLM-4.5-355B-A32B,2,36,72,TP2/DP36/EP72,0.9,7488,208,90960.18760877123,82235.55122678589,0.9040829113115854,weight
8192,H100NVL,H100NVLx72,GLM-4.5-355B-A32B,2,36,72,TP2/DP36/EP72,0.95,7884,219,90960.18760877123,86584.48305642851,0.9518942883983149,weight
16384,H100NVL,H100NVLx72,GLM-4.5-355B-A32B,2,36,72,TP2/DP36/EP72,0.9,3744,104,45480.51463325763,41166.680187117505,0.9051498321660231,weight
16384,H100NVL,H100NVLx72,GLM-4.5-355B-A32B,2,36,72,TP2/DP36/EP72,0.95,3960,110,45480.51463325763,43525.03988101726,0.9570041199399615,weight
32768,H100NVL,H100NVLx72,GLM-4.5-355B-A32B,2,36,72,TP2/DP36/EP72,0.9,1800,50,22740.362525307064,20566.194584477387,0.9043916763239763,weight
32768,H100NVL,H100NVLx72,GLM-4.5-355B-A32B,2,36,72,TP2/DP36/EP72,0.95,1908,53,22740.362525307064,21646.339928839057,0.9518907143520469,weight
65536,H100NVL,H100NVLx72,GLM-4.5-355B-A32B,2,36,72,TP2/DP36/EP72,0.9,648,18,11370.207565005623,10255.19923077805,0.9019359736528237,weight
65536,H100NVL,H100NVLx72,GLM-4.5-355B-A32B,2,36,72,TP2/DP36/EP72,0.95,720,20,11370.207565005623,10816.962625122884,0.9513425822070763,weight
131072,H100NVL,H100NVLx72,GLM-4.5-355B-A32B,2,36,72,TP2/DP36/EP72,0.9,72,2,5685.110358113652,5629.163235309447,0.990159008483563,weight
131072,H100NVL,H100NVLx72,GLM-4.5-355B-A32B,2,36,72,TP2/DP36/EP72,0.95,72,2,5685.110358113652,5629.163235309447,0.990159008483563,weight
262144,H100NVL,H100NVLx72,GLM-4.5-355B-A32B,2,36,72,TP2/DP36/EP72,0.9,36,1,2842.556822962388,2835.840930496785,0.9976373761779002,kv
262144,H100NVL,H100NVLx72,GLM-4.5-355B-A32B,2,36,72,TP2/DP36/EP72,0.95,36,1,2842.556822962388,2835.840930496785,0.9976373761779002,kv
524288,H100NVL,H100NVLx72,GLM-4.5-355B-A32B,2,36,72,TP2/DP36/EP72,0.9,36,1,1421.2788224579413,1419.5978626332683,0.9988172905990634,kv
524288,H100NVL,H100NVLx72,GLM-4.5-355B-A32B,2,36,72,TP2/DP36/EP72,0.95,36,1,1421.2788224579413,1419.5978626332683,0.9988172905990634,kv
1048576,H100NVL,H100NVLx72,GLM-4.5-355B-A32B,2,36,72,TP2/DP36/EP72,0.9,36,1,710.6395139732018,710.2190252375626,0.9994082953067326,kv
1048576,H100NVL,H100NVLx72,GLM-4.5-355B-A32B,2,36,72,TP2/DP36/EP72,0.95,36,1,710.6395139732018,710.2190252375626,0.9994082953067326,kv
8192,H100NVL,H100NVLx72,GLM-4.5-355B-A32B,4,18,72,TP4/DP18/EP72,0.9,3744,208,90955.137989377,82154.34920524056,0.9032403338757584,weight
8192,H100NVL,H100NVLx72,GLM-4.5-355B-A32B,4,18,72,TP4/DP18/EP72,0.95,3942,219,90955.137989377,86498.9868228787,0.95100715292171,weight
16384,H100NVL,H100NVLx72,GLM-4.5-355B-A32B,4,18,72,TP4/DP18/EP72,0.9,1872,104,45479.25217000457,41125.98258681625,0.9042800975065399,weight
16384,H100NVL,H100NVLx72,GLM-4.5-355B-A32B,4,18,72,TP4/DP18/EP72,0.95,1980,110,45479.25217000457,43482.02722263153,0.9560849210996857,weight
32768,H100NVL,H100NVLx72,GLM-4.5-355B-A32B,4,18,72,TP4/DP18/EP72,0.9,900,50,22740.046902192807,20545.067891277224,0.9034751766187464,weight
32768,H100NVL,H100NVLx72,GLM-4.5-355B-A32B,4,18,72,TP4/DP18/EP72,0.95,954,53,22740.046902192807,21624.26039623309,0.9509329725326062,weight
65536,H100NVL,H100NVLx72,GLM-4.5-355B-A32B,4,18,72,TP4/DP18/EP72,0.9,324,18,11370.128658314408,10240.613185158725,0.9006593938293104,weight
65536,H100NVL,H100NVLx72,GLM-4.5-355B-A32B,4,18,72,TP4/DP18/EP72,0.95,360,20,11370.128658314408,10802.356539254339,0.950064582721772,weight
131072,H100NVL,H100NVLx72,GLM-4.5-355B-A32B,4,18,72,TP4/DP18/EP72,0.9,36,2,5685.090631326766,5589.830648834416,0.9832438937793823,weight
131072,H100NVL,H100NVLx72,GLM-4.5-355B-A32B,4,18,72,TP4/DP18/EP72,0.95,36,2,5685.090631326766,5589.830648834416,0.9832438937793823,weight
262144,H100NVL,H100NVLx72,GLM-4.5-355B-A32B,4,18,72,TP4/DP18/EP72,0.9,18,1,2842.551891251406,2815.8774789714566,0.9906160333037206,kv
262144,H100NVL,H100NVLx72,GLM-4.5-355B-A32B,4,18,72,TP4/DP18/EP72,0.95,18,1,2842.551891251406,2815.8774789714566,0.9906160333037206,kv
524288,H100NVL,H100NVLx72,GLM-4.5-355B-A32B,4,18,72,TP4/DP18/EP72,0.9,18,1,1421.277589528413,1414.5775345219272,0.9952858927377382,kv
524288,H100NVL,H100NVLx72,GLM-4.5-355B-A32B,4,18,72,TP4/DP18/EP72,0.95,18,1,1421.277589528413,1414.5775345219272,0.9952858927377382,kv
1048576,H100NVL,H100NVLx72,GLM-4.5-355B-A32B,4,18,72,TP4/DP18/EP72,0.9,18,1,710.639205740597,708.9602326241962,0.9976373761779002,kv
1048576,H100NVL,H100NVLx72,GLM-4.5-355B-A32B,4,18,72,TP4/DP18/EP72,0.95,18,1,710.639205740597,708.9602326241962,0.9976373761779002,kv
8192,H100NVL,H100NVLx72,GLM-4.5-355B-A32B,8,9,72,TP8/DP9/EP72,0.9,1872,208,90941.67507823487,81938.59241886347,0.9010015743428271,weight
8192,H100NVL,H100NVLx72,GLM-4.5-355B-A32B,8,9,72,TP8/DP9/EP72,0.95,1980,220,90941.67507823487,86665.75156829547,0.9529816939674695,weight
16384,H100NVL,H100NVLx72,GLM-4.5-355B-A32B,8,9,72,TP8/DP9/EP72,0.9,936,104,45475.88594395558,41017.84801609454,0.9019691901471668,weight
16384,H100NVL,H100NVLx72,GLM-4.5-355B-A32B,8,9,72,TP8/DP9/EP72,0.95,990,110,45475.88594395558,43367.74132512346,0.9536425827650682,weight
32768,H100NVL,H100NVLx72,GLM-4.5-355B-A32B,8,9,72,TP8/DP9/EP72,0.9,450,50,22739.20528338639,20488.94166494034,0.9010403578136423,weight
32768,H100NVL,H100NVLx72,GLM-4.5-355B-A32B,8,9,72,TP8/DP9/EP72,0.95,486,54,22739.20528338639,21927.401765867588,0.9642993892090012,weight
65536,H100NVL,H100NVLx72,GLM-4.5-355B-A32B,8,9,72,TP8/DP9/EP72,0.9,171,19,11369.91824582533,10481.277247598484,0.9218427978975902,weight
65536,H100NVL,H100NVLx72,GLM-4.5-355B-A32B,8,9,72,TP8/DP9/EP72,0.95,189,21,11369.91824582533,11048.921441722021,0.9717678881093829,weight
131072,H100NVL,H100NVLx72,GLM-4.5-355B-A32B,8,9,72,TP8/DP9/EP72,0.9,18,2,5685.038027231018,5487.581805617658,0.9652673877170996,weight
131072,H100NVL,H100NVLx72,GLM-4.5-355B-A32B,8,9,72,TP8/DP9/EP72,0.95,18,2,5685.038027231018,5487.581805617658,0.9652673877170996,weight
262144,H100NVL,H100NVLx72,GLM-4.5-355B-A32B,8,9,72,TP8/DP9/EP72,0.9,9,1,2842.5387401057815,2763.9904230752545,0.9723668437927414,kv
262144,H100NVL,H100NVLx72,GLM-4.5-355B-A32B,8,9,72,TP8/DP9/EP72,0.95,9,1,2842.5387401057815,2763.9904230752545,0.9723668437927414,kv
524288,H100NVL,H100NVLx72,GLM-4.5-355B-A32B,8,9,72,TP8/DP9/EP72,0.9,9,1,1421.2743017267958,1401.3619668153244,0.985989801625711,kv
524288,H100NVL,H100NVLx72,GLM-4.5-355B-A32B,8,9,72,TP8/DP9/EP72,0.95,9,1,1421.2743017267958,1401.3619668153244,0.985989801625711,kv
1048576,H100NVL,H100NVLx72,GLM-4.5-355B-A32B,8,9,72,TP8/DP9/EP72,0.9,9,1,710.6383837882913,705.625164751213,0.9929454710701754,kv
1048576,H100NVL,H100NVLx72,GLM-4.5-355B-A32B,8,9,72,TP8/DP9/EP72,0.95,9,1,710.6383837882913,705.625164751213,0.9929454710701754,kv
8192,H100NVL,H100NVLx72,GLM-4.5-355B-A32B,12,6,72,TP12/DP6/EP72,0.9,1254,209,90925.67660501487,82076.28944576505,0.9026744975713302,weight
8192,H100NVL,H100NVLx72,GLM-4.5-355B-A32B,12,6,72,TP12/DP6/EP72,0.95,1320,220,90925.67660501487,86396.03499442793,0.9501830310236359,weight
16384,H100NVL,H100NVLx72,GLM-4.5-355B-A32B,12,6,72,TP12/DP6/EP72,0.9,630,105,45471.88508560841,41280.1653266624,0.9078173303997756,weight
16384,H100NVL,H100NVLx72,GLM-4.5-355B-A32B,12,6,72,TP12/DP6/EP72,0.95,660,110,45471.88508560841,43232.66627572735,0.9507559713949542,weight
32768,H100NVL,H100NVLx72,GLM-4.5-355B-A32B,12,6,72,TP12/DP6/EP72,0.9,306,51,22738.204913738802,20779.009754288465,0.9138368588513089,weight
32768,H100NVL,H100NVLx72,GLM-4.5-355B-A32B,12,6,72,TP12/DP6/EP72,0.95,324,54,22738.204913738802,21857.066314307576,0.9612485417044145,weight
65536,H100NVL,H100NVLx72,GLM-4.5-355B-A32B,12,6,72,TP12/DP6/EP72,0.9,114,19,11369.668134027366,10435.655769819554,0.9178505165500406,weight
65536,H100NVL,H100NVLx72,GLM-4.5-355B-A32B,12,6,72,TP12/DP6/EP72,0.95,126,21,11369.668134027366,11003.043658703173,0.9677541621266014,weight
131072,H100NVL,H100NVLx72,GLM-4.5-355B-A32B,12,6,72,TP12/DP6/EP72,0.9,12,2,5684.975496858051,5370.7989993557085,0.9447356461472912,weight
131072,H100NVL,H100NVLx72,GLM-4.5-355B-A32B,12,6,72,TP12/DP6/EP72,0.95,18,3,5684.975496858051,5498.347853209015,0.9671717769492268,kv
262144,H100NVL,H100NVLx72,GLM-4.5-355B-A32B,12,6,72,TP12/DP6/EP72,0.9,6,1,2842.523107209592,2704.745393636168,0.9515297823880574,kv
262144,H100NVL,H100NVLx72,GLM-4.5-355B-A32B,12,6,72,TP12/DP6/EP72,0.95,6,1,2842.523107209592,2704.745393636168,0.9515297823880574,kv
524288,H100NVL,H100NVLx72,GLM-4.5-355B-A32B,12,6,72,TP12/DP6/EP72,0.9,6,1,1421.2703934648791,1385.970033865495,0.9751628122546574,kv
524288,H100NVL,H100NVLx72,GLM-4.5-355B-A32B,12,6,72,TP12/DP6/EP72,0.95,6,1,1421.2703934648791,1385.970033865495,0.9751628122546574,kv
1048576,H100NVL,H100NVLx72,GLM-4.5-355B-A32B,12,6,72,TP12/DP6/EP72,0.9,6,1,710.6374067180785,701.7012882473481,0.987425206742212,kv
1048576,H100NVL,H100NVLx72,GLM-4.5-355B-A32B,12,6,72,TP12/DP6/EP72,0.95,6,1,710.6374067180785,701.7012882473481,0.987425206742212,kv
8192,H100NVL,H100NVLx72,GLM-4.5-355B-A32B,18,4,72,TP18/DP4/EP72,0.9,840,210,90898.73933869276,82038.90108299235,0.9025306806215623,weight
8192,H100NVL,H100NVLx72,GLM-4.5-355B-A32B,18,4,72,TP18/DP4/EP72,0.95,888,222,90898.73933869276,86726.77955601648,0.9541032162488924,weight
16384,H100NVL,H100NVLx72,GLM-4.5-355B-A32B,18,4,72,TP18/DP4/EP72,0.9,420,105,45465.147090711835,41064.644490792394,0.9032115173598894,weight
16384,H100NVL,H100NVLx72,GLM-4.5-355B-A32B,18,4,72,TP18/DP4/EP72,0.95,444,111,45465.147090711835,43395.82722773212,0.9544855786158348,weight
32768,H100NVL,H100NVLx72,GLM-4.5-355B-A32B,18,4,72,TP18/DP4/EP72,0.9,204,51,22736.519954935662,20666.602890250957,0.9089606910473841,weight
32768,H100NVL,H100NVLx72,GLM-4.5-355B-A32B,18,4,72,TP18/DP4/EP72,0.95,216,54,22736.519954935662,21739.598551770472,0.9561532985196893,weight
65536,H100NVL,H100NVLx72,GLM-4.5-355B-A32B,18,4,72,TP18/DP4/EP72,0.9,76,19,11369.2468367986,10359.696246209976,0.9112033888365382,weight
65536,H100NVL,H100NVLx72,GLM-4.5-355B-A32B,18,4,72,TP18/DP4/EP72,0.95,84,21,11369.2468367986,10926.616396161486,0.9610677429216804,weight
131072,H100NVL,H100NVLx72,GLM-4.5-355B-A32B,18,4,72,TP18/DP4/EP72,0.9,8,2,5684.8701653587295,5184.924254082306,0.9120567582487831,weight
131072,H100NVL,H100NVLx72,GLM-4.5-355B-A32B,18,4,72,TP18/DP4/EP72,0.95,16,4,5684.8701653587295,5443.169629981863,0.9574835434501758,kv
262144,H100NVL,H100NVLx72,GLM-4.5-355B-A32B,18,4,72,TP18/DP4/EP72,0.9,4,1,2842.4967734356746,2610.4876374423125,0.9183783995248175,kv
262144,H100NVL,H100NVLx72,GLM-4.5-355B-A32B,18,4,72,TP18/DP4/EP72,0.95,8,2,2842.4967734356746,2721.5848149909316,0.9574627631683821,kv
524288,H100NVL,H100NVLx72,GLM-4.5-355B-A32B,18,4,72,TP18/DP4/EP72,0.9,4,1,1421.2638099090095,1360.7924074954658,0.9574523730274852,kv
524288,H100NVL,H100NVLx72,GLM-4.5-355B-A32B,18,4,72,TP18/DP4/EP72,0.95,4,1,1421.2638099090095,1360.7924074954658,0.9574523730274852,kv
1048576,H100NVL,H100NVLx72,GLM-4.5-355B-A32B,18,4,72,TP18/DP4/EP72,0.9,4,1,710.635760815062,695.1891393934143,0.97826365872169,kv
1048576,H100NVL,H100NVLx72,GLM-4.5-355B-A32B,18,4,72,TP18/DP4/EP72,0.95,4,1,710.635760815062,695.1891393934143,0.97826365872169,kv
8192,H100NVL,H100NVLx72,GLM-4.5-355B-A32B,24,3,72,TP24/DP3/EP72,0.9,633,211,90869.34731621653,81962.86252175002,0.901985817467437,weight
8192,H100NVL,H100NVLx72,GLM-4.5-355B-A32B,24,3,72,TP24/DP3/EP72,0.95,669,223,90869.34731621653,86624.20286219731,0.9532829872845182,weight
16384,H100NVL,H100NVLx72,GLM-4.5-355B-A32B,24,3,72,TP24/DP3/EP72,0.9,318,106,45457.79279400308,41217.94276749784,0.9067299627652716,weight
16384,H100NVL,H100NVLx72,GLM-4.5-355B-A32B,24,3,72,TP24/DP3/EP72,0.95,336,112,45457.79279400308,43536.66216851684,0.9577381454882324,weight
32768,H100NVL,H100NVLx72,GLM-4.5-355B-A32B,24,3,72,TP24/DP3/EP72,0.9,153,51,22734.680593605706,20545.257118126214,0.903696756747254,weight
32768,H100NVL,H100NVLx72,GLM-4.5-355B-A32B,24,3,72,TP24/DP3/EP72,0.95,162,54,22734.680593605706,21612.780071457575,0.9506524616640678,weight
65536,H100NVL,H100NVLx72,GLM-4.5-355B-A32B,24,3,72,TP24/DP3/EP72,0.9,57,19,11368.786898024055,10278.016033152917,0.9040556503824767,weight
65536,H100NVL,H100NVLx72,GLM-4.5-355B-A32B,24,3,72,TP24/DP3/EP72,0.95,63,21,11368.786898024055,10844.376014010299,0.9538727492460166,weight
131072,H100NVL,H100NVLx72,GLM-4.5-355B-A32B,24,3,72,TP24/DP3/EP72,0.9,9,3,5684.755168356838,5230.642965825131,0.9201175443650694,kv
131072,H100NVL,H100NVLx72,GLM-4.5-355B-A32B,24,3,72,TP24/DP3/EP72,0.95,15,5,5684.755168356838,5403.42506027226,0.9505114820686472,kv
262144,H100NVL,H100NVLx72,GLM-4.5-355B-A32B,24,3,72,TP24/DP3/EP72,0.9,6,2,2842.4680226464825,2668.655228947672,0.9388514515153694,kv
262144,H100NVL,H100NVLx72,GLM-4.5-355B-A32B,24,3,72,TP24/DP3/EP72,0.95,9,3,2842.4680226464825,2724.2095074429403,0.9583958326843595,kv
524288,H100NVL,H100NVLx72,GLM-4.5-355B-A32B,24,3,72,TP24/DP3/EP72,0.9,3,1,1421.2566220193596,1334.327614473836,0.9388365153774887,kv
524288,H100NVL,H100NVLx72,GLM-4.5-355B-A32B,24,3,72,TP24/DP3/EP72,0.95,6,2,1421.2566220193596,1376.4315693217632,0.9684609717885375,kv
1048576,H100NVL,H100NVLx72,GLM-4.5-355B-A32B,24,3,72,TP24/DP3/EP72,0.9,3,1,710.6339638186049,688.2157846608816,0.9684532680688961,kv
1048576,H100NVL,H100NVLx72,GLM-4.5-355B-A32B,24,3,72,TP24/DP3/EP72,0.95,3,1,710.6339638186049,688.2157846608816,0.9684532680688961,kv
8192,H100NVL,H100NVLx72,GLM-4.5-355B-A32B,36,2,72,TP36/DP2/EP72,0.9,426,213,90805.48884038442,81733.32189550303,0.9000923065253443,weight
8192,H100NVL,H100NVLx72,GLM-4.5-355B-A32B,36,2,72,TP36/DP2/EP72,0.95,450,225,90805.48884038442,86337.96876577316,0.9508012111199119,weight
16384,H100NVL,H100NVLx72,GLM-4.5-355B-A32B,36,2,72,TP36/DP2/EP72,0.9,214,107,45441.80630953166,41097.57319759075,0.9044000785895325,weight
16384,H100NVL,H100NVLx72,GLM-4.5-355B-A32B,36,2,72,TP36/DP2/EP72,0.95,226,113,45441.80630953166,43388.84662914642,0.9548222254546553,weight
32768,H100NVL,H100NVLx72,GLM-4.5-355B-A32B,36,2,72,TP36/DP2/EP72,0.9,104,52,22730.681234993695,20636.763853694232,0.9078814506414399,weight
32768,H100NVL,H100NVLx72,GLM-4.5-355B-A32B,36,2,72,TP36/DP2/EP72,0.95,110,55,22730.681234993695,21696.598482548052,0.9545071816477861,weight
65536,H100NVL,H100NVLx72,GLM-4.5-355B-A32B,36,2,72,TP36/DP2/EP72,0.9,40,20,11367.786715914774,10386.031060242814,0.9136370447294272,weight
65536,H100NVL,H100NVLx72,GLM-4.5-355B-A32B,36,2,72,TP36/DP2/EP72,0.95,44,22,11367.786715914774,10932.081580709371,0.9616719466951803,kv
131072,H100NVL,H100NVLx72,GLM-4.5-355B-A32B,36,2,72,TP36/DP2/EP72,0.9,8,4,5684.505080005624,5120.718482680672,0.9008204602880936,kv
131072,H100NVL,H100NVLx72,GLM-4.5-355B-A32B,36,2,72,TP36/DP2/EP72,0.95,18,9,5684.505080005624,5419.630652145222,0.9534041356050401,kv
262144,H100NVL,H100NVLx72,GLM-4.5-355B-A32B,36,2,72,TP36/DP2/EP72,0.9,4,2,2842.405495204638,2560.359241340336,0.9007719854397495,kv
262144,H100NVL,H100NVLx72,GLM-4.5-355B-A32B,36,2,72,TP36/DP2/EP72,0.95,10,5,2842.405495204638,2722.5291214334848,0.9578257310670859,kv
524288,H100NVL,H100NVLx72,GLM-4.5-355B-A32B,36,2,72,TP36/DP2/EP72,0.9,2,1,1421.2409894895777,1280.179620670168,0.9007477480155774,kv
524288,H100NVL,H100NVLx72,GLM-4.5-355B-A32B,36,2,72,TP36/DP2/EP72,0.95,6,3,1421.2409894895777,1370.9125437571095,0.9645883800814504,kv
1048576,H100NVL,H100NVLx72,GLM-4.5-355B-A32B,36,2,72,TP36/DP2/EP72,0.9,2,1,710.6300556024901,673.5222737744972,0.9477818570500344,kv
1048576,H100NVL,H100NVLx72,GLM-4.5-355B-A32B,36,2,72,TP36/DP2/EP72,0.95,4,2,710.6300556024901,691.583280501484,0.9731973409359138,kv
8192,H100NVL,H100NVLx72,GLM-4.5-355B-A32B,72,1,72,TP72/DP1/EP72,0.9,222,222,90589.49773032767,81810.5546564176,0.9030909399669732,weight
8192,H100NVL,H100NVLx72,GLM-4.5-355B-A32B,72,1,72,TP72/DP1/EP72,0.95,296,296,90589.49773032767,86066.31495314847,0.9500694573818691,kv
16384,H100NVL,H100NVLx72,GLM-4.5-355B-A32B,72,1,72,TP72/DP1/EP72,0.9,111,111,45387.65122735645,40934.140265189206,0.901878355858102,weight
16384,H100NVL,H100NVLx72,GLM-4.5-355B-A32B,72,1,72,TP72/DP1/EP72,0.95,154,154,45387.65122735645,43123.58236844474,0.9501170737483086,kv
32768,H100NVL,H100NVLx72,GLM-4.5-355B-A32B,72,1,72,TP72/DP1/EP72,0.9,54,54,22717.12273328943,20471.8393140374,0.9011633891486699,weight
32768,H100NVL,H100NVLx72,GLM-4.5-355B-A32B,72,1,72,TP72/DP1/EP72,0.95,79,79,22717.12273328943,21590.121619256086,0.9503897950781482,kv
65536,H100NVL,H100NVLx72,GLM-4.5-355B-A32B,72,1,72,TP72/DP1/EP72,0.9,22,22,11364.39461982278,10377.48380992089,0.9131576434189963,kv
65536,H100NVL,H100NVLx72,GLM-4.5-355B-A32B,72,1,72,TP72/DP1/EP72,0.95,40,40,11364.39461982278,10801.891096503588,0.9505029927121658,kv
131072,H100NVL,H100NVLx72,GLM-4.5-355B-A32B,72,1,72,TP72/DP1/EP72,0.9,10,10,5683.656746881954,5143.830445527109,0.9050213048754232,kv
131072,H100NVL,H100NVLx72,GLM-4.5-355B-A32B,72,1,72,TP72/DP1/EP72,0.95,20,20,5683.656746881954,5400.945548251794,0.9502589246288924,kv
262144,H100NVL,H100NVLx72,GLM-4.5-355B-A32B,72,1,72,TP72/DP1/EP72,0.9,5,5,2842.193373269406,2571.9152227635545,0.9049050803341548,kv
262144,H100NVL,H100NVLx72,GLM-4.5-355B-A32B,72,1,72,TP72/DP1/EP72,0.95,10,10,2842.193373269406,2700.472774125897,0.9501368905872558,kv
524288,H100NVL,H100NVLx72,GLM-4.5-355B-A32B,72,1,72,TP72/DP1/EP72,0.9,3,3,1421.1879541729343,1306.6928990561858,0.919437077424865,kv
524288,H100NVL,H100NVLx72,GLM-4.5-355B-A32B,72,1,72,TP72/DP1/EP72,0.95,5,5,1421.1879541729343,1350.2363870629486,0.9500758735664374,kv
1048576,H100NVL,H100NVLx72,GLM-4.5-355B-A32B,72,1,72,TP72/DP1/EP72,0.9,2,2,710.6167961691594,666.7858469778397,0.9383198519545182,kv
1048576,H100NVL,H100NVLx72,GLM-4.5-355B-A32B,72,1,72,TP72/DP1/EP72,0.95,3,3,710.6167961691594,680.789755799123,0.9580265474573215,kv
8192,H100NVL,H100NVLx72,Llama-3.1-405B,1,72,1,TP1/DP72/EP1,0.9,11880,165,63296.00000000001,57200.0,0.9036905965621839,weight
8192,H100NVL,H100NVLx72,Llama-3.1-405B,1,72,1,TP1/DP72/EP1,0.95,12528,174,63296.00000000001,60320.0,0.9529828109201213,weight
16384,H100NVL,H100NVLx72,Llama-3.1-405B,1,72,1,TP1/DP72/EP1,0.9,6264,87,33208.30208914621,30160.0,0.9082066261333333,weight
16384,H100NVL,H100NVLx72,Llama-3.1-405B,1,72,1,TP1/DP72/EP1,0.95,6624,92,33208.30208914621,31893.333333333332,0.9604024092444443,weight
32768,H100NVL,H100NVLx72,Llama-3.1-405B,1,72,1,TP1/DP72/EP1,0.9,3168,44,16604.151044573104,15253.333333333332,0.9186457827555554,weight
32768,H100NVL,H100NVLx72,Llama-3.1-405B,1,72,1,TP1/DP72/EP1,0.95,3312,46,16604.151044573104,15946.666666666666,0.9604024092444443,weight
65536,H100NVL,H100NVLx72,Llama-3.1-405B,1,72,1,TP1/DP72/EP1,0.9,1584,22,8302.075522286552,7626.666666666666,0.9186457827555554,weight
65536,H100NVL,H100NVLx72,Llama-3.1-405B,1,72,1,TP1/DP72/EP1,0.95,1656,23,8302.075522286552,7973.333333333333,0.9604024092444443,weight
131072,H100NVL,H100NVLx72,Llama-3.1-405B,1,72,1,TP1/DP72/EP1,0.9,792,11,4151.037761143276,3813.333333333333,0.9186457827555554,weight
131072,H100NVL,H100NVLx72,Llama-3.1-405B,1,72,1,TP1/DP72/EP1,0.95,864,12,4151.037761143276,4151.037761143276,1.0,kv
262144,H100NVL,H100NVLx72,Llama-3.1-405B,1,72,1,TP1/DP72/EP1,0.9,432,6,2075.518880571638,2075.518880571638,1.0,kv
262144,H100NVL,H100NVLx72,Llama-3.1-405B,1,72,1,TP1/DP72/EP1,0.95,432,6,2075.518880571638,2075.518880571638,1.0,kv
524288,H100NVL,H100NVLx72,Llama-3.1-405B,1,72,1,TP1/DP72/EP1,0.9,216,3,1037.759440285819,1037.759440285819,1.0,kv
524288,H100NVL,H100NVLx72,Llama-3.1-405B,1,72,1,TP1/DP72/EP1,0.95,216,3,1037.759440285819,1037.759440285819,1.0,kv
1048576,H100NVL,H100NVLx72,Llama-3.1-405B,1,72,1,TP1/DP72/EP1,0.9,144,2,518.8797201429095,518.8797201429095,1.0,kv
1048576,H100NVL,H100NVLx72,Llama-3.1-405B,1,72,1,TP1/DP72/EP1,0.95,144,2,518.8797201429095,518.8797201429095,1.0,kv
8192,H100NVL,H100NVLx72,Llama-3.1-405B,2,36,1,TP2/DP36/EP1,0.9,5940,165,63295.184909663076,57183.480327905265,0.9034412397960345,weight
8192,H100NVL,H100NVLx72,Llama-3.1-405B,2,36,1,TP2/DP36/EP1,0.95,6264,174,63295.184909663076,60302.579254881915,0.9527198528758182,weight
16384,H100NVL,H100NVLx72,Llama-3.1-405B,2,36,1,TP2/DP36/EP1,0.9,3132,87,33208.077727192074,30151.289627440958,0.907950465399926,weight
16384,H100NVL,H100NVLx72,Llama-3.1-405B,2,36,1,TP2/DP36/EP1,0.95,3312,92,33208.077727192074,31884.12236465021,0.9601315266298068,weight
32768,H100NVL,H100NVLx72,Llama-3.1-405B,2,36,1,TP2/DP36/EP1,0.9,1584,44,16604.094953895088,15248.928087441405,0.9183835752435408,weight
32768,H100NVL,H100NVLx72,Llama-3.1-405B,2,36,1,TP2/DP36/EP1,0.95,1656,46,16604.094953895088,15942.061182325106,0.9601282832091562,weight
65536,H100NVL,H100NVLx72,Llama-3.1-405B,2,36,1,TP2/DP36/EP1,0.9,792,22,8302.061499593363,7624.464043720703,0.9183820240423599,weight
65536,H100NVL,H100NVLx72,Llama-3.1-405B,2,36,1,TP2/DP36/EP1,0.95,828,23,8302.061499593363,7971.030591162553,0.9601266614988309,weight
131072,H100NVL,H100NVLx72,Llama-3.1-405B,2,36,1,TP2/DP36/EP1,0.9,396,11,4151.034255467018,3812.2320218603513,0.9183812484417696,weight
131072,H100NVL,H100NVLx72,Llama-3.1-405B,2,36,1,TP2/DP36/EP1,0.95,432,12,4151.034255467018,4149.841500811843,0.9997126608498582,kv
262144,H100NVL,H100NVLx72,Llama-3.1-405B,2,36,1,TP2/DP36/EP1,0.9,216,6,2075.5180041522035,2074.9207504059214,0.9997122387061508,kv
262144,H100NVL,H100NVLx72,Llama-3.1-405B,2,36,1,TP2/DP36/EP1,0.95,216,6,2075.5180041522035,2074.9207504059214,0.9997122387061508,kv
524288,H100NVL,H100NVLx72,Llama-3.1-405B,2,36,1,TP2/DP36/EP1,0.9,108,3,1037.759221180914,1037.4603752029607,0.9997120276342972,kv
524288,H100NVL,H100NVLx72,Llama-3.1-405B,2,36,1,TP2/DP36/EP1,0.95,108,3,1037.759221180914,1037.4603752029607,0.9997120276342972,kv
1048576,H100NVL,H100NVLx72,Llama-3.1-405B,2,36,1,TP2/DP36/EP1,0.9,72,2,518.8796653666775,518.7675626563552,0.9997839523924239,kv
1048576,H100NVL,H100NVLx72,Llama-3.1-405B,2,36,1,TP2/DP36/EP1,0.95,72,2,518.8796653666775,518.7675626563552,0.9997839523924239,kv
8192,H100NVL,H100NVLx72,Llama-3.1-405B,4,18,1,TP4/DP18/EP1,0.9,2970,165,63292.73976460275,57133.978513717484,0.9026940329366239,weight
8192,H100NVL,H100NVLx72,Llama-3.1-405B,4,18,1,TP4/DP18/EP1,0.95,3132,174,63292.73976460275,60250.37734173844,0.9519318892786216,weight
16384,H100NVL,H100NVLx72,Llama-3.1-405B,4,18,1,TP4/DP18/EP1,0.9,1566,87,33207.404659519314,30125.18867086922,0.9071828701986038,weight
16384,H100NVL,H100NVLx72,Llama-3.1-405B,4,18,1,TP4/DP18/EP1,0.95,1656,92,33207.404659519314,31856.521353103082,0.9593198167617419,weight
32768,H100NVL,H100NVLx72,Llama-3.1-405B,4,18,1,TP4/DP18/EP1,0.9,792,44,16603.926684134793,15235.727603657995,0.9175978606443664,weight
32768,H100NVL,H100NVLx72,Llama-3.1-405B,4,18,1,TP4/DP18/EP1,0.95,828,46,16603.926684134793,15928.260676551541,0.9593068543100195,weight
65536,H100NVL,H100NVLx72,Llama-3.1-405B,4,18,1,TP4/DP18/EP1,0.9,396,22,8302.019431798019,7617.863801828998,0.9175916612109339,weight
65536,H100NVL,H100NVLx72,Llama-3.1-405B,4,18,1,TP4/DP18/EP1,0.95,414,23,8302.019431798019,7964.130338275771,0.9593003730841583,weight
131072,H100NVL,H100NVLx72,Llama-3.1-405B,4,18,1,TP4/DP18/EP1,0.9,198,11,4151.023738473772,3808.931900914499,0.9175885614942179,weight
131072,H100NVL,H100NVLx72,Llama-3.1-405B,4,18,1,TP4/DP18/EP1,0.95,216,12,4151.023738473772,4146.256853153043,0.9988516362177005,kv
262144,H100NVL,H100NVLx72,Llama-3.1-405B,4,18,1,TP4/DP18/EP1,0.9,108,6,2075.5153748983407,2073.1284265765216,0.9988499491014678,kv
262144,H100NVL,H100NVLx72,Llama-3.1-405B,4,18,1,TP4/DP18/EP1,0.95,108,6,2075.5153748983407,2073.1284265765216,0.9988499491014678,kv
524288,H100NVL,H100NVLx72,Llama-3.1-405B,4,18,1,TP4/DP18/EP1,0.9,54,3,1037.7585638667545,1036.5642132882608,0.9988491055433516,kv
524288,H100NVL,H100NVLx72,Llama-3.1-405B,4,18,1,TP4/DP18/EP1,0.95,54,3,1037.7585638667545,1036.5642132882608,0.9988491055433516,kv
1048576,H100NVL,H100NVLx72,Llama-3.1-405B,4,18,1,TP4/DP18/EP1,0.9,36,2,518.8795010380509,518.4313809264954,0.9991363695989937,kv
1048576,H100NVL,H100NVLx72,Llama-3.1-405B,4,18,1,TP4/DP18/EP1,0.95,36,2,518.8795010380509,518.4313809264954,0.9991363695989937,kv
8192,H100NVL,H100NVLx72,Llama-3.1-405B,8,9,1,TP8/DP9/EP1,0.9,1485,165,63286.220301269066,57002.39170874302,0.9007077913230973,weight
8192,H100NVL,H100NVLx72,Llama-3.1-405B,8,9,1,TP8/DP9/EP1,0.95,1575,175,63286.220301269066,60457.082115333505,0.9552961423123759,weight
16384,H100NVL,H100NVLx72,Llama-3.1-405B,8,9,1,TP8/DP9/EP1,0.9,783,87,33205.60994577186,30055.80653733723,0.9051424318487575,weight
16384,H100NVL,H100NVLx72,Llama-3.1-405B,8,9,1,TP8/DP9/EP1,0.95,828,92,33205.60994577186,31783.15174063247,0.9571621118400654,weight
32768,H100NVL,H100NVLx72,Llama-3.1-405B,8,9,1,TP8/DP9/EP1,0.9,396,44,16603.477981447446,15200.63778899814,0.9155092569149171,weight
32768,H100NVL,H100NVLx72,Llama-3.1-405B,8,9,1,TP8/DP9/EP1,0.95,414,46,16603.477981447446,15891.575870316236,0.9571233140474132,weight
65536,H100NVL,H100NVLx72,Llama-3.1-405B,8,9,1,TP8/DP9/EP1,0.9,198,22,8301.90725309467,7600.31889449907,0.9154907014488661,weight
65536,H100NVL,H100NVLx72,Llama-3.1-405B,8,9,1,TP8/DP9/EP1,0.95,207,23,8301.90725309467,7945.787935158118,0.9571039151510873,weight
131072,H100NVL,H100NVLx72,Llama-3.1-405B,8,9,1,TP8/DP9/EP1,0.9,99,11,4150.995693418984,3800.159447249535,0.9154814237158407,weight
131072,H100NVL,H100NVLx72,Llama-3.1-405B,8,9,1,TP8/DP9/EP1,0.95,108,12,4150.995693418984,4136.72799936582,0.9965628261007874,kv
262144,H100NVL,H100NVLx72,Llama-3.1-405B,8,9,1,TP8/DP9/EP1,0.9,54,6,2075.5083635872743,2068.36399968291,0.9965577763839911,kv
262144,H100NVL,H100NVLx72,Llama-3.1-405B,8,9,1,TP8/DP9/EP1,0.95,54,6,2075.5083635872743,2068.36399968291,0.9965577763839911,kv
524288,H100NVL,H100NVLx72,Llama-3.1-405B,8,9,1,TP8/DP9/EP1,0.9,27,3,1037.7568110330665,1034.181999841455,0.9965552515255932,kv
524288,H100NVL,H100NVLx72,Llama-3.1-405B,8,9,1,TP8/DP9/EP1,0.95,27,3,1037.7568110330665,1034.181999841455,0.9965552515255932,kv
1048576,H100NVL,H100NVLx72,Llama-3.1-405B,8,9,1,TP8/DP9/EP1,0.9,18,2,518.8790628288887,517.5370228151,0.9974135784040468,kv
1048576,H100NVL,H100NVLx72,Llama-3.1-405B,8,9,1,TP8/DP9/EP1,0.95,18,2,518.8790628288887,517.5370228151,0.9974135784040468,kv
8192,H100NVL,H100NVLx72,Llama-3.1-405B,12,6,1,TP12/DP6/EP1,0.9,996,166,63278.47221956563,57191.283746825844,0.9038031693998827,weight
8192,H100NVL,H100NVLx72,Llama-3.1-405B,12,6,1,TP12/DP6/EP1,0.95,1050,175,63278.47221956563,60292.015998159775,0.9528045460540931,weight
16384,H100NVL,H100NVLx72,Llama-3.1-405B,12,6,1,TP12/DP6/EP1,0.9,522,87,33203.47678262706,29973.745096228,0.9027291115462661,weight
16384,H100NVL,H100NVLx72,Llama-3.1-405B,12,6,1,TP12/DP6/EP1,0.95,552,92,33203.47678262706,31696.374124746853,0.9546100949684654,weight
32768,H100NVL,H100NVLx72,Llama-3.1-405B,12,6,1,TP12/DP6/EP1,0.9,264,44,16602.944630294773,15159.135450965887,0.9130389692022208,weight
32768,H100NVL,H100NVLx72,Llama-3.1-405B,12,6,1,TP12/DP6/EP1,0.95,276,46,16602.944630294773,15848.187062373427,0.9545407405295945,weight
65536,H100NVL,H100NVLx72,Llama-3.1-405B,12,6,1,TP12/DP6/EP1,0.9,132,22,8301.773907759707,7579.567725482943,0.9130057996879782,weight
65536,H100NVL,H100NVLx72,Llama-3.1-405B,12,6,1,TP12/DP6/EP1,0.95,138,23,8301.773907759707,7924.093531186713,0.9545060633101591,weight
131072,H100NVL,H100NVLx72,Llama-3.1-405B,12,6,1,TP12/DP6/EP1,0.9,66,11,4150.962356141832,3789.7838627414717,0.912989214930857,weight
131072,H100NVL,H100NVLx72,Llama-3.1-405B,12,6,1,TP12/DP6/EP1,0.95,72,12,4150.962356141832,4125.457663714952,0.9938557157982552,kv
262144,H100NVL,H100NVLx72,Llama-3.1-405B,12,6,1,TP12/DP6/EP1,0.9,36,6,2075.500029150056,2062.728831857476,0.9938466889360585,kv
262144,H100NVL,H100NVLx72,Llama-3.1-405B,12,6,1,TP12/DP6/EP1,0.95,36,6,2075.500029150056,2062.728831857476,0.9938466889360585,kv
524288,H100NVL,H100NVLx72,Llama-3.1-405B,12,6,1,TP12/DP6/EP1,0.9,18,3,1037.7547274090205,1031.364415928738,0.9938421755049603,kv
524288,H100NVL,H100NVLx72,Llama-3.1-405B,12,6,1,TP12/DP6/EP1,0.95,18,3,1037.7547274090205,1031.364415928738,0.9938421755049603,kv
1048576,H100NVL,H100NVLx72,Llama-3.1-405B,12,6,1,TP12/DP6/EP1,0.9,12,2,518.8785419210345,516.4778857802578,0.9953733755651394,kv
1048576,H100NVL,H100NVLx72,Llama-3.1-405B,12,6,1,TP12/DP6/EP1,0.95,12,2,518.8785419210345,516.4778857802578,0.9953733755651394,kv
8192,H100NVL,H100NVLx72,Llama-3.1-405B,18,4,1,TP18/DP4/EP1,0.9,668,167,63265.4245926286,57272.397171106866,0.9052716794345198,weight
8192,H100NVL,H100NVLx72,Llama-3.1-405B,18,4,1,TP18/DP4/EP1,0.95,704,176,63265.4245926286,60358.933545597654,0.954058775930991,weight
16384,H100NVL,H100NVLx72,Llama-3.1-405B,18,4,1,TP18/DP4/EP1,0.9,352,88,33199.88401402525,30179.466772798827,0.9090232592393861,weight
16384,H100NVL,H100NVLx72,Llama-3.1-405B,18,4,1,TP18/DP4/EP1,0.95,368,92,33199.88401402525,31551.260717016954,0.9503424982957218,weight
32768,H100NVL,H100NVLx72,Llama-3.1-405B,18,4,1,TP18/DP4/EP1,0.9,176,44,16602.046259018563,15089.733386399414,0.9089080436818063,weight
32768,H100NVL,H100NVLx72,Llama-3.1-405B,18,4,1,TP18/DP4/EP1,0.95,184,46,16602.046259018563,15775.630358508477,0.9502220456673429,weight
65536,H100NVL,H100NVLx72,Llama-3.1-405B,18,4,1,TP18/DP4/EP1,0.9,88,22,8301.549292544789,7544.866693199707,0.9088504359030162,weight
65536,H100NVL,H100NVLx72,Llama-3.1-405B,18,4,1,TP18/DP4/EP1,0.95,92,23,8301.549292544789,7887.8151792542385,0.9501618193531532,weight
131072,H100NVL,H100NVLx72,Llama-3.1-405B,18,4,1,TP18/DP4/EP1,0.9,44,11,4150.906199538297,3772.4333465998534,0.9088216320136212,weight
131072,H100NVL,H100NVLx72,Llama-3.1-405B,18,4,1,TP18/DP4/EP1,0.95,48,12,4150.906199538297,4106.610609496716,0.9893286940460114,kv
262144,H100NVL,H100NVLx72,Llama-3.1-405B,18,4,1,TP18/DP4/EP1,0.9,24,6,2075.485989649176,2053.305304748358,0.9893130163193405,kv
262144,H100NVL,H100NVLx72,Llama-3.1-405B,18,4,1,TP18/DP4/EP1,0.95,24,6,2075.485989649176,2053.305304748358,0.9893130163193405,kv
524288,H100NVL,H100NVLx72,Llama-3.1-405B,18,4,1,TP18/DP4/EP1,0.9,12,3,1037.7512174900498,1026.652652374179,0.9893051774560051,kv
524288,H100NVL,H100NVLx72,Llama-3.1-405B,18,4,1,TP18/DP4/EP1,0.95,12,3,1037.7512174900498,1026.652652374179,0.9893051774560051,kv
1048576,H100NVL,H100NVLx72,Llama-3.1-405B,18,4,1,TP18/DP4/EP1,0.9,8,2,518.8776644358229,514.7035005098708,0.991955398715243,kv
1048576,H100NVL,H100NVLx72,Llama-3.1-405B,18,4,1,TP18/DP4/EP1,0.95,8,2,518.8776644358229,514.7035005098708,0.991955398715243,kv
8192,H100NVL,H100NVLx72,Llama-3.1-405B,24,3,1,TP24/DP3/EP1,0.9,501,167,63251.18527106946,56987.5427454796,0.9009719343796266,weight
8192,H100NVL,H100NVLx72,Llama-3.1-405B,24,3,1,TP24/DP3/EP1,0.95,531,177,63251.18527106946,60399.970454789756,0.9549223496119397,weight
16384,H100NVL,H100NVLx72,Llama-3.1-405B,24,3,1,TP24/DP3/EP1,0.9,264,88,33195.96229900586,30029.36384192937,0.9046089271775284,weight
16384,H100NVL,H100NVLx72,Llama-3.1-405B,24,3,1,TP24/DP3/EP1,0.95,279,93,33195.96229900586,31735.57769658445,0.9560071616762515,weight
32768,H100NVL,H100NVLx72,Llama-3.1-405B,24,3,1,TP24/DP3/EP1,0.9,132,44,16601.065523767527,15014.681920964686,0.9044408564901067,weight
32768,H100NVL,H100NVLx72,Llama-3.1-405B,24,3,1,TP24/DP3/EP1,0.95,141,47,16601.065523767527,16038.410233757733,0.9661072785235232,weight
65536,H100NVL,H100NVLx72,Llama-3.1-405B,24,3,1,TP24/DP3/EP1,0.9,66,22,8301.30407040637,7507.340960482343,0.904356821146396,weight
65536,H100NVL,H100NVLx72,Llama-3.1-405B,24,3,1,TP24/DP3/EP1,0.95,72,24,8301.30407040637,8172.4579388937955,0.9844788083390533,kv
131072,H100NVL,H100NVLx72,Llama-3.1-405B,24,3,1,TP24/DP3/EP1,0.9,33,11,4150.844889212133,3753.6704802411714,0.9043148034745405,weight
131072,H100NVL,H100NVLx72,Llama-3.1-405B,24,3,1,TP24/DP3/EP1,0.95,36,12,4150.844889212133,4086.2289694468977,0.9844330680885789,kv
262144,H100NVL,H100NVLx72,Llama-3.1-405B,24,3,1,TP24/DP3/EP1,0.9,18,6,2075.470661468637,2043.1144847234489,0.9844101979633418,kv
262144,H100NVL,H100NVLx72,Llama-3.1-405B,24,3,1,TP24/DP3/EP1,0.95,18,6,2075.470661468637,2043.1144847234489,0.9844101979633418,kv
524288,H100NVL,H100NVLx72,Llama-3.1-405B,24,3,1,TP24/DP3/EP1,0.9,9,3,1037.747385370037,1021.5572423617244,0.9843987629007233,kv
524288,H100NVL,H100NVLx72,Llama-3.1-405B,24,3,1,TP24/DP3/EP1,0.95,9,3,1037.747385370037,1021.5572423617244,0.9843987629007233,kv
1048576,H100NVL,H100NVLx72,Llama-3.1-405B,24,3,1,TP24/DP3/EP1,0.9,6,2,518.8767063964597,512.7800880322611,0.9882503525615192,kv
1048576,H100NVL,H100NVLx72,Llama-3.1-405B,24,3,1,TP24/DP3/EP1,0.95,6,2,518.8767063964597,512.7800880322611,0.9882503525615192,kv
8192,H100NVL,H100NVLx72,Llama-3.1-405B,36,2,1,TP36/DP2/EP1,0.9,338,169,63220.23860718159,57052.87930950496,0.9024464406723065,weight
8192,H100NVL,H100NVLx72,Llama-3.1-405B,36,2,1,TP36/DP2/EP1,0.95,356,178,63220.23860718159,60091.198325987476,0.9505057185779323,weight
16384,H100NVL,H100NVLx72,Llama-3.1-405B,36,2,1,TP36/DP2/EP1,0.9,178,89,33187.43624643689,30045.599162993738,0.905330527488984,weight
16384,H100NVL,H100NVLx72,Llama-3.1-405B,36,2,1,TP36/DP2/EP1,0.95,188,94,33187.43624643689,31733.55417215069,0.9561917930782527,weight
32768,H100NVL,H100NVLx72,Llama-3.1-405B,36,2,1,TP36/DP2/EP1,0.9,90,45,16598.93294454586,15191.595082412565,0.9152151607073198,weight
32768,H100NVL,H100NVLx72,Llama-3.1-405B,36,2,1,TP36/DP2/EP1,0.95,94,47,16598.93294454586,15866.777086075344,0.9558913900720895,weight
65536,H100NVL,H100NVLx72,Llama-3.1-405B,36,2,1,TP36/DP2/EP1,0.9,46,23,8300.770792264388,7764.593042121977,0.9354062696632844,weight
65536,H100NVL,H100NVLx72,Llama-3.1-405B,36,2,1,TP36/DP2/EP1,0.95,48,24,8300.770792264388,8085.1848409161175,0.9740282009052487,kv
131072,H100NVL,H100NVLx72,Llama-3.1-405B,36,2,1,TP36/DP2/EP1,0.9,24,12,4150.711553004774,4042.5924204580588,0.9739516631868949,kv
131072,H100NVL,H100NVLx72,Llama-3.1-405B,36,2,1,TP36/DP2/EP1,0.95,24,12,4150.711553004774,4042.5924204580588,0.9739516631868949,kv
262144,H100NVL,H100NVLx72,Llama-3.1-405B,36,2,1,TP36/DP2/EP1,0.9,12,6,2075.437325332515,2021.2962102290294,0.9739133943277178,kv
262144,H100NVL,H100NVLx72,Llama-3.1-405B,36,2,1,TP36/DP2/EP1,0.95,12,6,2075.437325332515,2021.2962102290294,0.9739133943277178,kv
524288,H100NVL,H100NVLx72,Llama-3.1-405B,36,2,1,TP36/DP2/EP1,0.9,6,3,1037.7390510754524,1010.6481051145147,0.9738942598981293,kv
524288,H100NVL,H100NVLx72,Llama-3.1-405B,36,2,1,TP36/DP2/EP1,0.95,6,3,1037.7390510754524,1010.6481051145147,0.9738942598981293,kv
1048576,H100NVL,H100NVLx72,Llama-3.1-405B,36,2,1,TP36/DP2/EP1,0.9,4,2,518.874622790243,508.64613164982325,0.9802871624643807,kv
1048576,H100NVL,H100NVLx72,Llama-3.1-405B,36,2,1,TP36/DP2/EP1,0.95,4,2,518.874622790243,508.64613164982325,0.9802871624643807,kv
8192,H100NVL,H100NVLx72,Llama-3.1-405B,72,1,1,TP72/DP1/EP1,0.9,175,175,63115.46838518868,57008.58429543764,0.9032426717887727,weight
8192,H100NVL,H100NVLx72,Llama-3.1-405B,72,1,1,TP72/DP1/EP1,0.95,211,211,63115.46838518868,59966.21462768037,0.9501032973677915,compute
16384,H100NVL,H100NVLx72,Llama-3.1-405B,72,1,1,TP72/DP1/EP1,0.9,92,92,33158.54175526204,29970.227172458646,0.9038463571065386,weight
16384,H100NVL,H100NVLx72,Llama-3.1-405B,72,1,1,TP72/DP1/EP1,0.95,114,114,33158.54175526204,31509.345278841844,0.9502632990137908,kv
32768,H100NVL,H100NVLx72,Llama-3.1-405B,72,1,1,TP72/DP1/EP1,0.9,46,46,16591.701633813445,14985.113586229323,0.9031691816160713,weight
32768,H100NVL,H100NVLx72,Llama-3.1-405B,72,1,1,TP72/DP1/EP1,0.95,58,58,16591.701633813445,15768.581780394541,0.9503896663774735,kv
65536,H100NVL,H100NVLx72,Llama-3.1-405B,72,1,1,TP72/DP1/EP1,0.9,23,23,8298.962002373808,7492.556793114662,0.9028305938708377,weight
65536,H100NVL,H100NVLx72,Llama-3.1-405B,72,1,1,TP72/DP1/EP1,0.95,29,29,8298.962002373808,7884.2908901972705,0.9500333762152512,kv
131072,H100NVL,H100NVLx72,Llama-3.1-405B,72,1,1,TP72/DP1/EP1,0.9,12,12,4150.259235180144,3901.2450247514244,0.9400003237585927,kv
131072,H100NVL,H100NVLx72,Llama-3.1-405B,72,1,1,TP72/DP1/EP1,0.95,15,15,4150.259235180144,3948.7692309054123,0.9514512244038207,kv
262144,H100NVL,H100NVLx72,Llama-3.1-405B,72,1,1,TP72/DP1/EP1,0.9,6,6,2075.3242308276026,1950.6225123757122,0.9399121753605886,kv
262144,H100NVL,H100NVLx72,Llama-3.1-405B,72,1,1,TP72/DP1/EP1,0.95,8,8,2075.3242308276026,1980.4158754568014,0.9542681794193896,kv
524288,H100NVL,H100NVLx72,Llama-3.1-405B,72,1,1,TP72/DP1/EP1,0.9,3,3,1037.7107755678326,975.3112561878561,0.9398681011615866,kv
524288,H100NVL,H100NVLx72,Llama-3.1-405B,72,1,1,TP72/DP1/EP1,0.95,4,4,1037.7107755678326,990.2079377284007,0.9542234320411307,kv
1048576,H100NVL,H100NVLx72,Llama-3.1-405B,72,1,1,TP72/DP1/EP1,0.9,2,2,518.8675536781457,495.10396886420034,0.9542010583520011,kv
1048576,H100NVL,H100NVLx72,Llama-3.1-405B,72,1,1,TP72/DP1/EP1,0.95,2,2,518.8675536781457,495.10396886420034,0.9542010583520011,kv
8192,H100NVL,H100NVLx72,Qwen3-Coder-480B-A35B,1,72,72,TP1/DP72/EP72,0.9,29952,416,134975.6794591104,121640.9503996868,0.9012064313151821,weight
8192,H100NVL,H100NVLx72,Qwen3-Coder-480B-A35B,1,72,72,TP1/DP72/EP72,0.95,31608,439,134975.6794591104,128366.29136048869,0.9510327480838949,weight
16384,H100NVL,H100NVLx72,Qwen3-Coder-480B-A35B,1,72,72,TP1/DP72/EP72,0.9,14976,208,67487.8397295552,60821.85400506836,0.9012268617398406,weight
16384,H100NVL,H100NVLx72,Qwen3-Coder-480B-A35B,1,72,72,TP1/DP72/EP72,0.95,15840,220,67487.8397295552,64330.136780307235,0.9532107863890463,weight
32768,H100NVL,H100NVLx72,Qwen3-Coder-480B-A35B,1,72,72,TP1/DP72/EP72,0.9,7488,104,33743.9198647776,30553.874045911805,0.905463092857934,weight
32768,H100NVL,H100NVLx72,Qwen3-Coder-480B-A35B,1,72,72,TP1/DP72/EP72,0.95,7920,110,33743.9198647776,32276.21230534076,0.9565045328071426,weight
65536,H100NVL,H100NVLx72,Qwen3-Coder-480B-A35B,1,72,72,TP1/DP72/EP72,0.9,3456,48,16871.9599323888,15307.793019522353,0.9072919258263681,weight
65536,H100NVL,H100NVLx72,Qwen3-Coder-480B-A35B,1,72,72,TP1/DP72/EP72,0.95,3672,51,16871.9599323888,16056.93375760489,0.9516934500763412,weight
131072,H100NVL,H100NVLx72,Qwen3-Coder-480B-A35B,1,72,72,TP1/DP72/EP72,0.9,936,13,8435.9799661944,7609.226029220604,0.9019966927035322,weight
131072,H100NVL,H100NVLx72,Qwen3-Coder-480B-A35B,1,72,72,TP1/DP72/EP72,0.95,1152,16,8435.9799661944,8194.422111124932,0.9713657623610457,weight
262144,H100NVL,H100NVLx72,Qwen3-Coder-480B-A35B,1,72,72,TP1/DP72/EP72,0.9,72,1,4217.9899830972,3957.8303393282695,0.938321417354837,weight
262144,H100NVL,H100NVLx72,Qwen3-Coder-480B-A35B,1,72,72,TP1/DP72/EP72,0.95,144,2,4217.9899830972,4217.9899830972,1.0,kv
524288,H100NVL,H100NVLx72,Qwen3-Coder-480B-A35B,1,72,72,TP1/DP72/EP72,0.9,72,1,2108.9949915486,2108.9949915486,1.0,kv
524288,H100NVL,H100NVLx72,Qwen3-Coder-480B-A35B,1,72,72,TP1/DP72/EP72,0.95,72,1,2108.9949915486,2108.9949915486,1.0,kv
1048576,H100NVL,H100NVLx72,Qwen3-Coder-480B-A35B,1,72,72,TP1/DP72/EP72,0.9,72,1,1054.4974957743,1054.4974957743,1.0,kv
1048576,H100NVL,H100NVLx72,Qwen3-Coder-480B-A35B,1,72,72,TP1/DP72/EP72,0.95,72,1,1054.4974957743,1054.4974957743,1.0,kv
8192,H100NVL,H100NVLx72,Qwen3-Coder-480B-A35B,2,36,72,TP2/DP36/EP72,0.9,14976,416,134971.97301099738,121611.3171540979,0.9010116281265973,weight
8192,H100NVL,H100NVLx72,Qwen3-Coder-480B-A35B,2,36,72,TP2/DP36/EP72,0.95,15804,439,134971.97301099738,128335.01973836361,0.9508271745268702,weight
16384,H100NVL,H100NVLx72,Qwen3-Coder-480B-A35B,2,36,72,TP2/DP36/EP72,0.9,7488,208,67486.91310480432,60807.03671055999,0.9010196779356204,weight
16384,H100NVL,H100NVLx72,Qwen3-Coder-480B-A35B,2,36,72,TP2/DP36/EP72,0.95,7920,220,67486.91310480432,64314.46496845733,0.9529916543757112,weight
32768,H100NVL,H100NVLx72,Qwen3-Coder-480B-A35B,2,36,72,TP2/DP36/EP72,0.9,3744,104,33743.688206999526,30546.395594601276,0.9052476838695116,weight
32768,H100NVL,H100NVLx72,Qwen3-Coder-480B-A35B,2,36,72,TP2/DP36/EP72,0.95,3960,110,33743.688206999526,32268.322159759202,0.9562772735988508,weight
65536,H100NVL,H100NVLx72,Qwen3-Coder-480B-A35B,2,36,72,TP2/DP36/EP72,0.9,1728,48,16871.90201774548,15303.725896806107,0.9070539812707541,weight
65536,H100NVL,H100NVLx72,Qwen3-Coder-480B-A35B,2,36,72,TP2/DP36/EP72,0.95,1836,51,16871.90201774548,16052.72203384138,0.9514470874094394,weight
131072,H100NVL,H100NVLx72,Qwen3-Coder-480B-A35B,2,36,72,TP2/DP36/EP72,0.9,468,13,8435.965487508722,7605.516279705143,0.9015584868106395,weight
131072,H100NVL,H100NVLx72,Qwen3-Coder-480B-A35B,2,36,72,TP2/DP36/EP72,0.95,576,16,8435.965487508722,8190.926282612389,0.9709530337387977,weight
262144,H100NVL,H100NVLx72,Qwen3-Coder-480B-A35B,2,36,72,TP2/DP36/EP72,0.9,36,1,4217.986363422674,3944.8195671897697,0.9352376293575203,weight
262144,H100NVL,H100NVLx72,Qwen3-Coder-480B-A35B,2,36,72,TP2/DP36/EP72,0.95,72,2,4217.986363422674,4210.589888941165,0.9982464441929804,kv
524288,H100NVL,H100NVLx72,Qwen3-Coder-480B-A35B,2,36,72,TP2/DP36/EP72,0.9,36,1,2108.99408662958,2105.2949444705823,0.9982460158696275,kv
524288,H100NVL,H100NVLx72,Qwen3-Coder-480B-A35B,2,36,72,TP2/DP36/EP72,0.95,36,1,2108.99408662958,2105.2949444705823,0.9982460158696275,kv
1048576,H100NVL,H100NVLx72,Qwen3-Coder-480B-A35B,2,36,72,TP2/DP36/EP72,0.9,36,1,1054.4972695444965,1053.5716718662984,0.9991222379564834,kv
1048576,H100NVL,H100NVLx72,Qwen3-Coder-480B-A35B,2,36,72,TP2/DP36/EP72,0.95,36,1,1054.4972695444965,1053.5716718662984,0.9991222379564834,kv
8192,H100NVL,H100NVLx72,Qwen3-Coder-480B-A35B,4,18,72,TP4/DP18/EP72,0.9,7488,416,134960.8548879118,121522.50398238418,0.900427787622652,weight
8192,H100NVL,H100NVLx72,Qwen3-Coder-480B-A35B,4,18,72,TP4/DP18/EP72,0.95,7902,439,134960.8548879118,128241.29622308991,0.9502110543801562,weight
16384,H100NVL,H100NVLx72,Qwen3-Coder-480B-A35B,4,18,72,TP4/DP18/EP72,0.9,3744,208,67484.1333832189,60762.628112503895,0.9003987317649037,weight
16384,H100NVL,H100NVLx72,Qwen3-Coder-480B-A35B,4,18,72,TP4/DP18/EP72,0.95,3960,220,67484.1333832189,64267.49531418467,0.9523348984750525,weight
32768,H100NVL,H100NVLx72,Qwen3-Coder-480B-A35B,4,18,72,TP4/DP18/EP72,0.9,1872,104,33742.993252749344,30523.98218991148,0.904602089129257,weight
32768,H100NVL,H100NVLx72,Qwen3-Coder-480B-A35B,4,18,72,TP4/DP18/EP72,0.95,1980,110,33742.993252749344,32244.67485166715,0.9555961621466373,weight
65536,H100NVL,H100NVLx72,Qwen3-Coder-480B-A35B,4,18,72,TP4/DP18/EP72,0.9,864,48,16871.72827620108,15291.53748544059,0.9063409056326805,weight
65536,H100NVL,H100NVLx72,Qwen3-Coder-480B-A35B,4,18,72,TP4/DP18/EP72,0.95,918,51,16871.72827620108,16040.100108917684,0.9507087742483102,weight
131072,H100NVL,H100NVLx72,Qwen3-Coder-480B-A35B,4,18,72,TP4/DP18/EP72,0.9,234,13,8435.922051749882,7594.408702969533,0.9002464290663056,weight
131072,H100NVL,H100NVLx72,Qwen3-Coder-480B-A35B,4,18,72,TP4/DP18/EP72,0.95,288,16,8435.922051749882,8180.456670495805,0.9697169580649355,weight
262144,H100NVL,H100NVLx72,Qwen3-Coder-480B-A35B,4,18,72,TP4/DP18/EP72,0.9,18,1,4217.97550443637,3906.2954899795286,0.9261067272370302,weight
262144,H100NVL,H100NVLx72,Qwen3-Coder-480B-A35B,4,18,72,TP4/DP18/EP72,0.95,36,2,4217.97550443637,4188.544584594573,0.9930225010053183,kv
524288,H100NVL,H100NVLx72,Qwen3-Coder-480B-A35B,4,18,72,TP4/DP18/EP72,0.9,18,1,2108.9913718771804,2094.2722922972866,0.9930207966821635,kv
524288,H100NVL,H100NVLx72,Qwen3-Coder-480B-A35B,4,18,72,TP4/DP18/EP72,0.95,18,1,2108.9913718771804,2094.2722922972866,0.9930207966821635,kv
1048576,H100NVL,H100NVLx72,Qwen3-Coder-480B-A35B,4,18,72,TP4/DP18/EP72,0.9,18,1,1054.4965908556685,1050.8039287362924,0.9964981753839719,kv
1048576,H100NVL,H100NVLx72,Qwen3-Coder-480B-A35B,4,18,72,TP4/DP18/EP72,0.95,18,1,1054.4965908556685,1050.8039287362924,0.9964981753839719,kv
8192,H100NVL,H100NVLx72,Qwen3-Coder-480B-A35B,8,9,72,TP8/DP9/EP72,0.9,3753,417,134931.2155125917,121577.855424333,0.9010357978505531,weight
8192,H100NVL,H100NVLx72,Qwen3-Coder-480B-A35B,8,9,72,TP8/DP9/EP72,0.95,3960,440,134931.2155125917,128283.58841295875,0.9507332156285763,weight
16384,H100NVL,H100NVLx72,Qwen3-Coder-480B-A35B,8,9,72,TP8/DP9/EP72,0.9,1881,209,67476.7219116991,60936.01301460755,0.9030671806248857,weight
16384,H100NVL,H100NVLx72,Qwen3-Coder-480B-A35B,8,9,72,TP8/DP9/EP72,0.95,1980,220,67476.7219116991,64142.57765331273,0.9505882300751142,weight
32768,H100NVL,H100NVLx72,Qwen3-Coder-480B-A35B,8,9,72,TP8/DP9/EP72,0.9,936,104,33741.14018135371,30464.37360034713,0.9028851258909913,weight
32768,H100NVL,H100NVLx72,Qwen3-Coder-480B-A35B,8,9,72,TP8/DP9/EP72,0.95,990,110,33741.14018135371,32181.784477326677,0.9537847359145031,weight
65536,H100NVL,H100NVLx72,Qwen3-Coder-480B-A35B,8,9,72,TP8/DP9/EP72,0.9,432,48,16871.264982909306,15259.129769487074,0.9044449118038668,weight
65536,H100NVL,H100NVLx72,Qwen3-Coder-480B-A35B,8,9,72,TP8/DP9/EP72,0.95,468,52,16871.264982909306,16258.21499987067,0.9636630695054781,weight
131072,H100NVL,H100NVLx72,Qwen3-Coder-480B-A35B,8,9,72,TP8/DP9/EP72,0.9,126,14,8435.806225246364,7760.425604354468,0.9199388175998351,weight
131072,H100NVL,H100NVLx72,Qwen3-Coder-480B-A35B,8,9,72,TP8/DP9/EP72,0.95,144,16,8435.806225246364,8152.668108740602,0.9664361521654685,weight
262144,H100NVL,H100NVLx72,Qwen3-Coder-480B-A35B,8,9,72,TP8/DP9/EP72,0.9,9,1,4217.946547412907,3807.149809119269,0.9026074101044258,weight
262144,H100NVL,H100NVLx72,Qwen3-Coder-480B-A35B,8,9,72,TP8/DP9/EP72,0.95,18,2,4217.946547412907,4130.8701387633055,0.9793557344383582,kv
524288,H100NVL,H100NVLx72,Qwen3-Coder-480B-A35B,8,9,72,TP8/DP9/EP72,0.9,9,1,2108.984132571615,2065.4350693816527,0.9793506918722711,kv
524288,H100NVL,H100NVLx72,Qwen3-Coder-480B-A35B,8,9,72,TP8/DP9/EP72,0.95,9,1,2108.984132571615,2065.4350693816527,0.9793506918722711,kv
1048576,H100NVL,H100NVLx72,Qwen3-Coder-480B-A35B,8,9,72,TP8/DP9/EP72,0.9,9,1,1054.494781023065,1043.493878952191,0.9895676088029559,kv
1048576,H100NVL,H100NVLx72,Qwen3-Coder-480B-A35B,8,9,72,TP8/DP9/EP72,0.95,9,1,1054.494781023065,1043.493878952191,0.9895676088029559,kv
8192,H100NVL,H100NVLx72,Qwen3-Coder-480B-A35B,12,6,72,TP12/DP6/EP72,0.9,2508,418,134895.9994699715,121588.47791757164,0.9013497686759631,weight
8192,H100NVL,H100NVLx72,Qwen3-Coder-480B-A35B,12,6,72,TP12/DP6/EP72,0.95,2646,441,134895.9994699715,128278.75297624557,0.9509455690329871,weight
16384,H100NVL,H100NVLx72,Qwen3-Coder-480B-A35B,12,6,72,TP12/DP6/EP72,0.9,1254,209,67467.91385086352,60795.54143191684,0.9011030275265984,weight
16384,H100NVL,H100NVLx72,Qwen3-Coder-480B-A35B,12,6,72,TP12/DP6/EP72,0.95,1326,221,67467.91385086352,64285.561465217674,0.9528316172235535,weight
32768,H100NVL,H100NVLx72,Qwen3-Coder-480B-A35B,12,6,72,TP12/DP6/EP72,0.9,624,104,33738.93765960317,30393.81772830224,0.9008528376011625,weight
32768,H100NVL,H100NVLx72,Qwen3-Coder-480B-A35B,12,6,72,TP12/DP6/EP72,0.95,660,110,33738.93765960317,32107.3437153374,0.9516406248256198,weight
65536,H100NVL,H100NVLx72,Qwen3-Coder-480B-A35B,12,6,72,TP12/DP6/EP72,0.9,288,48,16870.714289137137,15220.784256237814,0.9022015307341377,weight
65536,H100NVL,H100NVLx72,Qwen3-Coder-480B-A35B,12,6,72,TP12/DP6/EP72,0.95,312,52,16870.714289137137,16218.030679069283,0.961312627380092,weight
131072,H100NVL,H100NVLx72,Qwen3-Coder-480B-A35B,12,6,72,TP12/DP6/EP72,0.9,84,14,8435.668543885455,7726.484307904221,0.9159302866996497,weight
131072,H100NVL,H100NVLx72,Qwen3-Coder-480B-A35B,12,6,72,TP12/DP6/EP72,0.95,96,16,8435.668543885455,8119.879848087583,0.9625650659274931,weight
262144,H100NVL,H100NVLx72,Qwen3-Coder-480B-A35B,12,6,72,TP12/DP6/EP72,0.9,12,2,4217.91212608288,4064.344198325869,0.9635914824286235,kv
262144,H100NVL,H100NVLx72,Qwen3-Coder-480B-A35B,12,6,72,TP12/DP6/EP72,0.95,12,2,4217.91212608288,4064.344198325869,0.9635914824286235,kv
524288,H100NVL,H100NVLx72,Qwen3-Coder-480B-A35B,12,6,72,TP12/DP6/EP72,0.9,6,1,2108.9755271153795,2032.1720991629345,0.9635825892880344,kv
524288,H100NVL,H100NVLx72,Qwen3-Coder-480B-A35B,12,6,72,TP12/DP6/EP72,0.95,6,1,2108.9755271153795,2032.1720991629345,0.9635825892880344,kv
1048576,H100NVL,H100NVLx72,Qwen3-Coder-480B-A35B,12,6,72,TP12/DP6/EP72,0.9,6,1,1054.4926296435394,1034.9354868371277,0.9814535045038457,kv
1048576,H100NVL,H100NVLx72,Qwen3-Coder-480B-A35B,12,6,72,TP12/DP6/EP72,0.95,6,1,1054.4926296435394,1034.9354868371277,0.9814535045038457,kv
8192,H100NVL,H100NVLx72,Qwen3-Coder-480B-A35B,18,4,72,TP18/DP4/EP72,0.9,1676,419,134836.71835505878,121407.91317426256,0.9004069118217871,weight
8192,H100NVL,H100NVLx72,Qwen3-Coder-480B-A35B,18,4,72,TP18/DP4/EP72,0.95,1772,443,134836.71835505878,128362.06567814451,0.9519815317674457,weight
16384,H100NVL,H100NVLx72,Qwen3-Coder-480B-A35B,18,4,72,TP18/DP4/EP72,0.9,840,210,67453.08156130624,60850.06843385402,0.9021095408154047,weight
16384,H100NVL,H100NVLx72,Qwen3-Coder-480B-A35B,18,4,72,TP18/DP4/EP72,0.95,888,222,67453.08156130624,64326.61573583579,0.9536497702832316,weight
32768,H100NVL,H100NVLx72,Qwen3-Coder-480B-A35B,18,4,72,TP18/DP4/EP72,0.9,420,105,33735.228084457594,30559.66107126911,0.9058679252074918,weight
32768,H100NVL,H100NVLx72,Qwen3-Coder-480B-A35B,18,4,72,TP18/DP4/EP72,0.95,444,111,33735.228084457594,32267.929383766714,0.9565054459683084,weight
65536,H100NVL,H100NVLx72,Qwen3-Coder-480B-A35B,18,4,72,TP18/DP4/EP72,0.9,196,49,16869.78670741846,15403.261997107671,0.9130679755621398,weight
65536,H100NVL,H100NVLx72,Qwen3-Coder-480B-A35B,18,4,72,TP18/DP4/EP72,0.95,208,52,16869.78670741846,16150.786065075987,0.9573793874924159,weight
131072,H100NVL,H100NVLx72,Qwen3-Coder-480B-A35B,18,4,72,TP18/DP4/EP72,0.9,56,14,8435.436624958764,7669.975398117437,0.9092564782507546,weight
131072,H100NVL,H100NVLx72,Qwen3-Coder-480B-A35B,18,4,72,TP18/DP4/EP72,0.95,64,16,8435.436624958764,8065.239187852942,0.9561140159585242,weight
262144,H100NVL,H100NVLx72,Qwen3-Coder-480B-A35B,18,4,72,TP18/DP4/EP72,0.9,8,2,4217.854143413736,3956.995903196573,0.9381538025385495,kv
262144,H100NVL,H100NVLx72,Qwen3-Coder-480B-A35B,18,4,72,TP18/DP4/EP72,0.95,12,3,4217.854143413736,4040.3296009144956,0.9579111708316305,kv
524288,H100NVL,H100NVLx72,Qwen3-Coder-480B-A35B,18,4,72,TP18/DP4/EP72,0.9,4,1,2108.9610310808885,1978.4979515982866,0.9381386959930044,kv
524288,H100NVL,H100NVLx72,Qwen3-Coder-480B-A35B,18,4,72,TP18/DP4/EP72,0.95,8,2,2108.9610310808885,2041.6633514711386,0.968089652384303,kv
1048576,H100NVL,H100NVLx72,Qwen3-Coder-480B-A35B,18,4,72,TP18/DP4/EP72,0.9,4,1,1054.4890055890146,1020.8316757355693,0.9680818579662241,kv
1048576,H100NVL,H100NVLx72,Qwen3-Coder-480B-A35B,18,4,72,TP18/DP4/EP72,0.95,4,1,1054.4890055890146,1020.8316757355693,0.9680818579662241,kv
8192,H100NVL,H100NVLx72,Qwen3-Coder-480B-A35B,24,3,72,TP24/DP3/EP72,0.9,1263,421,134772.05440579084,121474.4086936681,0.9013323216689693,weight
8192,H100NVL,H100NVLx72,Qwen3-Coder-480B-A35B,24,3,72,TP24/DP3/EP72,0.95,1332,444,134772.05440579084,128110.77777898138,0.9505737546542643,weight
16384,H100NVL,H100NVLx72,Qwen3-Coder-480B-A35B,24,3,72,TP24/DP3/EP72,0.9,633,211,67436.89503850458,60882.6409232739,0.9028090763744627,weight
16384,H100NVL,H100NVLx72,Qwen3-Coder-480B-A35B,24,3,72,TP24/DP3/EP72,0.95,669,223,67436.89503850458,64344.593530951555,0.9541452567502196,weight
32768,H100NVL,H100NVLx72,Qwen3-Coder-480B-A35B,24,3,72,TP24/DP3/EP72,0.9,315,105,33731.17888310879,30430.57376877553,0.902149725458126,weight
32768,H100NVL,H100NVLx72,Qwen3-Coder-480B-A35B,24,3,72,TP24/DP3/EP72,0.95,333,111,33731.17888310879,32131.785814374667,0.9525841336800999,weight
65536,H100NVL,H100NVLx72,Qwen3-Coder-480B-A35B,24,3,72,TP24/DP3/EP72,0.9,147,49,16868.774085517813,15333.010077796995,0.9089581732534255,weight
65536,H100NVL,H100NVLx72,Qwen3-Coder-480B-A35B,24,3,72,TP24/DP3/EP72,0.95,156,52,16868.774085517813,16078.001959682686,0.9531221343159714,weight
131072,H100NVL,H100NVLx72,Qwen3-Coder-480B-A35B,24,3,72,TP24/DP3/EP72,0.9,42,14,8435.183429273633,7609.215092985244,0.9020805720214772,weight
131072,H100NVL,H100NVLx72,Qwen3-Coder-480B-A35B,24,3,72,TP24/DP3/EP72,0.95,51,17,8435.183429273633,8205.56392815585,0.9727783630263562,weight
262144,H100NVL,H100NVLx72,Qwen3-Coder-480B-A35B,24,3,72,TP24/DP3/EP72,0.9,6,2,4217.7908394652995,3846.0863921890473,0.9118722427394303,kv
262144,H100NVL,H100NVLx72,Qwen3-Coder-480B-A35B,24,3,72,TP24/DP3/EP72,0.95,12,4,4217.7908394652995,4023.4623585900745,0.9539264775633444,kv
524288,H100NVL,H100NVLx72,Qwen3-Coder-480B-A35B,24,3,72,TP24/DP3/EP72,0.9,3,1,2108.945204465328,1923.0431960945236,0.9118507166629133,kv
524288,H100NVL,H100NVLx72,Qwen3-Coder-480B-A35B,24,3,72,TP24/DP3/EP72,0.95,6,2,2108.945204465328,2011.7311792950372,0.953903958735174,kv
1048576,H100NVL,H100NVLx72,Qwen3-Coder-480B-A35B,24,3,72,TP24/DP3/EP72,0.9,3,1,1054.4850488565644,1005.8655896475186,0.953892699321089,kv
1048576,H100NVL,H100NVLx72,Qwen3-Coder-480B-A35B,24,3,72,TP24/DP3/EP72,0.95,3,1,1054.4850488565644,1005.8655896475186,0.953892699321089,kv
8192,H100NVL,H100NVLx72,Qwen3-Coder-480B-A35B,36,2,72,TP36/DP2/EP72,0.9,848,424,134631.6321328056,121231.18928473417,0.9004658664848337,weight
8192,H100NVL,H100NVLx72,Qwen3-Coder-480B-A35B,36,2,72,TP36/DP2/EP72,0.95,896,448,134631.6321328056,128093.33204342048,0.9514356322819032,weight
16384,H100NVL,H100NVLx72,Qwen3-Coder-480B-A35B,36,2,72,TP36/DP2/EP72,0.9,426,213,67401.71813782261,60902.561883399045,0.9035758073535436,weight
16384,H100NVL,H100NVLx72,Qwen3-Coder-480B-A35B,36,2,72,TP36/DP2/EP72,0.95,448,224,67401.71813782261,64047.29089132143,0.9502323184159479,weight
32768,H100NVL,H100NVLx72,Qwen3-Coder-480B-A35B,36,2,72,TP36/DP2/EP72,0.9,212,106,33722.375720545846,30434.057815881093,0.9024885455308744,weight
32768,H100NVL,H100NVLx72,Qwen3-Coder-480B-A35B,36,2,72,TP36/DP2/EP72,0.95,224,112,33722.375720545846,32121.291545003514,0.9525216079433322,weight
65536,H100NVL,H100NVLx72,Qwen3-Coder-480B-A35B,36,2,72,TP36/DP2/EP72,0.9,98,49,16866.572176397425,15182.41142584161,0.9001480127116416,weight
65536,H100NVL,H100NVLx72,Qwen3-Coder-480B-A35B,36,2,72,TP36/DP2/EP72,0.95,106,53,16866.572176397425,16170.823149689439,0.9587498266137564,weight
131072,H100NVL,H100NVLx72,Qwen3-Coder-480B-A35B,36,2,72,TP36/DP2/EP72,0.9,30,15,8434.632812101878,7681.012855859673,0.9106517173858567,weight
131072,H100NVL,H100NVLx72,Qwen3-Coder-480B-A35B,36,2,72,TP36/DP2/EP72,0.95,34,17,8434.632812101878,8081.905907939432,0.9581811191998354,weight
262144,H100NVL,H100NVLx72,Qwen3-Coder-480B-A35B,36,2,72,TP36/DP2/EP72,0.9,6,3,4217.653167680794,3803.302729549615,0.9017580579393583,kv
262144,H100NVL,H100NVLx72,Qwen3-Coder-480B-A35B,36,2,72,TP36/DP2/EP72,0.95,14,7,4217.653167680794,4029.6881929126357,0.9554337525407486,kv
524288,H100NVL,H100NVLx72,Qwen3-Coder-480B-A35B,36,2,72,TP36/DP2/EP72,0.9,4,2,2108.9107843324364,1949.568817262385,0.9244434765786026,kv
524288,H100NVL,H100NVLx72,Qwen3-Coder-480B-A35B,36,2,72,TP36/DP2/EP72,0.95,8,4,2108.9107843324364,2026.1506606644973,0.9607569346779473,kv
1048576,H100NVL,H100NVLx72,Qwen3-Coder-480B-A35B,36,2,72,TP36/DP2/EP72,0.9,2,1,1054.476443549976,974.7844086311925,0.9244250211503121,kv
1048576,H100NVL,H100NVLx72,Qwen3-Coder-480B-A35B,36,2,72,TP36/DP2/EP72,0.95,4,2,1054.476443549976,1013.0753303322487,0.9607377542941146,kv
8192,H100NVL,H100NVLx72,Qwen3-Coder-480B-A35B,72,1,72,TP72/DP1/EP72,0.9,436,436,134157.38183867556,120943.17861339974,0.9015022278746769,weight
8192,H100NVL,H100NVLx72,Qwen3-Coder-480B-A35B,72,1,72,TP72/DP1/EP72,0.95,460,460,134157.38183867556,127600.60127316962,0.9511262036002576,weight
16384,H100NVL,H100NVLx72,Qwen3-Coder-480B-A35B,72,1,72,TP72/DP1/EP72,0.9,219,219,67282.6433170718,60749.72503895215,0.9029033647305883,weight
16384,H100NVL,H100NVLx72,Qwen3-Coder-480B-A35B,72,1,72,TP72/DP1/EP72,0.95,231,231,67282.6433170718,64025.51523217818,0.951590366782347,kv
32768,H100NVL,H100NVLx72,Qwen3-Coder-480B-A35B,72,1,72,TP72/DP1/EP72,0.9,109,109,33692.54265559312,30340.4948492699,0.9005106904341408,weight
32768,H100NVL,H100NVLx72,Qwen3-Coder-480B-A35B,72,1,72,TP72/DP1/EP72,0.95,116,116,33692.54265559312,32019.83827038445,0.950353869035438,kv
65536,H100NVL,H100NVLx72,Qwen3-Coder-480B-A35B,72,1,72,TP72/DP1/EP72,0.9,52,52,16859.10584451999,15414.345715442116,0.9143038698254873,weight
65536,H100NVL,H100NVLx72,Qwen3-Coder-480B-A35B,72,1,72,TP72/DP1/EP72,0.95,59,59,16859.10584451999,16023.795498648016,0.9504534609619592,kv
131072,H100NVL,H100NVLx72,Qwen3-Coder-480B-A35B,72,1,72,TP72/DP1/EP72,0.9,17,17,8432.76521963222,7688.783006111692,0.9117748218830436,weight
131072,H100NVL,H100NVLx72,Qwen3-Coder-480B-A35B,72,1,72,TP72/DP1/EP72,0.95,30,30,8432.76521963222,8018.616100374521,0.9508881003477337,kv
262144,H100NVL,H100NVLx72,Qwen3-Coder-480B-A35B,72,1,72,TP72/DP1/EP72,0.9,8,8,4217.186143294766,3842.9469627869503,0.9112585577701264,kv
262144,H100NVL,H100NVLx72,Qwen3-Coder-480B-A35B,72,1,72,TP72/DP1/EP72,0.95,15,15,4217.186143294766,4009.3080501872605,0.9507069201965326,kv
524288,H100NVL,H100NVLx72,Qwen3-Coder-480B-A35B,72,1,72,TP72/DP1/EP72,0.9,4,4,2108.794012447282,1921.4734813934751,0.9111717266133457,kv
524288,H100NVL,H100NVLx72,Qwen3-Coder-480B-A35B,72,1,72,TP72/DP1/EP72,0.95,8,8,2108.794012447282,2010.871925116051,0.9535648874412389,kv
1048576,H100NVL,H100NVLx72,Qwen3-Coder-480B-A35B,72,1,72,TP72/DP1/EP72,0.9,2,2,1054.4472486047896,960.7367406967376,0.9111283110349553,kv
1048576,H100NVL,H100NVLx72,Qwen3-Coder-480B-A35B,72,1,72,TP72/DP1/EP72,0.95,4,4,1054.4472486047896,1005.4359625580255,0.9535194519103595,kv
8192,H100NVL,H100NVLx72,DeepSeek-V3/R1-671B,1,72,72,TP1/DP72/EP72,0.9,151128,2099,487780.96183401643,439177.92995337903,0.9003588994168735,weight
8192,H100NVL,H100NVLx72,DeepSeek-V3/R1-671B,1,72,72,TP1/DP72/EP72,0.95,159480,2215,487780.96183401643,463448.8398507549,0.9501167042441042,weight
16384,H100NVL,H100NVLx72,DeepSeek-V3/R1-671B,1,72,72,TP1/DP72/EP72,0.9,75600,1050,243890.48091700822,219693.58096762717,0.9007878460102146,weight
16384,H100NVL,H100NVLx72,DeepSeek-V3/R1-671B,1,72,72,TP1/DP72/EP72,0.95,79776,1108,243890.48091700822,231829.03591631452,0.9505456508374429,weight
32768,H100NVL,H100NVLx72,DeepSeek-V3/R1-671B,1,72,72,TP1/DP72/EP72,0.9,37800,525,121945.24045850411,109846.79665993949,0.90078789665693,weight
32768,H100NVL,H100NVLx72,DeepSeek-V3/R1-671B,1,72,72,TP1/DP72/EP72,0.95,39888,554,121945.24045850411,115914.52055356953,0.9505456721208669,weight
65536,H100NVL,H100NVLx72,DeepSeek-V3/R1-671B,1,72,72,TP1/DP72/EP72,0.9,18936,263,60972.620229252054,55040.69193169237,0.902711606041267,weight
65536,H100NVL,H100NVLx72,DeepSeek-V3/R1-671B,1,72,72,TP1/DP72/EP72,0.95,19944,277,60972.620229252054,57965.82137519034,0.9506860810187195,weight
131072,H100NVL,H100NVLx72,DeepSeek-V3/R1-671B,1,72,72,TP1/DP72/EP72,0.9,9360,130,30486.310114626027,27634.41929873196,0.9064533948132394,weight
131072,H100NVL,H100NVLx72,DeepSeek-V3/R1-671B,1,72,72,TP1/DP72/EP72,0.95,9864,137,30486.310114626027,29030.065955504688,0.9522328496414955,weight
262144,H100NVL,H100NVLx72,DeepSeek-V3/R1-671B,1,72,72,TP1/DP72/EP72,0.9,3960,55,15243.155057313013,13864.596974495178,0.9095621557587934,weight
262144,H100NVL,H100NVLx72,DeepSeek-V3/R1-671B,1,72,72,TP1/DP72/EP72,0.95,4248,59,15243.155057313013,14518.316883890904,0.9524482844465744,weight
524288,H100NVL,H100NVLx72,DeepSeek-V3/R1-671B,1,72,72,TP1/DP72/EP72,0.9,648,9,7621.577528656507,7034.078996579181,0.9229164133188464,weight
524288,H100NVL,H100NVLx72,DeepSeek-V3/R1-671B,1,72,72,TP1/DP72/EP72,0.95,792,11,7621.577528656507,7358.789777164958,0.9655205565378705,weight
1048576,H100NVL,H100NVLx72,DeepSeek-V3/R1-671B,1,72,72,TP1/DP72/EP72,0.9,72,1,3810.7887643282534,3738.875152742104,0.9811289431050829,weight
1048576,H100NVL,H100NVLx72,DeepSeek-V3/R1-671B,1,72,72,TP1/DP72/EP72,0.95,72,1,3810.7887643282534,3738.875152742104,0.9811289431050829,weight
8192,H100NVL,H100NVLx72,DeepSeek-V3/R1-671B,2,36,72,TP2/DP36/EP72,0.9,75564,2099,487732.55960073194,439101.3682454444,0.9002912756222425,weight
8192,H100NVL,H100NVLx72,DeepSeek-V3/R1-671B,2,36,72,TP2/DP36/EP72,0.95,79740,2215,487732.55960073194,463368.0470050783,0.9500453432602511,weight
16384,H100NVL,H100NVLx72,DeepSeek-V3/R1-671B,2,36,72,TP2/DP36/EP72,0.9,37800,1050,243878.37975829147,219655.2818759972,0.9006755010169337,weight
16384,H100NVL,H100NVLx72,DeepSeek-V3/R1-671B,2,36,72,TP2/DP36/EP72,0.95,39888,1108,243878.37975829147,231788.62125581354,0.9504271001207236,weight
32768,H100NVL,H100NVLx72,DeepSeek-V3/R1-671B,2,36,72,TP2/DP36/EP72,0.9,18900,525,121942.21509376988,109827.64711197131,0.9006532071564977,weight
32768,H100NVL,H100NVLx72,DeepSeek-V3/R1-671B,2,36,72,TP2/DP36/EP72,0.95,19944,554,121942.21509376988,115894.31322241419,0.9504035426393966,weight
65536,H100NVL,H100NVLx72,DeepSeek-V3/R1-671B,2,36,72,TP2/DP36/EP72,0.9,9468,263,60971.86387868626,55031.09449975629,0.9025653965450339,weight
65536,H100NVL,H100NVLx72,DeepSeek-V3/R1-671B,2,36,72,TP2/DP36/EP72,0.95,9972,277,60971.86387868626,57955.714724746875,0.9505321149450094,weight
131072,H100NVL,H100NVLx72,DeepSeek-V3/R1-671B,2,36,72,TP2/DP36/EP72,0.9,4680,130,30486.12102581178,27629.52490208985,0.9062984719734161,weight
131072,H100NVL,H100NVLx72,DeepSeek-V3/R1-671B,2,36,72,TP2/DP36/EP72,0.95,4932,137,30486.12102581178,29024.940676051036,0.9520706373722128,weight
262144,H100NVL,H100NVLx72,DeepSeek-V3/R1-671B,2,36,72,TP2/DP36/EP72,0.9,1980,55,15243.107784962847,13861.685055151585,0.9093739446509708,weight
262144,H100NVL,H100NVLx72,DeepSeek-V3/R1-671B,2,36,72,TP2/DP36/EP72,0.95,2124,59,15243.107784962847,14515.340354075395,0.9522559676704913,weight
524288,H100NVL,H100NVLx72,DeepSeek-V3/R1-671B,2,36,72,TP2/DP36/EP72,0.9,324,9,7621.565710550641,7029.500657418922,0.9223171359249563,weight
524288,H100NVL,H100NVLx72,DeepSeek-V3/R1-671B,2,36,72,TP2/DP36/EP72,0.95,396,11,7621.565710550641,7354.6896548129835,0.9649840904253811,weight
1048576,H100NVL,H100NVLx72,DeepSeek-V3/R1-671B,2,36,72,TP2/DP36/EP72,0.9,36,1,3810.7858097994954,3727.262013301028,0.9780822642186595,weight
1048576,H100NVL,H100NVLx72,DeepSeek-V3/R1-671B,2,36,72,TP2/DP36/EP72,0.95,36,1,3810.7858097994954,3727.262013301028,0.9780822642186595,weight
8192,H100NVL,H100NVLx72,DeepSeek-V3/R1-671B,4,18,72,TP4/DP18/EP72,0.9,37782,2099,487587.41051884624,438871.84320157324,0.9000885456303428,weight
8192,H100NVL,H100NVLx72,DeepSeek-V3/R1-671B,4,18,72,TP4/DP18/EP72,0.95,39888,2216,487587.41051884624,463334.9235515418,0.9502602273067364,weight
16384,H100NVL,H100NVLx72,DeepSeek-V3/R1-671B,4,18,72,TP4/DP18/EP72,0.9,18900,1050,243842.08348617383,219540.464679206,0.9003387009349197,weight
16384,H100NVL,H100NVLx72,DeepSeek-V3/R1-671B,4,18,72,TP4/DP18/EP72,0.95,19944,1108,243842.08348617383,231667.46177577102,0.9500716958437032,weight
32768,H100NVL,H100NVLx72,DeepSeek-V3/R1-671B,4,18,72,TP4/DP18/EP72,0.9,9450,525,121933.13990018299,109770.23850712295,0.9002494202723161,weight
32768,H100NVL,H100NVLx72,DeepSeek-V3/R1-671B,4,18,72,TP4/DP18/EP72,0.95,9990,555,121933.13990018299,116042.8195600571,0.951692211445159,weight
65536,H100NVL,H100NVLx72,DeepSeek-V3/R1-671B,4,18,72,TP4/DP18/EP72,0.9,4734,263,60969.59493957287,55002.322275470666,0.9021270738305481,weight
65536,H100NVL,H100NVLx72,DeepSeek-V3/R1-671B,4,18,72,TP4/DP18/EP72,0.95,4986,277,60969.59493957287,57925.41590814322,0.9500705386931513,weight
131072,H100NVL,H100NVLx72,DeepSeek-V3/R1-671B,4,18,72,TP4/DP18/EP72,0.9,2340,130,30485.55377344247,27614.852108935782,0.905834032544047,weight
131072,H100NVL,H100NVLx72,DeepSeek-V3/R1-671B,4,18,72,TP4/DP18/EP72,0.95,2466,137,30485.55377344247,29009.57569040411,0.9515843440467807,weight
262144,H100NVL,H100NVLx72,DeepSeek-V3/R1-671B,4,18,72,TP4/DP18/EP72,0.9,990,55,15242.965969671564,13852.956631428515,0.9088097853784686,weight
262144,H100NVL,H100NVLx72,DeepSeek-V3/R1-671B,4,18,72,TP4/DP18/EP72,0.95,1062,59,15242.965969671564,14506.418083067165,0.9516794901943699,weight
524288,H100NVL,H100NVLx72,DeepSeek-V3/R1-671B,4,18,72,TP4/DP18/EP72,0.9,162,9,7621.530256452945,7015.801329624778,0.9205239753112162,weight
524288,H100NVL,H100NVLx72,DeepSeek-V3/R1-671B,4,18,72,TP4/DP18/EP72,0.95,198,11,7621.530256452945,7342.416655763105,0.9633782729585674,weight
1048576,H100NVL,H100NVLx72,DeepSeek-V3/R1-671B,4,18,72,TP4/DP18/EP72,0.9,18,1,3810.776946240712,3692.851450966154,0.9690547368848523,weight
1048576,H100NVL,H100NVLx72,DeepSeek-V3/R1-671B,4,18,72,TP4/DP18/EP72,0.95,18,1,3810.776946240712,3692.851450966154,0.9690547368848523,weight
8192,H100NVL,H100NVLx72,DeepSeek-V3/R1-671B,8,9,72,TP8/DP9/EP72,0.9,18909,2101,487200.7683296655,438678.5381177675,0.9004060884832897,weight
8192,H100NVL,H100NVLx72,DeepSeek-V3/R1-671B,8,9,72,TP8/DP9/EP72,0.95,19953,2217,487200.7683296655,462898.771540738,0.9501191328736094,weight
16384,H100NVL,H100NVLx72,DeepSeek-V3/R1-671B,8,9,72,TP8/DP9/EP72,0.9,9459,1051,243745.34622532804,219443.66661674206,0.9002988980715942,weight
16384,H100NVL,H100NVLx72,DeepSeek-V3/R1-671B,8,9,72,TP8/DP9/EP72,0.95,9990,1110,243745.34622532804,231762.57844394198,0.9508389884485888,weight
32768,H100NVL,H100NVLx72,DeepSeek-V3/R1-671B,8,9,72,TP8/DP9/EP72,0.9,4734,526,121908.94598650126,109826.23683574064,0.9008874282934206,weight
32768,H100NVL,H100NVLx72,DeepSeek-V3/R1-671B,8,9,72,TP8/DP9/EP72,0.95,4995,555,121908.94598650126,115881.29173030761,0.9505560957203167,weight
65536,H100NVL,H100NVLx72,DeepSeek-V3/R1-671B,8,9,72,TP8/DP9/EP72,0.9,2367,263,60963.54526076324,54925.743227809435,0.9009604509198418,weight
65536,H100NVL,H100NVLx72,DeepSeek-V3/R1-671B,8,9,72,TP8/DP9/EP72,0.95,2502,278,60963.54526076324,58053.33216740985,0.952263060146759,weight
131072,H100NVL,H100NVLx72,DeepSeek-V3/R1-671B,8,9,72,TP8/DP9/EP72,0.9,1170,130,30484.041203655124,27575.800741793726,0.9045979356072812,weight
131072,H100NVL,H100NVLx72,DeepSeek-V3/R1-671B,8,9,72,TP8/DP9/EP72,0.95,1233,137,30484.041203655124,28968.68181362924,0.950290075390523,weight
262144,H100NVL,H100NVLx72,DeepSeek-V3/R1-671B,8,9,72,TP8/DP9/EP72,0.9,495,55,15242.587808461842,13829.7344845148,0.9073088282842167,weight
262144,H100NVL,H100NVLx72,DeepSeek-V3/R1-671B,8,9,72,TP8/DP9/EP72,0.95,531,59,15242.587808461842,14482.67889718633,0.9501456759951449,weight
524288,H100NVL,H100NVLx72,DeepSeek-V3/R1-671B,8,9,72,TP8/DP9/EP72,0.9,81,9,7621.435713805011,6979.529483527971,0.9157762061662045,weight
524288,H100NVL,H100NVLx72,DeepSeek-V3/R1-671B,8,9,72,TP8/DP9/EP72,0.95,99,11,7621.435713805011,7309.8880232940155,0.9591221782601044,weight
1048576,H100NVL,H100NVLx72,DeepSeek-V3/R1-671B,8,9,72,TP8/DP9/EP72,0.9,9,1,3810.7533102855323,3604.121547719785,0.9457766625805897,weight
1048576,H100NVL,H100NVLx72,DeepSeek-V3/R1-671B,8,9,72,TP8/DP9/EP72,0.95,18,2,3810.7533102855323,3739.5358581677124,0.9813114504353776,kv
8192,H100NVL,H100NVLx72,DeepSeek-V3/R1-671B,12,6,72,TP12/DP6/EP72,0.9,12612,2102,486741.95524509426,438162.3226254335,0.9001942772835373,weight
8192,H100NVL,H100NVLx72,DeepSeek-V3/R1-671B,12,6,72,TP12/DP6/EP72,0.95,13314,2219,486741.95524509426,462550.996149304,0.9503002384834298,weight
16384,H100NVL,H100NVLx72,DeepSeek-V3/R1-671B,12,6,72,TP12/DP6/EP72,0.9,6312,1052,243630.45233049974,219289.61151377612,0.9000911397410051,weight
16384,H100NVL,H100NVLx72,DeepSeek-V3/R1-671B,12,6,72,TP12/DP6/EP72,0.95,6666,1111,243630.45233049974,231588.17337624016,0.9505715363614583,weight
32768,H100NVL,H100NVLx72,DeepSeek-V3/R1-671B,12,6,72,TP12/DP6/EP72,0.9,3162,527,121880.1986390757,109853.26173277914,0.9013216499432203,weight
32768,H100NVL,H100NVLx72,DeepSeek-V3/R1-671B,12,6,72,TP12/DP6/EP72,0.95,3336,556,121880.1986390757,115898.31421494279,0.9509199649251715,weight
65536,H100NVL,H100NVLx72,DeepSeek-V3/R1-671B,12,6,72,TP12/DP6/EP72,0.9,1584,264,60956.35543682634,55043.09214029765,0.9029918495921717,weight
65536,H100NVL,H100NVLx72,DeepSeek-V3/R1-671B,12,6,72,TP12/DP6/EP72,0.95,1668,278,60956.35543682634,57957.41852459026,0.9508018993139427,weight
131072,H100NVL,H100NVLx72,DeepSeek-V3/R1-671B,12,6,72,TP12/DP6/EP72,0.9,780,130,30482.243374106543,27529.52296769091,0.9031331004684566,weight
131072,H100NVL,H100NVLx72,DeepSeek-V3/R1-671B,12,6,72,TP12/DP6/EP72,0.95,828,138,30482.243374106543,29119.764151366562,0.9553025279006415,weight
262144,H100NVL,H100NVLx72,DeepSeek-V3/R1-671B,12,6,72,TP12/DP6/EP72,0.9,330,55,15242.138304367942,13802.230891251413,0.9055311410798644,weight
262144,H100NVL,H100NVLx72,DeepSeek-V3/R1-671B,12,6,72,TP12/DP6/EP72,0.95,360,60,15242.138304367942,14619.463532071228,0.959147807226085,weight
524288,H100NVL,H100NVLx72,DeepSeek-V3/R1-671B,12,6,72,TP12/DP6/EP72,0.9,54,9,7621.32333194249,6936.8972687183905,0.9101959025468014,weight
524288,H100NVL,H100NVLx72,DeepSeek-V3/R1-671B,12,6,72,TP12/DP6/EP72,0.95,66,11,7621.32333194249,7271.593503499576,0.9541116662801687,weight
1048576,H100NVL,H100NVLx72,DeepSeek-V3/R1-671B,12,6,72,TP12/DP6/EP72,0.9,6,1,3810.7252140899777,3504.039223206433,0.9195203081687475,weight
1048576,H100NVL,H100NVLx72,DeepSeek-V3/R1-671B,12,6,72,TP12/DP6/EP72,0.95,12,2,3810.7252140899777,3684.9341247087527,0.9669902492795549,kv
8192,H100NVL,H100NVLx72,DeepSeek-V3/R1-671B,18,4,72,TP18/DP4/EP72,0.9,8420,2105,485971.0193413754,437570.03308793844,0.9004035542715415,weight
8192,H100NVL,H100NVLx72,DeepSeek-V3/R1-671B,18,4,72,TP18/DP4/EP72,0.95,8884,2221,485971.0193413754,461683.1560514543,0.9500219924166716,weight
16384,H100NVL,H100NVLx72,DeepSeek-V3/R1-671B,18,4,72,TP18/DP4/EP72,0.9,4216,1054,243437.15424502597,219096.82416849805,0.9000139064555909,weight
16384,H100NVL,H100NVLx72,DeepSeek-V3/R1-671B,18,4,72,TP18/DP4/EP72,0.95,4452,1113,243437.15424502597,231361.25739994095,0.9503941915418124,weight
32768,H100NVL,H100NVLx72,DeepSeek-V3/R1-671B,18,4,72,TP18/DP4/EP72,0.9,2112,528,121831.80336601754,109756.28940785422,0.9008837296622374,weight
32768,H100NVL,H100NVLx72,DeepSeek-V3/R1-671B,18,4,72,TP18/DP4/EP72,0.95,2228,557,121831.80336601754,115784.56691646187,0.9503640569828221,weight
65536,H100NVL,H100NVLx72,DeepSeek-V3/R1-671B,18,4,72,TP18/DP4/EP72,0.9,1056,264,60944.24775967254,54890.31313746958,0.9006643802369005,weight
65536,H100NVL,H100NVLx72,DeepSeek-V3/R1-671B,18,4,72,TP18/DP4/EP72,0.95,1116,279,60944.24775967254,58004.206816903716,0.9517585161709998,weight
131072,H100NVL,H100NVLx72,DeepSeek-V3/R1-671B,18,4,72,TP18/DP4/EP72,0.9,520,130,30479.215346522255,27451.916650979583,0.9006766197513647,weight
131072,H100NVL,H100NVLx72,DeepSeek-V3/R1-671B,18,4,72,TP18/DP4/EP72,0.95,552,138,30479.215346522255,29037.965899156636,0.9527136958422366,weight
262144,H100NVL,H100NVLx72,DeepSeek-V3/R1-671B,18,4,72,TP18/DP4/EP72,0.9,220,55,15241.381158876422,13756.14664780116,0.9025524986487018,weight
262144,H100NVL,H100NVLx72,DeepSeek-V3/R1-671B,18,4,72,TP18/DP4/EP72,0.95,240,60,15241.381158876422,14572.064405991241,0.9560855577386189,weight
524288,H100NVL,H100NVLx72,DeepSeek-V3/R1-671B,18,4,72,TP18/DP4/EP72,0.9,36,9,7621.134028241523,6866.247414758057,0.9009482564292802,weight
524288,H100NVL,H100NVLx72,DeepSeek-V3/R1-671B,18,4,72,TP18/DP4/EP72,0.95,48,12,7621.134028241523,7367.711097739654,0.9667473463184398,weight
1048576,H100NVL,H100NVLx72,DeepSeek-V3/R1-671B,18,4,72,TP18/DP4/EP72,0.9,8,2,3810.677885998496,3596.4743624182256,0.9437886040257261,kv
1048576,H100NVL,H100NVLx72,DeepSeek-V3/R1-671B,18,4,72,TP18/DP4/EP72,0.95,12,3,3810.677885998496,3665.182927813582,0.9618191401798868,kv
8192,H100NVL,H100NVLx72,DeepSeek-V3/R1-671B,24,3,72,TP24/DP3/EP72,0.9,6321,2107,485132.0915577639,436662.7888886841,0.9000905041893964,weight
8192,H100NVL,H100NVLx72,DeepSeek-V3/R1-671B,24,3,72,TP24/DP3/EP72,0.95,6672,2224,485132.0915577639,460910.3191686917,0.9500717993911805,weight
16384,H100NVL,H100NVLx72,DeepSeek-V3/R1-671B,24,3,72,TP24/DP3/EP72,0.9,3171,1057,243226.4603826863,219056.74791425737,0.9006287702809929,weight
16384,H100NVL,H100NVLx72,DeepSeek-V3/R1-671B,24,3,72,TP24/DP3/EP72,0.95,3345,1115,243226.4603826863,231076.89112998717,0.9500483243739876,weight
32768,H100NVL,H100NVLx72,DeepSeek-V3/R1-671B,24,3,72,TP24/DP3/EP72,0.9,1587,529,121779.0090326144,109632.00125873023,0.9002536818916715,weight
32768,H100NVL,H100NVLx72,DeepSeek-V3/R1-671B,24,3,72,TP24/DP3/EP72,0.95,1677,559,121779.0090326144,115849.3135299837,0.9513077372715143,weight
65536,H100NVL,H100NVLx72,DeepSeek-V3/R1-671B,24,3,72,TP24/DP3/EP72,0.9,795,265,60931.03402836272,54931.38391479941,0.9015337551834334,weight
65536,H100NVL,H100NVLx72,DeepSeek-V3/R1-671B,24,3,72,TP24/DP3/EP72,0.95,840,280,60931.03402836272,58035.9974545299,0.9524866659494862,weight
131072,H100NVL,H100NVLx72,DeepSeek-V3/R1-671B,24,3,72,TP24/DP3/EP72,0.9,393,131,30475.910017725546,27564.584688923354,0.9044712585412907,weight
131072,H100NVL,H100NVLx72,DeepSeek-V3/R1-671B,24,3,72,TP24/DP3/EP72,0.95,417,139,30475.910017725546,29147.82581702749,0.9564218361346516,weight
262144,H100NVL,H100NVLx72,DeepSeek-V3/R1-671B,24,3,72,TP24/DP3/EP72,0.9,168,56,15240.554589526228,13867.644419128286,0.90991730895794,weight
262144,H100NVL,H100NVLx72,DeepSeek-V3/R1-671B,24,3,72,TP24/DP3/EP72,0.95,180,60,15240.554589526228,14520.663539003144,0.9527647733358854,weight
524288,H100NVL,H100NVLx72,DeepSeek-V3/R1-671B,24,3,72,TP24/DP3/EP72,0.9,30,10,7620.927356250412,6970.065881837614,0.9145955020973944,weight
524288,H100NVL,H100NVLx72,DeepSeek-V3/R1-671B,24,3,72,TP24/DP3/EP72,0.95,36,12,7620.927356250412,7302.363602476664,0.9581988203164705,weight
1048576,H100NVL,H100NVLx72,DeepSeek-V3/R1-671B,24,3,72,TP24/DP3/EP72,0.9,6,2,3810.626214293418,3504.619531855593,0.9196964841920172,kv
1048576,H100NVL,H100NVLx72,DeepSeek-V3/R1-671B,24,3,72,TP24/DP3/EP72,0.95,12,4,3810.626214293418,3651.2971510305424,0.958188220438614,kv
8192,H100NVL,H100NVLx72,DeepSeek-V3/R1-671B,36,2,72,TP36/DP2/EP72,0.9,4226,2113,483317.4888532692,435048.2138030788,0.9001292604480023,weight
8192,H100NVL,H100NVLx72,DeepSeek-V3/R1-671B,36,2,72,TP36/DP2/EP72,0.95,4462,2231,483317.4888532692,459343.3814456549,0.950396772389727,weight
16384,H100NVL,H100NVLx72,DeepSeek-V3/R1-671B,36,2,72,TP36/DP2/EP72,0.9,2124,1062,242769.48379147056,218656.5087831854,0.9006754282634746,weight
16384,H100NVL,H100NVLx72,DeepSeek-V3/R1-671B,36,2,72,TP36/DP2/EP72,0.95,2242,1121,242769.48379147056,230804.09260447303,0.950712952055888,weight
32768,H100NVL,H100NVLx72,DeepSeek-V3/R1-671B,36,2,72,TP36/DP2/EP72,0.9,1064,532,121664.34563678013,109534.15049535215,0.9002978639474069,weight
32768,H100NVL,H100NVLx72,DeepSeek-V3/R1-671B,36,2,72,TP36/DP2/EP72,0.95,1124,562,121664.34563678013,115710.88515668454,0.9510665146067592,weight
65536,H100NVL,H100NVLx72,DeepSeek-V3/R1-671B,36,2,72,TP36/DP2/EP72,0.9,534,267,60902.31555215022,54983.94279665298,0.9028218762810524,weight
65536,H100NVL,H100NVLx72,DeepSeek-V3/R1-671B,36,2,72,TP36/DP2/EP72,0.95,562,281,60902.31555215022,57862.84922873921,0.9500927625517237,weight
131072,H100NVL,H100NVLx72,DeepSeek-V3/R1-671B,36,2,72,TP36/DP2/EP72,0.9,264,132,30468.723806375743,27577.861654404765,0.9051203401119791,weight
131072,H100NVL,H100NVLx72,DeepSeek-V3/R1-671B,36,2,72,TP36/DP2/EP72,0.95,278,139,30468.723806375743,28955.35308202088,0.9503303540387149,weight
262144,H100NVL,H100NVLx72,DeepSeek-V3/R1-671B,36,2,72,TP36/DP2/EP72,0.9,112,56,15238.757211781627,13759.632793744535,0.9029366766934558,weight
262144,H100NVL,H100NVLx72,DeepSeek-V3/R1-671B,36,2,72,TP36/DP2/EP72,0.95,122,61,15238.757211781627,14574.459065697474,0.9564073279170981,weight
524288,H100NVL,H100NVLx72,DeepSeek-V3/R1-671B,36,2,72,TP36/DP2/EP72,0.9,22,11,7620.477908646429,6995.853865895998,0.9180334815954636,weight
524288,H100NVL,H100NVLx72,DeepSeek-V3/R1-671B,36,2,72,TP36/DP2/EP72,0.95,26,13,7620.477908646429,7290.131818308639,0.9566502135039366,kv
1048576,H100NVL,H100NVLx72,DeepSeek-V3/R1-671B,36,2,72,TP36/DP2/EP72,0.9,6,3,3810.5138394930386,3469.0604308289503,0.9103917678699427,kv
1048576,H100NVL,H100NVLx72,DeepSeek-V3/R1-671B,36,2,72,TP36/DP2/EP72,0.95,12,6,3810.5138394930386,3631.90394695895,0.9531270846774168,kv
8192,H100NVL,H100NVLx72,DeepSeek-V3/R1-671B,72,1,72,TP72/DP1/EP72,0.9,2133,2133,477260.81465573347,429652.0925210997,0.9002459018786704,weight
8192,H100NVL,H100NVLx72,DeepSeek-V3/R1-671B,72,1,72,TP72/DP1/EP72,0.95,2251,2251,477260.81465573347,453420.9377707433,0.9500485349877575,weight
16384,H100NVL,H100NVLx72,DeepSeek-V3/R1-671B,72,1,72,TP72/DP1/EP72,0.9,1078,1078,241231.77347331404,217142.50151793065,0.9001405511034465,weight
16384,H100NVL,H100NVLx72,DeepSeek-V3/R1-671B,72,1,72,TP72/DP1/EP72,0.95,1138,1138,241231.77347331404,229228.35503469832,0.9502411383633774,weight
32768,H100NVL,H100NVLx72,DeepSeek-V3/R1-671B,72,1,72,TP72/DP1/EP72,0.9,542,542,121276.92084299281,109175.54687950286,0.900217008484602,weight
32768,H100NVL,H100NVLx72,DeepSeek-V3/R1-671B,72,1,72,TP72/DP1/EP72,0.95,572,572,121276.92084299281,115218.4715956767,0.9500444997679363,weight
65536,H100NVL,H100NVLx72,DeepSeek-V3/R1-671B,72,1,72,TP72/DP1/EP72,0.9,272,272,60805.08122750041,54798.33595977909,0.9012131034699673,weight
65536,H100NVL,H100NVLx72,DeepSeek-V3/R1-671B,72,1,72,TP72/DP1/EP72,0.95,287,287,60805.08122750041,57816.65136426189,0.9508523004507239,weight
131072,H100NVL,H100NVLx72,DeepSeek-V3/R1-671B,72,1,72,TP72/DP1/EP72,0.9,135,135,30444.367740097718,27548.768913333486,0.904888850000636,weight
131072,H100NVL,H100NVLx72,DeepSeek-V3/R1-671B,72,1,72,TP72/DP1/EP72,0.95,143,143,30444.367740097718,29095.94669820171,0.955708686302589,weight
262144,H100NVL,H100NVLx72,DeepSeek-V3/R1-671B,72,1,72,TP72/DP1/EP72,0.9,58,58,15232.662245794792,13725.057931052932,0.9010281794203073,weight
262144,H100NVL,H100NVLx72,DeepSeek-V3/R1-671B,72,1,72,TP72/DP1/EP72,0.95,63,63,15232.662245794792,14535.327417663753,0.9542210798822413,weight
524288,H100NVL,H100NVLx72,DeepSeek-V3/R1-671B,72,1,72,TP72/DP1/EP72,0.9,13,13,7618.9534226092655,6875.464376860278,0.9024158562851058,kv
524288,H100NVL,H100NVLx72,DeepSeek-V3/R1-671B,72,1,72,TP72/DP1/EP72,0.95,27,27,7618.9534226092655,7243.1276366848415,0.9506722557445804,kv
1048576,H100NVL,H100NVLx72,DeepSeek-V3/R1-671B,72,1,72,TP72/DP1/EP72,0.9,7,7,3810.1326248621667,3461.9397639323843,0.9086139787739335,kv
1048576,H100NVL,H100NVLx72,DeepSeek-V3/R1-671B,72,1,72,TP72/DP1/EP72,0.95,14,14,3810.1326248621667,3627.9976913506316,0.9521972195080417,kv
8192,H100NVL,H100NVLx72,Kimi-K2-1T-A32B,1,72,72,TP1/DP72/EP72,0.9,231120,3210,487780.96183401643,439088.83716816833,0.9001762502522245,weight
8192,H100NVL,H100NVLx72,Kimi-K2-1T-A32B,1,72,72,TP1/DP72/EP72,0.95,243936,3388,487780.96183401643,463437.0655220418,0.9500925656867715,weight
16384,H100NVL,H100NVLx72,Kimi-K2-1T-A32B,1,72,72,TP1/DP72/EP72,0.9,115560,1605,243890.48091700822,219544.41858408463,0.9001762502522264,weight
16384,H100NVL,H100NVLx72,Kimi-K2-1T-A32B,1,72,72,TP1/DP72/EP72,0.95,121968,1694,243890.48091700822,231718.53276102102,0.9500925656867719,weight
32768,H100NVL,H100NVLx72,Kimi-K2-1T-A32B,1,72,72,TP1/DP72/EP72,0.9,57816,803,121945.24045850411,109840.60813093692,0.900737148231003,weight
32768,H100NVL,H100NVLx72,Kimi-K2-1T-A32B,1,72,72,TP1/DP72/EP72,0.95,60984,847,121945.24045850411,115859.2684435157,0.9500925826042439,weight
65536,H100NVL,H100NVLx72,Kimi-K2-1T-A32B,1,72,72,TP1/DP72/EP72,0.9,28944,402,60972.620229252054,55000.17009258081,0.9020470152961227,weight
65536,H100NVL,H100NVLx72,Kimi-K2-1T-A32B,1,72,72,TP1/DP72/EP72,0.95,30528,424,60972.620229252054,58005.64243004131,0.9513391783384879,weight
131072,H100NVL,H100NVLx72,Kimi-K2-1T-A32B,1,72,72,TP1/DP72/EP72,0.9,14256,198,30486.310114626027,27504.740385236404,0.9021997179002915,weight
131072,H100NVL,H100NVLx72,Kimi-K2-1T-A32B,1,72,72,TP1/DP72/EP72,0.95,15120,210,30486.310114626027,29070.868104884343,0.953571225759374,weight
262144,H100NVL,H100NVLx72,Kimi-K2-1T-A32B,1,72,72,TP1/DP72/EP72,0.9,6048,84,15243.155057313013,13820.986405508205,0.9067011621637666,weight
262144,H100NVL,H100NVLx72,Kimi-K2-1T-A32B,1,72,72,TP1/DP72/EP72,0.95,6552,91,15243.155057313013,14567.799632340279,0.955694511901673,weight
524288,H100NVL,H100NVLx72,Kimi-K2-1T-A32B,1,72,72,TP1/DP72/EP72,0.9,720,10,7621.577528656507,6870.296595552268,0.9014271087213265,weight
524288,H100NVL,H100NVLx72,Kimi-K2-1T-A32B,1,72,72,TP1/DP72/EP72,0.95,1008,14,7621.577528656507,7259.808980893345,0.9525336393413382,weight
1048576,H100NVL,H100NVLx72,Kimi-K2-1T-A32B,1,72,72,TP1/DP72/EP72,0.9,72,1,3810.7887643282534,3810.788764328253,0.9999999999999999,kv
1048576,H100NVL,H100NVLx72,Kimi-K2-1T-A32B,1,72,72,TP1/DP72/EP72,0.95,72,1,3810.7887643282534,3810.788764328253,0.9999999999999999,kv
8192,H100NVL,H100NVLx72,Kimi-K2-1T-A32B,2,36,72,TP2/DP36/EP72,0.9,115560,3210,487732.55960073194,439038.7912096263,0.9001629736776906,weight
8192,H100NVL,H100NVLx72,Kimi-K2-1T-A32B,2,36,72,TP2/DP36/EP72,0.95,121968,3388,487732.55960073194,463384.24442935013,0.9500785529034317,weight
16384,H100NVL,H100NVLx72,Kimi-K2-1T-A32B,2,36,72,TP2/DP36/EP72,0.9,57780,1605,243878.37975829147,219519.39560481362,0.9001183123423236,weight
16384,H100NVL,H100NVLx72,Kimi-K2-1T-A32B,2,36,72,TP2/DP36/EP72,0.95,60984,1694,243878.37975829147,231692.12221467515,0.9500314150204945,weight
32768,H100NVL,H100NVLx72,Kimi-K2-1T-A32B,2,36,72,TP2/DP36/EP72,0.9,28908,803,121942.21509376988,109828.08884485497,0.9006568296336137,weight
32768,H100NVL,H100NVLx72,Kimi-K2-1T-A32B,2,36,72,TP2/DP36/EP72,0.95,30492,847,121942.21509376988,115846.06316987253,0.9500078629930612,weight
65536,H100NVL,H100NVLx72,Kimi-K2-1T-A32B,2,36,72,TP2/DP36/EP72,0.9,14472,402,60971.86387868626,54993.90003898173,0.9019553699129375,weight
65536,H100NVL,H100NVLx72,Kimi-K2-1T-A32B,2,36,72,TP2/DP36/EP72,0.95,15264,424,60971.86387868626,57999.03026217442,0.9512425334015245,weight
131072,H100NVL,H100NVLx72,Kimi-K2-1T-A32B,2,36,72,TP2/DP36/EP72,0.9,7128,198,30486.12102581178,27501.556785995715,0.9021008859313682,weight
131072,H100NVL,H100NVLx72,Kimi-K2-1T-A32B,2,36,72,TP2/DP36/EP72,0.95,7560,210,30486.12102581178,29067.514859286683,0.9534671477121015,weight
262144,H100NVL,H100NVLx72,Kimi-K2-1T-A32B,2,36,72,TP2/DP36/EP72,0.9,3024,84,15243.107784962847,13819.091628945307,0.9065796702282513,weight
262144,H100NVL,H100NVLx72,Kimi-K2-1T-A32B,2,36,72,TP2/DP36/EP72,0.95,3276,91,15243.107784962847,14565.856477773963,0.9555699981432274,weight
524288,H100NVL,H100NVLx72,Kimi-K2-1T-A32B,2,36,72,TP2/DP36/EP72,0.9,360,10,7621.565710550641,6866.365431631538,0.9009127116920781,weight
524288,H100NVL,H100NVLx72,Kimi-K2-1T-A32B,2,36,72,TP2/DP36/EP72,0.95,504,14,7621.565710550641,7256.673143937287,0.9521236737343578,weight
1048576,H100NVL,H100NVLx72,Kimi-K2-1T-A32B,2,36,72,TP2/DP36/EP72,0.9,36,1,3810.7858097994954,3798.7253145387417,0.9968351684238616,kv
1048576,H100NVL,H100NVLx72,Kimi-K2-1T-A32B,2,36,72,TP2/DP36/EP72,0.95,36,1,3810.7858097994954,3798.7253145387417,0.9968351684238616,kv
8192,H100NVL,H100NVLx72,Kimi-K2-1T-A32B,4,18,72,TP4/DP18/EP72,0.9,57780,3210,487587.41051884624,438888.7217595664,0.900123162106546,weight
8192,H100NVL,H100NVLx72,Kimi-K2-1T-A32B,4,18,72,TP4/DP18/EP72,0.95,60984,3388,487587.41051884624,463225.8533711561,0.9500365337124541,weight
16384,H100NVL,H100NVLx72,Kimi-K2-1T-A32B,4,18,72,TP4/DP18/EP72,0.9,28908,1606,243842.08348617383,219581.08633827575,0.9005052909610917,weight
16384,H100NVL,H100NVLx72,Kimi-K2-1T-A32B,4,18,72,TP4/DP18/EP72,0.95,30510,1695,243842.08348617383,231749.6521440702,0.9504087597627943,weight
32768,H100NVL,H100NVLx72,Kimi-K2-1T-A32B,4,18,72,TP4/DP18/EP72,0.9,14454,803,121933.13990018299,109790.54810366113,0.9004159836574205,weight
32768,H100NVL,H100NVLx72,Kimi-K2-1T-A32B,4,18,72,TP4/DP18/EP72,0.95,15264,848,121933.13990018299,115943.19082184897,0.9508751346579157,weight
65536,H100NVL,H100NVLx72,Kimi-K2-1T-A32B,4,18,72,TP4/DP18/EP72,0.9,7236,402,60969.59493957287,54975.098452732076,0.9016805590920859,weight
65536,H100NVL,H100NVLx72,Kimi-K2-1T-A32B,4,18,72,TP4/DP18/EP72,0.95,7632,424,60969.59493957287,57979.20280027707,0.950952730746209,weight
131072,H100NVL,H100NVLx72,Kimi-K2-1T-A32B,4,18,72,TP4/DP18/EP72,0.9,3564,198,30485.55377344247,27492.010408654616,0.9018045272513409,weight
131072,H100NVL,H100NVLx72,Kimi-K2-1T-A32B,4,18,72,TP4/DP18/EP72,0.95,3780,210,30485.55377344247,29057.459762341263,0.9531550575818868,weight
262144,H100NVL,H100NVLx72,Kimi-K2-1T-A32B,4,18,72,TP4/DP18/EP72,0.9,1512,84,15242.965969671564,13813.410415128792,0.9062153942095579,weight
262144,H100NVL,H100NVLx72,Kimi-K2-1T-A32B,4,18,72,TP4/DP18/EP72,0.95,1638,91,15242.965969671564,14560.030123128756,0.9551966560903158,weight
524288,H100NVL,H100NVLx72,Kimi-K2-1T-A32B,4,18,72,TP4/DP18/EP72,0.9,198,11,7621.530256452945,6958.260698729709,0.9129742275625471,weight
524288,H100NVL,H100NVLx72,Kimi-K2-1T-A32B,4,18,72,TP4/DP18/EP72,0.95,252,14,7621.530256452945,7247.281866136477,0.9508958991536376,weight
1048576,H100NVL,H100NVLx72,Kimi-K2-1T-A32B,4,18,72,TP4/DP18/EP72,0.9,18,1,3810.776946240712,3762.9889114481252,0.987459765956722,kv
1048576,H100NVL,H100NVLx72,Kimi-K2-1T-A32B,4,18,72,TP4/DP18/EP72,0.95,18,1,3810.776946240712,3762.9889114481252,0.987459765956722,kv
8192,H100NVL,H100NVLx72,Kimi-K2-1T-A32B,8,9,72,TP8/DP9/EP72,0.9,28890,3210,487200.7683296655,438489.0376614463,0.9000171308530075,weight
8192,H100NVL,H100NVLx72,Kimi-K2-1T-A32B,8,9,72,TP8/DP9/EP72,0.95,30501,3389,487200.7683296655,462940.60705129016,0.9502050020127234,weight
16384,H100NVL,H100NVLx72,Kimi-K2-1T-A32B,8,9,72,TP8/DP9/EP72,0.9,14454,1606,243745.34622532804,219381.11977703558,0.9000422907530338,weight
16384,H100NVL,H100NVLx72,Kimi-K2-1T-A32B,8,9,72,TP8/DP9/EP72,0.95,15264,1696,243745.34622532804,231675.20494511316,0.9504805262248709,weight
32768,H100NVL,H100NVLx72,Kimi-K2-1T-A32B,8,9,72,TP8/DP9/EP72,0.9,7236,804,121908.94598650126,109827.16566376037,0.9008950473242654,weight
32768,H100NVL,H100NVLx72,Kimi-K2-1T-A32B,8,9,72,TP8/DP9/EP72,0.95,7632,848,121908.94598650126,115837.60448944593,0.9501977361224369,weight
65536,H100NVL,H100NVLx72,Kimi-K2-1T-A32B,8,9,72,TP8/DP9/EP72,0.9,3618,402,60963.54526076324,54925.0236835029,0.9009486480579273,weight
65536,H100NVL,H100NVLx72,Kimi-K2-1T-A32B,8,9,72,TP8/DP9/EP72,0.95,3816,424,60963.54526076324,57926.395783789056,0.9501808914822261,weight
131072,H100NVL,H100NVLx72,Kimi-K2-1T-A32B,8,9,72,TP8/DP9/EP72,0.9,1782,198,30484.041203655124,27466.585773571205,0.9010152423714045,weight
131072,H100NVL,H100NVLx72,Kimi-K2-1T-A32B,8,9,72,TP8/DP9/EP72,0.95,1890,210,30484.041203655124,29030.680148998308,0.9523238718597928,weight
262144,H100NVL,H100NVLx72,Kimi-K2-1T-A32B,8,9,72,TP8/DP9/EP72,0.9,756,84,15242.587808461842,13798.283323813232,0.9052454541972976,weight
262144,H100NVL,H100NVLx72,Kimi-K2-1T-A32B,8,9,72,TP8/DP9/EP72,0.95,819,91,15242.587808461842,14544.515940694848,0.954202535911949,weight
524288,H100NVL,H100NVLx72,Kimi-K2-1T-A32B,8,9,72,TP8/DP9/EP72,0.9,99,11,7621.435713805011,6929.040052018265,0.9091515446974666,weight
524288,H100NVL,H100NVLx72,Kimi-K2-1T-A32B,8,9,72,TP8/DP9/EP72,0.95,135,15,7621.435713805011,7315.096677918417,0.9598055999696081,weight
1048576,H100NVL,H100NVLx72,Kimi-K2-1T-A32B,8,9,72,TP8/DP9/EP72,0.9,9,1,3810.7533102855323,3670.898573923298,0.9632999764154885,kv
1048576,H100NVL,H100NVLx72,Kimi-K2-1T-A32B,8,9,72,TP8/DP9/EP72,0.95,9,1,3810.7533102855323,3670.898573923298,0.9632999764154885,kv
8192,H100NVL,H100NVLx72,Kimi-K2-1T-A32B,12,6,72,TP12/DP6/EP72,0.9,19266,3211,486741.95524509426,438151.32363768475,0.9001716801196187,weight
8192,H100NVL,H100NVLx72,Kimi-K2-1T-A32B,12,6,72,TP12/DP6/EP72,0.95,20334,3389,486741.95524509426,462439.99869452306,0.9500721968001831,weight
16384,H100NVL,H100NVLx72,Kimi-K2-1T-A32B,12,6,72,TP12/DP6/EP72,0.9,9642,1607,243630.45233049974,219280.34166482743,0.9000530909303576,weight
16384,H100NVL,H100NVLx72,Kimi-K2-1T-A32B,12,6,72,TP12/DP6/EP72,0.95,10182,1697,243630.45233049974,231561.1324239026,0.9504605446850118,weight
32768,H100NVL,H100NVLx72,Kimi-K2-1T-A32B,12,6,72,TP12/DP6/EP72,0.9,4824,804,121880.1986390757,109708.40226623447,0.9001331101462542,weight
32768,H100NVL,H100NVLx72,Kimi-K2-1T-A32B,12,6,72,TP12/DP6/EP72,0.95,5094,849,121880.1986390757,115848.79480020533,0.9505136691093589,weight
65536,H100NVL,H100NVLx72,Kimi-K2-1T-A32B,12,6,72,TP12/DP6/EP72,0.9,2412,402,60956.35543682634,54865.61725204321,0.9000803420556299,weight
65536,H100NVL,H100NVLx72,Kimi-K2-1T-A32B,12,6,72,TP12/DP6/EP72,0.95,2550,425,60956.35543682634,58000.060761894194,0.9515014529043493,weight
131072,H100NVL,H100NVLx72,Kimi-K2-1T-A32B,12,6,72,TP12/DP6/EP72,0.9,1188,198,30482.243374106543,27436.424061465787,0.9000788992050349,weight
131072,H100NVL,H100NVLx72,Kimi-K2-1T-A32B,12,6,72,TP12/DP6/EP72,0.95,1260,210,30482.243374106543,28998.910779355847,0.9513378140661809,weight
262144,H100NVL,H100NVLx72,Kimi-K2-1T-A32B,12,6,72,TP12/DP6/EP72,0.9,504,84,15242.138304367942,13780.344463767093,0.904095225262328,weight
262144,H100NVL,H100NVLx72,Kimi-K2-1T-A32B,12,6,72,TP12/DP6/EP72,0.95,546,91,15242.138304367942,14526.116847939988,0.9530235560044247,weight
524288,H100NVL,H100NVLx72,Kimi-K2-1T-A32B,12,6,72,TP12/DP6/EP72,0.9,66,11,7621.32333194249,6894.622508102995,0.9046489970063668,weight
524288,H100NVL,H100NVLx72,Kimi-K2-1T-A32B,12,6,72,TP12/DP6/EP72,0.95,90,15,7621.32333194249,7286.934730286903,0.9561246010579163,weight
1048576,H100NVL,H100NVLx72,Kimi-K2-1T-A32B,12,6,72,TP12/DP6/EP72,0.9,6,1,3810.7252140899777,3567.126640337234,0.9360755341655049,kv
1048576,H100NVL,H100NVLx72,Kimi-K2-1T-A32B,12,6,72,TP12/DP6/EP72,0.95,12,2,3810.7252140899777,3684.9341247087527,0.9669902492795549,kv
8192,H100NVL,H100NVLx72,Kimi-K2-1T-A32B,18,4,72,TP18/DP4/EP72,0.9,12848,3212,485971.0193413754,437490.8437834255,0.9002406035988445,weight
8192,H100NVL,H100NVLx72,Kimi-K2-1T-A32B,18,4,72,TP18/DP4/EP72,0.95,13560,3390,485971.0193413754,461735.3550516228,0.9501294041718813,weight
16384,H100NVL,H100NVLx72,Kimi-K2-1T-A32B,18,4,72,TP18/DP4/EP72,0.9,6436,1609,243437.15424502597,219154.03725016594,0.9002489284342421,weight
16384,H100NVL,H100NVLx72,Kimi-K2-1T-A32B,18,4,72,TP18/DP4/EP72,0.95,6792,1698,243437.15424502597,231276.29288426426,0.9500451712127661,weight
32768,H100NVL,H100NVLx72,Kimi-K2-1T-A32B,18,4,72,TP18/DP4/EP72,0.9,3224,806,121831.80336601754,109781.33091878805,0.9010892713208354,weight
32768,H100NVL,H100NVLx72,Kimi-K2-1T-A32B,18,4,72,TP18/DP4/EP72,0.95,3400,850,121831.80336601754,115774.3534886879,0.9502802247855486,weight
65536,H100NVL,H100NVLx72,Kimi-K2-1T-A32B,18,4,72,TP18/DP4/EP72,0.9,1612,403,60944.24775967254,54901.83083097237,0.9008533676134978,weight
65536,H100NVL,H100NVLx72,Kimi-K2-1T-A32B,18,4,72,TP18/DP4/EP72,0.95,1704,426,60944.24775967254,58030.65427275357,0.9521924776492701,weight
131072,H100NVL,H100NVLx72,Kimi-K2-1T-A32B,18,4,72,TP18/DP4/EP72,0.9,796,199,30479.215346522255,27515.21025112346,0.9027532348946445,weight
131072,H100NVL,H100NVLx72,Kimi-K2-1T-A32B,18,4,72,TP18/DP4/EP72,0.95,844,211,30479.215346522255,29076.134129875656,0.9539659666203745,weight
262144,H100NVL,H100NVLx72,Kimi-K2-1T-A32B,18,4,72,TP18/DP4/EP72,0.9,336,84,15241.381158876422,13750.231059797838,0.9021643718810776,weight
262144,H100NVL,H100NVLx72,Kimi-K2-1T-A32B,18,4,72,TP18/DP4/EP72,0.95,364,91,15241.381158876422,14495.227961133938,0.9510442531444775,weight
524288,H100NVL,H100NVLx72,Kimi-K2-1T-A32B,18,4,72,TP18/DP4/EP72,0.9,48,12,7621.134028241523,6943.500443752993,0.9110849406430286,weight
524288,H100NVL,H100NVLx72,Kimi-K2-1T-A32B,18,4,72,TP18/DP4/EP72,0.95,64,16,7621.134028241523,7333.99672712234,0.9623235465935722,weight
1048576,H100NVL,H100NVLx72,Kimi-K2-1T-A32B,18,4,72,TP18/DP4/EP72,0.9,8,2,3810.677885998496,3596.4743624182256,0.9437886040257261,kv
1048576,H100NVL,H100NVLx72,Kimi-K2-1T-A32B,18,4,72,TP18/DP4/EP72,0.95,12,3,3810.677885998496,3665.182927813582,0.9618191401798868,kv
8192,H100NVL,H100NVLx72,Kimi-K2-1T-A32B,24,3,72,TP24/DP3/EP72,0.9,9636,3212,485132.0915577639,436624.0511003828,0.90001065420838,weight
8192,H100NVL,H100NVLx72,Kimi-K2-1T-A32B,24,3,72,TP24/DP3/EP72,0.95,10173,3391,485132.0915577639,460956.4624163755,0.9501669142031808,weight
16384,H100NVL,H100NVLx72,Kimi-K2-1T-A32B,24,3,72,TP24/DP3/EP72,0.9,4833,1611,243226.4603826863,218991.70184393463,0.9003613402068948,weight
16384,H100NVL,H100NVLx72,Kimi-K2-1T-A32B,24,3,72,TP24/DP3/EP72,0.95,5100,1700,243226.4603826863,231089.93987255637,0.9501019729060949,weight
32768,H100NVL,H100NVLx72,Kimi-K2-1T-A32B,24,3,72,TP24/DP3/EP72,0.9,2421,807,121779.0090326144,109699.75831613109,0.9008100754601452,weight
32768,H100NVL,H100NVLx72,Kimi-K2-1T-A32B,24,3,72,TP24/DP3/EP72,0.95,2556,852,121779.0090326144,115816.84229840466,0.9510410966424191,weight
65536,H100NVL,H100NVLx72,Kimi-K2-1T-A32B,24,3,72,TP24/DP3/EP72,0.9,1212,404,60931.03402836272,54928.76324151562,0.9014907446991116,weight
65536,H100NVL,H100NVLx72,Kimi-K2-1T-A32B,24,3,72,TP24/DP3/EP72,0.95,1278,426,60931.03402836272,57915.66480489881,0.9505117667614128,weight
131072,H100NVL,H100NVLx72,Kimi-K2-1T-A32B,24,3,72,TP24/DP3/EP72,0.9,597,199,30475.910017725546,27459.871111334563,0.9010353126572175,weight
131072,H100NVL,H100NVLx72,Kimi-K2-1T-A32B,24,3,72,TP24/DP3/EP72,0.95,633,211,30475.910017725546,29017.85224032771,0.9521570389022085,weight
262144,H100NVL,H100NVLx72,Kimi-K2-1T-A32B,24,3,72,TP24/DP3/EP72,0.9,252,84,15240.554589526228,13717.503025245544,0.9000658699567684,weight
262144,H100NVL,H100NVLx72,Kimi-K2-1T-A32B,24,3,72,TP24/DP3/EP72,0.95,276,92,15240.554589526228,14569.251897241074,0.9559528698026191,weight
524288,H100NVL,H100NVLx72,Kimi-K2-1T-A32B,24,3,72,TP24/DP3/EP72,0.9,36,12,7620.927356250412,6885.431684648866,0.9034900036150694,weight
524288,H100NVL,H100NVLx72,Kimi-K2-1T-A32B,24,3,72,TP24/DP3/EP72,0.95,48,16,7620.927356250412,7285.324214867687,0.9559629523161016,weight
1048576,H100NVL,H100NVLx72,Kimi-K2-1T-A32B,24,3,72,TP24/DP3/EP72,0.9,6,2,3810.626214293418,3504.619531855593,0.9196964841920172,kv
1048576,H100NVL,H100NVLx72,Kimi-K2-1T-A32B,24,3,72,TP24/DP3/EP72,0.95,12,4,3810.626214293418,3651.2971510305424,0.958188220438614,kv
8192,H100NVL,H100NVLx72,Kimi-K2-1T-A32B,36,2,72,TP36/DP2/EP72,0.9,6428,3214,483317.4888532692,435021.3945254032,0.9000737704682392,weight
8192,H100NVL,H100NVLx72,Kimi-K2-1T-A32B,36,2,72,TP36/DP2/EP72,0.95,6786,3393,483317.4888532692,459249.40623045835,0.9502023345360099,weight
16384,H100NVL,H100NVLx72,Kimi-K2-1T-A32B,36,2,72,TP36/DP2/EP72,0.9,3230,1615,242769.48379147056,218593.51342829101,0.9004159419643296,weight
16384,H100NVL,H100NVLx72,Kimi-K2-1T-A32B,36,2,72,TP36/DP2/EP72,0.95,3408,1704,242769.48379147056,230639.84327046896,0.9500363870632914,weight
32768,H100NVL,H100NVLx72,Kimi-K2-1T-A32B,36,2,72,TP36/DP2/EP72,0.9,1618,809,121664.34563678013,109499.78903906069,0.9000154356311107,weight
32768,H100NVL,H100NVLx72,Kimi-K2-1T-A32B,36,2,72,TP36/DP2/EP72,0.95,1708,854,121664.34563678013,115590.62743417444,0.9500780761132903,weight
65536,H100NVL,H100NVLx72,Kimi-K2-1T-A32B,36,2,72,TP36/DP2/EP72,0.9,810,405,60902.31555215022,54828.194255045135,0.900264526200094,weight
65536,H100NVL,H100NVLx72,Kimi-K2-1T-A32B,36,2,72,TP36/DP2/EP72,0.95,856,428,60902.31555215022,57937.58353977341,0.9513198802788028,weight
131072,H100NVL,H100NVLx72,Kimi-K2-1T-A32B,36,2,72,TP36/DP2/EP72,0.9,400,200,30468.723806375743,27469.05913544807,0.9015493825737468,weight
131072,H100NVL,H100NVLx72,Kimi-K2-1T-A32B,36,2,72,TP36/DP2/EP72,0.95,424,212,30468.723806375743,29021.78598418243,0.9525107178302448,weight
262144,H100NVL,H100NVLx72,Kimi-K2-1T-A32B,36,2,72,TP36/DP2/EP72,0.9,170,85,15238.757211781627,13751.93649350881,0.902431628930783,weight
262144,H100NVL,H100NVLx72,Kimi-K2-1T-A32B,36,2,72,TP36/DP2/EP72,0.95,184,92,15238.757211781627,14496.480454307679,0.9512902038428653,weight
524288,H100NVL,H100NVLx72,Kimi-K2-1T-A32B,36,2,72,TP36/DP2/EP72,0.9,26,13,7620.477908646429,6872.997379667238,0.9019115942674572,weight
524288,H100NVL,H100NVLx72,Kimi-K2-1T-A32B,36,2,72,TP36/DP2/EP72,0.95,34,17,7620.477908646429,7279.265650750767,0.9552242966929264,weight
1048576,H100NVL,H100NVLx72,Kimi-K2-1T-A32B,36,2,72,TP36/DP2/EP72,0.9,6,3,3810.5138394930386,3469.0604308289503,0.9103917678699427,kv
1048576,H100NVL,H100NVLx72,Kimi-K2-1T-A32B,36,2,72,TP36/DP2/EP72,0.95,12,6,3810.5138394930386,3631.90394695895,0.9531270846774168,kv
8192,H100NVL,H100NVLx72,Kimi-K2-1T-A32B,72,1,72,TP72/DP1/EP72,0.9,3220,3220,477260.81465573347,429580.1269734636,0.9000951131580668,weight
8192,H100NVL,H100NVLx72,Kimi-K2-1T-A32B,72,1,72,TP72/DP1/EP72,0.95,3399,3399,477260.81465573347,453460.51291391393,0.9501314564050526,weight
16384,H100NVL,H100NVLx72,Kimi-K2-1T-A32B,72,1,72,TP72/DP1/EP72,0.9,1628,1628,241231.77347331404,217191.4430785092,0.9003434330035953,weight
16384,H100NVL,H100NVLx72,Kimi-K2-1T-A32B,72,1,72,TP72/DP1/EP72,0.95,1718,1718,241231.77347331404,229198.3410373946,0.9501167186119012,weight
32768,H100NVL,H100NVLx72,Kimi-K2-1T-A32B,72,1,72,TP72/DP1/EP72,0.9,819,819,121276.92084299281,109262.77484720797,0.9009362547113267,weight
32768,H100NVL,H100NVLx72,Kimi-K2-1T-A32B,72,1,72,TP72/DP1/EP72,0.95,864,864,121276.92084299281,115266.22180480912,0.9504382285070937,weight
65536,H100NVL,H100NVLx72,Kimi-K2-1T-A32B,72,1,72,TP72/DP1/EP72,0.9,411,411,60805.08122750041,54840.7333461867,0.9019103706317195,weight
65536,H100NVL,H100NVLx72,Kimi-K2-1T-A32B,72,1,72,TP72/DP1/EP72,0.95,433,433,60805.08122750041,57772.640749035636,0.9501285021375272,weight
131072,H100NVL,H100NVLx72,Kimi-K2-1T-A32B,72,1,72,TP72/DP1/EP72,0.9,203,203,30444.367740097718,27450.865772595804,0.9016730453048881,weight
131072,H100NVL,H100NVLx72,Kimi-K2-1T-A32B,72,1,72,TP72/DP1/EP72,0.95,215,215,30444.367740097718,28985.4930498486,0.9520806376173264,weight
262144,H100NVL,H100NVLx72,Kimi-K2-1T-A32B,72,1,72,TP72/DP1/EP72,0.9,87,87,15232.662245794792,13726.137782881993,0.9010990699719152,weight
262144,H100NVL,H100NVLx72,Kimi-K2-1T-A32B,72,1,72,TP72/DP1/EP72,0.95,95,95,15232.662245794792,14575.736955846678,0.956873901662891,weight
524288,H100NVL,H100NVLx72,Kimi-K2-1T-A32B,72,1,72,TP72/DP1/EP72,0.9,17,17,7618.9534226092655,6958.801842568961,0.9133540338911506,weight
524288,H100NVL,H100NVLx72,Kimi-K2-1T-A32B,72,1,72,TP72/DP1/EP72,0.95,27,27,7618.9534226092655,7243.1276366848415,0.9506722557445804,kv
1048576,H100NVL,H100NVLx72,Kimi-K2-1T-A32B,72,1,72,TP72/DP1/EP72,0.9,7,7,3810.1326248621667,3461.9397639323843,0.9086139787739335,kv
1048576,H100NVL,H100NVLx72,Kimi-K2-1T-A32B,72,1,72,TP72/DP1/EP72,0.95,14,14,3810.1326248621667,3627.9976913506316,0.9521972195080417,kv
8192,H100NVL,H100NVLx72,DeepSeek-V4-Flash-284B,1,72,72,TP1/DP72/EP72,0.9,96048,1334,732425.142857143,659484.5070422536,0.9004121628998799,weight
8192,H100NVL,H100NVLx72,DeepSeek-V4-Flash-284B,1,72,72,TP1/DP72/EP72,0.95,101376,1408,732425.142857143,696067.6056338028,0.950360063990278,weight
16384,H100NVL,H100NVLx72,DeepSeek-V4-Flash-284B,1,72,72,TP1/DP72/EP72,0.9,51048,709,389232.1919285974,350505.6338028169,0.9005052538591549,weight
16384,H100NVL,H100NVLx72,DeepSeek-V4-Flash-284B,1,72,72,TP1/DP72/EP72,0.95,53856,748,389232.1919285974,369785.91549295775,0.9500393933521126,weight
32768,H100NVL,H100NVLx72,DeepSeek-V4-Flash-284B,1,72,72,TP1/DP72/EP72,0.9,25560,355,194616.0959642987,175500.00001919913,0.9017753600986512,weight
32768,H100NVL,H100NVLx72,DeepSeek-V4-Flash-284B,1,72,72,TP1/DP72/EP72,0.95,26928,374,194616.0959642987,184892.9577524133,0.9500393933826056,weight
65536,H100NVL,H100NVLx72,DeepSeek-V4-Flash-284B,1,72,72,TP1/DP72/EP72,0.9,12816,178,97308.04798214935,87998.06325843203,0.9043246173695192,weight
65536,H100NVL,H100NVLx72,DeepSeek-V4-Flash-284B,1,72,72,TP1/DP72/EP72,0.95,13464,187,97308.04798214935,92446.99614971345,0.9500447092173955,weight
131072,H100NVL,H100NVLx72,DeepSeek-V4-Flash-284B,1,72,72,TP1/DP72/EP72,0.9,6408,89,48654.023991074675,44136.45281518083,0.9071490741090076,weight
131072,H100NVL,H100NVLx72,DeepSeek-V4-Flash-284B,1,72,72,TP1/DP72/EP72,0.95,6768,94,48654.023991074675,46575.77903774901,0.9572852400922294,weight
262144,H100NVL,H100NVLx72,DeepSeek-V4-Flash-284B,1,72,72,TP1/DP72/EP72,0.9,3024,42,24327.011995537337,22203.56271828398,0.9127122855185466,weight
262144,H100NVL,H100NVLx72,DeepSeek-V4-Flash-284B,1,72,72,TP1/DP72/EP72,0.95,3240,45,24327.011995537337,23502.57880307518,0.9661103799918627,weight
524288,H100NVL,H100NVLx72,DeepSeek-V4-Flash-284B,1,72,72,TP1/DP72/EP72,0.9,936,13,12163.505997768669,11109.916593937054,0.9133811087013161,weight
524288,H100NVL,H100NVLx72,DeepSeek-V4-Flash-284B,1,72,72,TP1/DP72/EP72,0.95,1080,15,12163.505997768669,11779.688287163188,0.9684451415014808,weight
1048576,H100NVL,H100NVLx72,DeepSeek-V4-Flash-284B,1,72,72,TP1/DP72/EP72,0.9,72,1,6081.752998884334,5780.466689123643,0.9504606139354951,weight
1048576,H100NVL,H100NVLx72,DeepSeek-V4-Flash-284B,1,72,72,TP1/DP72/EP72,0.95,72,1,6081.752998884334,5780.466689123643,0.9504606139354951,weight
8192,H100NVL,H100NVLx72,DeepSeek-V4-Flash-284B,2,36,72,TP2/DP36/EP72,0.9,48024,1334,732316.0187798578,659212.9298845194,0.9001754884221453,weight
8192,H100NVL,H100NVLx72,DeepSeek-V4-Flash-284B,2,36,72,TP2/DP36/EP72,0.95,50688,1408,732316.0187798578,695780.9634763143,0.9501102606434637,weight
16384,H100NVL,H100NVLx72,DeepSeek-V4-Flash-284B,2,36,72,TP2/DP36/EP72,0.9,25524,709,389201.37126965355,350361.2948186839,0.9002057050203459,weight
16384,H100NVL,H100NVLx72,DeepSeek-V4-Flash-284B,2,36,72,TP2/DP36/EP72,0.95,26964,749,389201.37126965355,370127.79946289735,0.950993050860704,weight
32768,H100NVL,H100NVLx72,DeepSeek-V4-Flash-284B,2,36,72,TP2/DP36/EP72,0.9,12780,355,194608.39049449077,175427.7287365779,0.9014396979021526,weight
32768,H100NVL,H100NVLx72,DeepSeek-V4-Flash-284B,2,36,72,TP2/DP36/EP72,0.95,13500,375,194608.39049449077,185310.98104507514,0.9522250329197454,weight
65536,H100NVL,H100NVLx72,DeepSeek-V4-Flash-284B,2,36,72,TP2/DP36/EP72,0.9,6408,178,97306.1215765611,87961.8251018326,0.9039701066764196,weight
65536,H100NVL,H100NVLx72,DeepSeek-V4-Flash-284B,2,36,72,TP2/DP36/EP72,0.95,6768,188,97306.1215765611,92903.05896616673,0.9547504048146652,weight
131072,H100NVL,H100NVLx72,DeepSeek-V4-Flash-284B,2,36,72,TP2/DP36/EP72,0.9,3204,89,48653.54238491043,44118.22040176274,0.9067833140027581,weight
131072,H100NVL,H100NVLx72,DeepSeek-V4-Flash-284B,2,36,72,TP2/DP36/EP72,0.95,3384,94,48653.54238491043,46556.55556394843,0.9568996065204829,weight
262144,H100NVL,H100NVLx72,DeepSeek-V4-Flash-284B,2,36,72,TP2/DP36/EP72,0.9,1512,42,24326.891593400374,22193.785315422727,0.9123148853692291,weight
262144,H100NVL,H100NVLx72,DeepSeek-V4-Flash-284B,2,36,72,TP2/DP36/EP72,0.95,1620,45,24326.891593400374,23492.3541566893,0.9656948593901954,weight
524288,H100NVL,H100NVLx72,DeepSeek-V4-Flash-284B,2,36,72,TP2/DP36/EP72,0.9,468,13,12163.475897159937,11102.010029484962,0.9127333439347861,weight
524288,H100NVL,H100NVLx72,DeepSeek-V4-Flash-284B,2,36,72,TP2/DP36/EP72,0.95,540,15,12163.475897159937,11771.98438124472,0.9678141742356207,weight
1048576,H100NVL,H100NVLx72,DeepSeek-V4-Flash-284B,2,36,72,TP2/DP36/EP72,0.9,36,1,6081.745473722841,5752.755346912389,0.9459053115208608,weight
1048576,H100NVL,H100NVLx72,DeepSeek-V4-Flash-284B,2,36,72,TP2/DP36/EP72,0.95,72,2,6081.745473722841,6066.380404211132,0.9974735757064981,kv
8192,H100NVL,H100NVLx72,DeepSeek-V4-Flash-284B,4,18,72,TP4/DP18/EP72,0.9,24030,1335,731988.8415616914,658893.0916658465,0.9001408959460424,weight
8192,H100NVL,H100NVLx72,DeepSeek-V4-Flash-284B,4,18,72,TP4/DP18/EP72,0.95,25362,1409,731988.8415616914,695416.0046121181,0.9500363463580327,weight
16384,H100NVL,H100NVLx72,DeepSeek-V4-Flash-284B,4,18,72,TP4/DP18/EP72,0.9,12780,710,389108.93857161555,350422.5431331468,0.9005769551825691,weight
16384,H100NVL,H100NVLx72,DeepSeek-V4-Flash-284B,4,18,72,TP4/DP18/EP72,0.95,13482,749,389108.93857161555,369671.1053615873,0.9500452668052736,weight
32768,H100NVL,H100NVLx72,DeepSeek-V4-Flash-284B,4,18,72,TP4/DP18/EP72,0.9,6390,355,194585.27774564066,175211.27158570942,0.9004343679830871,weight
32768,H100NVL,H100NVLx72,DeepSeek-V4-Flash-284B,4,18,72,TP4/DP18/EP72,0.95,6750,375,194585.27774564066,185082.32912517988,0.9511630646955578,weight
65536,H100NVL,H100NVLx72,DeepSeek-V4-Flash-284B,4,18,72,TP4/DP18/EP72,0.9,3204,178,97300.34281741339,87853.28948828501,0.90290832431232,weight
65536,H100NVL,H100NVLx72,DeepSeek-V4-Flash-284B,4,18,72,TP4/DP18/EP72,0.95,3384,188,97300.34281741339,92788.42693559526,0.9536289826821591,weight
131072,H100NVL,H100NVLx72,DeepSeek-V4-Flash-284B,4,18,72,TP4/DP18/EP72,0.9,1602,89,48652.09762362269,44063.61342960024,0.9056878445505185,weight
131072,H100NVL,H100NVLx72,DeepSeek-V4-Flash-284B,4,18,72,TP4/DP18/EP72,0.95,1692,94,48652.09762362269,46498.98023530503,0.955744613418842,weight
262144,H100NVL,H100NVLx72,DeepSeek-V4-Flash-284B,4,18,72,TP4/DP18/EP72,0.9,756,42,24326.530394140274,22164.50470476557,0.9111247821063917,weight
262144,H100NVL,H100NVLx72,DeepSeek-V4-Flash-284B,4,18,72,TP4/DP18/EP72,0.95,810,45,24326.530394140274,23461.733525960317,0.9644504639926675,weight
524288,H100NVL,H100NVLx72,DeepSeek-V4-Flash-284B,4,18,72,TP4/DP18/EP72,0.9,234,13,12163.385596227608,11078.357714397374,0.9107955697658102,weight
524288,H100NVL,H100NVLx72,DeepSeek-V4-Flash-284B,4,18,72,TP4/DP18/EP72,0.95,270,15,12163.385596227608,11748.933005272325,0.9659262145661301,weight
1048576,H100NVL,H100NVLx72,DeepSeek-V4-Flash-284B,4,18,72,TP4/DP18/EP72,0.9,18,1,6081.722898350094,5671.192883946157,0.9324977442633388,weight
1048576,H100NVL,H100NVLx72,DeepSeek-V4-Flash-284B,4,18,72,TP4/DP18/EP72,0.95,36,2,6081.722898350094,6020.725391046903,0.9899703573604547,kv
8192,H100NVL,H100NVLx72,DeepSeek-V4-Flash-284B,8,9,72,TP8/DP9/EP72,0.9,12042,1338,731117.7965276332,658208.0139030989,0.9002762852021772,weight
8192,H100NVL,H100NVLx72,DeepSeek-V4-Flash-284B,8,9,72,TP8/DP9/EP72,0.95,12708,1412,731117.7965276332,694611.1477064092,0.9500673503030449,weight
16384,H100NVL,H100NVLx72,DeepSeek-V4-Flash-284B,8,9,72,TP8/DP9/EP72,0.9,6408,712,388862.6658841606,350257.1792967163,0.9007220544053344,weight
16384,H100NVL,H100NVLx72,DeepSeek-V4-Flash-284B,8,9,72,TP8/DP9/EP72,0.95,6759,751,388862.6658841606,369442.614679542,0.9500593579471995,weight
32768,H100NVL,H100NVLx72,DeepSeek-V4-Flash-284B,8,9,72,TP8/DP9/EP72,0.9,3204,356,194523.6705801655,175128.58966623087,0.9002944944638926,weight
32768,H100NVL,H100NVLx72,DeepSeek-V4-Flash-284B,8,9,72,TP8/DP9/EP72,0.95,3384,376,194523.6705801655,184967.27446525585,0.9508728367791551,weight
65536,H100NVL,H100NVLx72,DeepSeek-V4-Flash-284B,8,9,72,TP8/DP9/EP72,0.9,1602,178,97284.93614808041,87565.16634566122,0.9000896727976011,weight
65536,H100NVL,H100NVLx72,DeepSeek-V4-Flash-284B,8,9,72,TP8/DP9/EP72,0.95,1692,188,97284.93614808041,92484.11998488885,0.9506520089000821,weight
131072,H100NVL,H100NVLx72,DeepSeek-V4-Flash-284B,8,9,72,TP8/DP9/EP72,0.9,801,89,48648.24534630855,43918.65353658267,0.9027798068346002,weight
131072,H100NVL,H100NVLx72,DeepSeek-V4-Flash-284B,8,9,72,TP8/DP9/EP72,0.95,846,94,48648.24534630855,46346.139934256404,0.9526785520081079,weight
262144,H100NVL,H100NVLx72,DeepSeek-V4-Flash-284B,8,9,72,TP8/DP9/EP72,0.9,378,42,24325.567248549414,22086.79947130605,0.9079664718866169,weight
262144,H100NVL,H100NVLx72,DeepSeek-V4-Flash-284B,8,9,72,TP8/DP9/EP72,0.95,405,45,24325.567248549414,23380.46740802853,0.9611478807106855,weight
524288,H100NVL,H100NVLx72,DeepSeek-V4-Flash-284B,8,9,72,TP8/DP9/EP72,0.9,117,13,12163.144800296182,11015.774794563826,0.9056683099173154,weight
524288,H100NVL,H100NVLx72,DeepSeek-V4-Flash-284B,8,9,72,TP8/DP9/EP72,0.95,135,15,12163.144800296182,11687.90172777374,0.9609276153227355,weight
1048576,H100NVL,H100NVLx72,DeepSeek-V4-Flash-284B,8,9,72,TP8/DP9/EP72,0.9,18,2,6081.662698175464,5902.2721908982,0.9705030488897252,kv
1048576,H100NVL,H100NVLx72,DeepSeek-V4-Flash-284B,8,9,72,TP8/DP9/EP72,0.95,18,2,6081.662698175464,5902.2721908982,0.9705030488897252,kv
8192,H100NVL,H100NVLx72,DeepSeek-V4-Flash-284B,12,6,72,TP12/DP6/EP72,0.9,8046,1341,730085.0592245919,657122.0351625786,0.9000622966596442,weight
8192,H100NVL,H100NVLx72,DeepSeek-V4-Flash-284B,12,6,72,TP12/DP6/EP72,0.95,8496,1416,730085.0592245919,693873.826838338,0.9504013512826669,weight
16384,H100NVL,H100NVLx72,DeepSeek-V4-Flash-284B,12,6,72,TP12/DP6/EP72,0.9,4284,714,388570.32138688595,349877.05675322976,0.9004214616917934,weight
16384,H100NVL,H100NVLx72,DeepSeek-V4-Flash-284B,12,6,72,TP12/DP6/EP72,0.95,4524,754,388570.32138688595,369478.0123136348,0.9508652410582804,weight
32768,H100NVL,H100NVLx72,DeepSeek-V4-Flash-284B,12,6,72,TP12/DP6/EP72,0.9,2148,358,194450.48752429432,175428.55228129926,0.902175944708709,weight
32768,H100NVL,H100NVLx72,DeepSeek-V4-Flash-284B,12,6,72,TP12/DP6/EP72,0.95,2262,377,194450.48752429432,184739.0061616602,0.9500567908762851,weight
65536,H100NVL,H100NVLx72,DeepSeek-V4-Flash-284B,12,6,72,TP12/DP6/EP72,0.9,1074,179,97266.62824910083,87715.091404793,0.9018004734383693,weight
65536,H100NVL,H100NVLx72,DeepSeek-V4-Flash-284B,12,6,72,TP12/DP6/EP72,0.95,1134,189,97266.62824910083,92614.9664858837,0.9521761795699942,weight
131072,H100NVL,H100NVLx72,DeepSeek-V4-Flash-284B,12,6,72,TP12/DP6/EP72,0.9,540,90,48643.66685352482,44230.53278851784,0.9092762871208754,weight
131072,H100NVL,H100NVLx72,DeepSeek-V4-Flash-284B,12,6,72,TP12/DP6/EP72,0.95,570,95,48643.66685352482,46650.330316923166,0.9590216637531879,weight
262144,H100NVL,H100NVLx72,DeepSeek-V4-Flash-284B,12,6,72,TP12/DP6/EP72,0.9,252,42,24324.42243552591,21995.135401955704,0.9042408081941434,weight
262144,H100NVL,H100NVLx72,DeepSeek-V4-Flash-284B,12,6,72,TP12/DP6/EP72,0.95,270,45,24324.42243552591,23284.593961448194,0.9572516684894009,weight
524288,H100NVL,H100NVLx72,DeepSeek-V4-Flash-284B,12,6,72,TP12/DP6/EP72,0.9,84,14,12162.858573307316,11278.11449602931,0.9272585410785199,weight
524288,H100NVL,H100NVLx72,DeepSeek-V4-Flash-284B,12,6,72,TP12/DP6/EP72,0.95,90,15,12162.858573307316,11616.172305393624,0.9550528138908518,weight
1048576,H100NVL,H100NVLx72,DeepSeek-V4-Flash-284B,12,6,72,TP12/DP6/EP72,0.9,12,2,6081.59113846134,5767.389107052674,0.9483355549139794,kv
1048576,H100NVL,H100NVLx72,DeepSeek-V4-Flash-284B,12,6,72,TP12/DP6/EP72,0.95,18,3,6081.59113846134,5868.502792387496,0.9649617441846384,kv
8192,H100NVL,H100NVLx72,DeepSeek-V4-Flash-284B,18,4,72,TP18/DP4/EP72,0.9,5388,1347,728351.958229369,655772.3550003371,0.9003509190728701,weight
8192,H100NVL,H100NVLx72,DeepSeek-V4-Flash-284B,18,4,72,TP18/DP4/EP72,0.95,5688,1422,728351.958229369,692285.2923611576,0.9504818165713594,weight
16384,H100NVL,H100NVLx72,DeepSeek-V4-Flash-284B,18,4,72,TP18/DP4/EP72,0.9,2872,718,388078.8494561993,349550.5203342554,0.9007203583088018,weight
16384,H100NVL,H100NVLx72,DeepSeek-V4-Flash-284B,18,4,72,TP18/DP4/EP72,0.95,3032,758,388078.8494561993,369024.08692669304,0.9508997654569245,weight
32768,H100NVL,H100NVLx72,DeepSeek-V4-Flash-284B,18,4,72,TP18/DP4/EP72,0.9,1440,360,194327.3325255496,175262.0993456123,0.9018911393875555,weight
32768,H100NVL,H100NVLx72,DeepSeek-V4-Flash-284B,18,4,72,TP18/DP4/EP72,0.95,1520,380,194327.3325255496,184998.8826321275,0.9519962026330206,weight
65536,H100NVL,H100NVLx72,DeepSeek-V4-Flash-284B,18,4,72,TP18/DP4/EP72,0.9,720,180,97235.80352577072,87631.80829507741,0.9012298465950566,weight
65536,H100NVL,H100NVLx72,DeepSeek-V4-Flash-284B,18,4,72,TP18/DP4/EP72,0.95,760,190,97235.80352577072,92499.86128727566,0.9512942551326798,weight
131072,H100NVL,H100NVLx72,DeepSeek-V4-Flash-284B,18,4,72,TP18/DP4/EP72,0.9,360,90,48635.956169929865,43942.241885687305,0.9034929164784358,weight
131072,H100NVL,H100NVLx72,DeepSeek-V4-Flash-284B,18,4,72,TP18/DP4/EP72,0.95,380,95,48635.956169929865,46346.50971622808,0.952926874806313,weight
262144,H100NVL,H100NVLx72,DeepSeek-V4-Flash-284B,18,4,72,TP18/DP4/EP72,0.9,172,43,24322.494201402773,22267.528378224277,0.9155117149515045,weight
262144,H100NVL,H100NVLx72,DeepSeek-V4-Flash-284B,18,4,72,TP18/DP4/EP72,0.95,180,45,24322.494201402773,23124.857416910017,0.9507601163525539,weight
524288,H100NVL,H100NVLx72,DeepSeek-V4-Flash-284B,18,4,72,TP18/DP4/EP72,0.9,56,14,12162.376444349771,11158.11802313621,0.9174290957191918,weight
524288,H100NVL,H100NVLx72,DeepSeek-V4-Flash-284B,18,4,72,TP18/DP4/EP72,0.95,64,16,12162.376444349771,11838.775360546913,0.9733932685537626,weight
1048576,H100NVL,H100NVLx72,DeepSeek-V4-Flash-284B,18,4,72,TP18/DP4/EP72,0.9,8,2,6081.470597417127,5553.596517514662,0.9131996000890543,kv
1048576,H100NVL,H100NVLx72,DeepSeek-V4-Flash-284B,18,4,72,TP18/DP4/EP72,0.95,16,4,6081.470597417127,5805.687612114216,0.9546519249110504,kv
8192,H100NVL,H100NVLx72,DeepSeek-V4-Flash-284B,24,3,72,TP24/DP3/EP72,0.9,4059,1353,726469.1215338326,654052.3833305861,0.9003168392754957,weight
8192,H100NVL,H100NVLx72,DeepSeek-V4-Flash-284B,24,3,72,TP24/DP3/EP72,0.95,4284,1428,726469.1215338326,690308.0586815055,0.9502235376832282,weight
16384,H100NVL,H100NVLx72,DeepSeek-V4-Flash-284B,24,3,72,TP24/DP3/EP72,0.9,2166,722,387543.67567289236,349021.3013781842,0.9005986248444856,weight
16384,H100NVL,H100NVLx72,DeepSeek-V4-Flash-284B,24,3,72,TP24/DP3/EP72,0.95,2286,762,387543.67567289236,368357.6615653412,0.9504932855006897,weight
32768,H100NVL,H100NVLx72,DeepSeek-V4-Flash-284B,24,3,72,TP24/DP3/EP72,0.9,1086,362,194193.0492974754,174994.05970568597,0.9011345171145678,weight
32768,H100NVL,H100NVLx72,DeepSeek-V4-Flash-284B,24,3,72,TP24/DP3/EP72,0.95,1146,382,194193.0492974754,184662.23979080786,0.9509209544772752,weight
65536,H100NVL,H100NVLx72,DeepSeek-V4-Flash-284B,24,3,72,TP24/DP3/EP72,0.9,543,181,97202.17124067967,87497.73497014883,0.9001623508336871,weight
65536,H100NVL,H100NVLx72,DeepSeek-V4-Flash-284B,24,3,72,TP24/DP3/EP72,0.95,576,192,97202.17124067967,92814.89666298359,0.9548644385027896,weight
131072,H100NVL,H100NVLx72,DeepSeek-V4-Flash-284B,24,3,72,TP24/DP3/EP72,0.9,273,91,48627.5403978725,44108.6262924677,0.9070708888742703,weight
131072,H100NVL,H100NVLx72,DeepSeek-V4-Flash-284B,24,3,72,TP24/DP3/EP72,0.95,288,96,48627.5403978725,46497.658702932036,0.9562000940719254,weight
262144,H100NVL,H100NVLx72,DeepSeek-V4-Flash-284B,24,3,72,TP24/DP3/EP72,0.9,129,43,24320.389294786575,22100.71760918043,0.9087320659755243,weight
262144,H100NVL,H100NVLx72,DeepSeek-V4-Flash-284B,24,3,72,TP24/DP3/EP72,0.95,138,46,24320.389294786575,23382.420492644927,0.9614328212113482,weight
524288,H100NVL,H100NVLx72,DeepSeek-V4-Flash-284B,24,3,72,TP24/DP3/EP72,0.9,42,14,12161.850097182682,11029.98764980964,0.906933366360498,weight
524288,H100NVL,H100NVLx72,DeepSeek-V4-Flash-284B,24,3,72,TP24/DP3/EP72,0.95,48,16,12161.850097182682,11712.462042355619,0.9630493673876835,weight
1048576,H100NVL,H100NVLx72,DeepSeek-V4-Flash-284B,24,3,72,TP24/DP3/EP72,0.9,9,3,6081.3389955572975,5564.536569098511,0.9150183163878325,kv
1048576,H100NVL,H100NVLx72,DeepSeek-V4-Flash-284B,24,3,72,TP24/DP3/EP72,0.95,18,6,6081.3389955572975,5811.659888579934,0.9556546498765524,kv
8192,H100NVL,H100NVLx72,DeepSeek-V4-Flash-284B,36,2,72,TP36/DP2/EP72,0.9,2732,1366,722407.6023739881,650370.6143235761,0.9002820737023214,weight
8192,H100NVL,H100NVLx72,DeepSeek-V4-Flash-284B,36,2,72,TP36/DP2/EP72,0.95,2884,1442,722407.6023739881,686555.2165846243,0.9503709738497419,weight
16384,H100NVL,H100NVLx72,DeepSeek-V4-Flash-284B,36,2,72,TP36/DP2/EP72,0.9,1462,731,386384.8189411684,348038.7401687659,0.9007567665896284,weight
16384,H100NVL,H100NVLx72,DeepSeek-V4-Flash-284B,36,2,72,TP36/DP2/EP72,0.95,1542,771,386384.8189411684,367083.2676745807,0.9500457825452852,weight
32768,H100NVL,H100NVLx72,DeepSeek-V4-Flash-284B,36,2,72,TP36/DP2/EP72,0.9,734,367,193901.63946476136,174733.5398743369,0.9011452422819355,weight
32768,H100NVL,H100NVLx72,DeepSeek-V4-Flash-284B,36,2,72,TP36/DP2/EP72,0.95,774,387,193901.63946476136,184255.8036212197,0.9502539747979045,weight
65536,H100NVL,H100NVLx72,DeepSeek-V4-Flash-284B,36,2,72,TP36/DP2/EP72,0.9,368,184,97129.10539858528,87605.39946578139,0.9019479702430925,weight
65536,H100NVL,H100NVLx72,DeepSeek-V4-Flash-284B,36,2,72,TP36/DP2/EP72,0.95,388,194,97129.10539858528,92366.27521673964,0.9509639241265471,weight
131072,H100NVL,H100NVLx72,DeepSeek-V4-Flash-284B,36,2,72,TP36/DP2/EP72,0.9,184,92,48609.24717449218,43911.255124328774,0.9033518862512093,weight
131072,H100NVL,H100NVLx72,DeepSeek-V4-Flash-284B,36,2,72,TP36/DP2/EP72,0.95,194,97,48609.24717449218,46266.02902548138,0.9517948068481833,weight
262144,H100NVL,H100NVLx72,DeepSeek-V4-Flash-284B,36,2,72,TP36/DP2/EP72,0.9,88,44,24315.812637947667,22165.96603759131,0.9115864794499499,weight
262144,H100NVL,H100NVLx72,DeepSeek-V4-Flash-284B,36,2,72,TP36/DP2/EP72,0.95,94,47,24315.812637947667,23388.23204177067,0.9618527823853438,kv
524288,H100NVL,H100NVLx72,DeepSeek-V4-Flash-284B,36,2,72,TP36/DP2/EP72,0.9,30,15,12160.705513745803,11103.48489156735,0.9130625586662363,weight
524288,H100NVL,H100NVLx72,DeepSeek-V4-Flash-284B,36,2,72,TP36/DP2/EP72,0.95,36,18,12160.705513745803,11557.83303543165,0.9504245475204791,kv
1048576,H100NVL,H100NVLx72,DeepSeek-V4-Flash-284B,36,2,72,TP36/DP2/EP72,0.9,10,5,6081.052797272606,5557.529977020959,0.9139091802514114,kv
1048576,H100NVL,H100NVLx72,DeepSeek-V4-Flash-284B,36,2,72,TP36/DP2/EP72,0.95,18,9,6081.052797272606,5778.916517715825,0.9503151362717502,kv
8192,H100NVL,H100NVLx72,DeepSeek-V4-Flash-284B,72,1,72,TP72/DP1/EP72,0.9,1409,1409,708959.844862779,638165.9163132104,0.9001439516461317,weight
8192,H100NVL,H100NVLx72,DeepSeek-V4-Flash-284B,72,1,72,TP72/DP1/EP72,0.95,1550,1550,708959.844862779,673516.2619953268,0.9500062194999036,compute
16384,H100NVL,H100NVLx72,DeepSeek-V4-Flash-284B,72,1,72,TP72/DP1/EP72,0.9,761,761,382504.1894939132,344673.0037717197,0.901096022576256,weight
16384,H100NVL,H100NVLx72,DeepSeek-V4-Flash-284B,72,1,72,TP72/DP1/EP72,0.95,1013,1013,382504.1894939132,363387.5516284703,0.9500224091905087,kv
32768,H100NVL,H100NVLx72,DeepSeek-V4-Flash-284B,72,1,72,TP72/DP1/EP72,0.9,384,384,192919.43166416165,173921.72595319521,0.9015251830928154,weight
32768,H100NVL,H100NVLx72,DeepSeek-V4-Flash-284B,72,1,72,TP72/DP1/EP72,0.95,583,583,192919.43166416165,183290.73988359616,0.950089570047421,kv
65536,H100NVL,H100NVLx72,DeepSeek-V4-Flash-284B,72,1,72,TP72/DP1/EP72,0.9,193,193,96882.02487108733,87414.08837416615,0.9022735485811806,weight
65536,H100NVL,H100NVLx72,DeepSeek-V4-Flash-284B,72,1,72,TP72/DP1/EP72,0.95,315,315,96882.02487108733,92044.97456101247,0.9500727785519438,kv
131072,H100NVL,H100NVLx72,DeepSeek-V4-Flash-284B,72,1,72,TP72/DP1/EP72,0.9,97,97,48547.28455603657,44008.502042022825,0.9065080044018781,weight
131072,H100NVL,H100NVLx72,DeepSeek-V4-Flash-284B,72,1,72,TP72/DP1/EP72,0.95,164,164,48547.28455603657,46121.35676075174,0.9500295883184845,kv
262144,H100NVL,H100NVLx72,DeepSeek-V4-Flash-284B,72,1,72,TP72/DP1/EP72,0.9,47,47,24300.297833399174,22200.111346576545,0.9135736318451184,kv
262144,H100NVL,H100NVLx72,DeepSeek-V4-Flash-284B,72,1,72,TP72/DP1/EP72,0.95,84,84,24300.297833399174,23089.295159491918,0.950165109818415,kv
524288,H100NVL,H100NVLx72,DeepSeek-V4-Flash-284B,72,1,72,TP72/DP1/EP72,0.9,21,21,12156.82378827495,10985.713246047495,0.9036664047596896,kv
524288,H100NVL,H100NVLx72,DeepSeek-V4-Flash-284B,72,1,72,TP72/DP1/EP72,0.95,43,43,12156.82378827495,11558.323574387085,0.9507683730297127,kv
1048576,H100NVL,H100NVLx72,DeepSeek-V4-Flash-284B,72,1,72,TP72/DP1/EP72,0.9,11,11,6080.081987512979,5517.139570111174,0.9074120351406523,kv
1048576,H100NVL,H100NVLx72,DeepSeek-V4-Flash-284B,72,1,72,TP72/DP1/EP72,0.95,22,22,6080.081987512979,5785.704096523572,0.951583236608653,kv
8192,H100NVL,H100NVLx72,DeepSeek-V4-Pro-1.6T,1,72,72,TP1/DP72/EP72,0.9,265464,3687,359424.0,323534.25,0.900146484375,weight
8192,H100NVL,H100NVLx72,DeepSeek-V4-Pro-1.6T,1,72,72,TP1/DP72/EP72,0.95,280224,3892,359424.0,341523.0,0.9501953125,weight
16384,H100NVL,H100NVLx72,DeepSeek-V4-Pro-1.6T,1,72,72,TP1/DP72/EP72,0.9,265464,3687,359424.0,323534.25,0.900146484375,weight
16384,H100NVL,H100NVLx72,DeepSeek-V4-Pro-1.6T,1,72,72,TP1/DP72/EP72,0.95,280224,3892,359424.0,341523.0,0.9501953125,weight
32768,H100NVL,H100NVLx72,DeepSeek-V4-Pro-1.6T,1,72,72,TP1/DP72/EP72,0.9,143784,1997,194616.0959642987,175236.7500000037,0.900422696960019,weight
32768,H100NVL,H100NVLx72,DeepSeek-V4-Pro-1.6T,1,72,72,TP1/DP72/EP72,0.95,151704,2107,194616.0959642987,184889.2500000007,0.9500203417600035,weight
65536,H100NVL,H100NVLx72,DeepSeek-V4-Pro-1.6T,1,72,72,TP1/DP72/EP72,0.9,71928,999,97308.04798214935,87662.26246548294,0.900873712743309,weight
65536,H100NVL,H100NVLx72,DeepSeek-V4-Pro-1.6T,1,72,72,TP1/DP72/EP72,0.95,75888,1054,97308.04798214935,92488.50553115521,0.9504712862817035,weight
131072,H100NVL,H100NVLx72,DeepSeek-V4-Pro-1.6T,1,72,72,TP1/DP72/EP72,0.9,35928,499,48654.023991074675,43803.62264056832,0.9003083208205731,weight
131072,H100NVL,H100NVLx72,DeepSeek-V4-Pro-1.6T,1,72,72,TP1/DP72/EP72,0.95,37944,527,48654.023991074675,46255.3741544547,0.9506998673519791,weight
262144,H100NVL,H100NVLx72,DeepSeek-V4-Pro-1.6T,1,72,72,TP1/DP72/EP72,0.9,17640,245,24327.011995537337,21946.660217429082,0.9021519051108735,weight
262144,H100NVL,H100NVLx72,DeepSeek-V4-Pro-1.6T,1,72,72,TP1/DP72/EP72,0.95,18720,260,24327.011995537337,23188.686414432592,0.9532073408228858,weight
524288,H100NVL,H100NVLx72,DeepSeek-V4-Pro-1.6T,1,72,72,TP1/DP72/EP72,0.9,7200,100,12163.505997768669,10971.967288357042,0.9020398633724349,weight
524288,H100NVL,H100NVLx72,DeepSeek-V4-Pro-1.6T,1,72,72,TP1/DP72/EP72,0.95,7848,109,12163.505997768669,11576.430097989034,0.951734647897791,weight
1048576,H100NVL,H100NVLx72,DeepSeek-V4-Pro-1.6T,1,72,72,TP1/DP72/EP72,0.9,1008,14,6081.752998884334,5478.60177065699,0.9008260893959374,weight
1048576,H100NVL,H100NVLx72,DeepSeek-V4-Pro-1.6T,1,72,72,TP1/DP72/EP72,0.95,1296,18,6081.752998884334,5815.60797302405,0.9562387643975171,weight
8192,H100NVL,H100NVLx72,DeepSeek-V4-Pro-1.6T,2,36,72,TP2/DP36/EP72,0.9,132732,3687,359397.7190417951,323510.59328786586,0.900146484375,weight
8192,H100NVL,H100NVLx72,DeepSeek-V4-Pro-1.6T,2,36,72,TP2/DP36/EP72,0.95,140112,3892,359397.7190417951,341498.0279567057,0.9501953125,weight
16384,H100NVL,H100NVLx72,DeepSeek-V4-Pro-1.6T,2,36,72,TP2/DP36/EP72,0.9,132732,3687,359397.7190417951,323510.59328786586,0.900146484375,weight
16384,H100NVL,H100NVLx72,DeepSeek-V4-Pro-1.6T,2,36,72,TP2/DP36/EP72,0.95,140112,3892,359397.7190417951,341498.0279567057,0.9501953125,weight
32768,H100NVL,H100NVLx72,DeepSeek-V4-Pro-1.6T,2,36,72,TP2/DP36/EP72,0.9,71892,1997,194608.39049449077,175223.9367496289,0.9003925077659453,weight
32768,H100NVL,H100NVLx72,DeepSeek-V4-Pro-1.6T,2,36,72,TP2/DP36/EP72,0.95,75888,2108,194608.39049449077,184963.47454592452,0.9504393622286327,weight
65536,H100NVL,H100NVLx72,DeepSeek-V4-Pro-1.6T,2,36,72,TP2/DP36/EP72,0.9,35964,999,97306.1215765611,87655.85263034789,0.9008256747894292,weight
65536,H100NVL,H100NVLx72,DeepSeek-V4-Pro-1.6T,2,36,72,TP2/DP36/EP72,0.95,37944,1054,97306.1215765611,92481.74280330828,0.9504206036055299,weight
131072,H100NVL,H100NVLx72,DeepSeek-V4-Pro-1.6T,2,36,72,TP2/DP36/EP72,0.9,17964,499,48653.54238491043,43800.41853735338,0.9002513771934062,weight
131072,H100NVL,H100NVLx72,DeepSeek-V4-Pro-1.6T,2,36,72,TP2/DP36/EP72,0.95,18972,527,48653.54238491043,46251.99116401087,0.9506397457784207,weight
262144,H100NVL,H100NVLx72,DeepSeek-V4-Pro-1.6T,2,36,72,TP2/DP36/EP72,0.9,8820,245,24326.891593400374,21945.022054359386,0.902089030573591,weight
262144,H100NVL,H100NVLx72,DeepSeek-V4-Pro-1.6T,2,36,72,TP2/DP36/EP72,0.95,9360,260,24326.891593400374,23186.963096432126,0.953141218532108,weight
524288,H100NVL,H100NVLx72,DeepSeek-V4-Pro-1.6T,2,36,72,TP2/DP36/EP72,0.9,3600,100,12163.475897159937,10970.964179522882,0.9019596266955652,weight
524288,H100NVL,H100NVLx72,DeepSeek-V4-Pro-1.6T,2,36,72,TP2/DP36/EP72,0.95,3924,109,12163.475897159937,11575.405618829996,0.9516527772733738,weight
1048576,H100NVL,H100NVLx72,DeepSeek-V4-Pro-1.6T,2,36,72,TP2/DP36/EP72,0.9,504,14,6081.745473722841,5476.815741346389,0.900533533507749,weight
1048576,H100NVL,H100NVLx72,DeepSeek-V4-Pro-1.6T,2,36,72,TP2/DP36/EP72,0.95,648,18,6081.745473722841,5814.042593743324,0.9559825577811222,weight
8192,H100NVL,H100NVLx72,DeepSeek-V4-Pro-1.6T,4,18,72,TP4/DP18/EP72,0.9,66366,3687,359318.89922197757,323439.64390415803,0.900146484375,weight
8192,H100NVL,H100NVLx72,DeepSeek-V4-Pro-1.6T,4,18,72,TP4/DP18/EP72,0.95,70056,3892,359318.89922197757,341423.133733383,0.9501953125,weight
16384,H100NVL,H100NVLx72,DeepSeek-V4-Pro-1.6T,4,18,72,TP4/DP18/EP72,0.9,66366,3687,359318.89922197757,323439.64390415803,0.900146484375,weight
16384,H100NVL,H100NVLx72,DeepSeek-V4-Pro-1.6T,4,18,72,TP4/DP18/EP72,0.95,70056,3892,359318.89922197757,341423.133733383,0.9501953125,weight
32768,H100NVL,H100NVLx72,DeepSeek-V4-Pro-1.6T,4,18,72,TP4/DP18/EP72,0.9,35946,1997,194585.27774564066,175185.50823884385,0.9003019666669956,weight
32768,H100NVL,H100NVLx72,DeepSeek-V4-Pro-1.6T,4,18,72,TP4/DP18/EP72,0.95,37944,2108,194585.27774564066,184922.9100488114,0.9503437885498215,weight
65536,H100NVL,H100NVLx72,DeepSeek-V4-Pro-1.6T,4,18,72,TP4/DP18/EP72,0.9,17982,999,97300.34281741339,87636.62874792908,0.9006816030687731,weight
65536,H100NVL,H100NVLx72,DeepSeek-V4-Pro-1.6T,4,18,72,TP4/DP18/EP72,0.95,18972,1054,97300.34281741339,92461.46055232626,0.9502686000380551,weight
131072,H100NVL,H100NVLx72,DeepSeek-V4-Pro-1.6T,4,18,72,TP4/DP18/EP72,0.9,8982,499,48652.09762362269,43790.809039537635,0.9000805962839988,weight
131072,H100NVL,H100NVLx72,DeepSeek-V4-Pro-1.6T,4,18,72,TP4/DP18/EP72,0.95,9486,527,48652.09762362269,46241.8451610991,0.950459433811682,weight
262144,H100NVL,H100NVLx72,DeepSeek-V4-Pro-1.6T,4,18,72,TP4/DP18/EP72,0.9,4410,245,24326.530394140274,21940.10903214933,0.9019004632668133,weight
262144,H100NVL,H100NVLx72,DeepSeek-V4-Pro-1.6T,4,18,72,TP4/DP18/EP72,0.95,4680,260,24326.530394140274,23181.79467895395,0.9529429106149035,weight
524288,H100NVL,H100NVLx72,DeepSeek-V4-Pro-1.6T,4,18,72,TP4/DP18/EP72,0.9,1800,100,12163.385596227608,10967.955953225744,0.9017190046681889,weight
524288,H100NVL,H100NVLx72,DeepSeek-V4-Pro-1.6T,4,18,72,TP4/DP18/EP72,0.95,1962,109,12163.385596227608,11572.333269023911,0.9514072523206855,weight
1048576,H100NVL,H100NVLx72,DeepSeek-V4-Pro-1.6T,4,18,72,TP4/DP18/EP72,0.9,270,15,6081.722898350094,5562.014746183651,0.9145459007500271,weight
1048576,H100NVL,H100NVLx72,DeepSeek-V4-Pro-1.6T,4,18,72,TP4/DP18/EP72,0.95,324,18,6081.722898350094,5809.351508033639,0.9552147648176562,weight
8192,H100NVL,H100NVLx72,DeepSeek-V4-Pro-1.6T,8,9,72,TP8/DP9/EP72,0.9,33183,3687,359108.8819560835,323250.59760060546,0.900146484375,weight
8192,H100NVL,H100NVLx72,DeepSeek-V4-Pro-1.6T,8,9,72,TP8/DP9/EP72,0.95,35028,3892,359108.8819560835,341223.57631178637,0.9501953124999999,weight
16384,H100NVL,H100NVLx72,DeepSeek-V4-Pro-1.6T,8,9,72,TP8/DP9/EP72,0.9,33183,3687,359108.8819560835,323250.59760060546,0.900146484375,weight
16384,H100NVL,H100NVLx72,DeepSeek-V4-Pro-1.6T,8,9,72,TP8/DP9/EP72,0.95,35028,3892,359108.8819560835,341223.57631178637,0.9501953124999999,weight
32768,H100NVL,H100NVLx72,DeepSeek-V4-Pro-1.6T,8,9,72,TP8/DP9/EP72,0.9,17973,1997,194523.6705801655,175083.11456697117,0.9000607177768495,weight
32768,H100NVL,H100NVLx72,DeepSeek-V4-Pro-1.6T,8,9,72,TP8/DP9/EP72,0.95,18972,2108,194523.6705801655,184814.82499107101,0.950089130232131,weight
65536,H100NVL,H100NVLx72,DeepSeek-V4-Pro-1.6T,8,9,72,TP8/DP9/EP72,0.9,8991,999,97284.93614808041,87585.40626056043,0.9002977205766366,weight
65536,H100NVL,H100NVLx72,DeepSeek-V4-Pro-1.6T,8,9,72,TP8/DP9/EP72,0.95,9495,1055,97284.93614808041,92495.09100276367,0.950764780910932,weight
131072,H100NVL,H100NVLx72,DeepSeek-V4-Pro-1.6T,8,9,72,TP8/DP9/EP72,0.9,4500,500,48648.24534630855,43852.65415437308,0.9014231416200633,weight
131072,H100NVL,H100NVLx72,DeepSeek-V4-Pro-1.6T,8,9,72,TP8/DP9/EP72,0.95,4752,528,48648.24534630855,46302.331160389556,0.9517780308576536,weight
262144,H100NVL,H100NVLx72,DeepSeek-V4-Pro-1.6T,8,9,72,TP8/DP9/EP72,0.9,2205,245,24325.567248549414,21927.018387953907,0.9013980296497078,weight
262144,H100NVL,H100NVLx72,DeepSeek-V4-Pro-1.6T,8,9,72,TP8/DP9/EP72,0.95,2340,260,24325.567248549414,23168.02349014201,0.9524145214547287,weight
524288,H100NVL,H100NVLx72,DeepSeek-V4-Pro-1.6T,8,9,72,TP8/DP9/EP72,0.9,900,100,12163.144800296182,10959.942075763285,0.9010779905782591,weight
524288,H100NVL,H100NVLx72,DeepSeek-V4-Pro-1.6T,8,9,72,TP8/DP9/EP72,0.95,981,109,12163.144800296182,11564.148303999673,0.9507531558547323,weight
1048576,H100NVL,H100NVLx72,DeepSeek-V4-Pro-1.6T,8,9,72,TP8/DP9/EP72,0.9,135,15,6081.662698175464,5548.299313916876,0.9122997425656966,weight
1048576,H100NVL,H100NVLx72,DeepSeek-V4-Pro-1.6T,8,9,72,TP8/DP9/EP72,0.95,162,18,6081.662698175464,5796.878875796972,0.9531733612151938,weight
8192,H100NVL,H100NVLx72,DeepSeek-V4-Pro-1.6T,12,6,72,TP12/DP6/EP72,0.9,22122,3687,358859.5489910229,323026.16140866734,0.9001464843749999,weight
8192,H100NVL,H100NVLx72,DeepSeek-V4-Pro-1.6T,12,6,72,TP12/DP6/EP72,0.95,23352,3892,358859.5489910229,340986.66129713407,0.9501953124999999,weight
16384,H100NVL,H100NVLx72,DeepSeek-V4-Pro-1.6T,12,6,72,TP12/DP6/EP72,0.9,22122,3687,358859.5489910229,323026.16140866734,0.9001464843749999,weight
16384,H100NVL,H100NVLx72,DeepSeek-V4-Pro-1.6T,12,6,72,TP12/DP6/EP72,0.95,23352,3892,358859.5489910229,340986.66129713407,0.9501953124999999,weight
32768,H100NVL,H100NVLx72,DeepSeek-V4-Pro-1.6T,12,6,72,TP12/DP6/EP72,0.9,11988,1998,194450.48752429432,175049.1647666208,0.9002248695558063,weight
32768,H100NVL,H100NVLx72,DeepSeek-V4-Pro-1.6T,12,6,72,TP12/DP6/EP72,0.95,12654,2109,194450.48752429432,184774.11836476324,0.9502373623088904,weight
65536,H100NVL,H100NVLx72,DeepSeek-V4-Pro-1.6T,12,6,72,TP12/DP6/EP72,0.9,6000,1000,97266.62824910083,87612.20682233026,0.9007427151474245,weight
65536,H100NVL,H100NVLx72,DeepSeek-V4-Pro-1.6T,12,6,72,TP12/DP6/EP72,0.95,6330,1055,97266.62824910083,92430.87071246297,0.9502834875261283,weight
131072,H100NVL,H100NVLx72,DeepSeek-V4-Pro-1.6T,12,6,72,TP12/DP6/EP72,0.9,3000,500,48643.66685352482,43822.19561952177,0.9008818301358449,weight
131072,H100NVL,H100NVLx72,DeepSeek-V4-Pro-1.6T,12,6,72,TP12/DP6/EP72,0.95,3168,528,48643.66685352482,46270.17537838851,0.9512065675006915,weight
262144,H100NVL,H100NVLx72,DeepSeek-V4-Pro-1.6T,12,6,72,TP12/DP6/EP72,0.9,1470,245,24324.42243552591,21911.477559852807,0.9008015552242264,weight
262144,H100NVL,H100NVLx72,DeepSeek-V4-Pro-1.6T,12,6,72,TP12/DP6/EP72,0.95,1560,260,24324.42243552591,23151.67464638565,0.9517872297996496,weight
524288,H100NVL,H100NVLx72,DeepSeek-V4-Pro-1.6T,12,6,72,TP12/DP6/EP72,0.9,600,100,12162.858573307316,10950.431025676753,0.9003172206333663,weight
524288,H100NVL,H100NVLx72,DeepSeek-V4-Pro-1.6T,12,6,72,TP12/DP6/EP72,0.95,660,110,12162.858573307316,11622.316006954885,0.9555579337624867,weight
1048576,H100NVL,H100NVLx72,DeepSeek-V4-Pro-1.6T,12,6,72,TP12/DP6/EP72,0.9,90,15,6081.59113846134,5532.083217304241,0.9096440538920993,weight
1048576,H100NVL,H100NVLx72,DeepSeek-V4-Pro-1.6T,12,6,72,TP12/DP6/EP72,0.95,108,18,6081.59113846134,5782.1218798306845,0.9507580743570963,weight
8192,H100NVL,H100NVLx72,DeepSeek-V4-Pro-1.6T,18,4,72,TP18/DP4/EP72,0.9,14748,3687,358440.3207964123,322648.79462313774,0.900146484375,weight
8192,H100NVL,H100NVLx72,DeepSeek-V4-Pro-1.6T,18,4,72,TP18/DP4/EP72,0.95,15568,3892,358440.3207964123,340588.3126317472,0.9501953125,weight
16384,H100NVL,H100NVLx72,DeepSeek-V4-Pro-1.6T,18,4,72,TP18/DP4/EP72,0.9,14748,3687,358440.3207964123,322648.79462313774,0.900146484375,weight
16384,H100NVL,H100NVLx72,DeepSeek-V4-Pro-1.6T,18,4,72,TP18/DP4/EP72,0.95,15568,3892,358440.3207964123,340588.3126317472,0.9501953125,weight
32768,H100NVL,H100NVLx72,DeepSeek-V4-Pro-1.6T,18,4,72,TP18/DP4/EP72,0.9,7996,1999,194327.3325255496,174932.17804493237,0.900193378725727,weight
32768,H100NVL,H100NVLx72,DeepSeek-V4-Pro-1.6T,18,4,72,TP18/DP4/EP72,0.95,8440,2110,194327.3325255496,184645.77072276187,0.9501791041076796,weight
65536,H100NVL,H100NVLx72,DeepSeek-V4-Pro-1.6T,18,4,72,TP18/DP4/EP72,0.9,4004,1001,97235.80352577072,87597.36582538534,0.9008756306741387,weight
65536,H100NVL,H100NVLx72,DeepSeek-V4-Pro-1.6T,18,4,72,TP18/DP4/EP72,0.95,4224,1056,97235.80352577072,92410.40054579987,0.9503742160294695,weight
131072,H100NVL,H100NVLx72,DeepSeek-V4-Pro-1.6T,18,4,72,TP18/DP4/EP72,0.9,2004,501,48635.956169929865,43858.27312868008,0.9017664415899017,weight
131072,H100NVL,H100NVLx72,DeepSeek-V4-Pro-1.6T,18,4,72,TP18/DP4/EP72,0.95,2112,528,48635.956169929865,46216.10870295428,0.9502457100150177,weight
262144,H100NVL,H100NVLx72,DeepSeek-V4-Pro-1.6T,18,4,72,TP18/DP4/EP72,0.9,984,246,24322.494201402773,21967.544963671244,0.9031781355057036,weight
262144,H100NVL,H100NVLx72,DeepSeek-V4-Pro-1.6T,18,4,72,TP18/DP4/EP72,0.95,1040,260,24322.494201402773,23124.18655452339,0.9507325343792138,weight
524288,H100NVL,H100NVLx72,DeepSeek-V4-Pro-1.6T,18,4,72,TP18/DP4/EP72,0.9,404,101,12162.376444349771,11000.902932372912,0.9045027493359292,weight
524288,H100NVL,H100NVLx72,DeepSeek-V4-Pro-1.6T,18,4,72,TP18/DP4/EP72,0.95,440,110,12162.376444349771,11605.945972050627,0.9542498561161011,weight
1048576,H100NVL,H100NVLx72,DeepSeek-V4-Pro-1.6T,18,4,72,TP18/DP4/EP72,0.9,60,15,6081.470597417127,5504.979912423024,0.9052053815340413,weight
1048576,H100NVL,H100NVLx72,DeepSeek-V4-Pro-1.6T,18,4,72,TP18/DP4/EP72,0.95,76,19,6081.470597417127,5835.210410836421,0.959506474193052,weight
8192,H100NVL,H100NVLx72,DeepSeek-V4-Pro-1.6T,24,3,72,TP24/DP3/EP72,0.9,11061,3687,357983.72244477365,322237.7892221388,0.9001464843750001,weight
8192,H100NVL,H100NVLx72,DeepSeek-V4-Pro-1.6T,24,3,72,TP24/DP3/EP72,0.95,11676,3892,357983.72244477365,340154.45501832495,0.9501953125,weight
16384,H100NVL,H100NVLx72,DeepSeek-V4-Pro-1.6T,24,3,72,TP24/DP3/EP72,0.9,11061,3687,357983.72244477365,322237.7892221388,0.9001464843750001,weight
16384,H100NVL,H100NVLx72,DeepSeek-V4-Pro-1.6T,24,3,72,TP24/DP3/EP72,0.95,11676,3892,357983.72244477365,340154.45501832495,0.9501953125,weight
32768,H100NVL,H100NVLx72,DeepSeek-V4-Pro-1.6T,24,3,72,TP24/DP3/EP72,0.9,6000,2000,194193.0492974754,174796.73947499067,0.9001184136473782,weight
32768,H100NVL,H100NVLx72,DeepSeek-V4-Pro-1.6T,24,3,72,TP24/DP3/EP72,0.95,6333,2111,194193.0492974754,184497.9585158496,0.950074985604792,weight
65536,H100NVL,H100NVLx72,DeepSeek-V4-Pro-1.6T,24,3,72,TP24/DP3/EP72,0.9,3003,1001,97202.17124067967,87485.78011358828,0.9000393612295665,weight
65536,H100NVL,H100NVLx72,DeepSeek-V4-Pro-1.6T,24,3,72,TP24/DP3/EP72,0.95,3171,1057,97202.17124067967,92380.08206114142,0.9503911371732797,weight
131072,H100NVL,H100NVLx72,DeepSeek-V4-Pro-1.6T,24,3,72,TP24/DP3/EP72,0.9,1503,501,48627.5403978725,43802.38421059771,0.9007731802226646,weight
131072,H100NVL,H100NVLx72,DeepSeek-V4-Pro-1.6T,24,3,72,TP24/DP3/EP72,0.95,1587,529,48627.5403978725,46244.47110659814,0.950993423237614,weight
262144,H100NVL,H100NVLx72,DeepSeek-V4-Pro-1.6T,24,3,72,TP24/DP3/EP72,0.9,738,246,24320.389294786575,21938.990289883855,0.9020822004106157,weight
262144,H100NVL,H100NVLx72,DeepSeek-V4-Pro-1.6T,24,3,72,TP24/DP3/EP72,0.95,783,261,24320.389294786575,23177.166014898274,0.9529932162667574,weight
524288,H100NVL,H100NVLx72,DeepSeek-V4-Pro-1.6T,24,3,72,TP24/DP3/EP72,0.9,303,101,12161.850097182682,10983.466383384934,0.9031081863054107,weight
524288,H100NVL,H100NVLx72,DeepSeek-V4-Pro-1.6T,24,3,72,TP24/DP3/EP72,0.95,330,110,12161.850097182682,11588.12566405913,0.9528258917402331,weight
1048576,H100NVL,H100NVLx72,DeepSeek-V4-Pro-1.6T,24,3,72,TP24/DP3/EP72,0.9,45,15,6081.3389955572975,5475.690039598528,0.9004086178387318,weight
1048576,H100NVL,H100NVLx72,DeepSeek-V4-Pro-1.6T,24,3,72,TP24/DP3/EP72,0.95,57,19,6081.3389955572975,5809.2067851390475,0.9552512677525369,weight
8192,H100NVL,H100NVLx72,DeepSeek-V4-Pro-1.6T,36,2,72,TP36/DP2/EP72,0.9,7374,3687,356994.6819681641,321347.5079142141,0.9001464843749999,weight
8192,H100NVL,H100NVLx72,DeepSeek-V4-Pro-1.6T,36,2,72,TP36/DP2/EP72,0.95,7784,3892,356994.6819681641,339214.6733935778,0.9501953125,weight
16384,H100NVL,H100NVLx72,DeepSeek-V4-Pro-1.6T,36,2,72,TP36/DP2/EP72,0.9,7374,3687,356994.6819681641,321347.5079142141,0.9001464843749999,weight
16384,H100NVL,H100NVLx72,DeepSeek-V4-Pro-1.6T,36,2,72,TP36/DP2/EP72,0.95,7784,3892,356994.6819681641,339214.6733935778,0.9501953125,weight
32768,H100NVL,H100NVLx72,DeepSeek-V4-Pro-1.6T,36,2,72,TP36/DP2/EP72,0.9,4006,2003,193901.63946476136,174575.28026910315,0.9003290573044872,weight
32768,H100NVL,H100NVLx72,DeepSeek-V4-Pro-1.6T,36,2,72,TP36/DP2/EP72,0.95,4228,2114,193901.63946476136,184249.69669939,0.9502224798510512,weight
65536,H100NVL,H100NVLx72,DeepSeek-V4-Pro-1.6T,36,2,72,TP36/DP2/EP72,0.9,2006,1003,97129.10539858528,87418.38708472565,0.9000225702274298,weight
65536,H100NVL,H100NVLx72,DeepSeek-V4-Pro-1.6T,36,2,72,TP36/DP2/EP72,0.95,2118,1059,97129.10539858528,92299.16722662884,0.9502730087738789,weight
131072,H100NVL,H100NVLx72,DeepSeek-V4-Pro-1.6T,36,2,72,TP36/DP2/EP72,0.9,1004,502,48609.24717449218,43768.265225154755,0.9004102669609386,weight
131072,H100NVL,H100NVLx72,DeepSeek-V4-Pro-1.6T,36,2,72,TP36/DP2/EP72,0.95,1060,530,48609.24717449218,46203.68685247934,0.9505122901126689,weight
262144,H100NVL,H100NVLx72,DeepSeek-V4-Pro-1.6T,36,2,72,TP36/DP2/EP72,0.9,494,247,24315.812637947667,21959.088456323592,0.9030785350786044,weight
262144,H100NVL,H100NVLx72,DeepSeek-V4-Pro-1.6T,36,2,72,TP36/DP2/EP72,0.95,522,261,24315.812637947667,23112.106870362113,0.950496996110793,weight
524288,H100NVL,H100NVLx72,DeepSeek-V4-Pro-1.6T,36,2,72,TP36/DP2/EP72,0.9,202,101,12160.705513745803,10945.734200017176,0.9000903925882188,weight
524288,H100NVL,H100NVLx72,DeepSeek-V4-Pro-1.6T,36,2,72,TP36/DP2/EP72,0.95,222,111,12160.705513745803,11617.399488731326,0.9553228203412744,weight
1048576,H100NVL,H100NVLx72,DeepSeek-V4-Pro-1.6T,36,2,72,TP36/DP2/EP72,0.9,32,16,6081.052797272606,5503.849423362725,0.9050816703698478,weight
1048576,H100NVL,H100NVLx72,DeepSeek-V4-Pro-1.6T,36,2,72,TP36/DP2/EP72,0.95,40,20,6081.052797272606,5830.828332193307,0.9588517854685414,weight
8192,H100NVL,H100NVLx72,DeepSeek-V4-Pro-1.6T,72,1,72,TP72/DP1/EP72,0.9,3687,3687,353679.4229588436,318363.28917218174,0.9001464843750001,weight
8192,H100NVL,H100NVLx72,DeepSeek-V4-Pro-1.6T,72,1,72,TP72/DP1/EP72,0.95,3892,3892,353679.4229588436,336064.52982319804,0.9501953125,weight
16384,H100NVL,H100NVLx72,DeepSeek-V4-Pro-1.6T,72,1,72,TP72/DP1/EP72,0.9,3687,3687,353679.4229588436,318363.28917218174,0.9001464843750001,weight
16384,H100NVL,H100NVLx72,DeepSeek-V4-Pro-1.6T,72,1,72,TP72/DP1/EP72,0.95,3892,3892,353679.4229588436,336064.52982319804,0.9501953125,weight
32768,H100NVL,H100NVLx72,DeepSeek-V4-Pro-1.6T,72,1,72,TP72/DP1/EP72,0.9,2011,2011,192919.43166416165,173644.8534107047,0.9000900112176852,weight
32768,H100NVL,H100NVLx72,DeepSeek-V4-Pro-1.6T,72,1,72,TP72/DP1/EP72,0.95,2123,2123,192919.43166416165,183315.77513223316,0.9502193405346189,weight
65536,H100NVL,H100NVLx72,DeepSeek-V4-Pro-1.6T,72,1,72,TP72/DP1/EP72,0.9,1010,1010,96882.02487108733,87211.00078663164,0.9001773125889545,weight
65536,H100NVL,H100NVLx72,DeepSeek-V4-Pro-1.6T,72,1,72,TP72/DP1/EP72,0.95,1066,1066,96882.02487108733,92046.4558692765,0.9500880683672218,weight
131072,H100NVL,H100NVLx72,DeepSeek-V4-Pro-1.6T,72,1,72,TP72/DP1/EP72,0.9,506,506,48547.28455603657,43706.24000600398,0.9002818675791284,weight
131072,H100NVL,H100NVLx72,DeepSeek-V4-Pro-1.6T,72,1,72,TP72/DP1/EP72,0.95,535,535,48547.28455603657,46205.56093090465,0.9517640657650184,weight
262144,H100NVL,H100NVLx72,DeepSeek-V4-Pro-1.6T,72,1,72,TP72/DP1/EP72,0.9,249,249,24300.297833399174,21913.754185540656,0.9017895309670497,weight
262144,H100NVL,H100NVLx72,DeepSeek-V4-Pro-1.6T,72,1,72,TP72/DP1/EP72,0.95,264,264,24300.297833399174,23140.288261801932,0.9522635656751958,weight
524288,H100NVL,H100NVLx72,DeepSeek-V4-Pro-1.6T,72,1,72,TP72/DP1/EP72,0.9,103,103,12156.82378827495,10952.1642652127,0.9009067216862907,weight
524288,H100NVL,H100NVLx72,DeepSeek-V4-Pro-1.6T,72,1,72,TP72/DP1/EP72,0.95,112,112,12156.82378827495,11555.72438720318,0.9505545682375094,weight
1048576,H100NVL,H100NVLx72,DeepSeek-V4-Pro-1.6T,72,1,72,TP72/DP1/EP72,0.9,18,18,6080.081987512979,5487.441890865071,0.9025276142879245,weight
1048576,H100NVL,H100NVLx72,DeepSeek-V4-Pro-1.6T,72,1,72,TP72/DP1/EP72,0.95,22,22,6080.081987512979,5785.704096523572,0.951583236608653,kv
8192,B200,B200x72,Qwen3-30B-A3B,1,72,72,TP1/DP72/EP72,0.9,4896,68,715255.7373046876,649080.6573217664,0.9074805324424379,weight
8192,B200,B200x72,Qwen3-30B-A3B,1,72,72,TP1/DP72/EP72,0.95,5184,72,715255.7373046876,685401.1595498705,0.9582602750348865,weight
16384,B200,B200x72,Qwen3-30B-A3B,1,72,72,TP1/DP72/EP72,0.9,2160,30,357627.8686523438,327896.9818540753,0.9168664150523167,weight
16384,B200,B200x72,Qwen3-30B-A3B,1,72,72,TP1/DP72/EP72,0.95,2304,32,357627.8686523438,343161.312135482,0.9595485760900669,weight
32768,B200,B200x72,Qwen3-30B-A3B,1,72,72,TP1/DP72/EP72,0.9,504,7,178813.9343261719,166899.8631402909,0.9333716847583661,weight
32768,B200,B200x72,Qwen3-30B-A3B,1,72,72,TP1/DP72/EP72,0.95,576,8,178813.9343261719,174118.0743286989,0.9737388475055453,weight
65536,B200,B200x72,Qwen3-30B-A3B,1,72,72,TP1/DP72/EP72,0.9,72,1,89406.96716308595,85897.7961297889,0.9607505863956214,weight
65536,B200,B200x72,Qwen3-30B-A3B,1,72,72,TP1/DP72/EP72,0.95,72,1,89406.96716308595,85897.7961297889,0.9607505863956214,weight
131072,B200,B200x72,Qwen3-30B-A3B,1,72,72,TP1/DP72/EP72,0.9,72,1,44703.483581542976,44703.48358154297,0.9999999999999999,kv
131072,B200,B200x72,Qwen3-30B-A3B,1,72,72,TP1/DP72/EP72,0.95,72,1,44703.483581542976,44703.48358154297,0.9999999999999999,kv
262144,B200,B200x72,Qwen3-30B-A3B,1,72,72,TP1/DP72/EP72,0.9,72,1,22351.741790771488,22351.741790771484,0.9999999999999999,kv
262144,B200,B200x72,Qwen3-30B-A3B,1,72,72,TP1/DP72/EP72,0.95,72,1,22351.741790771488,22351.741790771484,0.9999999999999999,kv
524288,B200,B200x72,Qwen3-30B-A3B,1,72,72,TP1/DP72/EP72,0.9,72,1,11175.870895385744,11175.870895385742,0.9999999999999999,kv
524288,B200,B200x72,Qwen3-30B-A3B,1,72,72,TP1/DP72/EP72,0.95,72,1,11175.870895385744,11175.870895385742,0.9999999999999999,kv
1048576,B200,B200x72,Qwen3-30B-A3B,1,72,72,TP1/DP72/EP72,0.9,72,1,5587.935447692872,5587.935447692871,0.9999999999999999,kv
1048576,B200,B200x72,Qwen3-30B-A3B,1,72,72,TP1/DP72/EP72,0.95,72,1,5587.935447692872,5587.935447692871,0.9999999999999999,kv
8192,B200,B200x72,Qwen3-30B-A3B,2,36,72,TP2/DP36/EP72,0.9,2448,68,715151.6690400545,643958.3423202825,0.90045003066925,weight
8192,B200,B200x72,Qwen3-30B-A3B,2,36,72,TP2/DP36/EP72,0.95,2592,72,715151.6690400545,680006.7450641219,0.9508566846762624,weight
16384,B200,B200x72,Qwen3-30B-A3B,2,36,72,TP2/DP36/EP72,0.9,1080,30,357601.8496933325,324937.37120656885,0.9086568525448746,weight
16384,B200,B200x72,Qwen3-30B-A3B,2,36,72,TP2/DP36/EP72,0.95,1152,32,357601.8496933325,340121.81607583386,0.9511187270633836,weight
32768,B200,B200x72,Qwen3-30B-A3B,2,36,72,TP2/DP36/EP72,0.9,252,7,178807.42934978663,163648.32935779644,0.915221084229472,weight
32768,B200,B200x72,Qwen3-30B-A3B,2,36,72,TP2/DP36/EP72,0.95,288,8,178807.42934978663,171016.30048297864,0.9564272642633499,weight
65536,B200,B200x72,Qwen3-30B-A3B,2,36,72,TP2/DP36/EP72,0.9,72,2,89405.34088940895,86195.9189565283,0.9641025703727187,kv
65536,B200,B200x72,Qwen3-30B-A3B,2,36,72,TP2/DP36/EP72,0.95,72,2,89405.34088940895,86195.9189565283,0.9641025703727187,kv
131072,B200,B200x72,Qwen3-30B-A3B,2,36,72,TP2/DP36/EP72,0.9,36,1,44703.07700942604,43097.95947826415,0.9640938020704161,kv
131072,B200,B200x72,Qwen3-30B-A3B,2,36,72,TP2/DP36/EP72,0.95,36,1,44703.07700942604,43097.95947826415,0.9640938020704161,kv
262144,B200,B200x72,Qwen3-30B-A3B,2,36,72,TP2/DP36/EP72,0.9,36,1,22351.640147280035,21943.021171329,0.9817186133429784,kv
262144,B200,B200x72,Qwen3-30B-A3B,2,36,72,TP2/DP36/EP72,0.95,36,1,22351.640147280035,21943.021171329,0.9817186133429784,kv
524288,B200,B200x72,Qwen3-30B-A3B,2,36,72,TP2/DP36/EP72,0.9,36,1,11175.845484455102,11072.74789461295,0.9907749628441487,kv
524288,B200,B200x72,Qwen3-30B-A3B,2,36,72,TP2/DP36/EP72,0.95,36,1,11175.845484455102,11072.74789461295,0.9907749628441487,kv
1048576,B200,B200x72,Qwen3-30B-A3B,2,36,72,TP2/DP36/EP72,0.9,36,1,5587.929094952989,5562.035202966229,0.9953661022631538,kv
1048576,B200,B200x72,Qwen3-30B-A3B,2,36,72,TP2/DP36/EP72,0.95,36,1,5587.929094952989,5562.035202966229,0.9953661022631538,kv
8192,B200,B200x72,Qwen3-30B-A3B,4,18,72,TP4/DP18/EP72,0.9,1260,70,714839.6458675459,646661.6485377282,0.904624767632921,weight
8192,B200,B200x72,Qwen3-30B-A3B,4,18,72,TP4/DP18/EP72,0.95,1332,74,714839.6458675459,682038.7612434152,0.9541143460442478,weight
16384,B200,B200x72,Qwen3-30B-A3B,4,18,72,TP4/DP18/EP72,0.9,558,31,357523.8155272302,323817.0356138075,0.9057215814736249,weight
16384,B200,B200x72,Qwen3-30B-A3B,4,18,72,TP4/DP18/EP72,0.95,612,34,357523.8155272302,345513.62348022783,0.9664072950516841,kv
32768,B200,B200x72,Qwen3-30B-A3B,4,18,72,TP4/DP18/EP72,0.9,144,8,178787.91726001364,162340.40798530838,0.9080054763947755,weight
32768,B200,B200x72,Qwen3-30B-A3B,4,18,72,TP4/DP18/EP72,0.95,216,12,178787.91726001364,170352.43723610515,0.95281851171385,kv
65536,B200,B200x72,Qwen3-30B-A3B,4,18,72,TP4/DP18/EP72,0.9,54,3,89400.46242333313,81327.77827257196,0.9097019866347555,kv
65536,B200,B200x72,Qwen3-30B-A3B,4,18,72,TP4/DP18/EP72,0.95,108,6,89400.46242333313,85176.21861805258,0.9527491951296883,kv
131072,B200,B200x72,Qwen3-30B-A3B,4,18,72,TP4/DP18/EP72,0.9,36,2,44701.85733744666,41603.761778857035,0.9306942542632484,kv
131072,B200,B200x72,Qwen3-30B-A3B,4,18,72,TP4/DP18/EP72,0.95,54,3,44701.85733744666,42588.10930902629,0.9527145368376072,kv
262144,B200,B200x72,Qwen3-30B-A3B,4,18,72,TP4/DP18/EP72,0.9,18,1,22351.335222352238,20801.880889428518,0.9306773256492434,kv
262144,B200,B200x72,Qwen3-30B-A3B,4,18,72,TP4/DP18/EP72,0.95,36,2,22351.335222352238,21548.979739132075,0.9641025703727187,kv
524288,B200,B200x72,Qwen3-30B-A3B,4,18,72,TP4/DP18/EP72,0.9,18,1,11175.76925235651,10774.489869566038,0.9640938020704161,kv
524288,B200,B200x72,Qwen3-30B-A3B,4,18,72,TP4/DP18/EP72,0.95,18,1,11175.76925235651,10774.489869566038,0.9640938020704161,kv
1048576,B200,B200x72,Qwen3-30B-A3B,4,18,72,TP4/DP18/EP72,0.9,18,1,5587.910036820009,5485.75529283225,0.9817186133429784,kv
1048576,B200,B200x72,Qwen3-30B-A3B,4,18,72,TP4/DP18/EP72,0.95,18,1,5587.910036820009,5485.75529283225,0.9817186133429784,kv
8192,B200,B200x72,Qwen3-30B-A3B,8,9,72,TP8/DP9/EP72,0.9,675,75,714008.9136426523,650940.28649157,0.9116696921480633,weight
8192,B200,B200x72,Qwen3-30B-A3B,8,9,72,TP8/DP9/EP72,0.95,1188,132,714008.9136426523,678490.9965478379,0.9502556390877348,kv
16384,B200,B200x72,Qwen3-30B-A3B,8,9,72,TP8/DP9/EP72,0.9,306,34,357315.8908191668,323591.0515678761,0.9056161785193079,kv
16384,B200,B200x72,Qwen3-30B-A3B,8,9,72,TP8/DP9/EP72,0.95,603,67,357315.8908191668,339505.9593058766,0.9501563407312786,kv
32768,B200,B200x72,Qwen3-30B-A3B,8,9,72,TP8/DP9/EP72,0.9,153,17,178735.90583367314,161795.52578393804,0.905221169911437,kv
32768,B200,B200x72,Qwen3-30B-A3B,8,9,72,TP8/DP9/EP72,0.95,306,34,178735.90583367314,169879.5712394179,0.950450165270672,kv
65536,B200,B200x72,Qwen3-30B-A3B,8,9,72,TP8/DP9/EP72,0.9,81,9,89387.45578290046,81327.77827257197,0.9098343560655378,kv
65536,B200,B200x72,Qwen3-30B-A3B,8,9,72,TP8/DP9/EP72,0.95,153,17,89387.45578290046,84939.78561970896,0.9502427927471863,kv
131072,B200,B200x72,Qwen3-30B-A3B,8,9,72,TP8/DP9/EP72,0.9,45,5,44698.605204189786,41034.69587490786,0.9180307906131601,kv
131072,B200,B200x72,Qwen3-30B-A3B,8,9,72,TP8/DP9/EP72,0.95,81,9,44698.605204189786,42588.10930902629,0.9527838534217691,kv
262144,B200,B200x72,Qwen3-30B-A3B,8,9,72,TP8/DP9/EP72,0.9,27,3,22350.522129883946,20801.880889428518,0.9307111828772534,kv
262144,B200,B200x72,Qwen3-30B-A3B,8,9,72,TP8/DP9/EP72,0.95,45,5,22350.522129883946,21395.29746195859,0.957261639689027,kv
524288,B200,B200x72,Qwen3-30B-A3B,8,9,72,TP8/DP9/EP72,0.9,18,2,11175.56597184452,10584.420320370928,0.9471037392680681,kv
524288,B200,B200x72,Qwen3-30B-A3B,8,9,72,TP8/DP9/EP72,0.95,27,3,11175.56597184452,10774.489869566038,0.9641113386750214,kv
1048576,B200,B200x72,Qwen3-30B-A3B,8,9,72,TP8/DP9/EP72,0.9,9,1,5587.859215767606,5292.210160185464,0.9470908188331069,kv
1048576,B200,B200x72,Qwen3-30B-A3B,8,9,72,TP8/DP9/EP72,0.95,18,2,5587.859215767606,5436.053857464407,0.9728330023285411,kv
8192,B200,B200x72,Qwen3-30B-A3B,12,6,72,TP12/DP6/EP72,0.9,672,112,713023.9124048192,641789.0811796298,0.9000947514019055,kv
8192,B200,B200x72,Qwen3-30B-A3B,12,6,72,TP12/DP6/EP72,0.95,1380,230,713023.9124048192,677490.57187077,0.9501652891076181,kv
16384,B200,B200x72,Qwen3-30B-A3B,12,6,72,TP12/DP6/EP72,0.9,342,57,357069.0405668862,321473.83548191737,0.9003128217768263,kv
16384,B200,B200x72,Qwen3-30B-A3B,12,6,72,TP12/DP6/EP72,0.95,714,119,357069.0405668862,339347.55116493965,0.9503695717393708,kv
32768,B200,B200x72,Qwen3-30B-A3B,12,6,72,TP12/DP6/EP72,0.9,174,29,178674.1180666028,161017.57137887093,0.9011801659983558,kv
32768,B200,B200x72,Qwen3-30B-A3B,12,6,72,TP12/DP6/EP72,0.95,360,60,178674.1180666028,169746.0810086095,0.9500317272887544,kv
65536,B200,B200x72,Qwen3-30B-A3B,12,6,72,TP12/DP6/EP72,0.9,90,15,89371.99942739663,80776.76118122356,0.9038262733155521,kv
65536,B200,B200x72,Qwen3-30B-A3B,12,6,72,TP12/DP6/EP72,0.95,186,31,89371.99942739663,85012.10690466818,0.9512163479539214,kv
131072,B200,B200x72,Qwen3-30B-A3B,12,6,72,TP12/DP6/EP72,0.9,48,8,44694.739937768296,40633.52063954658,0.909134289541086,kv
131072,B200,B200x72,Qwen3-30B-A3B,12,6,72,TP12/DP6/EP72,0.95,96,16,44694.739937768296,42571.448092183,0.9524934735375639,kv
262144,B200,B200x72,Qwen3-30B-A3B,12,6,72,TP12/DP6/EP72,0.9,24,4,22349.55566603356,20316.76031977329,0.9090453798439637,kv
262144,B200,B200x72,Qwen3-30B-A3B,12,6,72,TP12/DP6/EP72,0.95,48,8,22349.55566603356,21285.7240460915,0.9524003234856767,kv
524288,B200,B200x72,Qwen3-30B-A3B,12,6,72,TP12/DP6/EP72,0.9,12,2,11175.32433747306,10158.380159886645,0.9090009249954025,kv
524288,B200,B200x72,Qwen3-30B-A3B,12,6,72,TP12/DP6/EP72,0.95,24,4,11175.32433747306,10642.86202304575,0.9523537484597331,kv
1048576,B200,B200x72,Qwen3-30B-A3B,12,6,72,TP12/DP6/EP72,0.9,6,1,5587.79880487343,5079.190079943322,0.908978697571122,kv
1048576,B200,B200x72,Qwen3-30B-A3B,12,6,72,TP12/DP6/EP72,0.95,12,2,5587.79880487343,5321.431011522875,0.9523304609467613,kv
8192,B200,B200x72,Qwen3-30B-A3B,18,4,72,TP18/DP4/EP72,0.9,764,191,711370.7739365345,640269.6943551007,0.9000506034455429,kv
8192,B200,B200x72,Qwen3-30B-A3B,18,4,72,TP18/DP4/EP72,0.95,1536,384,711370.7739365345,675883.3814808665,0.9501140702487813,kv
16384,B200,B200x72,Qwen3-30B-A3B,18,4,72,TP18/DP4/EP72,0.9,392,98,356653.98294490925,320993.3248816662,0.9000132908406314,kv
16384,B200,B200x72,Qwen3-30B-A3B,18,4,72,TP18/DP4/EP72,0.95,808,202,356653.98294490925,338865.1240910947,0.9501229210818535,kv
32768,B200,B200x72,Qwen3-30B-A3B,18,4,72,TP18/DP4/EP72,0.9,200,50,178570.13093883818,160826.15537721067,0.9006330147805908,kv
32768,B200,B200x72,Qwen3-30B-A3B,18,4,72,TP18/DP4/EP72,0.95,416,104,178570.13093883818,169689.36946269785,0.9502673743394293,kv
65536,B200,B200x72,Qwen3-30B-A3B,18,4,72,TP18/DP4/EP72,0.9,100,25,89345.97473627074,80413.07768860534,0.9000190319257996,kv
65536,B200,B200x72,Qwen3-30B-A3B,18,4,72,TP18/DP4/EP72,0.95,212,53,89345.97473627074,84926.45170305797,0.950534726983972,kv
131072,B200,B200x72,Qwen3-30B-A3B,18,4,72,TP18/DP4/EP72,0.9,52,13,44688.23027202112,40362.70362084499,0.9032065797896611,kv
131072,B200,B200x72,Qwen3-30B-A3B,18,4,72,TP18/DP4/EP72,0.95,108,27,44688.23027202112,42502.66968050616,0.9510931496232617,kv
262144,B200,B200x72,Qwen3-30B-A3B,18,4,72,TP18/DP4/EP72,0.9,28,7,22347.927812705846,20322.30383180034,0.9093596507970709,kv
262144,B200,B200x72,Qwen3-30B-A3B,18,4,72,TP18/DP4/EP72,0.95,56,14,22347.927812705846,21288.76609729001,0.9526058199090095,kv
524288,B200,B200x72,Qwen3-30B-A3B,18,4,72,TP18/DP4/EP72,0.9,16,4,11174.917319512866,10277.799177559174,0.9197203776723067,kv
524288,B200,B200x72,Qwen3-30B-A3B,18,4,72,TP18/DP4/EP72,0.95,28,7,11174.917319512866,10644.383048645004,0.9525245462047867,kv
1048576,B200,B200x72,Qwen3-30B-A3B,18,4,72,TP18/DP4/EP72,0.9,8,2,5587.697043553792,5138.899588779587,0.9196811403202403,kv
1048576,B200,B200x72,Qwen3-30B-A3B,18,4,72,TP18/DP4/EP72,0.95,16,4,5587.697043553792,5354.018977012074,0.9581798968841199,kv
8192,B200,B200x72,Qwen3-30B-A3B,24,3,72,TP24/DP3/EP72,0.9,822,274,709574.6004467725,638799.7795685206,0.9002573924803824,kv
8192,B200,B200x72,Qwen3-30B-A3B,24,3,72,TP24/DP3/EP72,0.95,1614,538,709574.6004467725,674161.6886117504,0.9500927572481809,kv
16384,B200,B200x72,Qwen3-30B-A3B,24,3,72,TP24/DP3/EP72,0.9,426,142,356201.92142748,320606.60310105694,0.9000698306629713,kv
16384,B200,B200x72,Qwen3-30B-A3B,24,3,72,TP24/DP3/EP72,0.95,867,289,356201.92142748,338426.43822929903,0.950097172056384,kv
32768,B200,B200x72,Qwen3-30B-A3B,24,3,72,TP24/DP3/EP72,0.9,219,73,178456.73540149422,160759.23659757897,0.9008303118170397,kv
32768,B200,B200x72,Qwen3-30B-A3B,24,3,72,TP24/DP3/EP72,0.95,450,150,178456.73540149422,169547.00177606396,0.9500734247693984,kv
65536,B200,B200x72,Qwen3-30B-A3B,24,3,72,TP24/DP3/EP72,0.9,111,37,89317.57815011803,80489.44199595664,0.9011601485731763,kv
65536,B200,B200x72,Qwen3-30B-A3B,24,3,72,TP24/DP3/EP72,0.95,231,77,89317.57815011803,84887.76741440072,0.9504038194108664,kv
131072,B200,B200x72,Qwen3-30B-A3B,24,3,72,TP24/DP3/EP72,0.9,57,19,44681.12515133082,40350.63166951354,0.9030800261374282,kv
131072,B200,B200x72,Qwen3-30B-A3B,24,3,72,TP24/DP3/EP72,0.95,117,39,44681.12515133082,42471.4064819032,0.9505446950598601,kv
262144,B200,B200x72,Qwen3-30B-A3B,24,3,72,TP24/DP3/EP72,0.9,30,10,22346.150785048765,20274.021580406126,0.9072713137678706,kv
262144,B200,B200x72,Qwen3-30B-A3B,24,3,72,TP24/DP3/EP72,0.95,60,20,22346.150785048765,21262.244219756587,0.9514947081616673,kv
524288,B200,B200x72,Qwen3-30B-A3B,24,3,72,TP24/DP3/EP72,0.9,15,5,11174.472969118267,10137.010790203063,0.9071578425414486,kv
524288,B200,B200x72,Qwen3-30B-A3B,24,3,72,TP24/DP3/EP72,0.95,30,10,11174.472969118267,10631.122109878293,0.951375705973644,kv
1048576,B200,B200x72,Qwen3-30B-A3B,24,3,72,TP24/DP3/EP72,0.9,9,3,5587.585944267303,5148.265436821001,0.9213756151890546,kv
1048576,B200,B200x72,Qwen3-30B-A3B,24,3,72,TP24/DP3/EP72,0.95,15,5,5587.585944267303,5315.561054939147,0.9513162048796322,kv
8192,B200,B200x72,Qwen3-30B-A3B,36,2,72,TP36/DP2/EP72,0.9,880,440,705699.2874977264,635183.2674474367,0.9000763904689122,kv
8192,B200,B200x72,Qwen3-30B-A3B,36,2,72,TP36/DP2/EP72,0.95,1660,830,705699.2874977264,670450.8194258626,0.9500517165082482,kv
16384,B200,B200x72,Qwen3-30B-A3B,36,2,72,TP36/DP2/EP72,0.9,468,234,355222.68853285204,319733.15168593766,0.9000921450330384,kv
16384,B200,B200x72,Qwen3-30B-A3B,36,2,72,TP36/DP2/EP72,0.95,930,465,355222.68853285204,337498.6925955311,0.9501045498796123,kv
32768,B200,B200x72,Qwen3-30B-A3B,36,2,72,TP36/DP2/EP72,0.9,242,121,178210.61050802458,160428.53344117268,0.9002187523169324,kv
32768,B200,B200x72,Qwen3-30B-A3B,36,2,72,TP36/DP2/EP72,0.95,494,247,178210.61050802458,169308.7755372613,0.9500487936975984,kv
65536,B200,B200x72,Qwen3-30B-A3B,36,2,72,TP36/DP2/EP72,0.9,124,62,89255.8813243718,80414.30108301294,0.9009412028634058,kv
65536,B200,B200x72,Qwen3-30B-A3B,36,2,72,TP36/DP2/EP72,0.95,256,128,89255.8813243718,84812.88526246125,0.9502218117620292,kv
131072,B200,B200x72,Qwen3-30B-A3B,36,2,72,TP36/DP2/EP72,0.9,62,31,44665.68018051393,40207.15054150647,0.9001799676846169,kv
131072,B200,B200x72,Qwen3-30B-A3B,36,2,72,TP36/DP2/EP72,0.95,130,65,44665.68018051393,42439.99238296712,0.9501700681921372,kv
262144,B200,B200x72,Qwen3-30B-A3B,36,2,72,TP36/DP2/EP72,0.9,32,16,22342.286942778686,20166.963356249486,0.902636485150313,kv
262144,B200,B200x72,Qwen3-30B-A3B,36,2,72,TP36/DP2/EP72,0.95,66,33,22342.286942778686,21236.288105740146,0.9504975099518175,kv
524288,B200,B200x72,Qwen3-30B-A3B,36,2,72,TP36/DP2/EP72,0.9,16,8,11173.506683353458,10083.481678124743,0.9024455762976668,kv
524288,B200,B200x72,Qwen3-30B-A3B,36,2,72,TP36/DP2/EP72,0.95,34,17,11173.506683353458,10633.752071837735,0.9516933558271494,kv
1048576,B200,B200x72,Qwen3-30B-A3B,36,2,72,TP36/DP2/EP72,0.9,8,4,5587.344332160704,5041.740839062371,0.9023501218713434,kv
1048576,B200,B200x72,Qwen3-30B-A3B,36,2,72,TP36/DP2/EP72,0.95,18,9,5587.344332160704,5331.243135278628,0.9541640569012438,kv
8192,B200,B200x72,Qwen3-30B-A3B,72,1,72,TP72/DP1/EP72,0.9,901,901,692860.8658442728,623621.3143947554,0.9000671637513445,kv
8192,B200,B200x72,Qwen3-30B-A3B,72,1,72,TP72/DP1/EP72,0.95,1528,1528,692860.8658442728,658224.4534643623,0.950009570337466,kv
16384,B200,B200x72,Qwen3-30B-A3B,72,1,72,TP72/DP1/EP72,0.9,513,513,351940.10804273176,316754.70921621576,0.9000244700094145,kv
16384,B200,B200x72,Qwen3-30B-A3B,72,1,72,TP72/DP1/EP72,0.95,951,951,351940.10804273176,334354.50495809613,0.9500323984599663,kv
32768,B200,B200x72,Qwen3-30B-A3B,72,1,72,TP72/DP1/EP72,0.9,276,276,177380.59617462897,159666.63254299047,0.9001358434143534,kv
32768,B200,B200x72,Qwen3-30B-A3B,72,1,72,TP72/DP1/EP72,0.95,542,542,177380.59617462897,168522.83056529285,0.9500635029965975,kv
65536,B200,B200x72,Qwen3-30B-A3B,72,1,72,TP72/DP1/EP72,0.9,144,144,89047.1906755907,80191.10046926026,0.9005461021381999,kv
65536,B200,B200x72,Qwen3-30B-A3B,72,1,72,TP72/DP1/EP72,0.95,291,291,89047.1906755907,84596.03197164745,0.9500134853197184,kv
131072,B200,B200x72,Qwen3-30B-A3B,72,1,72,TP72/DP1/EP72,0.9,73,73,44613.35812581496,40152.24615450817,0.9000050173599143,kv
131072,B200,B200x72,Qwen3-30B-A3B,72,1,72,TP72/DP1/EP72,0.95,152,152,44613.35812581496,42395.570730864056,0.9502887142300188,kv
262144,B200,B200x72,Qwen3-30B-A3B,72,1,72,TP72/DP1/EP72,0.9,37,37,22329.187691491883,20103.781930482375,0.9003364658062569,kv
262144,B200,B200x72,Qwen3-30B-A3B,72,1,72,TP72/DP1/EP72,0.95,78,78,22329.187691491883,21225.883611365014,0.950589152844675,kv
524288,B200,B200x72,Qwen3-30B-A3B,72,1,72,TP72/DP1/EP72,0.9,19,19,11170.22952434375,10078.565219976765,0.902270199373444,kv
524288,B200,B200x72,Qwen3-30B-A3B,72,1,72,TP72/DP1/EP72,0.95,39,39,11170.22952434375,10612.941805682507,0.9501095552739788,kv
1048576,B200,B200x72,Qwen3-30B-A3B,72,1,72,TP72/DP1/EP72,0.9,10,10,5586.524748885158,5064.143821289969,0.90649268533189,kv
1048576,B200,B200x72,Qwen3-30B-A3B,72,1,72,TP72/DP1/EP72,0.95,20,20,5586.524748885158,5313.161507087287,0.9510673891040358,kv
8192,B200,B200x72,Qwen3-32B,1,72,1,TP1/DP72/EP1,0.9,3168,44,429153.44238281256,386341.46341463417,0.9002408585365853,weight
8192,B200,B200x72,Qwen3-32B,1,72,1,TP1/DP72/EP1,0.95,3384,47,429153.44238281256,412682.92682926834,0.9616209170731708,weight
16384,B200,B200x72,Qwen3-32B,1,72,1,TP1/DP72/EP1,0.9,1584,22,214576.72119140628,193170.73170731709,0.9002408585365853,weight
16384,B200,B200x72,Qwen3-32B,1,72,1,TP1/DP72/EP1,0.95,1728,24,214576.72119140628,210731.7073170732,0.9820809365853658,weight
32768,B200,B200x72,Qwen3-32B,1,72,1,TP1/DP72/EP1,0.9,792,11,107288.36059570314,96585.36585365854,0.9002408585365853,weight
32768,B200,B200x72,Qwen3-32B,1,72,1,TP1/DP72/EP1,0.95,864,12,107288.36059570314,105365.8536585366,0.9820809365853658,weight
65536,B200,B200x72,Qwen3-32B,1,72,1,TP1/DP72/EP1,0.9,432,6,53644.18029785157,52682.9268292683,0.9820809365853658,weight
65536,B200,B200x72,Qwen3-32B,1,72,1,TP1/DP72/EP1,0.95,432,6,53644.18029785157,52682.9268292683,0.9820809365853658,weight
131072,B200,B200x72,Qwen3-32B,1,72,1,TP1/DP72/EP1,0.9,216,3,26822.090148925785,26341.46341463415,0.9820809365853658,weight
131072,B200,B200x72,Qwen3-32B,1,72,1,TP1/DP72/EP1,0.95,216,3,26822.090148925785,26341.46341463415,0.9820809365853658,weight
262144,B200,B200x72,Qwen3-32B,1,72,1,TP1/DP72/EP1,0.9,144,2,13411.045074462892,13411.04507446289,0.9999999999999999,kv
262144,B200,B200x72,Qwen3-32B,1,72,1,TP1/DP72/EP1,0.95,144,2,13411.045074462892,13411.04507446289,0.9999999999999999,kv
524288,B200,B200x72,Qwen3-32B,1,72,1,TP1/DP72/EP1,0.9,72,1,6705.522537231446,6705.522537231445,0.9999999999999999,kv
524288,B200,B200x72,Qwen3-32B,1,72,1,TP1/DP72/EP1,0.95,72,1,6705.522537231446,6705.522537231445,0.9999999999999999,kv
1048576,B200,B200x72,Qwen3-32B,1,72,1,TP1/DP72/EP1,0.9,72,1,3352.761268615723,3352.7612686157227,0.9999999999999999,kv
1048576,B200,B200x72,Qwen3-32B,1,72,1,TP1/DP72/EP1,0.95,72,1,3352.761268615723,3352.7612686157227,0.9999999999999999,kv
8192,B200,B200x72,Qwen3-32B,2,36,1,TP2/DP36/EP1,0.9,1620,45,429115.97562700976,392251.81598062965,0.9140927820444917,weight
8192,B200,B200x72,Qwen3-32B,2,36,1,TP2/DP36/EP1,0.95,1692,47,429115.97562700976,409685.23002421315,0.9547191279131357,weight
16384,B200,B200x72,Qwen3-32B,2,36,1,TP2/DP36/EP1,0.9,828,23,214567.35409356363,200484.26150121068,0.9343651663513923,weight
16384,B200,B200x72,Qwen3-32B,2,36,1,TP2/DP36/EP1,0.95,864,24,214567.35409356363,209200.96852300246,0.9749897388014529,weight
32768,B200,B200x72,Qwen3-32B,2,36,1,TP2/DP36/EP1,0.9,432,12,107286.01877012763,104600.48426150123,0.9749684577784505,weight
32768,B200,B200x72,Qwen3-32B,2,36,1,TP2/DP36/EP1,0.95,432,12,107286.01877012763,104600.48426150123,0.9749684577784505,weight
65536,B200,B200x72,Qwen3-32B,2,36,1,TP2/DP36/EP1,0.9,216,6,53643.59483506812,52300.242130750616,0.9749578172669494,weight
65536,B200,B200x72,Qwen3-32B,2,36,1,TP2/DP36/EP1,0.95,216,6,53643.59483506812,52300.242130750616,0.9749578172669494,weight
131072,B200,B200x72,Qwen3-32B,2,36,1,TP2/DP36/EP1,0.9,108,3,26821.943782431215,26150.121065375308,0.9749524970111987,weight
131072,B200,B200x72,Qwen3-32B,2,36,1,TP2/DP36/EP1,0.95,108,3,26821.943782431215,26150.121065375308,0.9749524970111987,weight
262144,B200,B200x72,Qwen3-32B,2,36,1,TP2/DP36/EP1,0.9,72,2,13411.00848273941,13336.521453484052,0.9944458293832843,kv
262144,B200,B200x72,Qwen3-32B,2,36,1,TP2/DP36/EP1,0.95,72,2,13411.00848273941,13336.521453484052,0.9944458293832843,kv
524288,B200,B200x72,Qwen3-32B,2,36,1,TP2/DP36/EP1,0.9,36,1,6705.513389288096,6668.260726742026,0.9944444727221662,kv
524288,B200,B200x72,Qwen3-32B,2,36,1,TP2/DP36/EP1,0.95,36,1,6705.513389288096,6668.260726742026,0.9944444727221662,kv
1048576,B200,B200x72,Qwen3-32B,2,36,1,TP2/DP36/EP1,0.9,36,1,3352.7589816283253,3343.4198614356046,0.9972144970026492,kv
1048576,B200,B200x72,Qwen3-32B,2,36,1,TP2/DP36/EP1,0.95,36,1,3352.7589816283253,3343.4198614356046,0.9972144970026492,kv
8192,B200,B200x72,Qwen3-32B,4,18,1,TP4/DP18/EP1,0.9,828,46,429003.61460123636,392417.06161137443,0.9147173782582938,weight
8192,B200,B200x72,Qwen3-32B,4,18,1,TP4/DP18/EP1,0.95,864,48,429003.61460123636,409478.67298578203,0.9544876990521327,weight
16384,B200,B200x72,Qwen3-32B,4,18,1,TP4/DP18/EP1,0.9,414,23,214539.25770631066,196208.53080568722,0.9145577033471565,weight
16384,B200,B200x72,Qwen3-32B,4,18,1,TP4/DP18/EP1,0.95,432,24,214539.25770631066,204739.33649289102,0.9543210817535546,weight
32768,B200,B200x72,Qwen3-32B,4,18,1,TP4/DP18/EP1,0.9,216,12,107278.99390675244,102369.66824644551,0.9542377731042654,weight
32768,B200,B200x72,Qwen3-32B,4,18,1,TP4/DP18/EP1,0.95,216,12,107278.99390675244,102369.66824644551,0.9542377731042654,weight
65536,B200,B200x72,Qwen3-32B,4,18,1,TP4/DP18/EP1,0.9,108,6,53641.83852339091,51184.834123222754,0.9541961187796208,weight
65536,B200,B200x72,Qwen3-32B,4,18,1,TP4/DP18/EP1,0.95,108,6,53641.83852339091,51184.834123222754,0.9541961187796208,weight
131072,B200,B200x72,Qwen3-32B,4,18,1,TP4/DP18/EP1,0.9,54,3,26821.504692531907,25592.417061611377,0.9541752916172986,weight
131072,B200,B200x72,Qwen3-32B,4,18,1,TP4/DP18/EP1,0.95,54,3,26821.504692531907,25592.417061611377,0.9541752916172986,weight
262144,B200,B200x72,Qwen3-32B,4,18,1,TP4/DP18/EP1,0.9,36,2,13410.89870876703,13117.838534682633,0.9781476110998574,kv
262144,B200,B200x72,Qwen3-32B,4,18,1,TP4/DP18/EP1,0.95,36,2,13410.89870876703,13117.838534682633,0.9781476110998574,kv
524288,B200,B200x72,Qwen3-32B,4,18,1,TP4/DP18/EP1,0.9,18,1,6705.485945607804,6558.919267341316,0.9781422734376931,kv
524288,B200,B200x72,Qwen3-32B,4,18,1,TP4/DP18/EP1,0.95,18,1,6705.485945607804,6558.919267341316,0.9781422734376931,kv
1048576,B200,B200x72,Qwen3-32B,4,18,1,TP4/DP18/EP1,0.9,18,1,3352.7521206848523,3315.7053734350757,0.9889503470831571,kv
1048576,B200,B200x72,Qwen3-32B,4,18,1,TP4/DP18/EP1,0.95,18,1,3352.7521206848523,3315.7053734350757,0.9889503470831571,kv
8192,B200,B200x72,Qwen3-32B,8,9,1,TP8/DP9/EP1,0.9,432,48,428704.27266996936,387443.94618834084,0.9037557376681615,weight
8192,B200,B200x72,Qwen3-32B,8,9,1,TP8/DP9/EP1,0.95,720,80,428704.27266996936,407303.95555499237,0.9500813999783677,kv
16384,B200,B200x72,Qwen3-32B,8,9,1,TP8/DP9/EP1,0.9,216,24,214464.36996748048,193721.97309417042,0.903282783632287,weight
16384,B200,B200x72,Qwen3-32B,8,9,1,TP8/DP9/EP1,0.95,369,41,214464.36996748048,203905.18322776092,0.9507648438697736,kv
32768,B200,B200x72,Qwen3-32B,8,9,1,TP8/DP9/EP1,0.9,108,12,107260.26543448359,96860.98654708521,0.9030463066143497,weight
32768,B200,B200x72,Qwen3-32B,8,9,1,TP8/DP9/EP1,0.95,189,21,107260.26543448359,102073.4586713315,0.9516427938888489,kv
65536,B200,B200x72,Qwen3-32B,8,9,1,TP8/DP9/EP1,0.9,54,6,53637.155587780726,48430.493273542605,0.9029280681053812,weight
65536,B200,B200x72,Qwen3-32B,8,9,1,TP8/DP9/EP1,0.95,99,11,53637.155587780726,51149.73865893528,0.953625114874434,kv
131072,B200,B200x72,Qwen3-32B,8,9,1,TP8/DP9/EP1,0.9,27,3,26820.333856414745,24215.246636771302,0.9028689488508969,weight
131072,B200,B200x72,Qwen3-32B,8,9,1,TP8/DP9/EP1,0.95,54,6,26820.333856414745,25674.35695435031,0.9572720866116159,kv
262144,B200,B200x72,Qwen3-32B,8,9,1,TP8/DP9/EP1,0.9,18,2,13410.605986959554,12568.276463651204,0.937189301950454,kv
262144,B200,B200x72,Qwen3-32B,8,9,1,TP8/DP9/EP1,0.95,27,3,13410.605986959554,12837.178477175155,0.9572407458438494,kv
524288,B200,B200x72,Qwen3-32B,8,9,1,TP8/DP9/EP1,0.9,9,1,6705.4127635585755,6284.138231825602,0.937173959816099,kv
524288,B200,B200x72,Qwen3-32B,8,9,1,TP8/DP9/EP1,0.95,18,2,6705.4127635585755,6487.995535797703,0.9675758621538626,kv
1048576,B200,B200x72,Qwen3-32B,8,9,1,TP8/DP9/EP1,0.9,9,1,3352.7338249728705,3243.9977678988516,0.967567942237437,kv
1048576,B200,B200x72,Qwen3-32B,8,9,1,TP8/DP9/EP1,0.95,9,1,3352.7338249728705,3243.9977678988516,0.967567942237437,kv
8192,B200,B200x72,Qwen3-32B,12,6,1,TP12/DP6/EP1,0.9,408,68,428348.981349366,385539.33366697613,0.9000589483193521,kv
8192,B200,B200x72,Qwen3-32B,12,6,1,TP12/DP6/EP1,0.95,846,141,428348.981349366,406951.5100950494,0.9500466391050791,kv
16384,B200,B200x72,Qwen3-32B,12,6,1,TP12/DP6/EP1,0.9,210,35,214375.4172579061,193331.03519630685,0.9018339773711944,kv
16384,B200,B200x72,Qwen3-32B,12,6,1,TP12/DP6/EP1,0.95,432,72,214375.4172579061,203695.29721033142,0.9501802949975096,kv
32768,B200,B200x72,Qwen3-32B,12,6,1,TP12/DP6/EP1,0.9,108,18,107238.01099473186,96932.11341746827,0.9038969719629556,kv
32768,B200,B200x72,Qwen3-32B,12,6,1,TP12/DP6/EP1,0.95,222,37,107238.01099473186,101987.42957510617,0.9510380566468766,kv
65536,B200,B200x72,Qwen3-32B,12,6,1,TP12/DP6/EP1,0.9,54,9,53631.58994333057,48466.05670873413,0.9036848760207453,kv
65536,B200,B200x72,Qwen3-32B,12,6,1,TP12/DP6/EP1,0.95,114,19,53631.58994333057,51060.10401919392,0.9520527747386607,kv
131072,B200,B200x72,Qwen3-32B,12,6,1,TP12/DP6/EP1,0.9,30,5,26818.942190880738,24469.222960973188,0.9123858348631466,kv
131072,B200,B200x72,Qwen3-32B,12,6,1,TP12/DP6/EP1,0.95,60,10,26818.942190880738,25591.69045749081,0.9542393684040518,kv
262144,B200,B200x72,Qwen3-32B,12,6,1,TP12/DP6/EP1,0.9,18,3,13410.25803876665,12416.13799795961,0.9258686866476978,kv
262144,B200,B200x72,Qwen3-32B,12,6,1,TP12/DP6/EP1,0.95,30,5,13410.25803876665,12795.845228745406,0.954183371546984,kv
524288,B200,B200x72,Qwen3-32B,12,6,1,TP12/DP6/EP1,0.9,12,2,6705.325772533754,6325.382143124048,0.9433370365141652,kv
524288,B200,B200x72,Qwen3-32B,12,6,1,TP12/DP6/EP1,0.95,18,3,6705.325772533754,6447.214389368921,0.9615065111046349,kv
1048576,B200,B200x72,Qwen3-32B,12,6,1,TP12/DP6/EP1,0.9,6,1,3352.7120767195647,3162.691071562024,0.9433231960247939,kv
1048576,B200,B200x72,Qwen3-32B,12,6,1,TP12/DP6/EP1,0.95,12,2,3352.7120767195647,3254.9537854621562,0.970842026090991,kv
8192,B200,B200x72,Qwen3-32B,18,4,1,TP18/DP4/EP1,0.9,468,117,427751.81034388195,384989.7466317011,0.9000306657315998,kv
8192,B200,B200x72,Qwen3-32B,18,4,1,TP18/DP4/EP1,0.95,960,240,427751.81034388195,406424.9203655516,0.9501419059777092,kv
16384,B200,B200x72,Qwen3-32B,18,4,1,TP18/DP4/EP1,0.9,240,60,214225.74002251562,192991.3864526528,0.9008786079225072,kv
16384,B200,B200x72,Qwen3-32B,18,4,1,TP18/DP4/EP1,0.95,496,124,214225.74002251562,203560.22835318602,0.9502136780192304,kv
32768,B200,B200x72,Qwen3-32B,18,4,1,TP18/DP4/EP1,0.9,120,30,107200.54348265848,96495.6932263264,0.9001418284967578,kv
32768,B200,B200x72,Qwen3-32B,18,4,1,TP18/DP4/EP1,0.95,252,63,107200.54348265848,101863.12547363268,0.9502109053216766,kv
65536,B200,B200x72,Qwen3-32B,18,4,1,TP18/DP4/EP1,0.9,64,16,53622.21703096069,48553.108964018546,0.9054662722353439,kv
65536,B200,B200x72,Qwen3-32B,18,4,1,TP18/DP4/EP1,0.95,128,32,53622.21703096069,50971.835947880056,0.9505730790364311,kv
131072,B200,B200x72,Qwen3-32B,18,4,1,TP18/DP4/EP1,0.9,32,8,26816.598207934174,24276.554482009273,0.905280911984825,kv
131072,B200,B200x72,Qwen3-32B,18,4,1,TP18/DP4/EP1,0.95,64,16,26816.598207934174,25485.917973940028,0.9503784848594092,kv
262144,B200,B200x72,Qwen3-32B,18,4,1,TP18/DP4/EP1,0.9,16,4,13409.67194863821,12138.277241004636,0.9051882318595655,kv
262144,B200,B200x72,Qwen3-32B,18,4,1,TP18/DP4/EP1,0.95,32,8,13409.67194863821,12742.958986970014,0.9502811877708983,kv
524288,B200,B200x72,Qwen3-32B,18,4,1,TP18/DP4/EP1,0.9,8,2,6705.179238200479,6069.138620502318,0.9051418917969358,kv
524288,B200,B200x72,Qwen3-32B,18,4,1,TP18/DP4/EP1,0.95,16,4,6705.179238200479,6371.479493485007,0.9502325392266427,kv
1048576,B200,B200x72,Qwen3-32B,18,4,1,TP18/DP4/EP1,0.9,4,1,3352.675441660963,3034.569310251159,0.9051187217656209,kv
1048576,B200,B200x72,Qwen3-32B,18,4,1,TP18/DP4/EP1,0.95,8,2,3352.675441660963,3185.7397467425035,0.9502082149545149,kv
8192,B200,B200x72,Qwen3-32B,24,3,1,TP24/DP3/EP1,0.9,507,169,427101.71452423255,384398.28161914303,0.9000157773830088,kv
8192,B200,B200x72,Qwen3-32B,24,3,1,TP24/DP3/EP1,0.95,1026,342,427101.71452423255,405805.9270970406,0.9501388388222363,kv
16384,B200,B200x72,Qwen3-32B,24,3,1,TP24/DP3/EP1,0.9,261,87,214062.56015760716,192776.84583734194,0.9005631143316549,kv
16384,B200,B200x72,Qwen3-32B,24,3,1,TP24/DP3/EP1,0.95,537,179,214062.56015760716,203397.51407050737,0.9501779008937973,kv
32768,B200,B200x72,Qwen3-32B,24,3,1,TP24/DP3/EP1,0.9,132,44,107159.66615074957,96499.83063822487,0.9005238081133184,kv
32768,B200,B200x72,Qwen3-32B,24,3,1,TP24/DP3/EP1,0.95,276,92,107159.66615074957,101842.93918734675,0.9503849988117415,kv
65536,B200,B200x72,Qwen3-32B,24,3,1,TP24/DP3/EP1,0.9,69,23,53611.987378601334,48461.79108612208,0.9039357325795593,kv
65536,B200,B200x72,Qwen3-32B,24,3,1,TP24/DP3/EP1,0.95,141,47,53611.987378601334,50976.51881769859,0.9508418044216234,kv
131072,B200,B200x72,Qwen3-32B,24,3,1,TP24/DP3/EP1,0.9,36,12,26814.039503438507,24328.82589648735,0.9073167022584394,kv
131072,B200,B200x72,Qwen3-32B,24,3,1,TP24/DP3/EP1,0.95,72,24,26814.039503438507,25514.693063707902,0.9515423090368766,kv
262144,B200,B200x72,Qwen3-32B,24,3,1,TP24/DP3/EP1,0.9,18,6,13409.032110995764,12164.412948243675,0.9071805367867328,kv
262144,B200,B200x72,Qwen3-32B,24,3,1,TP24/DP3/EP1,0.95,36,12,13409.032110995764,12757.346531853951,0.9513995064112485,kv
524288,B200,B200x72,Qwen3-32B,24,3,1,TP24/DP3/EP1,0.9,9,3,6705.019258594247,6082.206474121837,0.9071124540508797,kv
524288,B200,B200x72,Qwen3-32B,24,3,1,TP24/DP3/EP1,0.95,18,6,6705.019258594247,6378.673265926976,0.9513281050984346,kv
1048576,B200,B200x72,Qwen3-32B,24,3,1,TP24/DP3/EP1,0.9,6,2,3352.6354442345896,3113.4565651603793,0.9286594432790127,kv
1048576,B200,B200x72,Qwen3-32B,24,3,1,TP24/DP3/EP1,0.95,9,3,3352.6354442345896,3189.336632963488,0.9512924044420275,kv
8192,B200,B200x72,Qwen3-32B,36,2,1,TP36/DP2/EP1,0.9,556,278,425694.63536287396,383270.7416124823,0.9003419582343847,kv
8192,B200,B200x72,Qwen3-32B,36,2,1,TP36/DP2/EP1,0.95,1088,544,425694.63536287396,404412.6322943759,0.9500064099930302,kv
16384,B200,B200x72,Qwen3-32B,36,2,1,TP36/DP2/EP1,0.9,288,144,213708.52076036658,192349.43094701658,0.9000550388100802,kv
16384,B200,B200x72,Qwen3-32B,36,2,1,TP36/DP2/EP1,0.95,586,293,213708.52076036658,203045.28511798262,0.950103834866085,kv
32768,B200,B200x72,Qwen3-32B,36,2,1,TP36/DP2/EP1,0.9,148,74,107070.87049380226,96444.72598727536,0.9007559716520472,kv
32768,B200,B200x72,Qwen3-32B,36,2,1,TP36/DP2/EP1,0.95,304,152,107070.87049380226,101720.44340149433,0.9500291062580122,kv
65536,B200,B200x72,Qwen3-32B,36,2,1,TP36/DP2/EP1,0.9,76,38,53589.75260570101,48350.96383353284,0.9022427139995631,kv
65536,B200,B200x72,Qwen3-32B,36,2,1,TP36/DP2/EP1,0.95,156,78,53589.75260570101,50927.990859560545,0.9503307700312597,kv
131072,B200,B200x72,Qwen3-32B,36,2,1,TP36/DP2/EP1,0.9,38,19,26808.47631955357,24175.48191676642,0.9017850036905418,kv
131072,B200,B200x72,Qwen3-32B,36,2,1,TP36/DP2/EP1,0.95,80,40,26808.47631955357,25496.269526251926,0.9510525410821448,kv
262144,B200,B200x72,Qwen3-32B,36,2,1,TP36/DP2/EP1,0.9,20,10,13407.64075317059,12147.67314781378,0.9060261511661657,kv
262144,B200,B200x72,Qwen3-32B,36,2,1,TP36/DP2/EP1,0.95,40,20,13407.64075317059,12748.134763125963,0.9508111828034571,kv
524288,B200,B200x72,Qwen3-32B,36,2,1,TP36/DP2/EP1,0.9,10,5,6704.671348873589,6073.83657390689,0.9059111562459089,kv
524288,B200,B200x72,Qwen3-32B,36,2,1,TP36/DP2/EP1,0.95,20,10,6704.671348873589,6374.067381562982,0.9506905036641132,kv
1048576,B200,B200x72,Qwen3-32B,36,2,1,TP36/DP2/EP1,0.9,6,3,3352.5484580193393,3085.360419488396,0.9203030047509602,kv
1048576,B200,B200x72,Qwen3-32B,36,2,1,TP36/DP2/EP1,0.95,10,5,3352.5484580193393,3187.033690781491,0.9506301640944413,kv
8192,B200,B200x72,Qwen3-32B,72,1,1,TP72/DP1/EP1,0.9,599,599,420989.03666122485,378905.54650706635,0.9000366126208089,kv
8192,B200,B200x72,Qwen3-32B,72,1,1,TP72/DP1/EP1,0.95,1088,1088,420989.03666122485,399952.7260062101,0.9500312150125112,kv
16384,B200,B200x72,Qwen3-32B,72,1,1,TP72/DP1/EP1,0.9,326,326,212516.01789354894,191273.2612366291,0.9000416210153133,kv
16384,B200,B200x72,Qwen3-32B,72,1,1,TP72/DP1/EP1,0.95,633,633,212516.01789354894,201907.97850836517,0.9500835772741731,kv
32768,B200,B200x72,Qwen3-32B,72,1,1,TP72/DP1/EP1,0.9,171,171,106770.6990710072,96125.02215771182,0.9002940225556121,kv
32768,B200,B200x72,Qwen3-32B,72,1,1,TP72/DP1/EP1,0.95,344,344,106770.6990710072,101432.73319425414,0.9500053298967062,kv
65536,B200,B200x72,Qwen3-32B,72,1,1,TP72/DP1/EP1,0.9,88,88,53514.45194994942,48205.003227427085,0.9007847688043574,kv
65536,B200,B200x72,Qwen3-32B,72,1,1,TP72/DP1/EP1,0.95,180,180,53514.45194994942,50839.68877631544,0.9500179283133533,kv
131072,B200,B200x72,Qwen3-32B,72,1,1,TP72/DP1/EP1,0.9,45,45,26789.618799027845,24156.93180283678,0.9017273438662516,kv
131072,B200,B200x72,Qwen3-32B,72,1,1,TP72/DP1/EP1,0.95,93,93,26789.618799027845,25462.785742703487,0.9504721188353562,kv
262144,B200,B200x72,Qwen3-32B,72,1,1,TP72/DP1/EP1,0.9,23,23,13402.92232020537,12104.612998326642,0.903132369877166,kv
262144,B200,B200x72,Qwen3-32B,72,1,1,TP72/DP1/EP1,0.95,47,47,13402.92232020537,12738.260493286385,0.9504091860685497,kv
524288,B200,B200x72,Qwen3-32B,72,1,1,TP72/DP1/EP1,0.9,12,12,6703.4912335106455,6076.972585547964,0.9065384549425939,kv
524288,B200,B200x72,Qwen3-32B,72,1,1,TP72/DP1/EP1,0.95,24,24,6703.4912335106455,6375.7938085047435,0.9511154093306264,kv
1048576,B200,B200x72,Qwen3-32B,72,1,1,TP72/DP1/EP1,0.9,6,6,3352.2533657560243,3038.486292773982,0.9064011461104822,kv
1048576,B200,B200x72,Qwen3-32B,72,1,1,TP72/DP1/EP1,0.95,12,12,3352.2533657560243,3187.8969042523718,0.9509713486508542,kv
8192,B200,B200x72,Llama-3.3-70B,1,72,1,TP1/DP72/EP1,0.9,3456,48,214576.72119140628,195807.3654390935,0.9125284623229462,weight
8192,B200,B200x72,Llama-3.3-70B,1,72,1,TP1/DP72/EP1,0.95,3600,50,214576.72119140628,203966.0056657224,0.9505504815864022,weight
16384,B200,B200x72,Llama-3.3-70B,1,72,1,TP1/DP72/EP1,0.9,1728,24,107288.36059570314,97903.68271954675,0.9125284623229462,weight
16384,B200,B200x72,Llama-3.3-70B,1,72,1,TP1/DP72/EP1,0.95,1800,25,107288.36059570314,101983.0028328612,0.9505504815864022,weight
32768,B200,B200x72,Llama-3.3-70B,1,72,1,TP1/DP72/EP1,0.9,864,12,53644.18029785157,48951.841359773374,0.9125284623229462,weight
32768,B200,B200x72,Llama-3.3-70B,1,72,1,TP1/DP72/EP1,0.95,936,13,53644.18029785157,53031.16147308782,0.9885725008498583,weight
65536,B200,B200x72,Llama-3.3-70B,1,72,1,TP1/DP72/EP1,0.9,432,6,26822.090148925785,24475.920679886687,0.9125284623229462,weight
65536,B200,B200x72,Llama-3.3-70B,1,72,1,TP1/DP72/EP1,0.95,504,7,26822.090148925785,26822.09014892578,0.9999999999999999,kv
131072,B200,B200x72,Llama-3.3-70B,1,72,1,TP1/DP72/EP1,0.9,216,3,13411.045074462892,12237.960339943344,0.9125284623229462,weight
131072,B200,B200x72,Llama-3.3-70B,1,72,1,TP1/DP72/EP1,0.95,288,4,13411.045074462892,13411.04507446289,0.9999999999999999,kv
262144,B200,B200x72,Llama-3.3-70B,1,72,1,TP1/DP72/EP1,0.9,144,2,6705.522537231446,6705.522537231445,0.9999999999999999,kv
262144,B200,B200x72,Llama-3.3-70B,1,72,1,TP1/DP72/EP1,0.95,144,2,6705.522537231446,6705.522537231445,0.9999999999999999,kv
524288,B200,B200x72,Llama-3.3-70B,1,72,1,TP1/DP72/EP1,0.9,72,1,3352.761268615723,3352.7612686157227,0.9999999999999999,kv
524288,B200,B200x72,Llama-3.3-70B,1,72,1,TP1/DP72/EP1,0.95,72,1,3352.761268615723,3352.7612686157227,0.9999999999999999,kv
1048576,B200,B200x72,Llama-3.3-70B,1,72,1,TP1/DP72/EP1,0.9,72,1,1676.3806343078616,1676.3806343078613,0.9999999999999999,kv
1048576,B200,B200x72,Llama-3.3-70B,1,72,1,TP1/DP72/EP1,0.95,72,1,1676.3806343078616,1676.3806343078613,0.9999999999999999,kv
8192,B200,B200x72,Llama-3.3-70B,2,36,1,TP2/DP36/EP1,0.9,1728,48,214567.35409356363,195143.98644833427,0.9094765942970072,weight
8192,B200,B200x72,Llama-3.3-70B,2,36,1,TP2/DP36/EP1,0.95,1836,51,214567.35409356363,207340.48560135518,0.9663188814405703,weight
16384,B200,B200x72,Llama-3.3-70B,2,36,1,TP2/DP36/EP1,0.9,864,24,107286.01877012763,97571.99322416713,0.909456743224167,weight
16384,B200,B200x72,Llama-3.3-70B,2,36,1,TP2/DP36/EP1,0.95,936,26,107286.01877012763,105702.99265951439,0.9852448051595143,weight
32768,B200,B200x72,Llama-3.3-70B,2,36,1,TP2/DP36/EP1,0.9,432,12,53643.59483506812,48785.99661208357,0.909446817687747,weight
32768,B200,B200x72,Llama-3.3-70B,2,36,1,TP2/DP36/EP1,0.95,468,13,53643.59483506812,52851.496329757196,0.9852340524950592,weight
65536,B200,B200x72,Llama-3.3-70B,2,36,1,TP2/DP36/EP1,0.9,216,6,26821.943782431215,24392.998306041784,0.9094418549195369,weight
65536,B200,B200x72,Llama-3.3-70B,2,36,1,TP2/DP36/EP1,0.95,252,7,26821.943782431215,26736.716978321154,0.9968224971015752,kv
131072,B200,B200x72,Llama-3.3-70B,2,36,1,TP2/DP36/EP1,0.9,108,3,13411.00848273941,12196.499153020892,0.9094393735354319,weight
131072,B200,B200x72,Llama-3.3-70B,2,36,1,TP2/DP36/EP1,0.95,144,4,13411.00848273941,13373.679445742418,0.9972165376641857,kv
262144,B200,B200x72,Llama-3.3-70B,2,36,1,TP2/DP36/EP1,0.9,72,2,6705.513389288096,6686.839722871209,0.9972151772231612,kv
262144,B200,B200x72,Llama-3.3-70B,2,36,1,TP2/DP36/EP1,0.95,72,2,6705.513389288096,6686.839722871209,0.9972151772231612,kv
524288,B200,B200x72,Llama-3.3-70B,2,36,1,TP2/DP36/EP1,0.9,36,1,3352.7589816283253,3343.4198614356046,0.9972144970026492,kv
524288,B200,B200x72,Llama-3.3-70B,2,36,1,TP2/DP36/EP1,0.95,36,1,3352.7589816283253,3343.4198614356046,0.9972144970026492,kv
1048576,B200,B200x72,Llama-3.3-70B,2,36,1,TP2/DP36/EP1,0.9,36,1,1676.3800625608171,1674.0420246152928,0.9986053055642091,kv
1048576,B200,B200x72,Llama-3.3-70B,2,36,1,TP2/DP36/EP1,0.95,36,1,1676.3800625608171,1674.0420246152928,0.9986053055642091,kv
8192,B200,B200x72,Llama-3.3-70B,4,18,1,TP4/DP18/EP1,0.9,864,48,214539.25770631066,193180.5477920626,0.9004438155394074,weight
8192,B200,B200x72,Llama-3.3-70B,4,18,1,TP4/DP18/EP1,0.95,918,51,214539.25770631066,205254.3320290665,0.9567215540106204,weight
16384,B200,B200x72,Llama-3.3-70B,4,18,1,TP4/DP18/EP1,0.9,432,24,107278.99390675244,96590.2738960313,0.9003652101732811,weight
16384,B200,B200x72,Llama-3.3-70B,4,18,1,TP4/DP18/EP1,0.95,468,26,107278.99390675244,104639.46338736724,0.9753956443543879,weight
32768,B200,B200x72,Llama-3.3-70B,4,18,1,TP4/DP18/EP1,0.9,216,12,53641.83852339091,48295.13694801565,0.9003259074902179,weight
32768,B200,B200x72,Llama-3.3-70B,4,18,1,TP4/DP18/EP1,0.95,234,13,53641.83852339091,52319.73169368362,0.9753530664477361,weight
65536,B200,B200x72,Llama-3.3-70B,4,18,1,TP4/DP18/EP1,0.9,108,6,26821.504692531907,24147.568474007825,0.9003062561486864,weight
65536,B200,B200x72,Llama-3.3-70B,4,18,1,TP4/DP18/EP1,0.95,126,7,26821.504692531907,26483.827478395247,0.987410206175693,kv
131072,B200,B200x72,Llama-3.3-70B,4,18,1,TP4/DP18/EP1,0.9,54,3,13410.89870876703,12073.784237003912,0.9002964304779206,weight
131072,B200,B200x72,Llama-3.3-70B,4,18,1,TP4/DP18/EP1,0.95,72,4,13410.89870876703,13262.821493740303,0.988958442066979,kv
262144,B200,B200x72,Llama-3.3-70B,4,18,1,TP4/DP18/EP1,0.9,36,2,6705.485945607804,6631.410746870151,0.9889530454110976,kv
262144,B200,B200x72,Llama-3.3-70B,4,18,1,TP4/DP18/EP1,0.95,36,2,6705.485945607804,6631.410746870151,0.9889530454110976,kv
524288,B200,B200x72,Llama-3.3-70B,4,18,1,TP4/DP18/EP1,0.9,18,1,3352.7521206848523,3315.7053734350757,0.9889503470831571,kv
524288,B200,B200x72,Llama-3.3-70B,4,18,1,TP4/DP18/EP1,0.95,18,1,3352.7521206848523,3315.7053734350757,0.9889503470831571,kv
1048576,B200,B200x72,Llama-3.3-70B,4,18,1,TP4/DP18/EP1,0.9,18,1,1676.378347322024,1667.0651816855066,0.9944444727221662,kv
1048576,B200,B200x72,Llama-3.3-70B,4,18,1,TP4/DP18/EP1,0.95,18,1,1676.378347322024,1667.0651816855066,0.9944444727221662,kv
8192,B200,B200x72,Llama-3.3-70B,8,9,1,TP8/DP9/EP1,0.9,450,50,214464.36996748048,195971.69297768103,0.9137727306750136,weight
8192,B200,B200x72,Llama-3.3-70B,8,9,1,TP8/DP9/EP1,0.95,468,52,214464.36996748048,203810.56069678828,0.9503236399020142,weight
16384,B200,B200x72,Llama-3.3-70B,8,9,1,TP8/DP9/EP1,0.9,225,25,107260.26543448359,97985.84648884051,0.9135335074169842,weight
16384,B200,B200x72,Llama-3.3-70B,8,9,1,TP8/DP9/EP1,0.95,234,26,107260.26543448359,101905.28034839414,0.9500748477136637,weight
32768,B200,B200x72,Llama-3.3-70B,8,9,1,TP8/DP9/EP1,0.9,117,13,53637.155587780726,50952.64017419707,0.9499504516194884,weight
32768,B200,B200x72,Llama-3.3-70B,8,9,1,TP8/DP9/EP1,0.95,126,14,53637.155587780726,51664.53622894416,0.9632228939581212,kv
65536,B200,B200x72,Llama-3.3-70B,8,9,1,TP8/DP9/EP1,0.9,63,7,26820.333856414745,25832.26811447208,0.9631598268972948,kv
65536,B200,B200x72,Llama-3.3-70B,8,9,1,TP8/DP9/EP1,0.95,63,7,26820.333856414745,25832.26811447208,0.9631598268972948,kv
131072,B200,B200x72,Llama-3.3-70B,8,9,1,TP8/DP9/EP1,0.9,36,4,13410.605986959554,12975.991071595407,0.9675917019867136,kv
131072,B200,B200x72,Llama-3.3-70B,8,9,1,TP8/DP9/EP1,0.95,36,4,13410.605986959554,12975.991071595407,0.9675917019867136,kv
262144,B200,B200x72,Llama-3.3-70B,8,9,1,TP8/DP9/EP1,0.9,18,2,6705.4127635585755,6487.995535797703,0.9675758621538626,kv
262144,B200,B200x72,Llama-3.3-70B,8,9,1,TP8/DP9/EP1,0.95,18,2,6705.4127635585755,6487.995535797703,0.9675758621538626,kv
524288,B200,B200x72,Llama-3.3-70B,8,9,1,TP8/DP9/EP1,0.9,9,1,3352.7338249728705,3243.9977678988516,0.967567942237437,kv
524288,B200,B200x72,Llama-3.3-70B,8,9,1,TP8/DP9/EP1,0.95,9,1,3352.7338249728705,3243.9977678988516,0.967567942237437,kv
1048576,B200,B200x72,Llama-3.3-70B,8,9,1,TP8/DP9/EP1,0.9,9,1,1676.3737733690687,1648.74145189843,0.983516610728701,kv
1048576,B200,B200x72,Llama-3.3-70B,8,9,1,TP8/DP9/EP1,0.95,9,1,1676.3737733690687,1648.74145189843,0.983516610728701,kv
8192,B200,B200x72,Llama-3.3-70B,12,6,1,TP12/DP6/EP1,0.9,306,51,214375.4172579061,193869.39258452575,0.9043452605915611,weight
8192,B200,B200x72,Llama-3.3-70B,12,6,1,TP12/DP6/EP1,0.95,432,72,214375.4172579061,203695.29721033142,0.9501802949975096,kv
16384,B200,B200x72,Llama-3.3-70B,12,6,1,TP12/DP6/EP1,0.9,156,26,107238.01099473186,98835.37661171901,0.9216449997060685,weight
16384,B200,B200x72,Llama-3.3-70B,12,6,1,TP12/DP6/EP1,0.95,222,37,107238.01099473186,101987.42957510617,0.9510380566468766,kv
32768,B200,B200x72,Llama-3.3-70B,12,6,1,TP12/DP6/EP1,0.9,78,13,53631.58994333057,49417.688305859505,0.9214287392575224,weight
32768,B200,B200x72,Llama-3.3-70B,12,6,1,TP12/DP6/EP1,0.95,114,19,53631.58994333057,51060.10401919392,0.9520527747386607,kv
65536,B200,B200x72,Llama-3.3-70B,12,6,1,TP12/DP6/EP1,0.9,42,7,26818.942190880738,25098.26616055542,0.9358410179611633,kv
65536,B200,B200x72,Llama-3.3-70B,12,6,1,TP12/DP6/EP1,0.95,60,10,26818.942190880738,25591.69045749081,0.9542393684040518,kv
131072,B200,B200x72,Llama-3.3-70B,12,6,1,TP12/DP6/EP1,0.9,24,4,13410.25803876665,12650.764286248095,0.9433647174929077,kv
131072,B200,B200x72,Llama-3.3-70B,12,6,1,TP12/DP6/EP1,0.95,30,5,13410.25803876665,12795.845228745406,0.954183371546984,kv
262144,B200,B200x72,Llama-3.3-70B,12,6,1,TP12/DP6/EP1,0.9,12,2,6705.325772533754,6325.382143124048,0.9433370365141652,kv
262144,B200,B200x72,Llama-3.3-70B,12,6,1,TP12/DP6/EP1,0.95,18,3,6705.325772533754,6447.214389368921,0.9615065111046349,kv
524288,B200,B200x72,Llama-3.3-70B,12,6,1,TP12/DP6/EP1,0.9,6,1,3352.7120767195647,3162.691071562024,0.9433231960247939,kv
524288,B200,B200x72,Llama-3.3-70B,12,6,1,TP12/DP6/EP1,0.95,12,2,3352.7120767195647,3254.9537854621562,0.970842026090991,kv
1048576,B200,B200x72,Llama-3.3-70B,12,6,1,TP12/DP6/EP1,0.9,6,1,1676.368336243603,1627.4768927310781,0.9708349039674178,kv
1048576,B200,B200x72,Llama-3.3-70B,12,6,1,TP12/DP6/EP1,0.95,6,1,1676.368336243603,1627.4768927310781,0.9708349039674178,kv
8192,B200,B200x72,Llama-3.3-70B,18,4,1,TP18/DP4/EP1,0.9,240,60,214225.74002251562,192991.3864526528,0.9008786079225072,kv
8192,B200,B200x72,Llama-3.3-70B,18,4,1,TP18/DP4/EP1,0.95,496,124,214225.74002251562,203560.22835318602,0.9502136780192304,kv
16384,B200,B200x72,Llama-3.3-70B,18,4,1,TP18/DP4/EP1,0.9,120,30,107200.54348265848,96495.6932263264,0.9001418284967578,kv
16384,B200,B200x72,Llama-3.3-70B,18,4,1,TP18/DP4/EP1,0.95,252,63,107200.54348265848,101863.12547363268,0.9502109053216766,kv
32768,B200,B200x72,Llama-3.3-70B,18,4,1,TP18/DP4/EP1,0.9,64,16,53622.21703096069,48553.108964018546,0.9054662722353439,kv
32768,B200,B200x72,Llama-3.3-70B,18,4,1,TP18/DP4/EP1,0.95,128,32,53622.21703096069,50971.835947880056,0.9505730790364311,kv
65536,B200,B200x72,Llama-3.3-70B,18,4,1,TP18/DP4/EP1,0.9,32,8,26816.598207934174,24276.554482009273,0.905280911984825,kv
65536,B200,B200x72,Llama-3.3-70B,18,4,1,TP18/DP4/EP1,0.95,64,16,26816.598207934174,25485.917973940028,0.9503784848594092,kv
131072,B200,B200x72,Llama-3.3-70B,18,4,1,TP18/DP4/EP1,0.9,16,4,13409.67194863821,12138.277241004636,0.9051882318595655,kv
131072,B200,B200x72,Llama-3.3-70B,18,4,1,TP18/DP4/EP1,0.95,32,8,13409.67194863821,12742.958986970014,0.9502811877708983,kv
262144,B200,B200x72,Llama-3.3-70B,18,4,1,TP18/DP4/EP1,0.9,8,2,6705.179238200479,6069.138620502318,0.9051418917969358,kv
262144,B200,B200x72,Llama-3.3-70B,18,4,1,TP18/DP4/EP1,0.95,16,4,6705.179238200479,6371.479493485007,0.9502325392266427,kv
524288,B200,B200x72,Llama-3.3-70B,18,4,1,TP18/DP4/EP1,0.9,4,1,3352.675441660963,3034.569310251159,0.9051187217656209,kv
524288,B200,B200x72,Llama-3.3-70B,18,4,1,TP18/DP4/EP1,0.95,8,2,3352.675441660963,3185.7397467425035,0.9502082149545149,kv
1048576,B200,B200x72,Llama-3.3-70B,18,4,1,TP18/DP4/EP1,0.9,4,1,1676.3591772945335,1592.8698733712517,0.9501960528184511,kv
1048576,B200,B200x72,Llama-3.3-70B,18,4,1,TP18/DP4/EP1,0.95,4,1,1676.3591772945335,1592.8698733712517,0.9501960528184511,kv
8192,B200,B200x72,Llama-3.3-70B,24,3,1,TP24/DP3/EP1,0.9,261,87,214062.56015760716,192776.84583734194,0.9005631143316549,kv
8192,B200,B200x72,Llama-3.3-70B,24,3,1,TP24/DP3/EP1,0.95,537,179,214062.56015760716,203397.51407050737,0.9501779008937973,kv
16384,B200,B200x72,Llama-3.3-70B,24,3,1,TP24/DP3/EP1,0.9,132,44,107159.66615074957,96499.83063822487,0.9005238081133184,kv
16384,B200,B200x72,Llama-3.3-70B,24,3,1,TP24/DP3/EP1,0.95,276,92,107159.66615074957,101842.93918734675,0.9503849988117415,kv
32768,B200,B200x72,Llama-3.3-70B,24,3,1,TP24/DP3/EP1,0.9,69,23,53611.987378601334,48461.79108612208,0.9039357325795593,kv
32768,B200,B200x72,Llama-3.3-70B,24,3,1,TP24/DP3/EP1,0.95,141,47,53611.987378601334,50976.51881769859,0.9508418044216234,kv
65536,B200,B200x72,Llama-3.3-70B,24,3,1,TP24/DP3/EP1,0.9,36,12,26814.039503438507,24328.82589648735,0.9073167022584394,kv
65536,B200,B200x72,Llama-3.3-70B,24,3,1,TP24/DP3/EP1,0.95,72,24,26814.039503438507,25514.693063707902,0.9515423090368766,kv
131072,B200,B200x72,Llama-3.3-70B,24,3,1,TP24/DP3/EP1,0.9,18,6,13409.032110995764,12164.412948243675,0.9071805367867328,kv
131072,B200,B200x72,Llama-3.3-70B,24,3,1,TP24/DP3/EP1,0.95,36,12,13409.032110995764,12757.346531853951,0.9513995064112485,kv
262144,B200,B200x72,Llama-3.3-70B,24,3,1,TP24/DP3/EP1,0.9,9,3,6705.019258594247,6082.206474121837,0.9071124540508797,kv
262144,B200,B200x72,Llama-3.3-70B,24,3,1,TP24/DP3/EP1,0.95,18,6,6705.019258594247,6378.673265926976,0.9513281050984346,kv
524288,B200,B200x72,Llama-3.3-70B,24,3,1,TP24/DP3/EP1,0.9,6,2,3352.6354442345896,3113.4565651603793,0.9286594432790127,kv
524288,B200,B200x72,Llama-3.3-70B,24,3,1,TP24/DP3/EP1,0.95,9,3,3352.6354442345896,3189.336632963488,0.9512924044420275,kv
1048576,B200,B200x72,Llama-3.3-70B,24,3,1,TP24/DP3/EP1,0.9,3,1,1676.3491776223157,1556.7282825801897,0.9286420176422953,kv
1048576,B200,B200x72,Llama-3.3-70B,24,3,1,TP24/DP3/EP1,0.95,6,2,1676.3491776223157,1614.3403843682684,0.9630096199038921,kv
8192,B200,B200x72,Llama-3.3-70B,36,2,1,TP36/DP2/EP1,0.9,288,144,213708.52076036658,192349.43094701658,0.9000550388100802,kv
8192,B200,B200x72,Llama-3.3-70B,36,2,1,TP36/DP2/EP1,0.95,586,293,213708.52076036658,203045.28511798262,0.950103834866085,kv
16384,B200,B200x72,Llama-3.3-70B,36,2,1,TP36/DP2/EP1,0.9,148,74,107070.87049380226,96444.72598727536,0.9007559716520472,kv
16384,B200,B200x72,Llama-3.3-70B,36,2,1,TP36/DP2/EP1,0.95,304,152,107070.87049380226,101720.44340149433,0.9500291062580122,kv
32768,B200,B200x72,Llama-3.3-70B,36,2,1,TP36/DP2/EP1,0.9,76,38,53589.75260570101,48350.96383353284,0.9022427139995631,kv
32768,B200,B200x72,Llama-3.3-70B,36,2,1,TP36/DP2/EP1,0.95,156,78,53589.75260570101,50927.990859560545,0.9503307700312597,kv
65536,B200,B200x72,Llama-3.3-70B,36,2,1,TP36/DP2/EP1,0.9,38,19,26808.47631955357,24175.48191676642,0.9017850036905418,kv
65536,B200,B200x72,Llama-3.3-70B,36,2,1,TP36/DP2/EP1,0.95,80,40,26808.47631955357,25496.269526251926,0.9510525410821448,kv
131072,B200,B200x72,Llama-3.3-70B,36,2,1,TP36/DP2/EP1,0.9,20,10,13407.64075317059,12147.67314781378,0.9060261511661657,kv
131072,B200,B200x72,Llama-3.3-70B,36,2,1,TP36/DP2/EP1,0.95,40,20,13407.64075317059,12748.134763125963,0.9508111828034571,kv
262144,B200,B200x72,Llama-3.3-70B,36,2,1,TP36/DP2/EP1,0.9,10,5,6704.671348873589,6073.83657390689,0.9059111562459089,kv
262144,B200,B200x72,Llama-3.3-70B,36,2,1,TP36/DP2/EP1,0.95,20,10,6704.671348873589,6374.067381562982,0.9506905036641132,kv
524288,B200,B200x72,Llama-3.3-70B,36,2,1,TP36/DP2/EP1,0.9,6,3,3352.5484580193393,3085.360419488396,0.9203030047509602,kv
524288,B200,B200x72,Llama-3.3-70B,36,2,1,TP36/DP2/EP1,0.95,10,5,3352.5484580193393,3187.033690781491,0.9506301640944413,kv
1048576,B200,B200x72,Llama-3.3-70B,36,2,1,TP36/DP2/EP1,0.9,4,2,1676.3274299702398,1574.0652648282635,0.9389963062623202,kv
1048576,B200,B200x72,Llama-3.3-70B,36,2,1,TP36/DP2/EP1,0.95,6,3,1676.3274299702398,1606.7538663170046,0.9584964354759319,kv
8192,B200,B200x72,Llama-3.3-70B,72,1,1,TP72/DP1/EP1,0.9,326,326,212516.01789354894,191273.2612366291,0.9000416210153133,kv
8192,B200,B200x72,Llama-3.3-70B,72,1,1,TP72/DP1/EP1,0.95,633,633,212516.01789354894,201907.97850836517,0.9500835772741731,kv
16384,B200,B200x72,Llama-3.3-70B,72,1,1,TP72/DP1/EP1,0.9,171,171,106770.6990710072,96125.02215771182,0.9002940225556121,kv
16384,B200,B200x72,Llama-3.3-70B,72,1,1,TP72/DP1/EP1,0.95,344,344,106770.6990710072,101432.73319425414,0.9500053298967062,kv
32768,B200,B200x72,Llama-3.3-70B,72,1,1,TP72/DP1/EP1,0.9,88,88,53514.45194994942,48205.003227427085,0.9007847688043574,kv
32768,B200,B200x72,Llama-3.3-70B,72,1,1,TP72/DP1/EP1,0.95,180,180,53514.45194994942,50839.68877631544,0.9500179283133533,kv
65536,B200,B200x72,Llama-3.3-70B,72,1,1,TP72/DP1/EP1,0.9,45,45,26789.618799027845,24156.93180283678,0.9017273438662516,kv
65536,B200,B200x72,Llama-3.3-70B,72,1,1,TP72/DP1/EP1,0.95,93,93,26789.618799027845,25462.785742703487,0.9504721188353562,kv
131072,B200,B200x72,Llama-3.3-70B,72,1,1,TP72/DP1/EP1,0.9,23,23,13402.92232020537,12104.612998326642,0.903132369877166,kv
131072,B200,B200x72,Llama-3.3-70B,72,1,1,TP72/DP1/EP1,0.95,47,47,13402.92232020537,12738.260493286385,0.9504091860685497,kv
262144,B200,B200x72,Llama-3.3-70B,72,1,1,TP72/DP1/EP1,0.9,12,12,6703.4912335106455,6076.972585547964,0.9065384549425939,kv
262144,B200,B200x72,Llama-3.3-70B,72,1,1,TP72/DP1/EP1,0.95,24,24,6703.4912335106455,6375.7938085047435,0.9511154093306264,kv
524288,B200,B200x72,Llama-3.3-70B,72,1,1,TP72/DP1/EP1,0.9,6,6,3352.2533657560243,3038.486292773982,0.9064011461104822,kv
524288,B200,B200x72,Llama-3.3-70B,72,1,1,TP72/DP1/EP1,0.95,12,12,3352.2533657560243,3187.8969042523718,0.9509713486508542,kv
1048576,B200,B200x72,Llama-3.3-70B,72,1,1,TP72/DP1/EP1,0.9,3,3,1676.2536489745642,1519.243146386991,0.9063324916944263,kv
1048576,B200,B200x72,Llama-3.3-70B,72,1,1,TP72/DP1/EP1,0.95,6,6,1676.2536489745642,1593.9484521261859,0.9508993183109681,kv
8192,B200,B200x72,Qwen3-235B-A22B,1,72,72,TP1/DP72/EP72,0.9,19368,269,365236.97224069154,329537.9109029104,0.9022578105420953,weight
8192,B200,B200x72,Qwen3-235B-A22B,1,72,72,TP1/DP72/EP72,0.95,20448,284,365236.97224069154,347913.62482669164,0.9525695678952683,weight
16384,B200,B200x72,Qwen3-235B-A22B,1,72,72,TP1/DP72/EP72,0.9,9720,135,182618.48612034577,165407.75627142674,0.9057558179647972,weight
16384,B200,B200x72,Qwen3-235B-A22B,1,72,72,TP1/DP72/EP72,0.95,10224,142,182618.48612034577,173974.40509277175,0.952665903593804,weight
32768,B200,B200x72,Qwen3-235B-A22B,1,72,72,TP1/DP72/EP72,0.9,4824,67,91309.24306017288,83142.030599748,0.9105543733941297,weight
32768,B200,B200x72,Qwen3-235B-A22B,1,72,72,TP1/DP72/EP72,0.95,5112,71,91309.24306017288,87846.67933236579,0.9620787161106432,weight
65536,B200,B200x72,Qwen3-235B-A22B,1,72,72,TP1/DP72/EP72,0.9,2088,29,45654.62153008644,41729.02392681076,0.914015329188772,weight
65536,B200,B200x72,Qwen3-235B-A22B,1,72,72,TP1/DP72/EP72,0.95,2232,31,45654.62153008644,43683.33321587279,0.9568217138123778,weight
131072,B200,B200x72,Qwen3-235B-A22B,1,72,72,TP1/DP72/EP72,0.9,432,6,22827.31076504322,21357.238582235455,0.9356002904617668,weight
131072,B200,B200x72,Qwen3-235B-A22B,1,72,72,TP1/DP72/EP72,0.95,504,7,22827.31076504322,22264.974039702585,0.9753656166015939,weight
262144,B200,B200x72,Qwen3-235B-A22B,1,72,72,TP1/DP72/EP72,0.9,72,1,11413.65538252161,11413.655382521609,0.9999999999999999,kv
262144,B200,B200x72,Qwen3-235B-A22B,1,72,72,TP1/DP72/EP72,0.95,72,1,11413.65538252161,11413.655382521609,0.9999999999999999,kv
524288,B200,B200x72,Qwen3-235B-A22B,1,72,72,TP1/DP72/EP72,0.9,72,1,5706.827691260805,5706.827691260804,0.9999999999999999,kv
524288,B200,B200x72,Qwen3-235B-A22B,1,72,72,TP1/DP72/EP72,0.95,72,1,5706.827691260805,5706.827691260804,0.9999999999999999,kv
1048576,B200,B200x72,Qwen3-235B-A22B,1,72,72,TP1/DP72/EP72,0.9,72,1,2853.4138456304026,2853.413845630402,0.9999999999999999,kv
1048576,B200,B200x72,Qwen3-235B-A22B,1,72,72,TP1/DP72/EP72,0.95,72,1,2853.4138456304026,2853.413845630402,0.9999999999999999,kv
8192,B200,B200x72,Qwen3-235B-A22B,2,36,72,TP2/DP36/EP72,0.9,9684,269,365209.8343553293,329201.8375268138,0.9014046352500966,weight
8192,B200,B200x72,Qwen3-235B-A22B,2,36,72,TP2/DP36/EP72,0.95,10224,284,365209.8343553293,347558.81131177396,0.9516688178052132,weight
16384,B200,B200x72,Qwen3-235B-A22B,2,36,72,TP2/DP36/EP72,0.9,4860,135,182611.7013969455,165239.04133885697,0.9048655703594518,weight
16384,B200,B200x72,Qwen3-235B-A22B,2,36,72,TP2/DP36/EP72,0.95,5112,142,182611.7013969455,173796.96246863788,0.9517296051628866,weight
32768,B200,B200x72,Qwen3-235B-A22B,2,36,72,TP2/DP36/EP72,0.9,2412,67,91307.54684781359,83056.14183996746,0.9096306352244999,weight
32768,B200,B200x72,Qwen3-235B-A22B,2,36,72,TP2/DP36/EP72,0.95,2556,71,91307.54684781359,87756.19704948277,0.961105626851962,weight
65536,B200,B200x72,Qwen3-235B-A22B,2,36,72,TP2/DP36/EP72,0.9,1044,29,45654.19747305785,41679.04617063545,0.9129291166542073,weight
65536,B200,B200x72,Qwen3-235B-A22B,2,36,72,TP2/DP36/EP72,0.95,1116,31,45654.19747305785,43632.09677978305,0.9557083290212667,weight
131072,B200,B200x72,Qwen3-235B-A22B,2,36,72,TP2/DP36/EP72,0.9,216,6,22827.20475029372,21294.074328648676,0.9328375752346412,weight
131072,B200,B200x72,Qwen3-235B-A22B,2,36,72,TP2/DP36/EP72,0.95,252,7,22827.20475029372,22206.114686486242,0.9727916724539176,weight
262144,B200,B200x72,Qwen3-235B-A22B,2,36,72,TP2/DP36/EP72,0.9,36,1,11413.62887877269,11306.11859802843,0.9905805347373604,kv
262144,B200,B200x72,Qwen3-235B-A22B,2,36,72,TP2/DP36/EP72,0.95,36,1,11413.62887877269,11306.11859802843,0.9905805347373604,kv
524288,B200,B200x72,Qwen3-235B-A22B,2,36,72,TP2/DP36/EP72,0.9,36,1,5706.821065315882,5679.81624739256,0.9952679753554132,kv
524288,B200,B200x72,Qwen3-235B-A22B,2,36,72,TP2/DP36/EP72,0.95,36,1,5706.821065315882,5679.81624739256,0.9952679753554132,kv
1048576,B200,B200x72,Qwen3-235B-A22B,2,36,72,TP2/DP36/EP72,0.9,36,1,2853.4121891432096,2846.6449654986122,0.9976283750134854,kv
1048576,B200,B200x72,Qwen3-235B-A22B,2,36,72,TP2/DP36/EP72,0.95,36,1,2853.4121891432096,2846.6449654986122,0.9976283750134854,kv
8192,B200,B200x72,Qwen3-235B-A22B,4,18,72,TP4/DP18/EP72,0.9,4860,270,365128.4448906827,329417.78300856706,0.9021969874387431,weight
8192,B200,B200x72,Qwen3-235B-A22B,4,18,72,TP4/DP18/EP72,0.95,5130,285,365128.4448906827,347718.76534046396,0.9523190269237142,weight
16384,B200,B200x72,Qwen3-235B-A22B,4,18,72,TP4/DP18/EP72,0.9,2430,135,182591.3502512364,164734.95530017547,0.9022056908693021,weight
16384,B200,B200x72,Qwen3-235B-A22B,4,18,72,TP4/DP18/EP72,0.95,2574,143,182591.3502512364,174485.8899457524,0.9556087388897048,weight
32768,B200,B200x72,Qwen3-235B-A22B,4,18,72,TP4/DP18/EP72,0.9,1206,67,91302.45858883232,82799.53698593064,0.9068708364010942,weight
32768,B200,B200x72,Qwen3-235B-A22B,4,18,72,TP4/DP18/EP72,0.95,1278,71,91302.45858883232,87485.86511925566,0.9581983494358662,weight
65536,B200,B200x72,Qwen3-235B-A22B,4,18,72,TP4/DP18/EP72,0.9,522,29,45652.92534923637,41529.82861509174,0.9096860342989259,weight
65536,B200,B200x72,Qwen3-235B-A22B,4,18,72,TP4/DP18/EP72,0.95,558,31,45652.92534923637,43479.106089075234,0.9523837904464648,weight
131072,B200,B200x72,Qwen3-235B-A22B,4,18,72,TP4/DP18/EP72,0.9,108,6,22826.886711953397,21106.80356037583,0.9246466163659174,weight
131072,B200,B200x72,Qwen3-235B-A22B,4,18,72,TP4/DP18/EP72,0.95,126,7,22826.886711953397,22031.389131572563,0.9651508508182034,weight
262144,B200,B200x72,Qwen3-235B-A22B,4,18,72,TP4/DP18/EP72,0.9,18,1,11413.549368264463,10995.33227131781,0.96335784045325,kv
262144,B200,B200x72,Qwen3-235B-A22B,4,18,72,TP4/DP18/EP72,0.95,18,1,11413.549368264463,10995.33227131781,0.96335784045325,kv
524288,B200,B200x72,Qwen3-235B-A22B,4,18,72,TP4/DP18/EP72,0.9,18,1,5706.80118757343,5600.29463622995,0.9813369087440091,kv
524288,B200,B200x72,Qwen3-235B-A22B,4,18,72,TP4/DP18/EP72,0.95,18,1,5706.80118757343,5600.29463622995,0.9813369087440091,kv
1048576,B200,B200x72,Qwen3-235B-A22B,4,18,72,TP4/DP18/EP72,0.9,18,1,2853.4072196931725,2826.5296495071075,0.9905805347373604,kv
1048576,B200,B200x72,Qwen3-235B-A22B,4,18,72,TP4/DP18/EP72,0.95,18,1,2853.4072196931725,2826.5296495071075,0.9905805347373604,kv
8192,B200,B200x72,Qwen3-235B-A22B,8,9,72,TP8/DP9/EP72,0.9,2448,272,364911.58356413746,329180.43495400384,0.9020827229951349,weight
8192,B200,B200x72,Qwen3-235B-A22B,8,9,72,TP8/DP9/EP72,0.95,2583,287,364911.58356413746,347333.76287586684,0.9518299185885364,weight
16384,B200,B200x72,Qwen3-235B-A22B,8,9,72,TP8/DP9/EP72,0.9,1224,136,182537.10269906718,164614.43765903605,0.9018135777602505,weight
16384,B200,B200x72,Qwen3-235B-A22B,8,9,72,TP8/DP9/EP72,0.95,1296,144,182537.10269906718,174287.29528290348,0.9548047641045095,weight
32768,B200,B200x72,Qwen3-235B-A22B,8,9,72,TP8/DP9/EP72,0.9,612,68,91288.89267030587,83282.02453935209,0.9122908834060354,weight
32768,B200,B200x72,Qwen3-235B-A22B,8,9,72,TP8/DP9/EP72,0.95,639,71,91288.89267030587,86773.05611612319,0.9505324643328533,weight
65536,B200,B200x72,Qwen3-235B-A22B,8,9,72,TP8/DP9/EP72,0.9,261,29,45649.53336561175,41137.08924359513,0.9011502683745747,weight
65536,B200,B200x72,Qwen3-235B-A22B,8,9,72,TP8/DP9/EP72,0.95,288,32,45649.53336561175,44057.84199278712,0.9651323626886477,weight
131072,B200,B200x72,Qwen3-235B-A22B,8,9,72,TP8/DP9/EP72,0.9,54,6,22826.038653036707,20623.149379542185,0.9034922656979968,weight
131072,B200,B200x72,Qwen3-235B-A22B,8,9,72,TP8/DP9/EP72,0.95,72,8,22826.038653036707,22194.023427656026,0.9723116553429388,kv
262144,B200,B200x72,Qwen3-235B-A22B,8,9,72,TP8/DP9/EP72,0.9,18,2,11413.33734565826,10797.462786280568,0.9460390470617277,kv
262144,B200,B200x72,Qwen3-235B-A22B,8,9,72,TP8/DP9/EP72,0.95,27,3,11413.33734565826,10995.33227131781,0.9633757365018688,kv
524288,B200,B200x72,Qwen3-235B-A22B,8,9,72,TP8/DP9/EP72,0.9,9,1,5706.748180937206,5398.731393140284,0.9460258665651624,kv
524288,B200,B200x72,Qwen3-235B-A22B,8,9,72,TP8/DP9/EP72,0.95,18,2,5706.748180937206,5548.5058569140065,0.9722710168723072,kv
1048576,B200,B200x72,Qwen3-235B-A22B,8,9,72,TP8/DP9/EP72,0.9,9,1,2853.3939679110294,2774.2529284570032,0.9722642437938686,kv
1048576,B200,B200x72,Qwen3-235B-A22B,8,9,72,TP8/DP9/EP72,0.95,9,1,2853.3939679110294,2774.2529284570032,0.9722642437938686,kv
8192,B200,B200x72,Qwen3-235B-A22B,12,6,72,TP12/DP6/EP72,0.9,1644,274,364654.13063642796,328450.7779853655,0.9007186547211818,weight
8192,B200,B200x72,Qwen3-235B-A22B,12,6,72,TP12/DP6/EP72,0.95,1734,289,364654.13063642796,346431.65574754606,0.9500280584863297,weight
16384,B200,B200x72,Qwen3-235B-A22B,12,6,72,TP12/DP6/EP72,0.9,822,137,182472.65936482153,164247.82983758685,0.9001229576492477,weight
16384,B200,B200x72,Qwen3-235B-A22B,12,6,72,TP12/DP6/EP72,0.95,870,145,182472.65936482153,173829.36340245238,0.9526323779548341,weight
32768,B200,B200x72,Qwen3-235B-A22B,12,6,72,TP12/DP6/EP72,0.9,408,68,91272.77180955642,82481.47579591695,0.9036810667700244,weight
32768,B200,B200x72,Qwen3-235B-A22B,12,6,72,TP12/DP6/EP72,0.95,432,72,91272.77180955642,87097.95960434781,0.9542600479591056,weight
65536,B200,B200x72,Qwen3-235B-A22B,12,6,72,TP12/DP6/EP72,0.9,180,30,45645.50189612462,41639.59123269505,0.9122386544780292,weight
65536,B200,B200x72,Qwen3-235B-A22B,12,6,72,TP12/DP6/EP72,0.95,192,32,45645.50189612462,43582.317859782284,0.9547998389625002,weight
131072,B200,B200x72,Qwen3-235B-A22B,12,6,72,TP12/DP6/EP72,0.9,42,7,22825.030628821078,21064.036623480417,0.9228481208206109,weight
131072,B200,B200x72,Qwen3-235B-A22B,12,6,72,TP12/DP6/EP72,0.95,48,8,22825.030628821078,21716.575092827185,0.95143684343651,kv
262144,B200,B200x72,Qwen3-235B-A22B,12,6,72,TP12/DP6/EP72,0.9,12,2,11413.085319995347,10354.458324234112,0.9072444509017596,kv
262144,B200,B200x72,Qwen3-235B-A22B,12,6,72,TP12/DP6/EP72,0.95,24,4,11413.085319995347,10858.287546413592,0.9513893256707923,kv
524288,B200,B200x72,Qwen3-235B-A22B,12,6,72,TP12/DP6/EP72,0.9,6,1,5706.685172070132,5177.229162117056,0.9072217944413057,kv
524288,B200,B200x72,Qwen3-235B-A22B,12,6,72,TP12/DP6/EP72,0.95,12,2,5706.685172070132,5429.143773206796,0.9513655667879334,kv
1048576,B200,B200x72,Qwen3-235B-A22B,12,6,72,TP12/DP6/EP72,0.9,6,1,2853.3782153878287,2714.571886603398,0.951353687346504,kv
1048576,B200,B200x72,Qwen3-235B-A22B,12,6,72,TP12/DP6/EP72,0.95,6,1,2853.3782153878287,2714.571886603398,0.951353687346504,kv
8192,B200,B200x72,Qwen3-235B-A22B,18,4,72,TP18/DP4/EP72,0.9,1112,278,364221.26256676216,327996.8964099104,0.9005429669273858,weight
8192,B200,B200x72,Qwen3-235B-A22B,18,4,72,TP18/DP4/EP72,0.95,1176,294,364221.26256676216,346874.4122729545,0.9523727687627024,weight
16384,B200,B200x72,Qwen3-235B-A22B,18,4,72,TP18/DP4/EP72,0.9,560,140,182364.20512913898,165196.5978985474,0.9058608721024252,weight
16384,B200,B200x72,Qwen3-235B-A22B,18,4,72,TP18/DP4/EP72,0.95,588,147,182364.20512913898,173449.43990592266,0.9511155974007978,weight
32768,B200,B200x72,Qwen3-235B-A22B,18,4,72,TP18/DP4/EP72,0.9,276,69,91245.62852340622,82300.68309637136,0.9019685044446779,weight
32768,B200,B200x72,Qwen3-235B-A22B,18,4,72,TP18/DP4/EP72,0.95,292,73,91245.62852340622,86855.35892423378,0.9518851514289667,weight
65536,B200,B200x72,Qwen3-235B-A22B,18,4,72,TP18/DP4/EP72,0.9,124,31,45638.71235398667,41839.46570181552,0.9167538596903626,weight
65536,B200,B200x72,Qwen3-235B-A22B,18,4,72,TP18/DP4/EP72,0.95,132,33,45638.71235398667,43761.1906986355,0.958861204479465,kv
131072,B200,B200x72,Qwen3-235B-A22B,18,4,72,TP18/DP4/EP72,0.9,32,8,22823.332777917603,20957.120143652537,0.9182322471295387,kv
131072,B200,B200x72,Qwen3-235B-A22B,18,4,72,TP18/DP4/EP72,0.95,56,14,22823.332777917603,21719.741549780414,0.9516463595007932,kv
262144,B200,B200x72,Qwen3-235B-A22B,18,4,72,TP18/DP4/EP72,0.9,16,4,11412.660799079973,10478.560071826269,0.9181522395435596,kv
262144,B200,B200x72,Qwen3-235B-A22B,18,4,72,TP18/DP4/EP72,0.95,28,7,11412.660799079973,10859.870774890207,0.9515634404700498,kv
524288,B200,B200x72,Qwen3-235B-A22B,18,4,72,TP18/DP4/EP72,0.9,8,2,5706.57903456645,5239.280035913134,0.9181122357505703,kv
524288,B200,B200x72,Qwen3-235B-A22B,18,4,72,TP18/DP4/EP72,0.95,16,4,5706.57903456645,5463.068542070426,0.9573281135648857,kv
1048576,B200,B200x72,Qwen3-235B-A22B,18,4,72,TP18/DP4/EP72,0.9,4,1,2853.351680102482,2619.640017956567,0.9180922338540755,kv
1048576,B200,B200x72,Qwen3-235B-A22B,18,4,72,TP18/DP4/EP72,0.95,8,2,2853.351680102482,2731.534271035213,0.957307257315406,kv
8192,B200,B200x72,Qwen3-235B-A22B,24,3,72,TP24/DP3/EP72,0.9,849,283,363749.82705515897,328251.3580051233,0.9024096606796387,weight
8192,B200,B200x72,Qwen3-235B-A22B,24,3,72,TP24/DP3/EP72,0.95,894,298,363749.82705515897,345649.8375859019,0.9502405551205598,weight
16384,B200,B200x72,Qwen3-235B-A22B,24,3,72,TP24/DP3/EP72,0.9,426,142,182245.94137373928,164721.39944874553,0.9038412499455588,weight
16384,B200,B200x72,Qwen3-235B-A22B,24,3,72,TP24/DP3/EP72,0.95,459,153,182245.94137373928,173143.15444521516,0.9500521830011202,kv
32768,B200,B200x72,Qwen3-235B-A22B,24,3,72,TP24/DP3/EP72,0.9,213,71,91216.01177683756,83130.77878385222,0.9113616914893617,weight
32768,B200,B200x72,Qwen3-235B-A22B,24,3,72,TP24/DP3/EP72,0.95,234,78,91216.01177683756,86658.04518543908,0.950031069078643,kv
65536,B200,B200x72,Qwen3-235B-A22B,24,3,72,TP24/DP3/EP72,0.9,96,32,45631.30180395188,41985.51927090325,0.9201034730783664,weight
65536,B200,B200x72,Qwen3-235B-A22B,24,3,72,TP24/DP3/EP72,0.95,120,40,45631.30180395188,43384.27133421157,0.9507568186550025,kv
131072,B200,B200x72,Qwen3-235B-A22B,24,3,72,TP24/DP3/EP72,0.9,30,10,22821.479344206502,20664.513893172018,0.9054852922327292,kv
131072,B200,B200x72,Qwen3-235B-A22B,24,3,72,TP24/DP3/EP72,0.95,60,20,22821.479344206502,21692.135667105784,0.9505140021789422,kv
262144,B200,B200x72,Qwen3-235B-A22B,24,3,72,TP24/DP3/EP72,0.9,15,5,11412.1973410782,10332.256946586009,0.9053696354684522,kv
262144,B200,B200x72,Qwen3-235B-A22B,24,3,72,TP24/DP3/EP72,0.95,30,10,11412.1973410782,10846.067833552892,0.9503925939409122,kv
524288,B200,B200x72,Qwen3-235B-A22B,24,3,72,TP24/DP3/EP72,0.9,9,3,5706.463157616213,5249.015698823479,0.919836955718851,kv
524288,B200,B200x72,Qwen3-235B-A22B,24,3,72,TP24/DP3/EP72,0.95,15,5,5706.463157616213,5423.033916776446,0.9503318898218971,kv
1048576,B200,B200x72,Qwen3-235B-A22B,24,3,72,TP24/DP3/EP72,0.9,6,2,2853.322709308508,2678.2207725272992,0.9386322702966732,kv
1048576,B200,B200x72,Qwen3-235B-A22B,24,3,72,TP24/DP3/EP72,0.95,9,3,2853.322709308508,2734.178198368539,0.958243590691204,kv
8192,B200,B200x72,Qwen3-235B-A22B,36,2,72,TP36/DP2/EP72,0.9,584,292,362728.71413571894,326679.1327870172,0.9006155841987922,weight
8192,B200,B200x72,Qwen3-235B-A22B,36,2,72,TP36/DP2/EP72,0.95,946,473,362728.71413571894,344601.8655175471,0.9500264304650845,kv
16384,B200,B200x72,Qwen3-235B-A22B,36,2,72,TP36/DP2/EP72,0.9,294,147,181989.26099819853,164469.33026067895,0.9037309638963092,weight
16384,B200,B200x72,Qwen3-235B-A22B,36,2,72,TP36/DP2/EP72,0.95,504,252,181989.26099819853,172901.77796706845,0.9500658281632341,kv
32768,B200,B200x72,Qwen3-235B-A22B,36,2,72,TP36/DP2/EP72,0.9,146,73,91151.66530689757,82322.8832669981,0.9031418459534015,weight
32768,B200,B200x72,Qwen3-235B-A22B,36,2,72,TP36/DP2/EP72,0.95,262,131,91151.66530689757,86626.81313573488,0.9503590838858729,kv
65536,B200,B200x72,Qwen3-235B-A22B,36,2,72,TP36/DP2/EP72,0.9,66,33,45615.19306975634,41231.071621345436,0.903889008170884,kv
65536,B200,B200x72,Qwen3-235B-A22B,36,2,72,TP36/DP2/EP72,0.95,134,67,45615.19306975634,43363.191077599105,0.9506304404167841,kv
131072,B200,B200x72,Qwen3-235B-A22B,36,2,72,TP36/DP2/EP72,0.9,32,16,22817.449391697734,20553.303226404405,0.9007712857635546,kv
131072,B200,B200x72,Qwen3-235B-A22B,36,2,72,TP36/DP2/EP72,0.95,68,34,22817.449391697734,21697.610464528978,0.9509218183003305,kv
262144,B200,B200x72,Qwen3-235B-A22B,36,2,72,TP36/DP2/EP72,0.9,16,8,11411.189506557374,10276.651613202202,0.9005767196572088,kv
262144,B200,B200x72,Qwen3-235B-A22B,36,2,72,TP36/DP2/EP72,0.95,34,17,11411.189506557374,10848.805232264489,0.9507164197063143,kv
524288,B200,B200x72,Qwen3-235B-A22B,36,2,72,TP36/DP2/EP72,0.9,8,4,5706.211155669685,5138.325806601101,0.9004794366040357,kv
524288,B200,B200x72,Qwen3-235B-A22B,36,2,72,TP36/DP2/EP72,0.95,18,9,5706.211155669685,5439.3575188774885,0.9532345317212717,kv
1048576,B200,B200x72,Qwen3-235B-A22B,36,2,72,TP36/DP2/EP72,0.9,4,2,2853.2597034062655,2569.1629033005506,0.9004307950774492,kv
1048576,B200,B200x72,Qwen3-235B-A22B,36,2,72,TP36/DP2/EP72,0.95,10,5,2853.2597034062655,2732.485495616651,0.9576714984459941,kv
8192,B200,B200x72,Qwen3-235B-A22B,72,1,72,TP72/DP1/EP72,0.9,523,523,359306.6112021158,323429.50818077027,0.900149059597559,kv
8192,B200,B200x72,Qwen3-235B-A22B,72,1,72,TP72/DP1/EP72,0.95,966,966,359306.6112021158,341348.06970952736,0.9500188949139975,kv
16384,B200,B200x72,Qwen3-235B-A22B,72,1,72,TP72/DP1/EP72,0.9,282,282,181123.76091711404,163071.69970511034,0.9003330036843443,kv
16384,B200,B200x72,Qwen3-235B-A22B,72,1,72,TP72/DP1/EP72,0.95,552,552,181123.76091711404,172080.9381364169,0.9500737907886347,kv
32768,B200,B200x72,Qwen3-235B-A22B,72,1,72,TP72/DP1/EP72,0.9,147,147,90934.02619163024,81893.62869945094,0.9005828965152387,kv
32768,B200,B200x72,Qwen3-235B-A22B,72,1,72,TP72/DP1/EP72,0.95,297,297,90934.02619163024,86392.95028390439,0.9500618624522772,kv
65536,B200,B200x72,Qwen3-235B-A22B,72,1,72,TP72/DP1/EP72,0.9,75,75,45560.62418140329,41031.43583239617,0.9005898529622028,kv
65536,B200,B200x72,Qwen3-235B-A22B,72,1,72,TP72/DP1/EP72,0.95,155,155,45560.62418140329,43294.22917086339,0.9502554003317412,kv
131072,B200,B200x72,Qwen3-235B-A22B,72,1,72,TP72/DP1/EP72,0.9,38,38,22803.787211795694,20543.090057216625,0.9008630832421695,kv
131072,B200,B200x72,Qwen3-235B-A22B,72,1,72,TP72/DP1/EP72,0.95,79,79,22803.787211795694,21668.385696652527,0.9502099583460479,kv
262144,B200,B200x72,Qwen3-235B-A22B,72,1,72,TP72/DP1/EP72,0.9,19,19,11407.771462518722,10271.545028608312,0.9003989133509919,kv
262144,B200,B200x72,Qwen3-235B-A22B,72,1,72,TP72/DP1/EP72,0.95,40,40,11407.771462518722,10841.072760243733,0.950323452381832,kv
524288,B200,B200x72,Qwen3-235B-A22B,72,1,72,TP72/DP1/EP72,0.9,10,10,5705.35633200559,5161.597342415454,0.9046932464954401,kv
524288,B200,B200x72,Qwen3-235B-A22B,72,1,72,TP72/DP1/EP72,0.95,20,20,5705.35633200559,5420.536380121866,0.95007849899121,kv
1048576,B200,B200x72,Qwen3-235B-A22B,72,1,72,TP72/DP1/EP72,0.9,5,5,2853.0459583914508,2580.798671207727,0.9045766205121991,kv
1048576,B200,B200x72,Qwen3-235B-A22B,72,1,72,TP72/DP1/EP72,0.95,11,11,2853.0459583914508,2722.6852322927302,0.9543082277678352,kv
8192,B200,B200x72,GLM-4.5-355B-A32B,1,72,72,TP1/DP72/EP72,0.9,14904,207,186588.4532099185,167932.65357589966,0.9000163230195686,weight
8192,B200,B200x72,GLM-4.5-355B-A32B,1,72,72,TP1/DP72/EP72,0.95,15768,219,186588.4532099185,177667.73204337992,0.9521903900639422,weight
16384,B200,B200x72,GLM-4.5-355B-A32B,1,72,72,TP1/DP72/EP72,0.9,7488,104,93294.22660495924,84472.33632657288,0.9054401263677188,weight
16384,B200,B200x72,GLM-4.5-355B-A32B,1,72,72,TP1/DP72/EP72,0.95,7920,110,93294.22660495924,89311.58225729334,0.9573109238095747,weight
32768,B200,B200x72,GLM-4.5-355B-A32B,1,72,72,TP1/DP72/EP72,0.9,3600,50,46647.11330247962,42201.53122936303,0.9046975952340381,weight
32768,B200,B200x72,GLM-4.5-355B-A32B,1,72,72,TP1/DP72/EP72,0.95,3816,53,46647.11330247962,44417.8662485771,0.952210396398012,weight
65536,B200,B200x72,GLM-4.5-355B-A32B,1,72,72,TP1/DP72/EP72,0.9,1296,18,23323.55665123981,21046.29842846532,0.9023623087667705,weight
65536,B200,B200x72,GLM-4.5-355B-A32B,1,72,72,TP1/DP72/EP72,0.95,1440,20,23323.55665123981,22198.646362638057,0.9517693503858488,weight
131072,B200,B200x72,GLM-4.5-355B-A32B,1,72,72,TP1/DP72/EP72,0.9,144,2,11661.778325619905,11574.148496325208,0.9924857232878297,weight
131072,B200,B200x72,GLM-4.5-355B-A32B,1,72,72,TP1/DP72/EP72,0.95,144,2,11661.778325619905,11574.148496325208,0.9924857232878297,weight
262144,B200,B200x72,GLM-4.5-355B-A32B,1,72,72,TP1/DP72/EP72,0.9,72,1,5830.889162809953,5830.889162809952,0.9999999999999999,kv
262144,B200,B200x72,GLM-4.5-355B-A32B,1,72,72,TP1/DP72/EP72,0.95,72,1,5830.889162809953,5830.889162809952,0.9999999999999999,kv
524288,B200,B200x72,GLM-4.5-355B-A32B,1,72,72,TP1/DP72/EP72,0.9,72,1,2915.4445814049764,2915.444581404976,0.9999999999999999,kv
524288,B200,B200x72,GLM-4.5-355B-A32B,1,72,72,TP1/DP72/EP72,0.95,72,1,2915.4445814049764,2915.444581404976,0.9999999999999999,kv
1048576,B200,B200x72,GLM-4.5-355B-A32B,1,72,72,TP1/DP72/EP72,0.9,72,1,1457.7222907024882,1457.722290702488,0.9999999999999999,kv
1048576,B200,B200x72,GLM-4.5-355B-A32B,1,72,72,TP1/DP72/EP72,0.95,72,1,1457.7222907024882,1457.722290702488,0.9999999999999999,kv
8192,B200,B200x72,GLM-4.5-355B-A32B,2,36,72,TP2/DP36/EP72,0.9,7488,208,186581.37029787386,168629.90267540552,0.9037874596278871,weight
8192,B200,B200x72,GLM-4.5-355B-A32B,2,36,72,TP2/DP36/EP72,0.95,7884,219,186581.37029787386,177547.69971028614,0.9515832123369786,weight
16384,B200,B200x72,GLM-4.5-355B-A32B,2,36,72,TP2/DP36/EP72,0.9,3744,104,93292.45584333896,84415.19891412297,0.904844857507845,weight
16384,B200,B200x72,GLM-4.5-355B-A32B,2,36,72,TP2/DP36/EP72,0.95,3960,110,93292.45584333896,89251.19464053803,0.9566818006207575,weight
32768,B200,B200x72,GLM-4.5-355B-A32B,2,36,72,TP2/DP36/EP72,0.9,1800,50,46646.67060787328,42171.8692717285,0.9040702953108619,weight
32768,B200,B200x72,GLM-4.5-355B-A32B,2,36,72,TP2/DP36/EP72,0.95,1908,53,46646.67060787328,44386.86672170228,0.9515548729047003,weight
65536,B200,B200x72,GLM-4.5-355B-A32B,2,36,72,TP2/DP36/EP72,0.9,648,18,23323.445977063064,21025.81159950126,0.9014882114837849,weight
65536,B200,B200x72,GLM-4.5-355B-A32B,2,36,72,TP2/DP36/EP72,0.95,720,20,23323.445977063064,22178.13284064168,0.9508943430765884,weight
131072,B200,B200x72,GLM-4.5-355B-A32B,2,36,72,TP2/DP36/EP72,0.9,72,2,11661.75065701007,11518.599338320462,0.9877247145047165,weight
131072,B200,B200x72,GLM-4.5-355B-A32B,2,36,72,TP2/DP36/EP72,0.95,72,2,11661.75065701007,11518.599338320462,0.9877247145047165,weight
262144,B200,B200x72,GLM-4.5-355B-A32B,2,36,72,TP2/DP36/EP72,0.9,36,1,5830.882245649288,5802.693444210821,0.9951656026908279,kv
262144,B200,B200x72,GLM-4.5-355B-A32B,2,36,72,TP2/DP36/EP72,0.95,36,1,5830.882245649288,5802.693444210821,0.9951656026908279,kv
524288,B200,B200x72,GLM-4.5-355B-A32B,2,36,72,TP2/DP36/EP72,0.9,36,1,2915.4428521137843,2908.3785676252614,0.9975769429047799,kv
524288,B200,B200x72,GLM-4.5-355B-A32B,2,36,72,TP2/DP36/EP72,0.95,36,1,2915.4428521137843,2908.3785676252614,0.9975769429047799,kv
1048576,B200,B200x72,GLM-4.5-355B-A32B,2,36,72,TP2/DP36/EP72,0.9,36,1,1457.721858379562,1455.9536439682863,0.9987870015112201,kv
1048576,B200,B200x72,GLM-4.5-355B-A32B,2,36,72,TP2/DP36/EP72,0.95,36,1,1457.721858379562,1455.9536439682863,0.9987870015112201,kv
8192,B200,B200x72,GLM-4.5-355B-A32B,4,18,72,TP4/DP18/EP72,0.9,3744,208,186560.12478778727,168288.8146173492,0.9020620821774121,weight
8192,B200,B200x72,GLM-4.5-355B-A32B,4,18,72,TP4/DP18/EP72,0.95,3960,220,186560.12478778727,177997.64622094936,0.9541033831501895,weight
16384,B200,B200x72,GLM-4.5-355B-A32B,4,18,72,TP4/DP18/EP72,0.9,1872,104,93287.14396177231,84244.24951316084,0.9030638728492202,weight
16384,B200,B200x72,GLM-4.5-355B-A32B,4,18,72,TP4/DP18/EP72,0.95,1980,110,93287.14396177231,89070.52076813324,0.9547995252661291,weight
32768,B200,B200x72,GLM-4.5-355B-A32B,4,18,72,TP4/DP18/EP72,0.9,900,50,46645.342574468465,42083.13305244687,0.9021936752905586,weight
32768,B200,B200x72,GLM-4.5-355B-A32B,4,18,72,TP4/DP18/EP72,0.95,972,54,46645.342574468465,45037.11922736371,0.9655223167342538,weight
65536,B200,B200x72,GLM-4.5-355B-A32B,4,18,72,TP4/DP18/EP72,0.9,342,19,23323.11396083474,21537.628761413245,0.9234456770043757,weight
65536,B200,B200x72,GLM-4.5-355B-A32B,4,18,72,TP4/DP18/EP72,0.95,378,21,23323.11396083474,22702.22753922393,0.9733789226149892,weight
131072,B200,B200x72,GLM-4.5-355B-A32B,4,18,72,TP4/DP18/EP72,0.9,36,2,11661.66765196832,11355.105697108864,0.9737119969451613,weight
131072,B200,B200x72,GLM-4.5-355B-A32B,4,18,72,TP4/DP18/EP72,0.95,36,2,11661.66765196832,11355.105697108864,0.9737119969451613,weight
262144,B200,B200x72,GLM-4.5-355B-A32B,4,18,72,TP4/DP18/EP72,0.9,18,1,5830.861494265766,5719.719004288538,0.9809389247049465,kv
262144,B200,B200x72,GLM-4.5-355B-A32B,4,18,72,TP4/DP18/EP72,0.95,18,1,5830.861494265766,5719.719004288538,0.9809389247049465,kv
524288,B200,B200x72,GLM-4.5-355B-A32B,4,18,72,TP4/DP18/EP72,0.9,18,1,2915.4376642525176,2887.384549276243,0.9903777345953074,kv
524288,B200,B200x72,GLM-4.5-355B-A32B,4,18,72,TP4/DP18/EP72,0.95,18,1,2915.4376642525176,2887.384549276243,0.9903777345953074,kv
1048576,B200,B200x72,GLM-4.5-355B-A32B,4,18,72,TP4/DP18/EP72,0.9,18,1,1457.720561412322,1450.6733610527053,0.9951656026908279,kv
1048576,B200,B200x72,GLM-4.5-355B-A32B,4,18,72,TP4/DP18/EP72,0.95,18,1,1457.720561412322,1450.6733610527053,0.9951656026908279,kv
8192,B200,B200x72,GLM-4.5-355B-A32B,8,9,72,TP8/DP9/EP72,0.9,1881,209,186503.49374113086,168190.6812359759,0.9018098152596896,weight
8192,B200,B200x72,GLM-4.5-355B-A32B,8,9,72,TP8/DP9/EP72,0.95,1989,221,186503.49374113086,177847.4334446243,0.9535876775127801,weight
16384,B200,B200x72,GLM-4.5-355B-A32B,8,9,72,TP8/DP9/EP72,0.9,945,105,93272.98190107838,84591.19397297429,0.9069206564306944,weight
16384,B200,B200x72,GLM-4.5-355B-A32B,8,9,72,TP8/DP9/EP72,0.95,999,111,93272.98190107838,89393.18461045029,0.9584038463062878,weight
32768,B200,B200x72,GLM-4.5-355B-A32B,8,9,72,TP8/DP9/EP72,0.9,459,51,46641.80152171737,42578.71321793438,0.9128874063346132,weight
32768,B200,B200x72,GLM-4.5-355B-A32B,8,9,72,TP8/DP9/EP72,0.95,486,54,46641.80152171737,44788.09125135712,0.9602564607308934,weight
65536,B200,B200x72,GLM-4.5-355B-A32B,8,9,72,TP8/DP9/EP72,0.9,171,19,23322.22863043733,21376.088321191142,0.9165542736037532,weight
65536,B200,B200x72,GLM-4.5-355B-A32B,8,9,72,TP8/DP9/EP72,0.95,189,21,23322.22863043733,22539.78205954132,0.9664506088464095,weight
131072,B200,B200x72,GLM-4.5-355B-A32B,8,9,72,TP8/DP9/EP72,0.9,18,2,11661.446310966987,10940.985539664112,0.9382185749442316,weight
131072,B200,B200x72,GLM-4.5-355B-A32B,8,9,72,TP8/DP9/EP72,0.95,27,3,11661.446310966987,11225.417234290286,0.9626093483561607,kv
262144,B200,B200x72,GLM-4.5-355B-A32B,8,9,72,TP8/DP9/EP72,0.9,9,1,5830.806157965135,5509.628813417346,0.9449171631080469,kv
262144,B200,B200x72,GLM-4.5-355B-A32B,8,9,72,TP8/DP9/EP72,0.95,18,2,5830.806157965135,5665.708569327302,0.9716852894496755,kv
524288,B200,B200x72,GLM-4.5-355B-A32B,8,9,72,TP8/DP9/EP72,0.9,9,1,2915.42383004607,2832.854284663651,0.9716783733015195,kv
524288,B200,B200x72,GLM-4.5-355B-A32B,8,9,72,TP8/DP9/EP72,0.95,9,1,2915.42383004607,2832.854284663651,0.9716783733015195,kv
1048576,B200,B200x72,GLM-4.5-355B-A32B,8,9,72,TP8/DP9/EP72,0.9,9,1,1457.7171028442988,1436.7780567020206,0.9856357271919073,kv
1048576,B200,B200x72,GLM-4.5-355B-A32B,8,9,72,TP8/DP9/EP72,0.95,9,1,1457.7171028442988,1436.7780567020206,0.9856357271919073,kv
8192,B200,B200x72,GLM-4.5-355B-A32B,12,6,72,TP12/DP6/EP72,0.9,1260,210,186436.21988711852,167924.48319353856,0.9007074016798439,weight
8192,B200,B200x72,GLM-4.5-355B-A32B,12,6,72,TP12/DP6/EP72,0.95,1332,222,186436.21988711852,177520.04798766426,0.9521757526254677,weight
16384,B200,B200x72,GLM-4.5-355B-A32B,12,6,72,TP12/DP6/EP72,0.9,630,105,93256.15274245516,84054.5502173934,0.9013298076913621,weight
16384,B200,B200x72,GLM-4.5-355B-A32B,12,6,72,TP12/DP6/EP72,0.95,666,111,93256.15274245516,88826.2775203431,0.952497769939684,weight
32768,B200,B200x72,GLM-4.5-355B-A32B,12,6,72,TP12/DP6/EP72,0.9,306,51,46637.59289418936,42298.85378413735,0.9069690599192014,weight
32768,B200,B200x72,GLM-4.5-355B-A32B,12,6,72,TP12/DP6/EP72,0.95,324,54,46637.59289418936,44495.625439447926,0.9540720838744595,weight
65536,B200,B200x72,GLM-4.5-355B-A32B,12,6,72,TP12/DP6/EP72,0.9,114,19,23321.176306259866,21187.18616603669,0.9084956045012887,weight
65536,B200,B200x72,GLM-4.5-355B-A32B,12,6,72,TP12/DP6/EP72,0.95,126,21,23321.176306259866,22349.67830684425,0.9583426673398611,weight
131072,B200,B200x72,GLM-4.5-355B-A32B,12,6,72,TP12/DP6/EP72,0.9,18,3,11661.183209006847,10902.135036249168,0.9349081341787507,kv
131072,B200,B200x72,GLM-4.5-355B-A32B,12,6,72,TP12/DP6/EP72,0.95,24,4,11661.183209006847,11082.61423280837,0.9503850539153177,kv
262144,B200,B200x72,GLM-4.5-355B-A32B,12,6,72,TP12/DP6/EP72,0.9,6,1,5830.740379860389,5279.127457407506,0.9053957325285522,kv
262144,B200,B200x72,GLM-4.5-355B-A32B,12,6,72,TP12/DP6/EP72,0.95,12,2,5830.740379860389,5541.307116404185,0.9503608041860484,kv
524288,B200,B200x72,GLM-4.5-355B-A32B,12,6,72,TP12/DP6/EP72,0.9,6,1,2915.4073851930298,2770.6535582020924,0.9503486793214139,kv
524288,B200,B200x72,GLM-4.5-355B-A32B,12,6,72,TP12/DP6/EP72,0.95,6,1,2915.4073851930298,2770.6535582020924,0.9503486793214139,kv
1048576,B200,B200x72,GLM-4.5-355B-A32B,12,6,72,TP12/DP6/EP72,0.9,6,1,1457.712991590181,1420.6027938464156,0.974542178084533,kv
1048576,B200,B200x72,GLM-4.5-355B-A32B,12,6,72,TP12/DP6/EP72,0.95,6,1,1457.712991590181,1420.6027938464156,0.974542178084533,kv
8192,B200,B200x72,GLM-4.5-355B-A32B,18,4,72,TP18/DP4/EP72,0.9,848,212,186323.00438795667,167733.20344559877,0.900228095809089,weight
8192,B200,B200x72,GLM-4.5-355B-A32B,18,4,72,TP18/DP4/EP72,0.95,896,224,186323.00438795667,177227.43156826988,0.9511838441551306,weight
16384,B200,B200x72,GLM-4.5-355B-A32B,18,4,72,TP18/DP4/EP72,0.9,424,106,93227.8171609919,83952.1287664435,0.9005051423811572,weight
16384,B200,B200x72,GLM-4.5-355B-A32B,18,4,72,TP18/DP4/EP72,0.95,448,112,93227.8171609919,88675.07077259429,0.9511653653701274,weight
32768,B200,B200x72,GLM-4.5-355B-A32B,18,4,72,TP18/DP4/EP72,0.9,208,52,46630.50503037111,42558.07993228881,0.9126660735192581,weight
32768,B200,B200x72,GLM-4.5-355B-A32B,18,4,72,TP18/DP4/EP72,0.95,220,55,46630.50503037111,44742.28698966502,0.9595068069823335,weight
65536,B200,B200x72,GLM-4.5-355B-A32B,18,4,72,TP18/DP4/EP72,0.9,80,20,23319.403843928416,21453.926739233564,0.9200032249031719,weight
65536,B200,B200x72,GLM-4.5-355B-A32B,18,4,72,TP18/DP4/EP72,0.95,88,22,23319.403843928416,22575.058906257284,0.9680804473968174,kv
131072,B200,B200x72,GLM-4.5-355B-A32B,18,4,72,TP18/DP4/EP72,0.9,16,4,11660.74003135684,10687.320327718053,0.9165216186090104,kv
131072,B200,B200x72,GLM-4.5-355B-A32B,18,4,72,TP18/DP4/EP72,0.95,28,7,11660.74003135684,11084.263559384979,0.9505626169161082,kv
262144,B200,B200x72,GLM-4.5-355B-A32B,18,4,72,TP18/DP4/EP72,0.9,8,2,5830.629577688241,5343.660163859026,0.9164808178360919,kv
262144,B200,B200x72,GLM-4.5-355B-A32B,18,4,72,TP18/DP4/EP72,0.95,16,4,5830.629577688241,5576.65266460868,0.9564409109349975,kv
524288,B200,B200x72,GLM-4.5-355B-A32B,18,4,72,TP18/DP4/EP72,0.9,4,1,2915.3796836799584,2671.830081929513,0.9164604174496328,kv
524288,B200,B200x72,GLM-4.5-355B-A32B,18,4,72,TP18/DP4/EP72,0.95,8,2,2915.3796836799584,2788.32633230434,0.9564196210576441,kv
1048576,B200,B200x72,GLM-4.5-355B-A32B,18,4,72,TP18/DP4/EP72,0.9,4,1,1457.7060660906538,1394.16316615217,0.9564089761189675,kv
1048576,B200,B200x72,GLM-4.5-355B-A32B,18,4,72,TP18/DP4/EP72,0.95,4,1,1457.7060660906538,1394.16316615217,0.9564089761189675,kv
8192,B200,B200x72,GLM-4.5-355B-A32B,24,3,72,TP24/DP3/EP72,0.9,645,215,186199.5520518506,168167.4794796678,0.9031572720048142,weight
8192,B200,B200x72,GLM-4.5-355B-A32B,24,3,72,TP24/DP3/EP72,0.95,681,227,186199.5520518506,177553.48636469076,0.9535655935157558,weight
16384,B200,B200x72,GLM-4.5-355B-A32B,24,3,72,TP24/DP3/EP72,0.9,324,108,93196.89988774838,84549.67411854297,0.9072155213357889,weight
16384,B200,B200x72,GLM-4.5-355B-A32B,24,3,72,TP24/DP3/EP72,0.95,342,114,93196.89988774838,89221.47159385575,0.9573437711052528,weight
32768,B200,B200x72,GLM-4.5-355B-A32B,24,3,72,TP24/DP3/EP72,0.9,156,52,46622.76892486511,42056.402057030464,0.9020571499047264,weight
32768,B200,B200x72,GLM-4.5-355B-A32B,24,3,72,TP24/DP3/EP72,0.95,168,56,46622.76892486511,44931.10405289363,0.9637159072491451,kv
65536,B200,B200x72,GLM-4.5-355B-A32B,24,3,72,TP24/DP3/EP72,0.9,60,20,23317.468968304318,21123.663535742548,0.9059157991999975,weight
65536,B200,B200x72,GLM-4.5-355B-A32B,24,3,72,TP24/DP3/EP72,0.95,66,22,23317.468968304318,22242.39784681299,0.9538941759522578,kv
131072,B200,B200x72,GLM-4.5-355B-A32B,24,3,72,TP24/DP3/EP72,0.9,15,5,11660.256206241795,10535.17197524393,0.9035111912553343,kv
131072,B200,B200x72,GLM-4.5-355B-A32B,24,3,72,TP24/DP3/EP72,0.95,33,11,11660.256206241795,11121.198923406495,0.9537696879639112,kv
262144,B200,B200x72,GLM-4.5-355B-A32B,24,3,72,TP24/DP3/EP72,0.9,9,3,5830.508608130035,5353.787985502261,0.918236871829151,kv
262144,B200,B200x72,GLM-4.5-355B-A32B,24,3,72,TP24/DP3/EP72,0.95,18,6,5830.508608130035,5582.16279838851,0.9574058068630183,kv
524288,B200,B200x72,GLM-4.5-355B-A32B,24,3,72,TP24/DP3/EP72,0.9,6,2,2915.349439630269,2732.7954115478756,0.9373817678248734,kv
524288,B200,B200x72,GLM-4.5-355B-A32B,24,3,72,TP24/DP3/EP72,0.95,9,3,2915.349439630269,2791.081399194255,0.9573745641785659,kv
1048576,B200,B200x72,GLM-4.5-355B-A32B,24,3,72,TP24/DP3/EP72,0.9,3,1,1457.6985048707013,1366.3977057739378,0.9373664727022122,kv
1048576,B200,B200x72,GLM-4.5-355B-A32B,24,3,72,TP24/DP3/EP72,0.95,6,2,1457.6985048707013,1410.5834002496754,0.9676784297551262,kv
8192,B200,B200x72,GLM-4.5-355B-A32B,36,2,72,TP36/DP2/EP72,0.9,440,220,185931.6223074842,167914.96922807343,0.9031006514340215,weight
8192,B200,B200x72,GLM-4.5-355B-A32B,36,2,72,TP36/DP2/EP72,0.95,514,257,185931.6223074842,176643.02175431626,0.9500429220275024,kv
16384,B200,B200x72,GLM-4.5-355B-A32B,36,2,72,TP36/DP2/EP72,0.9,220,110,93129.72934674374,84021.28678542867,0.902196187777995,weight
16384,B200,B200x72,GLM-4.5-355B-A32B,36,2,72,TP36/DP2/EP72,0.95,266,133,93129.72934674374,88481.08047636496,0.9500841578410395,kv
32768,B200,B200x72,GLM-4.5-355B-A32B,36,2,72,TP36/DP2/EP72,0.9,108,54,46605.95270054542,42411.93496558044,0.9100111146335198,weight
32768,B200,B200x72,GLM-4.5-355B-A32B,36,2,72,TP36/DP2/EP72,0.95,136,68,46605.95270054542,44290.945000514716,0.9503280682855001,kv
65536,B200,B200x72,GLM-4.5-355B-A32B,36,2,72,TP36/DP2/EP72,0.9,42,21,23313.261958827443,21016.07935656541,0.9014645566837026,weight
65536,B200,B200x72,GLM-4.5-355B-A32B,36,2,72,TP36/DP2/EP72,0.95,70,35,23313.261958827443,22177.478076448362,0.951281640279042,kv
131072,B200,B200x72,GLM-4.5-355B-A32B,36,2,72,TP36/DP2/EP72,0.9,18,9,11659.204084399737,10596.952084825853,0.9088915510969399,kv
131072,B200,B200x72,GLM-4.5-355B-A32B,36,2,72,TP36/DP2/EP72,0.95,36,18,11659.204084399737,11103.895313136143,0.9523716398440432,kv
262144,B200,B200x72,GLM-4.5-355B-A32B,36,2,72,TP36/DP2/EP72,0.9,10,5,5830.2455314667595,5347.301762428277,0.9171657923440859,kv
262144,B200,B200x72,GLM-4.5-355B-A32B,36,2,72,TP36/DP2/EP72,0.95,18,9,5830.2455314667595,5551.947656568072,0.952266525758363,kv
524288,B200,B200x72,GLM-4.5-355B-A32B,36,2,72,TP36/DP2/EP72,0.9,6,3,2915.283664687939,2711.1256171331966,0.9299697487322914,kv
524288,B200,B200x72,GLM-4.5-355B-A32B,36,2,72,TP36/DP2/EP72,0.95,10,5,2915.283664687939,2789.317529585235,0.956791122377387,kv
1048576,B200,B200x72,GLM-4.5-355B-A32B,36,2,72,TP36/DP2/EP72,0.9,4,2,1457.6820604129819,1379.7363343297375,0.9465276220377157,kv
1048576,B200,B200x72,GLM-4.5-355B-A32B,36,2,72,TP36/DP2/EP72,0.95,6,3,1457.6820604129819,1404.787679007854,0.9637133618903547,kv
8192,B200,B200x72,GLM-4.5-355B-A32B,72,1,72,TP72/DP1/EP72,0.9,287,287,185028.31116471533,166546.52166957874,0.9001137210905861,kv
8192,B200,B200x72,GLM-4.5-355B-A32B,72,1,72,TP72/DP1/EP72,0.95,562,562,185028.31116471533,175785.73101137366,0.9500477516377817,kv
16384,B200,B200x72,GLM-4.5-355B-A32B,72,1,72,TP72/DP1/EP72,0.9,150,150,92902.5536250116,83662.67221515151,0.9005422235522653,kv
16384,B200,B200x72,GLM-4.5-355B-A32B,72,1,72,TP72/DP1/EP72,0.95,303,303,92902.5536250116,88263.89770241975,0.9500696617951413,kv
32768,B200,B200x72,GLM-4.5-355B-A32B,72,1,72,TP72/DP1/EP72,0.9,77,77,46548.989082229564,41943.80923015452,0.9010681017381512,kv
32768,B200,B200x72,GLM-4.5-355B-A32B,72,1,72,TP72/DP1/EP72,0.95,158,158,46548.989082229564,44230.059332158526,0.9501830266179442,kv
65536,B200,B200x72,GLM-4.5-355B-A32B,72,1,72,TP72/DP1/EP72,0.9,39,39,23298.999767944264,20999.04920671451,0.9012854378240682,kv
65536,B200,B200x72,GLM-4.5-355B-A32B,72,1,72,TP72/DP1/EP72,0.95,81,81,23298.999767944264,22143.359894108144,0.9503995928861247,kv
131072,B200,B200x72,GLM-4.5-355B-A32B,72,1,72,TP72/DP1/EP72,0.9,20,20,11655.635871165328,10525.750433327516,0.9030610212667147,kv
131072,B200,B200x72,GLM-4.5-355B-A32B,72,1,72,TP72/DP1/EP72,0.95,41,41,11655.635871165328,11078.516345864336,0.9504857965983033,kv
262144,B200,B200x72,GLM-4.5-355B-A32B,72,1,72,TP72/DP1/EP72,0.9,10,10,5829.353144673036,5262.875216663758,0.9028231925652102,kv
262144,B200,B200x72,GLM-4.5-355B-A32B,72,1,72,TP72/DP1/EP72,0.95,21,21,5829.353144673036,5545.862349583429,0.9513683957629732,kv
524288,B200,B200x72,GLM-4.5-355B-A32B,72,1,72,TP72/DP1/EP72,0.9,5,5,2915.060526285355,2631.437608331879,0.9027042782144578,kv
524288,B200,B200x72,GLM-4.5-355B-A32B,72,1,72,TP72/DP1/EP72,0.95,11,11,2915.060526285355,2779.106123882129,0.9533613792313013,kv
1048576,B200,B200x72,GLM-4.5-355B-A32B,72,1,72,TP72/DP1/EP72,0.9,3,3,1457.6262705981592,1337.4330633700806,0.9175418214857259,kv
1048576,B200,B200x72,GLM-4.5-355B-A32B,72,1,72,TP72/DP1/EP72,0.95,6,6,1457.6262705981592,1394.9893596837005,0.9570281407670056,kv
8192,B200,B200x72,Llama-3.1-405B,1,72,1,TP1/DP72/EP1,0.9,12456,173,136239.18805803574,123022.22222222222,0.902987047822222,weight
8192,B200,B200x72,Llama-3.1-405B,1,72,1,TP1/DP72/EP1,0.95,13176,183,136239.18805803574,130133.33333333333,0.9551828309333331,weight
16384,B200,B200x72,Llama-3.1-405B,1,72,1,TP1/DP72/EP1,0.9,6264,87,68119.59402901787,61866.666666666664,0.9082066261333331,weight
16384,B200,B200x72,Llama-3.1-405B,1,72,1,TP1/DP72/EP1,0.95,6624,92,68119.59402901787,65422.22222222222,0.9604024092444442,weight
32768,B200,B200x72,Llama-3.1-405B,1,72,1,TP1/DP72/EP1,0.9,3168,44,34059.797014508935,31288.888888888887,0.9186457827555553,weight
32768,B200,B200x72,Llama-3.1-405B,1,72,1,TP1/DP72/EP1,0.95,3312,46,34059.797014508935,32711.11111111111,0.9604024092444442,weight
65536,B200,B200x72,Llama-3.1-405B,1,72,1,TP1/DP72/EP1,0.9,1584,22,17029.898507254467,15644.444444444443,0.9186457827555553,weight
65536,B200,B200x72,Llama-3.1-405B,1,72,1,TP1/DP72/EP1,0.95,1656,23,17029.898507254467,16355.555555555555,0.9604024092444442,weight
131072,B200,B200x72,Llama-3.1-405B,1,72,1,TP1/DP72/EP1,0.9,792,11,8514.949253627234,7822.222222222222,0.9186457827555553,weight
131072,B200,B200x72,Llama-3.1-405B,1,72,1,TP1/DP72/EP1,0.95,864,12,8514.949253627234,8514.949253627232,0.9999999999999998,kv
262144,B200,B200x72,Llama-3.1-405B,1,72,1,TP1/DP72/EP1,0.9,432,6,4257.474626813617,4257.474626813616,0.9999999999999998,kv
262144,B200,B200x72,Llama-3.1-405B,1,72,1,TP1/DP72/EP1,0.95,432,6,4257.474626813617,4257.474626813616,0.9999999999999998,kv
524288,B200,B200x72,Llama-3.1-405B,1,72,1,TP1/DP72/EP1,0.9,216,3,2128.7373134068084,2128.737313406808,0.9999999999999998,kv
524288,B200,B200x72,Llama-3.1-405B,1,72,1,TP1/DP72/EP1,0.95,216,3,2128.7373134068084,2128.737313406808,0.9999999999999998,kv
1048576,B200,B200x72,Llama-3.1-405B,1,72,1,TP1/DP72/EP1,0.9,144,2,1064.3686567034042,1064.368656703404,0.9999999999999998,kv
1048576,B200,B200x72,Llama-3.1-405B,1,72,1,TP1/DP72/EP1,0.95,144,2,1064.3686567034042,1064.368656703404,0.9999999999999998,kv
8192,B200,B200x72,Llama-3.1-405B,2,36,1,TP2/DP36/EP1,0.9,6228,173,136235.41189391195,122949.36334024281,0.9024772754090168,weight
8192,B200,B200x72,Llama-3.1-405B,2,36,1,TP2/DP36/EP1,0.95,6588,183,136235.41189391195,130056.26295528574,0.9546435919066477,weight
16384,B200,B200x72,Llama-3.1-405B,2,36,1,TP2/DP36/EP1,0.9,3132,87,68118.64997490366,61830.02665087355,0.9076813277076546,weight
16384,B200,B200x72,Llama-3.1-405B,2,36,1,TP2/DP36/EP1,0.95,3312,92,68118.64997490366,65383.47645839502,0.9598469212540716,weight
32768,B200,B200x72,Llama-3.1-405B,2,36,1,TP2/DP36/EP1,0.9,1584,44,34059.56099934494,31270.358306188922,0.9181080844462539,weight
32768,B200,B200x72,Llama-3.1-405B,2,36,1,TP2/DP36/EP1,0.95,1656,46,34059.56099934494,32691.73822919751,0.9598402701029018,weight
65536,B200,B200x72,Llama-3.1-405B,2,36,1,TP2/DP36/EP1,0.9,792,22,17029.839503259034,15635.179153094461,0.918104903460912,weight
65536,B200,B200x72,Llama-3.1-405B,2,36,1,TP2/DP36/EP1,0.95,828,23,17029.839503259034,16345.869114598754,0.959836944527317,weight
131072,B200,B200x72,Llama-3.1-405B,2,36,1,TP2/DP36/EP1,0.9,396,11,8514.93450260282,7817.5895765472305,0.918103312968241,weight
131072,B200,B200x72,Llama-3.1-405B,2,36,1,TP2/DP36/EP1,0.95,432,12,8514.93450260282,8509.917204103238,0.9994107648745802,kv
262144,B200,B200x72,Llama-3.1-405B,2,36,1,TP2/DP36/EP1,0.9,216,6,4257.4709390543185,4254.958602051619,0.9994098992010366,kv
262144,B200,B200x72,Llama-3.1-405B,2,36,1,TP2/DP36/EP1,0.95,216,6,4257.4709390543185,4254.958602051619,0.9994098992010366,kv
524288,B200,B200x72,Llama-3.1-405B,2,36,1,TP2/DP36/EP1,0.9,108,3,2128.7363914665843,2127.4793010258095,0.9994094663642646,kv
524288,B200,B200x72,Llama-3.1-405B,2,36,1,TP2/DP36/EP1,0.95,108,3,2128.7363914665843,2127.4793010258095,0.9994094663642646,kv
1048576,B200,B200x72,Llama-3.1-405B,2,36,1,TP2/DP36/EP1,0.9,72,2,1064.368426218298,1063.8968323524364,0.9995569261035512,kv
1048576,B200,B200x72,Llama-3.1-405B,2,36,1,TP2/DP36/EP1,0.95,72,2,1064.368426218298,1063.8968323524364,0.9995569261035512,kv
8192,B200,B200x72,Llama-3.1-405B,4,18,1,TP4/DP18/EP1,0.9,3114,173,136224.08465741097,122731.30357670705,0.9009515746452852,weight
8192,B200,B200x72,Llama-3.1-405B,4,18,1,TP4/DP18/EP1,0.95,3294,183,136224.08465741097,129825.59858114099,0.9530297003473248,weight
16384,B200,B200x72,Llama-3.1-405B,4,18,1,TP4/DP18/EP1,0.9,1566,87,68115.81796955575,61720.366538575225,0.9061091590526159,weight
16384,B200,B200x72,Llama-3.1-405B,4,18,1,TP4/DP18/EP1,0.95,1656,92,68115.81796955575,65267.514040792186,0.9581843980786283,weight
32768,B200,B200x72,Llama-3.1-405B,4,18,1,TP4/DP18/EP1,0.9,792,44,34058.85297347799,31214.898019509306,0.9164988041087789,weight
32768,B200,B200x72,Llama-3.1-405B,4,18,1,TP4/DP18/EP1,0.95,828,46,34058.85297347799,32633.757020396093,0.958157840659178,weight
65536,B200,B200x72,Llama-3.1-405B,4,18,1,TP4/DP18/EP1,0.9,396,22,17029.662493725915,15607.449009754653,0.9164861027342595,weight
65536,B200,B200x72,Llama-3.1-405B,4,18,1,TP4/DP18/EP1,0.95,414,23,17029.662493725915,16316.878510198047,0.9581445619494531,weight
131072,B200,B200x72,Llama-3.1-405B,4,18,1,TP4/DP18/EP1,0.9,198,11,8514.890249836235,7803.724504877327,0.9164797520469995,weight
131072,B200,B200x72,Llama-3.1-405B,4,18,1,TP4/DP18/EP1,0.95,216,12,8514.890249836235,8494.856677647509,0.9976472307216043,kv
262144,B200,B200x72,Llama-3.1-405B,4,18,1,TP4/DP18/EP1,0.9,108,6,4257.459875814759,4247.4283388237545,0.9976437741555734,kv
262144,B200,B200x72,Llama-3.1-405B,4,18,1,TP4/DP18/EP1,0.95,108,6,4257.459875814759,4247.4283388237545,0.9976437741555734,kv
524288,B200,B200x72,Llama-3.1-405B,4,18,1,TP4/DP18/EP1,0.9,54,3,2128.733625650705,2123.7141694118773,0.9976420458725579,kv
524288,B200,B200x72,Llama-3.1-405B,4,18,1,TP4/DP18/EP1,0.95,54,3,2128.733625650705,2123.7141694118773,0.9976420458725579,kv
1048576,B200,B200x72,Llama-3.1-405B,4,18,1,TP4/DP18/EP1,0.9,36,2,1064.3677347635796,1062.483865828336,0.9982300582085364,kv
1048576,B200,B200x72,Llama-3.1-405B,4,18,1,TP4/DP18/EP1,0.95,36,2,1064.3677347635796,1062.483865828336,0.9982300582085364,kv
8192,B200,B200x72,Llama-3.1-405B,8,9,1,TP8/DP9/EP1,0.9,1566,174,136193.88790006217,122859.66460723741,0.902093820079435,weight
8192,B200,B200x72,Llama-3.1-405B,8,9,1,TP8/DP9/EP1,0.95,1656,184,136193.88790006217,129920.56487202118,0.9539382924977933,weight
16384,B200,B200x72,Llama-3.1-405B,8,9,1,TP8/DP9/EP1,0.9,783,87,68108.26710639747,61429.83230361871,0.9019438449029127,weight
16384,B200,B200x72,Llama-3.1-405B,8,9,1,TP8/DP9/EP1,0.95,828,92,68108.26710639747,64960.28243601059,0.9537796980582525,weight
32768,B200,B200x72,Llama-3.1-405B,8,9,1,TP8/DP9/EP1,0.9,396,44,34056.96504840424,31067.961165048542,0.9122351660194175,weight
32768,B200,B200x72,Llama-3.1-405B,8,9,1,TP8/DP9/EP1,0.95,414,46,34056.96504840424,32480.141218005294,0.9537004008384818,weight
65536,B200,B200x72,Llama-3.1-405B,8,9,1,TP8/DP9/EP1,0.9,198,22,17029.19048629342,15533.980582524271,0.9121972412621361,weight
65536,B200,B200x72,Llama-3.1-405B,8,9,1,TP8/DP9/EP1,0.95,207,23,17029.19048629342,16240.070609002647,0.9536607522285968,weight
131072,B200,B200x72,Llama-3.1-405B,8,9,1,TP8/DP9/EP1,0.9,99,11,8514.772244707383,7766.9902912621355,0.9121782788834952,weight
131072,B200,B200x72,Llama-3.1-405B,8,9,1,TP8/DP9/EP1,0.95,108,12,8514.772244707383,8454.954662052982,0.9929748464274447,kv
262144,B200,B200x72,Llama-3.1-405B,8,9,1,TP8/DP9/EP1,0.9,54,6,4257.430374123691,4227.477331026491,0.992964525437867,kv
262144,B200,B200x72,Llama-3.1-405B,8,9,1,TP8/DP9/EP1,0.95,54,6,4257.430374123691,4227.477331026491,0.992964525437867,kv
524288,B200,B200x72,Llama-3.1-405B,8,9,1,TP8/DP9/EP1,0.9,27,3,2128.7262501768305,2113.7386655132455,0.992959364943078,kv
524288,B200,B200x72,Llama-3.1-405B,8,9,1,TP8/DP9/EP1,0.95,27,3,2128.7262501768305,2113.7386655132455,0.992959364943078,kv
1048576,B200,B200x72,Llama-3.1-405B,8,9,1,TP8/DP9/EP1,0.9,18,2,1064.3658908887226,1058.7342390045283,0.9947089136053655,kv
1048576,B200,B200x72,Llama-3.1-405B,8,9,1,TP8/DP9/EP1,0.95,18,2,1064.3658908887226,1058.7342390045283,0.9947089136053655,kv
8192,B200,B200x72,Llama-3.1-405B,12,6,1,TP12/DP6/EP1,0.9,1050,175,136158.00976500777,122878.17370703355,0.9024674634941153,weight
8192,B200,B200x72,Llama-3.1-405B,12,6,1,TP12/DP6/EP1,0.95,1110,185,136158.00976500777,129899.78363314975,0.9540370328366362,weight
16384,B200,B200x72,Llama-3.1-405B,12,6,1,TP12/DP6/EP1,0.9,528,88,68099.29340768539,61790.16734982259,0.9073540158472367,weight
16384,B200,B200x72,Llama-3.1-405B,12,6,1,TP12/DP6/EP1,0.95,558,93,68099.29340768539,65300.97231288069,0.9589082212931024,weight
32768,B200,B200x72,Llama-3.1-405B,12,6,1,TP12/DP6/EP1,0.9,264,44,34054.72110282837,30895.083674911293,0.9072188135566713,weight
32768,B200,B200x72,Llama-3.1-405B,12,6,1,TP12/DP6/EP1,0.95,282,47,34054.72110282837,33001.56665274615,0.969074641753717,weight
65536,B200,B200x72,Llama-3.1-405B,12,6,1,TP12/DP6/EP1,0.9,132,22,17028.62943476976,15447.541837455647,0.9071512124113886,weight
65536,B200,B200x72,Llama-3.1-405B,12,6,1,TP12/DP6/EP1,0.95,144,24,17028.62943476976,16816.014402520716,0.9875142604363145,kv
131072,B200,B200x72,Llama-3.1-405B,12,6,1,TP12/DP6/EP1,0.9,66,11,8514.631973684163,7723.770918727823,0.9071174118387474,weight
131072,B200,B200x72,Llama-3.1-405B,12,6,1,TP12/DP6/EP1,0.95,72,12,8514.631973684163,8408.007201260358,0.987477465526009,kv
262144,B200,B200x72,Llama-3.1-405B,12,6,1,TP12/DP6/EP1,0.9,36,6,4257.39530535003,4204.003600630179,0.9874590680708563,kv
262144,B200,B200x72,Llama-3.1-405B,12,6,1,TP12/DP6/EP1,0.95,36,6,4257.39530535003,4204.003600630179,0.9874590680708563,kv
524288,B200,B200x72,Llama-3.1-405B,12,6,1,TP12/DP6/EP1,0.9,18,3,2128.7174828561792,2102.0018003150894,0.9874498693432797,kv
524288,B200,B200x72,Llama-3.1-405B,12,6,1,TP12/DP6/EP1,0.95,18,3,2128.7174828561792,2102.0018003150894,0.9874498693432797,kv
1048576,B200,B200x72,Llama-3.1-405B,12,6,1,TP12/DP6/EP1,0.9,12,2,1064.3636990426548,1054.3112607568996,0.9905554480157517,kv
1048576,B200,B200x72,Llama-3.1-405B,12,6,1,TP12/DP6/EP1,0.95,12,2,1064.3636990426548,1054.3112607568996,0.9905554480157517,kv
8192,B200,B200x72,Llama-3.1-405B,18,4,1,TP18/DP4/EP1,0.9,708,177,136097.6145090424,123128.34159987496,0.9047060967530348,weight
8192,B200,B200x72,Llama-3.1-405B,18,4,1,TP18/DP4/EP1,0.95,744,186,136097.6145090424,129389.10473207198,0.9507081016726806,weight
16384,B200,B200x72,Llama-3.1-405B,18,4,1,TP18/DP4/EP1,0.9,356,89,68084.18224261305,61911.99097394842,0.9093447102489903,weight
16384,B200,B200x72,Llama-3.1-405B,18,4,1,TP18/DP4/EP1,0.95,372,93,68084.18224261305,64694.55236603599,0.9502141354287202,weight
32768,B200,B200x72,Llama-3.1-405B,18,4,1,TP18/DP4/EP1,0.9,180,45,34050.941766219315,31303.815660985158,0.9193230506194258,weight
32768,B200,B200x72,Llama-3.1-405B,18,4,1,TP18/DP4/EP1,0.95,188,47,34050.941766219315,32695.096357028942,0.960181852869178,weight
65536,B200,B200x72,Llama-3.1-405B,18,4,1,TP18/DP4/EP1,0.9,92,23,17027.68440735879,15999.728004503526,0.9396302880495592,weight
65536,B200,B200x72,Llama-3.1-405B,18,4,1,TP18/DP4/EP1,0.95,96,24,17027.68440735879,16660.18097956666,0.9784172986179315,kv
131072,B200,B200x72,Llama-3.1-405B,18,4,1,TP18/DP4/EP1,0.9,48,12,8514.395692668388,8330.09048978333,0.9783536953722083,kv
131072,B200,B200x72,Llama-3.1-405B,18,4,1,TP18/DP4/EP1,0.95,48,12,8514.395692668388,8330.09048978333,0.9783536953722083,kv
262144,B200,B200x72,Llama-3.1-405B,18,4,1,TP18/DP4/EP1,0.9,24,6,4257.33623207535,4165.045244891665,0.9783218937493466,kv
262144,B200,B200x72,Llama-3.1-405B,18,4,1,TP18/DP4/EP1,0.95,24,6,4257.33623207535,4165.045244891665,0.9783218937493466,kv
524288,B200,B200x72,Llama-3.1-405B,18,4,1,TP18/DP4/EP1,0.9,12,3,2128.702714159895,2082.5226224458324,0.9783059929379158,kv
524288,B200,B200x72,Llama-3.1-405B,18,4,1,TP18/DP4/EP1,0.95,12,3,2128.702714159895,2082.5226224458324,0.9783059929379158,kv
1048576,B200,B200x72,Llama-3.1-405B,18,4,1,TP18/DP4/EP1,0.9,8,2,1064.3600068213807,1046.9435733544897,0.9836367081107231,kv
1048576,B200,B200x72,Llama-3.1-405B,18,4,1,TP18/DP4/EP1,0.95,8,2,1064.3600068213807,1046.9435733544897,0.9836367081107231,kv
8192,B200,B200x72,Llama-3.1-405B,24,3,1,TP24/DP3/EP1,0.9,534,178,136031.73581895354,122581.12111220743,0.9011214947323195,weight
8192,B200,B200x72,Llama-3.1-405B,24,3,1,TP24/DP3/EP1,0.95,564,188,136031.73581895354,129467.7009499719,0.951746297807169,weight
16384,B200,B200x72,Llama-3.1-405B,24,3,1,TP24/DP3/EP1,0.9,267,89,68067.69145306351,61290.560556103715,0.9004354231458988,weight
16384,B200,B200x72,Llama-3.1-405B,24,3,1,TP24/DP3/EP1,0.95,282,94,68067.69145306351,64733.85047498595,0.9510216828731964,weight
32768,B200,B200x72,Llama-3.1-405B,24,3,1,TP24/DP3/EP1,0.9,135,45,34046.81642534983,30989.60926994008,0.9102057849633928,weight
32768,B200,B200x72,Llama-3.1-405B,24,3,1,TP24/DP3/EP1,0.95,141,47,34046.81642534983,32366.925237492975,0.9506593754062104,weight
65536,B200,B200x72,Llama-3.1-405B,24,3,1,TP24/DP3/EP1,0.9,69,23,17026.652741464935,15839.133626858264,0.9302552807860637,weight
65536,B200,B200x72,Llama-3.1-405B,24,3,1,TP24/DP3/EP1,0.95,72,24,17026.652741464935,16493.30633688866,0.9686757924370292,kv
131072,B200,B200x72,Llama-3.1-405B,24,3,1,TP24/DP3/EP1,0.9,36,12,8514.137734845275,8246.65316844433,0.9685834814127768,kv
131072,B200,B200x72,Llama-3.1-405B,24,3,1,TP24/DP3/EP1,0.95,36,12,8514.137734845275,8246.65316844433,0.9685834814127768,kv
262144,B200,B200x72,Llama-3.1-405B,24,3,1,TP24/DP3/EP1,0.9,18,6,4257.271737449923,4123.326584222165,0.9685373259006506,kv
262144,B200,B200x72,Llama-3.1-405B,24,3,1,TP24/DP3/EP1,0.95,18,6,4257.271737449923,4123.326584222165,0.9685373259006506,kv
524288,B200,B200x72,Llama-3.1-405B,24,3,1,TP24/DP3/EP1,0.9,9,3,2128.6865898572732,2061.6632921110827,0.9685142481445874,kv
524288,B200,B200x72,Llama-3.1-405B,24,3,1,TP24/DP3/EP1,0.95,9,3,2128.6865898572732,2061.6632921110827,0.9685142481445874,kv
1048576,B200,B200x72,Llama-3.1-405B,24,3,1,TP24/DP3/EP1,0.9,6,2,1064.3559756649383,1039.0161920956177,0.9761923791018413,kv
1048576,B200,B200x72,Llama-3.1-405B,24,3,1,TP24/DP3/EP1,0.95,6,2,1064.3559756649383,1039.0161920956177,0.9761923791018413,kv
8192,B200,B200x72,Llama-3.1-405B,36,2,1,TP36/DP2/EP1,0.9,364,182,135888.67768636125,122658.13316332804,0.9026368881624556,weight
8192,B200,B200x72,Llama-3.1-405B,36,2,1,TP36/DP2/EP1,0.95,384,192,135888.67768636125,129133.3588082554,0.9502878459550729,kv
16384,B200,B200x72,Llama-3.1-405B,36,2,1,TP36/DP2/EP1,0.9,182,91,68031.85356864231,61329.06658166402,0.9014757553207724,weight
16384,B200,B200x72,Llama-3.1-405B,36,2,1,TP36/DP2/EP1,0.95,196,98,68031.85356864231,64635.479273567165,0.9500767050004261,kv
32768,B200,B200x72,Llama-3.1-405B,36,2,1,TP36/DP2/EP1,0.9,92,46,34037.84776370712,31001.506184137856,0.9107951360306992,weight
32768,B200,B200x72,Llama-3.1-405B,36,2,1,TP36/DP2/EP1,0.95,100,50,34037.84776370712,32350.832615352498,0.9504370793339818,kv
65536,B200,B200x72,Llama-3.1-405B,36,2,1,TP36/DP2/EP1,0.9,46,23,17024.40942588194,15500.753092068928,0.910501662894889,weight
65536,B200,B200x72,Llama-3.1-405B,36,2,1,TP36/DP2/EP1,0.95,50,25,17024.40942588194,16175.416307676249,0.9501308329136529,kv
131072,B200,B200x72,Llama-3.1-405B,36,2,1,TP36/DP2/EP1,0.9,24,12,8513.576762093184,8070.834925515963,0.9479957896722638,kv
131072,B200,B200x72,Llama-3.1-405B,36,2,1,TP36/DP2/EP1,0.95,26,13,8513.576762093184,8103.346182511018,0.951814543869655,kv
262144,B200,B200x72,Llama-3.1-405B,36,2,1,TP36/DP2/EP1,0.9,12,6,4257.131476274554,4035.4174627579814,0.9479193877961701,kv
262144,B200,B200x72,Llama-3.1-405B,36,2,1,TP36/DP2/EP1,0.95,14,7,4257.131476274554,4065.71108422438,0.9550353581708763,kv
524288,B200,B200x72,Llama-3.1-405B,36,2,1,TP36/DP2/EP1,0.9,6,3,2128.6515223146807,2017.7087313789907,0.9478811868581234,kv
524288,B200,B200x72,Llama-3.1-405B,36,2,1,TP36/DP2/EP1,0.95,8,4,2128.6515223146807,2044.3657344784165,0.9604041399201817,kv
1048576,B200,B200x72,Llama-3.1-405B,36,2,1,TP36/DP2/EP1,0.9,4,2,1064.3472084981759,1022.1828672392082,0.9603847871048934,kv
1048576,B200,B200x72,Llama-3.1-405B,36,2,1,TP36/DP2/EP1,0.95,4,2,1064.3472084981759,1022.1828672392082,0.9603847871048934,kv
8192,B200,B200x72,Llama-3.1-405B,72,1,1,TP72/DP1/EP1,0.9,214,214,135405.54585860614,121877.27928365376,0.9000907496870258,kv
8192,B200,B200x72,Llama-3.1-405B,72,1,1,TP72/DP1/EP1,0.95,427,427,135405.54585860614,128641.91381131737,0.9500490766135123,kv
16384,B200,B200x72,Llama-3.1-405B,72,1,1,TP72/DP1/EP1,0.9,111,111,67910.54389441069,61171.01647391639,0.9007587476994278,kv
16384,B200,B200x72,Llama-3.1-405B,72,1,1,TP72/DP1/EP1,0.95,226,226,67910.54389441069,64519.95613497395,0.9500727344385796,kv
32768,B200,B200x72,Llama-3.1-405B,72,1,1,TP72/DP1/EP1,0.9,56,56,34007.45416417246,30613.389809007083,0.9001964587298896,kv
32768,B200,B200x72,Llama-3.1-405B,72,1,1,TP72/DP1/EP1,0.95,117,117,34007.45416417246,32318.364274850108,0.9503317748759377,kv
65536,B200,B200x72,Llama-3.1-405B,72,1,1,TP72/DP1/EP1,0.9,29,29,17016.80273192382,15360.290111756656,0.9026542972693973,kv
65536,B200,B200x72,Llama-3.1-405B,72,1,1,TP72/DP1/EP1,0.95,59,59,17016.80273192382,16166.186848660598,0.9500131783471021,kv
131072,B200,B200x72,Llama-3.1-405B,72,1,1,TP72/DP1/EP1,0.9,15,15,8511.6740504998,7705.326018259781,0.9052656354724169,kv
131072,B200,B200x72,Llama-3.1-405B,72,1,1,TP72/DP1/EP1,0.95,30,30,8511.6740504998,8089.9317586615425,0.9504513108307416,kv
262144,B200,B200x72,Llama-3.1-405B,72,1,1,TP72/DP1/EP1,0.9,8,8,4256.655668529073,3875.694948236515,0.9105023403445262,kv
262144,B200,B200x72,Llama-3.1-405B,72,1,1,TP72/DP1/EP1,0.95,15,15,4256.655668529073,4044.9658793307713,0.9502685193065068,kv
524288,B200,B200x72,Llama-3.1-405B,72,1,1,TP72/DP1/EP1,0.9,4,4,2128.5325541421553,1937.8474741182574,0.910414769248973,kv
524288,B200,B200x72,Llama-3.1-405B,72,1,1,TP72/DP1/EP1,0.95,8,8,2128.5325541421553,2028.8121071525754,0.9531506122396285,kv
1048576,B200,B200x72,Llama-3.1-405B,72,1,1,TP72/DP1/EP1,0.9,2,2,1064.317464425196,968.9237370591287,0.9103709837011963,kv
1048576,B200,B200x72,Llama-3.1-405B,72,1,1,TP72/DP1/EP1,0.95,4,4,1064.317464425196,1014.4060535762877,0.9531047713514089,kv
8192,B200,B200x72,Qwen3-Coder-480B-A35B,1,72,72,TP1/DP72/EP72,0.9,29952,416,276873.1886340726,249519.8982557678,0.9012064313151821,weight
8192,B200,B200x72,Qwen3-Coder-480B-A35B,1,72,72,TP1/DP72/EP72,0.95,31608,439,276873.1886340726,263315.46945741266,0.9510327480838948,weight
16384,B200,B200x72,Qwen3-Coder-480B-A35B,1,72,72,TP1/DP72/EP72,0.9,14976,208,138436.5943170363,124762.77744629407,0.9012268617398406,weight
16384,B200,B200x72,Qwen3-Coder-480B-A35B,1,72,72,TP1/DP72/EP72,0.95,15840,220,138436.5943170363,131959.25493396356,0.9532107863890463,weight
32768,B200,B200x72,Qwen3-Coder-480B-A35B,1,72,72,TP1/DP72/EP72,0.9,7488,104,69218.29715851815,62674.613427511395,0.905463092857934,weight
32768,B200,B200x72,Qwen3-Coder-480B-A35B,1,72,72,TP1/DP72/EP72,0.95,7920,110,69218.29715851815,66207.61498531437,0.9565045328071426,weight
65536,B200,B200x72,Qwen3-Coder-480B-A35B,1,72,72,TP1/DP72/EP72,0.9,3456,48,34609.148579259076,31400.60106568688,0.9072919258263681,weight
65536,B200,B200x72,Qwen3-Coder-480B-A35B,1,72,72,TP1/DP72/EP72,0.95,3672,51,34609.148579259076,32937.30001559977,0.9516934500763412,weight
131072,B200,B200x72,Qwen3-Coder-480B-A35B,1,72,72,TP1/DP72/EP72,0.9,936,13,17304.574289629538,15608.668777888419,0.9019966927035322,weight
131072,B200,B200x72,Qwen3-Coder-480B-A35B,1,72,72,TP1/DP72/EP72,0.95,1152,16,17304.574289629538,16809.07099717935,0.971365762361046,weight
262144,B200,B200x72,Qwen3-Coder-480B-A35B,1,72,72,TP1/DP72/EP72,0.9,72,1,8652.287144814769,8118.62633708363,0.938321417354837,weight
262144,B200,B200x72,Qwen3-Coder-480B-A35B,1,72,72,TP1/DP72/EP72,0.95,144,2,8652.287144814769,8652.287144814767,0.9999999999999998,kv
524288,B200,B200x72,Qwen3-Coder-480B-A35B,1,72,72,TP1/DP72/EP72,0.9,72,1,4326.143572407384,4326.1435724073835,0.9999999999999998,kv
524288,B200,B200x72,Qwen3-Coder-480B-A35B,1,72,72,TP1/DP72/EP72,0.95,72,1,4326.143572407384,4326.1435724073835,0.9999999999999998,kv
1048576,B200,B200x72,Qwen3-Coder-480B-A35B,1,72,72,TP1/DP72/EP72,0.9,72,1,2163.071786203692,2163.0717862036918,0.9999999999999998,kv
1048576,B200,B200x72,Qwen3-Coder-480B-A35B,1,72,72,TP1/DP72/EP72,0.95,72,1,2163.071786203692,2163.0717862036918,0.9999999999999998,kv
8192,B200,B200x72,Qwen3-Coder-480B-A35B,2,36,72,TP2/DP36/EP72,0.9,14976,416,276857.5932473864,249395.24065345744,0.9008069373434524,weight
8192,B200,B200x72,Qwen3-Coder-480B-A35B,2,36,72,TP2/DP36/EP72,0.95,15804,439,276857.5932473864,263183.91972814756,0.9506111667054018,weight
16384,B200,B200x72,Qwen3-Coder-480B-A35B,2,36,72,TP2/DP36/EP72,0.9,7488,208,138432.69536055683,124700.44581981462,0.9008019781383604,weight
16384,B200,B200x72,Qwen3-Coder-480B-A35B,2,36,72,TP2/DP36/EP72,0.95,7920,220,138432.69536055683,131893.3286257203,0.9527613999149239,weight
32768,B200,B200x72,Qwen3-Coder-480B-A35B,2,36,72,TP2/DP36/EP72,0.9,3744,104,69217.3224056717,62643.154008750345,0.9050213419353149,weight
32768,B200,B200x72,Qwen3-Coder-480B-A35B,2,36,72,TP2/DP36/EP72,0.95,3960,110,69217.3224056717,66174.4236916352,0.956038479844647,weight
65536,B200,B200x72,Qwen3-Coder-480B-A35B,2,36,72,TP2/DP36/EP72,0.9,1728,48,34608.90488933161,31383.492376031532,0.9068039707233173,weight
65536,B200,B200x72,Qwen3-Coder-480B-A35B,2,36,72,TP2/DP36/EP72,0.95,1836,51,34608.90488933161,32919.582986494956,0.951188230074353,weight
131072,B200,B200x72,Qwen3-Coder-480B-A35B,2,36,72,TP2/DP36/EP72,0.9,468,13,17304.51336693318,15593.067045917192,0.9010982692939314,weight
131072,B200,B200x72,Qwen3-Coder-480B-A35B,2,36,72,TP2/DP36/EP72,0.95,576,16,17304.51336693318,16794.36799072576,0.9705195190763212,weight
262144,B200,B200x72,Qwen3-Coder-480B-A35B,2,36,72,TP2/DP36/EP72,0.9,36,1,8652.27191411387,8064.068703284846,0.9320174843477207,weight
262144,B200,B200x72,Qwen3-Coder-480B-A35B,2,36,72,TP2/DP36/EP72,0.95,72,2,8652.27191411387,8621.206663320667,0.9964095845459355,kv
524288,B200,B200x72,Qwen3-Coder-480B-A35B,2,36,72,TP2/DP36/EP72,0.9,36,1,4326.139764728808,4310.603331660333,0.9964087075514426,kv
524288,B200,B200x72,Qwen3-Coder-480B-A35B,2,36,72,TP2/DP36/EP72,0.95,36,1,4326.139764728808,4310.603331660333,0.9964087075514426,kv
1048576,B200,B200x72,Qwen3-Coder-480B-A35B,2,36,72,TP2/DP36/EP72,0.9,36,1,2163.070834283629,2159.1797355642407,0.9982011228399382,kv
1048576,B200,B200x72,Qwen3-Coder-480B-A35B,2,36,72,TP2/DP36/EP72,0.95,36,1,2163.070834283629,2159.1797355642407,0.9982011228399382,kv
8192,B200,B200x72,Qwen3-Coder-480B-A35B,4,18,72,TP4/DP18/EP72,0.9,7506,417,276810.8176268096,249620.62466431578,0.9017733728919834,weight
8192,B200,B200x72,Qwen3-Coder-480B-A35B,4,18,72,TP4/DP18/EP72,0.95,7920,440,276810.8176268096,263388.66861936345,0.9515114722664431,weight
16384,B200,B200x72,Qwen3-Coder-480B-A35B,4,18,72,TP4/DP18/EP72,0.9,3762,209,138420.9998087392,125112.30669111262,0.9038535111289787,weight
16384,B200,B200x72,Qwen3-Coder-480B-A35B,4,18,72,TP4/DP18/EP72,0.95,3960,220,138420.9998087392,131695.94434769163,0.9514159306005606,weight
32768,B200,B200x72,Qwen3-Coder-480B-A35B,4,18,72,TP4/DP18/EP72,0.9,1872,104,69214.3983118466,62548.96495959045,0.9036987460004358,weight
32768,B200,B200x72,Qwen3-Coder-480B-A35B,4,18,72,TP4/DP18/EP72,0.95,1980,110,69214.3983118466,66075.04918481244,0.954643120454652,weight
65536,B200,B200x72,Qwen3-Coder-480B-A35B,4,18,72,TP4/DP18/EP72,0.9,864,48,34608.17384013921,31332.277985028053,0.9053432905693594,weight
65536,B200,B200x72,Qwen3-Coder-480B-A35B,4,18,72,TP4/DP18/EP72,0.95,936,52,34608.17384013921,33383.192161593965,0.9646042670669758,weight
131072,B200,B200x72,Qwen3-Coder-480B-A35B,4,18,72,TP4/DP18/EP72,0.9,252,14,17304.330601417925,15946.775900361732,0.9215482683308793,weight
131072,B200,B200x72,Qwen3-Coder-480B-A35B,4,18,72,TP4/DP18/EP72,0.95,288,16,17304.330601417925,16750.412897258084,0.9679896485499154,weight
262144,B200,B200x72,Qwen3-Coder-480B-A35B,4,18,72,TP4/DP18/EP72,0.9,18,1,8652.226222332902,7904.708423763193,0.9136039928498131,weight
262144,B200,B200x72,Qwen3-Coder-480B-A35B,4,18,72,TP4/DP18/EP72,0.95,36,2,8652.226222332902,8529.290691145785,0.9857914566692907,kv
524288,B200,B200x72,Qwen3-Coder-480B-A35B,4,18,72,TP4/DP18/EP72,0.9,18,1,4326.128341733295,4264.645345572892,0.985787986092024,kv
524288,B200,B200x72,Qwen3-Coder-480B-A35B,4,18,72,TP4/DP18/EP72,0.95,18,1,4326.128341733295,4264.645345572892,0.985787986092024,kv
1048576,B200,B200x72,Qwen3-Coder-480B-A35B,4,18,72,TP4/DP18/EP72,0.9,18,1,2163.0679785284674,2147.587168826023,0.9928431238148253,kv
1048576,B200,B200x72,Qwen3-Coder-480B-A35B,4,18,72,TP4/DP18/EP72,0.95,18,1,2163.0679785284674,2147.587168826023,0.9928431238148253,kv
8192,B200,B200x72,Qwen3-Coder-480B-A35B,8,9,72,TP8/DP9/EP72,0.9,3762,418,276686.1598759286,249224.64515519782,0.9007485060581092,weight
8192,B200,B200x72,Qwen3-Coder-480B-A35B,8,9,72,TP8/DP9/EP72,0.95,3969,441,276686.1598759286,262937.96286468446,0.9503112225873203,weight
16384,B200,B200x72,Qwen3-Coder-480B-A35B,8,9,72,TP8/DP9/EP72,0.9,1881,209,138389.82132984622,124614.99029925838,0.9004635536181803,weight
16384,B200,B200x72,Qwen3-Coder-480B-A35B,8,9,72,TP8/DP9/EP72,0.95,1989,221,138389.82132984622,131768.62133361833,0.9521554408221502,weight
32768,B200,B200x72,Qwen3-Coder-480B-A35B,8,9,72,TP8/DP9/EP72,0.9,936,104,69206.60193601291,62299.173369072916,0.9001911902375084,weight
32768,B200,B200x72,Qwen3-Coder-480B-A35B,8,9,72,TP8/DP9/EP72,0.95,990,110,69206.60193601291,65811.5038301154,0.9509425689035194,weight
65536,B200,B200x72,Qwen3-Coder-480B-A35B,8,9,72,TP8/DP9/EP72,0.9,432,48,34606.224526606704,31196.51992468836,0.9014713494881009,weight
65536,B200,B200x72,Qwen3-Coder-480B-A35B,8,9,72,TP8/DP9/EP72,0.95,468,52,34606.224526606704,33240.92444768804,0.9605475576259709,weight
131072,B200,B200x72,Qwen3-Coder-480B-A35B,8,9,72,TP8/DP9/EP72,0.9,126,14,17303.84324558427,15826.593453188341,0.9146288040506316,weight
131072,B200,B200x72,Qwen3-Coder-480B-A35B,8,9,72,TP8/DP9/EP72,0.95,144,16,17303.84324558427,16634.31636915518,0.9613076201091949,weight
262144,B200,B200x72,Qwen3-Coder-480B-A35B,8,9,72,TP8/DP9/EP72,0.9,18,2,8652.104379942935,8293.498492839106,0.9585527553348594,kv
262144,B200,B200x72,Qwen3-Coder-480B-A35B,8,9,72,TP8/DP9/EP72,0.95,18,2,8652.104379942935,8293.498492839106,0.9585527553348594,kv
524288,B200,B200x72,Qwen3-Coder-480B-A35B,8,9,72,TP8/DP9/EP72,0.9,9,1,4326.097880706846,4146.749246419553,0.958542631435332,kv
524288,B200,B200x72,Qwen3-Coder-480B-A35B,8,9,72,TP8/DP9/EP72,0.95,9,1,4326.097880706846,4146.749246419553,0.958542631435332,kv
1048576,B200,B200x72,Qwen3-Coder-480B-A35B,8,9,72,TP8/DP9/EP72,0.9,9,1,2163.0603632182338,2117.2736375139,0.9788324327499528,kv
1048576,B200,B200x72,Qwen3-Coder-480B-A35B,8,9,72,TP8/DP9/EP72,0.95,9,1,2163.0603632182338,2117.2736375139,0.9788324327499528,kv
8192,B200,B200x72,Qwen3-Coder-480B-A35B,12,6,72,TP12/DP6/EP72,0.9,2520,420,276538.1224606902,249239.4460596518,0.9012842202075813,weight
8192,B200,B200x72,Qwen3-Coder-480B-A35B,12,6,72,TP12/DP6/EP72,0.95,2658,443,276538.1224606902,262888.2727903243,0.9506402605582663,weight
16384,B200,B200x72,Qwen3-Coder-480B-A35B,12,6,72,TP12/DP6/EP72,0.9,1260,210,138352.7770567383,124622.24559657554,0.9007570953596986,weight
16384,B200,B200x72,Qwen3-Coder-480B-A35B,12,6,72,TP12/DP6/EP72,0.95,1332,222,138352.7770567383,131742.29100646736,0.9522200696588838,weight
32768,B200,B200x72,Qwen3-Coder-480B-A35B,12,6,72,TP12/DP6/EP72,0.9,630,105,69197.33649806531,62586.401281738006,0.9044625768722739,weight
32768,B200,B200x72,Qwen3-Coder-480B-A35B,12,6,72,TP12/DP6/EP72,0.95,666,111,69197.33649806531,66085.07092598308,0.9550233328392741,weight
65536,B200,B200x72,Qwen3-Coder-480B-A35B,12,6,72,TP12/DP6/EP72,0.9,294,49,34603.90762061324,31541.956232495773,0.9115142884529756,weight
65536,B200,B200x72,Qwen3-Coder-480B-A35B,12,6,72,TP12/DP6/EP72,0.95,312,52,34603.90762061324,33073.37720328996,0.9557700120430458,weight
131072,B200,B200x72,Qwen3-Coder-480B-A35B,12,6,72,TP12/DP6/EP72,0.9,84,14,17303.263950753964,15686.065592963809,0.90653795940507,weight
131072,B200,B200x72,Qwen3-Coder-480B-A35B,12,6,72,TP12/DP6/EP72,0.95,96,16,17303.263950753964,16498.386330859234,0.9534840581415474,weight
262144,B200,B200x72,Qwen3-Coder-480B-A35B,12,6,72,TP12/DP6/EP72,0.9,12,2,8651.959547692702,8029.627195492167,0.9280703580766858,kv
262144,B200,B200x72,Qwen3-Coder-480B-A35B,12,6,72,TP12/DP6/EP72,0.95,18,3,8651.959547692702,8226.978087548534,0.9508803227983766,kv
524288,B200,B200x72,Qwen3-Coder-480B-A35B,12,6,72,TP12/DP6/EP72,0.9,6,1,4326.061671576383,4014.8135977460834,0.9280527885500802,kv
524288,B200,B200x72,Qwen3-Coder-480B-A35B,12,6,72,TP12/DP6/EP72,0.95,12,2,4326.061671576383,4164.6683194714,0.9626927759339657,kv
1048576,B200,B200x72,Qwen3-Coder-480B-A35B,12,6,72,TP12/DP6/EP72,0.9,6,1,2163.0513108021255,2082.3341597357,0.9626836632754249,kv
1048576,B200,B200x72,Qwen3-Coder-480B-A35B,12,6,72,TP12/DP6/EP72,0.95,6,1,2163.0513108021255,2082.3341597357,0.9626836632754249,kv
8192,B200,B200x72,Qwen3-Coder-480B-A35B,18,4,72,TP18/DP4/EP72,0.9,1692,423,276289.1060954237,249046.77148568744,0.9013991720675103,weight
8192,B200,B200x72,Qwen3-Coder-480B-A35B,18,4,72,TP18/DP4/EP72,0.95,1784,446,276289.1060954237,262588.32164258667,0.9504114199562211,weight
16384,B200,B200x72,Qwen3-Coder-480B-A35B,18,4,72,TP18/DP4/EP72,0.9,848,212,138290.41949958936,124820.02957936193,0.9025934698226334,weight
16384,B200,B200x72,Qwen3-Coder-480B-A35B,18,4,72,TP18/DP4/EP72,0.95,896,224,138290.41949958936,131884.21553260658,0.95367572106467,weight
32768,B200,B200x72,Qwen3-Coder-480B-A35B,18,4,72,TP18/DP4/EP72,0.9,424,106,69181.73415076699,62669.87920762576,0.905873204494267,weight
32768,B200,B200x72,Qwen3-Coder-480B-A35B,18,4,72,TP18/DP4/EP72,0.95,448,112,69181.73415076699,66143.95310434322,0.9560898395549963,weight
65536,B200,B200x72,Qwen3-Coder-480B-A35B,18,4,72,TP18/DP4/EP72,0.9,196,49,34600.00541248524,31273.215099863595,0.9038500060054561,weight
65536,B200,B200x72,Qwen3-Coder-480B-A35B,18,4,72,TP18/DP4/EP72,0.95,212,53,34600.00541248524,33307.05546132268,0.9626315101472207,weight
131072,B200,B200x72,Qwen3-Coder-480B-A35B,18,4,72,TP18/DP4/EP72,0.9,60,15,17302.288195961937,15864.75204126654,0.9169164136896706,weight
131072,B200,B200x72,Qwen3-Coder-480B-A35B,18,4,72,TP18/DP4/EP72,0.95,68,17,17302.288195961937,16684.526080888885,0.9642959296437319,weight
262144,B200,B200x72,Qwen3-Coder-480B-A35B,18,4,72,TP18/DP4/EP72,0.9,12,3,8651.715583643621,7936.433019572476,0.9173247713524688,kv
262144,B200,B200x72,Qwen3-Coder-480B-A35B,18,4,72,TP18/DP4/EP72,0.95,24,6,8651.715583643621,8278.914432271618,0.9569101471531499,kv
524288,B200,B200x72,Qwen3-Coder-480B-A35B,18,4,72,TP18/DP4/EP72,0.9,8,2,4326.000677394849,4052.0284910098103,0.9366684827821093,kv
524288,B200,B200x72,Qwen3-Coder-480B-A35B,18,4,72,TP18/DP4/EP72,0.95,12,3,4326.000677394849,4139.457216135809,0.9568785409041181,kv
1048576,B200,B200x72,Qwen3-Coder-480B-A35B,18,4,72,TP18/DP4/EP72,0.9,4,1,2163.0360618605605,2026.0142455049051,0.9366530134325202,kv
1048576,B200,B200x72,Qwen3-Coder-480B-A35B,18,4,72,TP18/DP4/EP72,0.95,8,2,2163.0360618605605,2092.3009075136947,0.9672982084792326,kv
8192,B200,B200x72,Qwen3-Coder-480B-A35B,24,3,72,TP24/DP3/EP72,0.9,1278,426,276017.7403911464,248679.06305796892,0.9009531876667215,weight
8192,B200,B200x72,Qwen3-Coder-480B-A35B,24,3,72,TP24/DP3/EP72,0.95,1350,450,276017.7403911464,262689.1510604382,0.9517111135254561,weight
16384,B200,B200x72,Qwen3-Coder-480B-A35B,24,3,72,TP24/DP3/EP72,0.9,642,214,138222.4013629685,124925.31127062922,0.9037993121142393,weight
16384,B200,B200x72,Qwen3-Coder-480B-A35B,24,3,72,TP24/DP3/EP72,0.95,675,225,138222.4013629685,131345.78720020346,0.9502496404710318,weight
32768,B200,B200x72,Qwen3-Coder-480B-A35B,24,3,72,TP24/DP3/EP72,0.9,321,107,69164.70746226597,62707.62686682714,0.9066419734521163,weight
32768,B200,B200x72,Qwen3-Coder-480B-A35B,24,3,72,TP24/DP3/EP72,0.95,339,113,69164.70746226597,66154.92613429195,0.9564838566025012,weight
65536,B200,B200x72,Qwen3-Coder-480B-A35B,24,3,72,TP24/DP3/EP72,0.9,150,50,34595.74596695858,31486.28057940282,0.9101200075140591,weight
65536,B200,B200x72,Qwen3-Coder-480B-A35B,24,3,72,TP24/DP3/EP72,0.95,159,53,34595.74596695858,33004.74656817743,0.9540117042048848,weight
131072,B200,B200x72,Qwen3-Coder-480B-A35B,24,3,72,TP24/DP3/EP72,0.9,45,15,17301.22298764794,15623.902567447478,0.9030519159600469,weight
131072,B200,B200x72,Qwen3-Coder-480B-A35B,24,3,72,TP24/DP3/EP72,0.95,51,17,17301.22298764794,16449.224667221686,0.9507550234434565,weight
262144,B200,B200x72,Qwen3-Coder-480B-A35B,24,3,72,TP24/DP3/EP72,0.9,12,4,8651.449238182493,7871.6119225774455,0.909860499190899,kv
262144,B200,B200x72,Qwen3-Coder-480B-A35B,24,3,72,TP24/DP3/EP72,0.95,24,8,8651.449238182493,8243.507947962327,0.9528470572976665,kv
524288,B200,B200x72,Qwen3-Coder-480B-A35B,24,3,72,TP24/DP3/EP72,0.9,6,2,4325.934085605733,3935.8059612887228,0.9098164427388904,kv
524288,B200,B200x72,Qwen3-Coder-480B-A35B,24,3,72,TP24/DP3/EP72,0.95,12,4,4325.934085605733,4121.753973981164,0.9528009193889556,kv
1048576,B200,B200x72,Qwen3-Coder-480B-A35B,24,3,72,TP24/DP3/EP72,0.9,3,1,2163.0194132352394,1967.9029806443614,0.9097944145128862,kv
1048576,B200,B200x72,Qwen3-Coder-480B-A35B,24,3,72,TP24/DP3/EP72,0.95,6,2,2163.0194132352394,2060.876986990582,0.9527778504346003,kv
8192,B200,B200x72,Qwen3-Coder-480B-A35B,36,2,72,TP36/DP2/EP72,0.9,866,433,275429.38963609556,248173.0080136794,0.9010404021937238,weight
8192,B200,B200x72,Qwen3-Coder-480B-A35B,36,2,72,TP36/DP2/EP72,0.95,914,457,275429.38963609556,261928.5557629056,0.9509825952450913,weight
16384,B200,B200x72,Qwen3-Coder-480B-A35B,36,2,72,TP36/DP2/EP72,0.9,434,217,138074.70099257582,124374.7759524573,0.9007788904003844,weight
16384,B200,B200x72,Qwen3-Coder-480B-A35B,36,2,72,TP36/DP2/EP72,0.95,458,229,138074.70099257582,131251.82008397407,0.9505855825900459,weight
32768,B200,B200x72,Qwen3-Coder-480B-A35B,36,2,72,TP36/DP2/EP72,0.9,218,109,69127.70541743161,62691.02257227007,0.9068870750693478,weight
32768,B200,B200x72,Qwen3-Coder-480B-A35B,36,2,72,TP36/DP2/EP72,0.95,230,115,69127.70541743161,66080.84490244056,0.9559241769042902,weight
65536,B200,B200x72,Qwen3-Coder-480B-A35B,36,2,72,TP36/DP2/EP72,0.9,102,51,34586.48581366455,31366.36743401815,0.9068966301752986,weight
65536,B200,B200x72,Qwen3-Coder-480B-A35B,36,2,72,TP36/DP2/EP72,0.95,108,54,34586.48581366455,32868.908520128505,0.9503396412463084,weight
131072,B200,B200x72,Qwen3-Coder-480B-A35B,36,2,72,TP36/DP2/EP72,0.9,34,17,17298.9067426191,15959.704767322031,0.9225845890019343,weight
131072,B200,B200x72,Qwen3-Coder-480B-A35B,36,2,72,TP36/DP2/EP72,0.95,52,26,17298.9067426191,16455.261131913707,0.9512312758686123,kv
262144,B200,B200x72,Qwen3-Coder-480B-A35B,36,2,72,TP36/DP2/EP72,0.9,14,7,8650.870025996712,7895.477296197627,0.9126801434388615,kv
262144,B200,B200x72,Qwen3-Coder-480B-A35B,36,2,72,TP36/DP2/EP72,0.95,26,13,8650.870025996712,8227.630565956853,0.9510755035310919,kv
524288,B200,B200x72,Qwen3-Coder-480B-A35B,36,2,72,TP36/DP2/EP72,0.9,8,4,4325.789263687562,3991.379059752792,0.9226938291372754,kv
524288,B200,B200x72,Qwen3-Coder-480B-A35B,36,2,72,TP36/DP2/EP72,0.95,14,7,4325.789263687562,4128.287960321493,0.9543432905934703,kv
1048576,B200,B200x72,Qwen3-Coder-480B-A35B,36,2,72,TP36/DP2/EP72,0.9,4,2,2162.9832053963773,1995.689529876396,0.9226560450850454,kv
1048576,B200,B200x72,Qwen3-Coder-480B-A35B,36,2,72,TP36/DP2/EP72,0.95,8,4,2162.9832053963773,2076.0122488427082,0.9597912011814576,kv
8192,B200,B200x72,Qwen3-Coder-480B-A35B,72,1,72,TP72/DP1/EP72,0.9,456,456,273451.7963257151,246180.49655845403,0.9002701750959516,weight
8192,B200,B200x72,Qwen3-Coder-480B-A35B,72,1,72,TP72/DP1/EP72,0.95,779,779,273451.7963257151,259782.68778576225,0.9500127308592582,kv
16384,B200,B200x72,Qwen3-Coder-480B-A35B,72,1,72,TP72/DP1/EP72,0.9,230,230,137575.92850694933,124170.807018445,0.902562013326138,weight
16384,B200,B200x72,Qwen3-Coder-480B-A35B,72,1,72,TP72/DP1/EP72,0.95,433,433,137575.92850694933,130701.85129888417,0.950034302638067,kv
32768,B200,B200x72,Qwen3-Coder-480B-A35B,72,1,72,TP72/DP1/EP72,0.9,115,115,69002.45977118783,62234.77859250421,0.9019211604756519,weight
32768,B200,B200x72,Qwen3-Coder-480B-A35B,72,1,72,TP72/DP1/EP72,0.95,230,230,69002.45977118783,65565.94584156733,0.9501972257073736,kv
65536,B200,B200x72,Qwen3-Coder-480B-A35B,72,1,72,TP72/DP1/EP72,0.9,57,57,34555.10497269083,31112.499116793722,0.9003734510829058,kv
65536,B200,B200x72,Qwen3-Coder-480B-A35B,72,1,72,TP72/DP1/EP72,0.95,119,119,34555.10497269083,32841.22131587026,0.9504014339364598,kv
131072,B200,B200x72,Qwen3-Coder-480B-A35B,72,1,72,TP72/DP1/EP72,0.9,29,29,17291.05283083092,15583.394897043347,0.9012403726658725,kv
131072,B200,B200x72,Qwen3-Coder-480B-A35B,72,1,72,TP72/DP1/EP72,0.95,60,60,17291.05283083092,16427.60370496999,0.9500638200398446,kv
262144,B200,B200x72,Qwen3-Coder-480B-A35B,72,1,72,TP72/DP1/EP72,0.9,15,15,8648.905458923224,7817.61645335328,0.9038850627379342,kv
262144,B200,B200x72,Qwen3-Coder-480B-A35B,72,1,72,TP72/DP1/EP72,0.95,31,31,8648.905458923224,8227.251694926395,0.9512477311725265,kv
524288,B200,B200x72,Qwen3-Coder-480B-A35B,72,1,72,TP72/DP1/EP72,0.9,8,8,4325.297985688671,3932.5184160358253,0.9091901711853252,kv
524288,B200,B200x72,Qwen3-Coder-480B-A35B,72,1,72,TP72/DP1/EP72,0.95,16,16,4325.297985688671,4119.950493848461,0.9525240821511826,kv
1048576,B200,B200x72,Qwen3-Coder-480B-A35B,72,1,72,TP72/DP1/EP72,0.9,4,4,2162.860368862229,1966.2592080179127,0.9091013161669156,kv
1048576,B200,B200x72,Qwen3-Coder-480B-A35B,72,1,72,TP72/DP1/EP72,0.95,8,8,2162.860368862229,2059.9752469242303,0.952430992116185,kv
8192,B200,B200x72,DeepSeek-V3/R1-671B,1,72,72,TP1/DP72/EP72,0.9,151128,2099,1000576.3319672132,900877.8050325724,0.9003588994168735,weight
8192,B200,B200x72,DeepSeek-V3/R1-671B,1,72,72,TP1/DP72/EP72,0.95,159480,2215,1000576.3319672132,950664.2868733434,0.9501167042441043,weight
16384,B200,B200x72,DeepSeek-V3/R1-671B,1,72,72,TP1/DP72/EP72,0.9,75600,1050,500288.1659836066,450653.49942077376,0.9007878460102148,weight
16384,B200,B200x72,DeepSeek-V3/R1-671B,1,72,72,TP1/DP72/EP72,0.95,79776,1108,500288.1659836066,475546.740341158,0.9505456508374429,weight
32768,B200,B200x72,DeepSeek-V3/R1-671B,1,72,72,TP1/DP72/EP72,0.9,37800,525,250144.0829918033,225326.76237936303,0.90078789665693,weight
32768,B200,B200x72,DeepSeek-V3/R1-671B,1,72,72,TP1/DP72/EP72,0.95,39888,554,250144.0829918033,237773.37549450158,0.9505456721208669,weight
65536,B200,B200x72,DeepSeek-V3/R1-671B,1,72,72,TP1/DP72/EP72,0.9,18936,263,125072.04149590165,112903.98344962538,0.9027116060412671,weight
65536,B200,B200x72,DeepSeek-V3/R1-671B,1,72,72,TP1/DP72/EP72,0.95,19944,277,125072.04149590165,118904.24897474941,0.9506860810187195,weight
131072,B200,B200x72,DeepSeek-V3/R1-671B,1,72,72,TP1/DP72/EP72,0.9,9360,130,62536.020747950824,56685.9883050912,0.9064533948132395,weight
131072,B200,B200x72,DeepSeek-V3/R1-671B,1,72,72,TP1/DP72/EP72,0.95,9864,137,62536.020747950824,59548.853242060904,0.9522328496414956,weight
262144,B200,B200x72,DeepSeek-V3/R1-671B,1,72,72,TP1/DP72/EP72,0.9,3960,55,31268.010373975412,28440.198922041385,0.9095621557587932,weight
262144,B200,B200x72,DeepSeek-V3/R1-671B,1,72,72,TP1/DP72/EP72,0.95,4248,59,31268.010373975412,29781.162838750573,0.9524482844465745,weight
524288,B200,B200x72,DeepSeek-V3/R1-671B,1,72,72,TP1/DP72/EP72,0.9,648,9,15634.005186987706,14428.879992982935,0.9229164133188464,weight
524288,B200,B200x72,DeepSeek-V3/R1-671B,1,72,72,TP1/DP72/EP72,0.95,792,11,15634.005186987706,15094.953389056323,0.9655205565378705,weight
1048576,B200,B200x72,DeepSeek-V3/R1-671B,1,72,72,TP1/DP72/EP72,0.9,72,1,7817.002593493853,7669.487492804316,0.9811289431050829,weight
1048576,B200,B200x72,DeepSeek-V3/R1-671B,1,72,72,TP1/DP72/EP72,0.95,72,1,7817.002593493853,7669.487492804316,0.9811289431050829,weight
8192,B200,B200x72,DeepSeek-V3/R1-671B,2,36,72,TP2/DP36/EP72,0.9,75564,2099,1000372.6883240077,900555.710919438,0.9002202093583744,weight
8192,B200,B200x72,DeepSeek-V3/R1-671B,2,36,72,TP2/DP36/EP72,0.95,79776,2216,1000372.6883240077,950753.43277631,0.9503992300801133,weight
16384,B200,B200x72,DeepSeek-V3/R1-671B,2,36,72,TP2/DP36/EP72,0.9,37800,1050,500237.2498914222,450492.375638596,0.9005574369689113,weight
16384,B200,B200x72,DeepSeek-V3/R1-671B,2,36,72,TP2/DP36/EP72,0.95,39888,1108,500237.2498914222,475376.71638815524,0.9503025144395724,weight
32768,B200,B200x72,DeepSeek-V3/R1-671B,2,36,72,TP2/DP36/EP72,0.9,18900,525,250131.35332098545,225246.20047921664,0.9005116611277655,weight
32768,B200,B200x72,DeepSeek-V3/R1-671B,2,36,72,TP2/DP36/EP72,0.95,19944,554,250131.35332098545,237688.36351419392,0.9502541778885918,weight
65536,B200,B200x72,DeepSeek-V3/R1-671B,2,36,72,TP2/DP36/EP72,0.9,9468,263,125068.85899721953,112863.60717954594,0.9024117440941479,weight
65536,B200,B200x72,DeepSeek-V3/R1-671B,2,36,72,TP2/DP36/EP72,0.95,9972,277,125068.85899721953,118861.73042845447,0.9503703110547841,weight
131072,B200,B200x72,DeepSeek-V3/R1-671B,2,36,72,TP2/DP36/EP72,0.9,4680,130,62535.2251131577,56665.39770206913,0.9061356635325595,weight
131072,B200,B200x72,DeepSeek-V3/R1-671B,2,36,72,TP2/DP36/EP72,0.95,4932,137,62535.2251131577,59527.291308155756,0.9519001682722166,weight
262144,B200,B200x72,DeepSeek-V3/R1-671B,2,36,72,TP2/DP36/EP72,0.9,1980,55,31267.811464011786,28427.94897471129,0.9091761669162843,weight
262144,B200,B200x72,DeepSeek-V3/R1-671B,2,36,72,TP2/DP36/EP72,0.95,2124,59,31267.811464011786,29768.641020308285,0.9520538735040988,weight
524288,B200,B200x72,DeepSeek-V3/R1-671B,2,36,72,TP2/DP36/EP72,0.9,324,9,15633.955459338627,14409.62862241476,0.9216879669314563,weight
524288,B200,B200x72,DeepSeek-V3/R1-671B,2,36,72,TP2/DP36/EP72,0.95,396,11,15633.955459338627,15077.71116577897,0.9644207574336284,weight
1048576,B200,B200x72,DeepSeek-V3/R1-671B,2,36,72,TP2/DP36/EP72,0.9,36,1,7816.990161561813,7620.781254043248,0.9748996860091528,weight
1048576,B200,B200x72,DeepSeek-V3/R1-671B,2,36,72,TP2/DP36/EP72,0.95,36,1,7816.990161561813,7620.781254043248,0.9748996860091528,weight
8192,B200,B200x72,DeepSeek-V3/R1-671B,4,18,72,TP4/DP18/EP72,0.9,37800,2100,999762.254453053,900019.3896748667,0.9002334161607718,weight
8192,B200,B200x72,DeepSeek-V3/R1-671B,4,18,72,TP4/DP18/EP72,0.95,39906,2217,999762.254453053,950163.3270996093,0.9503892779183005,weight
16384,B200,B200x72,DeepSeek-V3/R1-671B,4,18,72,TP4/DP18/EP72,0.9,18918,1051,500084.5637788136,450438.2754991846,0.9007242137120085,weight
16384,B200,B200x72,DeepSeek-V3/R1-671B,4,18,72,TP4/DP18/EP72,0.95,19962,1109,500084.5637788136,475295.95388067985,0.9504311636599572,weight
32768,B200,B200x72,DeepSeek-V3/R1-671B,4,18,72,TP4/DP18/EP72,0.9,9468,526,250093.17208100192,225433.44034180685,0.901397820924083,weight
32768,B200,B200x72,DeepSeek-V3/R1-671B,4,18,72,TP4/DP18/EP72,0.95,9990,555,250093.17208100192,237862.2724233223,0.9510946278304704,weight
65536,B200,B200x72,DeepSeek-V3/R1-671B,4,18,72,TP4/DP18/EP72,0.9,4734,263,125059.31247285556,112742.65145401283,0.9015134436988361,weight
65536,B200,B200x72,DeepSeek-V3/R1-671B,4,18,72,TP4/DP18/EP72,0.95,5004,278,125059.31247285556,119162.45157232057,0.9528474866530638,weight
131072,B200,B200x72,DeepSeek-V3/R1-671B,4,18,72,TP4/DP18/EP72,0.9,2340,130,62532.83833024636,56603.71554720573,0.9051838531344452,weight
131072,B200,B200x72,DeepSeek-V3/R1-671B,4,18,72,TP4/DP18/EP72,0.95,2466,137,62532.83833024636,59462.699092629184,0.9509035681156314,weight
262144,B200,B200x72,DeepSeek-V3/R1-671B,4,18,72,TP4/DP18/EP72,0.9,990,55,31267.214749304883,28391.26236753348,0.9080201928815761,weight
262144,B200,B200x72,DeepSeek-V3/R1-671B,4,18,72,TP4/DP18/EP72,0.95,1062,59,31267.214749304883,29731.13866462895,0.950872628182845,weight
524288,B200,B200x72,DeepSeek-V3/R1-671B,4,18,72,TP4/DP18/EP72,0.9,162,9,15633.806278289425,14352.181509782136,0.9180222176420931,weight
524288,B200,B200x72,DeepSeek-V3/R1-671B,4,18,72,TP4/DP18/EP72,0.95,198,11,15633.806278289425,15026.220028165759,0.9611363835966538,weight
1048576,B200,B200x72,DeepSeek-V3/R1-671B,4,18,72,TP4/DP18/EP72,0.9,18,1,7816.952866002946,7478.304938818823,0.956677757562419,weight
1048576,B200,B200x72,DeepSeek-V3/R1-671B,4,18,72,TP4/DP18/EP72,0.95,18,1,7816.952866002946,7478.304938818823,0.956677757562419,weight
8192,B200,B200x72,DeepSeek-V3/R1-671B,8,9,72,TP8/DP9/EP72,0.9,18927,2103,998138.067011434,898737.2556084632,0.900413765702183,weight
8192,B200,B200x72,DeepSeek-V3/R1-671B,8,9,72,TP8/DP9/EP72,0.95,19971,2219,998138.067011434,948310.9701356061,0.9500799553462406,weight
16384,B200,B200x72,DeepSeek-V3/R1-671B,8,9,72,TP8/DP9/EP72,0.9,9477,1053,499677.85612466314,450009.66721622174,0.9005995797099124,weight
16384,B200,B200x72,DeepSeek-V3/R1-671B,8,9,72,TP8/DP9/EP72,0.95,9999,1111,499677.85612466314,474796.52447979216,0.9502052545657268,weight
32768,B200,B200x72,DeepSeek-V3/R1-671B,8,9,72,TP8/DP9/EP72,0.9,4743,527,249991.41240437233,225218.5252451466,0.9009050474135708,weight
32768,B200,B200x72,DeepSeek-V3/R1-671B,8,9,72,TP8/DP9/EP72,0.95,5004,556,249991.41240437233,237611.94701553887,0.9504804374287501,weight
65536,B200,B200x72,DeepSeek-V3/R1-671B,8,9,72,TP8/DP9/EP72,0.9,2376,264,125033.86219804709,112848.01520702492,0.9025396258517518,weight
65536,B200,B200x72,DeepSeek-V3/R1-671B,8,9,72,TP8/DP9/EP72,0.95,2502,278,125033.86219804709,118822.90173362714,0.9503257729127641,weight
131072,B200,B200x72,DeepSeek-V3/R1-671B,8,9,72,TP8/DP9/EP72,0.9,1170,130,62526.47446644562,56439.88441065711,0.9026557932823346,weight
131072,B200,B200x72,DeepSeek-V3/R1-671B,8,9,72,TP8/DP9/EP72,0.95,1242,138,62526.47446644562,59700.24707071442,0.9547995082107519,weight
262144,B200,B200x72,DeepSeek-V3/R1-671B,8,9,72,TP8/DP9/EP72,0.9,495,55,31265.62362142721,28293.892751472154,0.904952131902514,weight
262144,B200,B200x72,DeepSeek-V3/R1-671B,8,9,72,TP8/DP9/EP72,0.95,540,60,31265.62362142721,29969.744577065532,0.9585525924557738,weight
524288,B200,B200x72,DeepSeek-V3/R1-671B,8,9,72,TP8/DP9/EP72,0.9,81,9,15633.40847607656,14201.205012011751,0.9083882784578631,weight
524288,B200,B200x72,DeepSeek-V3/R1-671B,8,9,72,TP8/DP9/EP72,0.95,99,11,15633.40847607656,14890.614182672809,0.9524867341283616,weight
1048576,B200,B200x72,DeepSeek-V3/R1-671B,8,9,72,TP8/DP9/EP72,0.9,9,1,7816.853412919141,7123.176371873115,0.9112587886195275,weight
1048576,B200,B200x72,DeepSeek-V3/R1-671B,8,9,72,TP8/DP9/EP72,0.95,18,2,7816.853412919141,7522.96731830409,0.9624035300279091,kv
8192,B200,B200x72,DeepSeek-V3/R1-671B,12,6,72,TP12/DP6/EP72,0.9,12636,2106,996214.2117300269,896981.4870768212,0.900390173634566,weight
8192,B200,B200x72,DeepSeek-V3/R1-671B,12,6,72,TP12/DP6/EP72,0.95,13338,2223,996214.2117300269,946813.7919144224,0.9504118499475975,weight
16384,B200,B200x72,DeepSeek-V3/R1-671B,12,6,72,TP12/DP6/EP72,0.9,6330,1055,499195.2535896901,449342.57780914,0.9001339146915726,weight
16384,B200,B200x72,DeepSeek-V3/R1-671B,12,6,72,TP12/DP6/EP72,0.95,6684,1114,499195.2535896901,474471.6887956216,0.9504731573141322,weight
32768,B200,B200x72,DeepSeek-V3/R1-671B,12,6,72,TP12/DP6/EP72,0.9,3168,528,249870.5561246109,224884.2588798607,0.900003035042314,weight
32768,B200,B200x72,DeepSeek-V3/R1-671B,12,6,72,TP12/DP6/EP72,0.95,3348,558,249870.5561246109,237661.76618417515,0.9511395414898456,weight
65536,B200,B200x72,DeepSeek-V3/R1-671B,12,6,72,TP12/DP6/EP72,0.9,1590,265,125003.62237172524,112892.26334999102,0.9031119355428078,weight
65536,B200,B200x72,DeepSeek-V3/R1-671B,12,6,72,TP12/DP6/EP72,0.95,1674,279,125003.62237172524,118847.2303797474,0.9507502912701963,weight
131072,B200,B200x72,DeepSeek-V3/R1-671B,12,6,72,TP12/DP6/EP72,0.9,786,131,62518.911287146526,56650.983537806445,0.9061415557544028,weight
131072,B200,B200x72,DeepSeek-V3/R1-671B,12,6,72,TP12/DP6/EP72,0.95,828,138,62518.911287146526,59496.27260870883,0.9516524101874575,weight
262144,B200,B200x72,DeepSeek-V3/R1-671B,12,6,72,TP12/DP6/EP72,0.9,330,55,31263.73242356421,28179.0126576733,0.9013323257729174,weight
262144,B200,B200x72,DeepSeek-V3/R1-671B,12,6,72,TP12/DP6/EP72,0.95,360,60,31263.73242356421,29851.579781880253,0.9548309644366203,weight
524288,B200,B200x72,DeepSeek-V3/R1-671B,12,6,72,TP12/DP6/EP72,0.9,60,10,15632.935626218627,14388.641973209307,0.9204056306019411,weight
524288,B200,B200x72,DeepSeek-V3/R1-671B,12,6,72,TP12/DP6/EP72,0.95,72,12,15632.935626218627,15062.441372450045,0.9635069018763319,weight
1048576,B200,B200x72,DeepSeek-V3/R1-671B,12,6,72,TP12/DP6/EP72,0.9,12,2,7816.7351941548595,7305.2060460436915,0.9345597445217697,kv
1048576,B200,B200x72,DeepSeek-V3/R1-671B,12,6,72,TP12/DP6/EP72,0.95,18,3,7816.7351941548595,7468.19243623803,0.955410699063023,kv
8192,B200,B200x72,DeepSeek-V3/R1-671B,18,4,72,TP18/DP4/EP72,0.9,8444,2111,992990.1245192098,894027.7791729907,0.9003390437602437,weight
8192,B200,B200x72,DeepSeek-V3/R1-671B,18,4,72,TP18/DP4/EP72,0.95,8912,2228,992990.1245192098,943578.34770129,0.9502394076256859,weight
16384,B200,B200x72,DeepSeek-V3/R1-671B,18,4,72,TP18/DP4/EP72,0.9,4240,1060,498384.39708812576,448919.6806837387,0.9007498695918433,weight
16384,B200,B200x72,DeepSeek-V3/R1-671B,18,4,72,TP18/DP4/EP72,0.95,4472,1118,498384.39708812576,473483.21038152726,0.9500361832110178,weight
32768,B200,B200x72,DeepSeek-V3/R1-671B,18,4,72,TP18/DP4/EP72,0.9,2124,531,249667.23347956315,224883.35978713096,0.9007323734595677,weight
32768,B200,B200x72,DeepSeek-V3/R1-671B,18,4,72,TP18/DP4/EP72,0.95,2244,561,249667.23347956315,237588.62765945736,0.9516211813149502,weight
65536,B200,B200x72,DeepSeek-V3/R1-671B,18,4,72,TP18/DP4/EP72,0.9,1064,266,124952.71538219287,112676.71761339791,0.9017548539761912,weight
65536,B200,B200x72,DeepSeek-V3/R1-671B,18,4,72,TP18/DP4/EP72,0.95,1124,281,124952.71538219287,119021.34562655861,0.9525310855591095,weight
131072,B200,B200x72,DeepSeek-V3/R1-671B,18,4,72,TP18/DP4/EP72,0.9,524,131,62506.1749822121,56325.81187982503,0.9011239592864886,weight
131072,B200,B200x72,DeepSeek-V3/R1-671B,18,4,72,TP18/DP4/EP72,0.95,556,139,62506.1749822121,59561.80830514573,0.9528947871485614,weight
262144,B200,B200x72,DeepSeek-V3/R1-671B,18,4,72,TP18/DP4/EP72,0.9,224,56,31260.547151602448,28318.0980937653,0.9058733987102873,weight
262144,B200,B200x72,DeepSeek-V3/R1-671B,18,4,72,TP18/DP4/EP72,0.95,244,61,31260.547151602448,29992.32242800236,0.9594305014096633,weight
524288,B200,B200x72,DeepSeek-V3/R1-671B,18,4,72,TP18/DP4/EP72,0.9,40,10,15632.139158697466,14117.469421038788,0.9031054085252344,weight
524288,B200,B200x72,DeepSeek-V3/R1-671B,18,4,72,TP18/DP4/EP72,0.95,52,13,15632.139158697466,15067.3067223448,0.9638672333569649,kv
1048576,B200,B200x72,DeepSeek-V3/R1-671B,18,4,72,TP18/DP4/EP72,0.9,12,3,7816.536058579184,7227.988154830384,0.9247047670044548,kv
1048576,B200,B200x72,DeepSeek-V3/R1-671B,18,4,72,TP18/DP4/EP72,0.95,20,5,7816.536058579184,7452.611109563981,0.9534416592864341,kv
8192,B200,B200x72,DeepSeek-V3/R1-671B,24,3,72,TP24/DP3/EP72,0.9,6348,2116,989493.7962042197,890647.6021027985,0.9001042811176752,weight
8192,B200,B200x72,DeepSeek-V3/R1-671B,24,3,72,TP24/DP3/EP72,0.95,6702,2234,989493.7962042197,940315.0959818771,0.950299132333122,weight
16384,B200,B200x72,DeepSeek-V3/R1-671B,24,3,72,TP24/DP3/EP72,0.9,3192,1064,497502.1026118548,447849.2668418617,0.9001957267932762,weight
16384,B200,B200x72,DeepSeek-V3/R1-671B,24,3,72,TP24/DP3/EP72,0.95,3369,1123,497502.1026118548,472683.0137814003,0.9501125951023004,weight
32768,B200,B200x72,DeepSeek-V3/R1-671B,24,3,72,TP24/DP3/EP72,0.9,1602,534,249445.6223140249,224766.46466436118,0.901063977708956,weight
32768,B200,B200x72,DeepSeek-V3/R1-671B,24,3,72,TP24/DP3/EP72,0.95,1692,564,249445.6223140249,237393.78809821795,0.9516855252699725,weight
65536,B200,B200x72,DeepSeek-V3/R1-671B,24,3,72,TP24/DP3/EP72,0.9,804,268,124897.18220247228,112825.8888496883,0.9033501545838315,weight
65536,B200,B200x72,DeepSeek-V3/R1-671B,24,3,72,TP24/DP3/EP72,0.95,846,282,124897.18220247228,118711.56490850826,0.9504743246814292,weight
131072,B200,B200x72,DeepSeek-V3/R1-671B,24,3,72,TP24/DP3/EP72,0.9,396,132,62492.275345056485,56375.61347532875,0.9021213128189994,weight
131072,B200,B200x72,DeepSeek-V3/R1-671B,24,3,72,TP24/DP3/EP72,0.95,420,140,62492.275345056485,59596.145714245045,0.953656198068958,weight
262144,B200,B200x72,DeepSeek-V3/R1-671B,24,3,72,TP24/DP3/EP72,0.9,171,57,31257.070196797467,28441.702419000543,0.9099286094291275,weight
262144,B200,B200x72,DeepSeek-V3/R1-671B,24,3,72,TP24/DP3/EP72,0.95,183,61,31257.070196797467,29778.918049342527,0.9527098305071987,weight
524288,B200,B200x72,DeepSeek-V3/R1-671B,24,3,72,TP24/DP3/EP72,0.9,33,11,15631.269664135354,14201.428003405008,0.9085268380974196,weight
524288,B200,B200x72,DeepSeek-V3/R1-671B,24,3,72,TP24/DP3/EP72,0.95,42,14,15631.269664135354,14872.518154925667,0.951459380746877,kv
1048576,B200,B200x72,DeepSeek-V3/R1-671B,24,3,72,TP24/DP3/EP72,0.9,12,4,7816.31865294533,7174.183818527355,0.917846896610848,kv
1048576,B200,B200x72,DeepSeek-V3/R1-671B,24,3,72,TP24/DP3/EP72,0.95,21,7,7816.31865294533,7436.259077462833,0.9513761410764282,kv
8192,B200,B200x72,DeepSeek-V3/R1-671B,36,2,72,TP36/DP2/EP72,0.9,4256,2128,981974.0681651612,883904.9768030555,0.900130670919498,weight
8192,B200,B200x72,DeepSeek-V3/R1-671B,36,2,72,TP36/DP2/EP72,0.95,4492,2246,981974.0681651612,932918.5046520971,0.9500439318069515,weight
16384,B200,B200x72,DeepSeek-V3/R1-671B,36,2,72,TP36/DP2/EP72,0.9,2148,1074,495593.9637882674,446106.17720229464,0.9001444928673195,weight
16384,B200,B200x72,DeepSeek-V3/R1-671B,36,2,72,TP36/DP2/EP72,0.95,2268,1134,495593.9637882674,471028.3100068915,0.9504318947034813,weight
32768,B200,B200x72,DeepSeek-V3/R1-671B,36,2,72,TP36/DP2/EP72,0.9,1080,540,248965.0007807386,224299.20282213672,0.9009266447844014,weight
32768,B200,B200x72,DeepSeek-V3/R1-671B,36,2,72,TP36/DP2/EP72,0.95,1140,570,248965.0007807386,236760.2647307372,0.950978105309067,weight
65536,B200,B200x72,DeepSeek-V3/R1-671B,36,2,72,TP36/DP2/EP72,0.9,542,271,124776.57458491156,112584.43856085774,0.9022882615217414,weight
65536,B200,B200x72,DeepSeek-V3/R1-671B,36,2,72,TP36/DP2/EP72,0.95,572,286,124776.57458491156,118808.26279430844,0.9521680106185185,weight
131072,B200,B200x72,DeepSeek-V3/R1-671B,36,2,72,TP36/DP2/EP72,0.9,268,134,62462.066666612096,56415.085274606514,0.9031895402327781,weight
131072,B200,B200x72,DeepSeek-V3/R1-671B,36,2,72,TP36/DP2/EP72,0.95,284,142,62462.066666612096,59601.65166510703,0.9542055658072862,weight
262144,B200,B200x72,DeepSeek-V3/R1-671B,36,2,72,TP36/DP2/EP72,0.9,116,58,31249.510915061073,28328.413815873428,0.906523429850552,weight
262144,B200,B200x72,DeepSeek-V3/R1-671B,36,2,72,TP36/DP2/EP72,0.95,126,63,31249.510915061073,29996.154477461278,0.9598919662772794,weight
524288,B200,B200x72,DeepSeek-V3/R1-671B,36,2,72,TP36/DP2/EP72,0.9,26,13,15629.378953722855,14300.334523095078,0.9149649877603612,kv
524288,B200,B200x72,DeepSeek-V3/R1-671B,36,2,72,TP36/DP2/EP72,0.95,46,23,15629.378953722855,14851.155875230423,0.9502076774261679,kv
1048576,B200,B200x72,DeepSeek-V3/R1-671B,36,2,72,TP36/DP2/EP72,0.9,12,6,7815.845864034666,7099.696843118025,0.9083721668294321,kv
1048576,B200,B200x72,DeepSeek-V3/R1-671B,36,2,72,TP36/DP2/EP72,0.95,24,12,7815.845864034666,7441.103023026306,0.9520534504483035,kv
8192,B200,B200x72,DeepSeek-V3/R1-671B,72,1,72,TP72/DP1/EP72,0.9,2167,2167,957291.5110362525,861613.9519650063,0.9000538937531403,weight
8192,B200,B200x72,DeepSeek-V3/R1-671B,72,1,72,TP72/DP1/EP72,0.95,2288,2288,957291.5110362525,909724.3756787884,0.9503107101555999,weight
16384,B200,B200x72,DeepSeek-V3/R1-671B,72,1,72,TP72/DP1/EP72,0.9,1108,1108,489227.7240054292,440548.34276752535,0.9004975007561844,weight
16384,B200,B200x72,DeepSeek-V3/R1-671B,72,1,72,TP72/DP1/EP72,0.95,1212,1212,489227.7240054292,464777.11804655724,0.9500220352217803,kv
32768,B200,B200x72,DeepSeek-V3/R1-671B,72,1,72,TP72/DP1/EP72,0.9,560,560,247348.06511669277,222659.81604659144,0.9001882264231418,weight
32768,B200,B200x72,DeepSeek-V3/R1-671B,72,1,72,TP72/DP1/EP72,0.95,718,718,247348.06511669277,234990.43761065186,0.9500395222408112,kv
65536,B200,B200x72,DeepSeek-V3/R1-671B,72,1,72,TP72/DP1/EP72,0.9,282,282,124369.10846463933,112138.21263084869,0.9016564805779875,weight
65536,B200,B200x72,DeepSeek-V3/R1-671B,72,1,72,TP72/DP1/EP72,0.95,396,396,124369.10846463933,118164.05351692926,0.9501077476206699,kv
131072,B200,B200x72,DeepSeek-V3/R1-671B,72,1,72,TP72/DP1/EP72,0.9,140,140,62359.79226826977,56261.20205938962,0.9022031667032466,weight
131072,B200,B200x72,DeepSeek-V3/R1-671B,72,1,72,TP72/DP1/EP72,0.95,209,209,62359.79226826977,59254.27604427027,0.9502000229468426,kv
262144,B200,B200x72,DeepSeek-V3/R1-671B,72,1,72,TP72/DP1/EP72,0.9,62,62,31223.891089286968,28208.648828267535,0.903431566155636,weight
262144,B200,B200x72,DeepSeek-V3/R1-671B,72,1,72,TP72/DP1/EP72,0.95,107,107,31223.891089286968,29663.50885974587,0.9500260161336371,kv
524288,B200,B200x72,DeepSeek-V3/R1-671B,72,1,72,TP72/DP1/EP72,0.9,26,26,15622.967578761449,14068.203731367073,0.9004821689889448,kv
524288,B200,B200x72,DeepSeek-V3/R1-671B,72,1,72,TP72/DP1/EP72,0.95,55,55,15622.967578761449,14852.540347137121,0.9506862426910697,kv
1048576,B200,B200x72,DeepSeek-V3/R1-671B,72,1,72,TP72/DP1/EP72,0.9,13,13,7814.242217024345,7034.101865683537,0.9001642987670422,kv
1048576,B200,B200x72,DeepSeek-V3/R1-671B,72,1,72,TP72/DP1/EP72,0.95,28,28,7814.242217024345,7432.904696941934,0.9511996800852145,kv
8192,B200,B200x72,Kimi-K2-1T-A32B,1,72,72,TP1/DP72/EP72,0.9,231120,3210,1000576.3319672132,900695.050601371,0.9001762502522245,weight
8192,B200,B200x72,Kimi-K2-1T-A32B,1,72,72,TP1/DP72/EP72,0.95,243936,3388,1000576.3319672132,950640.1344041884,0.9500925656867715,weight
16384,B200,B200x72,Kimi-K2-1T-A32B,1,72,72,TP1/DP72/EP72,0.9,115560,1605,500288.1659836066,450347.5253006864,0.9001762502522264,weight
16384,B200,B200x72,Kimi-K2-1T-A32B,1,72,72,TP1/DP72/EP72,0.95,121968,1694,500288.1659836066,475320.0672020944,0.9500925656867719,weight
32768,B200,B200x72,Kimi-K2-1T-A32B,1,72,72,TP1/DP72/EP72,0.9,57816,803,250144.0829918033,225314.06796089624,0.9007371482310029,weight
32768,B200,B200x72,Kimi-K2-1T-A32B,1,72,72,TP1/DP72/EP72,0.95,60984,847,250144.0829918033,237660.03783285274,0.950092582604244,weight
65536,B200,B200x72,Kimi-K2-1T-A32B,1,72,72,TP1/DP72/EP72,0.9,28944,402,125072.04149590165,112820.86172837089,0.9020470152961227,weight
65536,B200,B200x72,Kimi-K2-1T-A32B,1,72,72,TP1/DP72/EP72,0.95,30528,424,125072.04149590165,118985.93318982834,0.9513391783384879,weight
131072,B200,B200x72,Kimi-K2-1T-A32B,1,72,72,TP1/DP72/EP72,0.9,14256,198,62536.020747950824,56419.98027740801,0.9021997179002915,weight
131072,B200,B200x72,Kimi-K2-1T-A32B,1,72,72,TP1/DP72/EP72,0.95,15120,210,62536.020747950824,59632.5499587371,0.9535712257593738,weight
262144,B200,B200x72,Kimi-K2-1T-A32B,1,72,72,TP1/DP72/EP72,0.9,6048,84,31268.010373975412,28350.741344632217,0.9067011621637666,weight
262144,B200,B200x72,Kimi-K2-1T-A32B,1,72,72,TP1/DP72/EP72,0.95,6552,91,31268.010373975412,29882.665912492877,0.955694511901673,weight
524288,B200,B200x72,Kimi-K2-1T-A32B,1,72,72,TP1/DP72/EP72,0.9,720,10,15634.005186987706,14092.916093440548,0.9014271087213264,weight
524288,B200,B200x72,Kimi-K2-1T-A32B,1,72,72,TP1/DP72/EP72,0.95,1008,14,15634.005186987706,14891.915858242757,0.9525336393413382,weight
1048576,B200,B200x72,Kimi-K2-1T-A32B,1,72,72,TP1/DP72/EP72,0.9,72,1,7817.002593493853,7817.002593493853,1.0,kv
1048576,B200,B200x72,Kimi-K2-1T-A32B,1,72,72,TP1/DP72/EP72,0.95,72,1,7817.002593493853,7817.002593493853,1.0,kv
8192,B200,B200x72,Kimi-K2-1T-A32B,2,36,72,TP2/DP36/EP72,0.9,115560,3210,1000372.6883240077,900484.494545457,0.9001490195160163,weight
8192,B200,B200x72,Kimi-K2-1T-A32B,2,36,72,TP2/DP36/EP72,0.95,121968,3388,1000372.6883240077,950417.9026542082,0.9500638249595837,weight
16384,B200,B200x72,Kimi-K2-1T-A32B,2,36,72,TP2/DP36/EP72,0.9,57780,1605,500237.2498914222,450242.24727272947,0.9000574174963094,weight
16384,B200,B200x72,Kimi-K2-1T-A32B,2,36,72,TP2/DP36/EP72,0.95,61020,1695,500237.2498914222,475489.4760917602,0.9505279268886242,weight
32768,B200,B200x72,Kimi-K2-1T-A32B,2,36,72,TP2/DP36/EP72,0.9,28908,803,250131.35332098545,225261.39614528805,0.9005724118728027,weight
32768,B200,B200x72,Kimi-K2-1T-A32B,2,36,72,TP2/DP36/EP72,0.95,30528,848,250131.35332098545,237885.00457480375,0.9510403290767537,weight
65536,B200,B200x72,Kimi-K2-1T-A32B,2,36,72,TP2/DP36/EP72,0.9,14472,402,125068.85899721953,112794.48202136454,0.9018590472938762,weight
65536,B200,B200x72,Kimi-K2-1T-A32B,2,36,72,TP2/DP36/EP72,0.95,15264,424,125068.85899721953,118958.11412100132,0.9511409560684161,weight
131072,B200,B200x72,Kimi-K2-1T-A32B,2,36,72,TP2/DP36/EP72,0.9,7128,198,62535.2251131577,56406.58609190792,0.9019970103224225,weight
131072,B200,B200x72,Kimi-K2-1T-A32B,2,36,72,TP2/DP36/EP72,0.95,7560,210,62535.2251131577,59618.44202333068,0.9533577582146847,weight
262144,B200,B200x72,Kimi-K2-1T-A32B,2,36,72,TP2/DP36/EP72,0.9,3024,84,31267.811464011786,28342.769732195033,0.906451983849801,weight
262144,B200,B200x72,Kimi-K2-1T-A32B,2,36,72,TP2/DP36/EP72,0.95,3276,91,31267.811464011786,29874.490734599764,0.9554391348746717,weight
524288,B200,B200x72,Kimi-K2-1T-A32B,2,36,72,TP2/DP36/EP72,0.9,360,10,15633.955459338627,14076.38465112494,0.9003725696760058,weight
524288,B200,B200x72,Kimi-K2-1T-A32B,2,36,72,TP2/DP36/EP72,0.95,504,14,15633.955459338627,14878.72700403907,0.9516930659509819,weight
1048576,B200,B200x72,Kimi-K2-1T-A32B,2,36,72,TP2/DP36/EP72,0.9,36,1,7816.990161561813,7766.4108818227305,0.9935295710121532,kv
1048576,B200,B200x72,Kimi-K2-1T-A32B,2,36,72,TP2/DP36/EP72,0.95,36,1,7816.990161561813,7766.4108818227305,0.9935295710121532,kv
8192,B200,B200x72,Kimi-K2-1T-A32B,4,18,72,TP4/DP18/EP72,0.9,57780,3210,999762.254453053,899853.4166256477,0.9000674036428159,weight
8192,B200,B200x72,Kimi-K2-1T-A32B,4,18,72,TP4/DP18/EP72,0.95,61002,3389,999762.254453053,950032.1585496324,0.9502580781761693,weight
16384,B200,B200x72,Kimi-K2-1T-A32B,4,18,72,TP4/DP18/EP72,0.9,28908,1606,500084.5637788136,450207.0364799979,0.9002618138781896,weight
16384,B200,B200x72,Kimi-K2-1T-A32B,4,18,72,TP4/DP18/EP72,0.95,30510,1695,500084.5637788136,475156.2433584029,0.9501517898652109,weight
32768,B200,B200x72,Kimi-K2-1T-A32B,4,18,72,TP4/DP18/EP72,0.9,14454,803,250093.17208100192,225103.52835240544,0.9000786646006367,weight
32768,B200,B200x72,Kimi-K2-1T-A32B,4,18,72,TP4/DP18/EP72,0.95,15264,848,250093.17208100192,237718.2899035737,0.9505189123139269,weight
65536,B200,B200x72,Kimi-K2-1T-A32B,4,18,72,TP4/DP18/EP72,0.9,7236,402,125059.31247285556,112715.4168655115,0.9012956703242445,weight
65536,B200,B200x72,Kimi-K2-1T-A32B,4,18,72,TP4/DP18/EP72,0.95,7632,424,125059.31247285556,118874.73490943608,0.9505468450039508,weight
131072,B200,B200x72,Kimi-K2-1T-A32B,4,18,72,TP4/DP18/EP72,0.9,3564,198,62532.83833024636,56366.441665840764,0.9013894646547175,weight
131072,B200,B200x72,Kimi-K2-1T-A32B,4,18,72,TP4/DP18/EP72,0.95,3780,210,62532.83833024636,59576.15824075866,0.9527179611794849,weight
262144,B200,B200x72,Kimi-K2-1T-A32B,4,18,72,TP4/DP18/EP72,0.9,1512,84,31267.214749304883,28318.88176954422,0.9057052889616204,weight
262144,B200,B200x72,Kimi-K2-1T-A32B,4,18,72,TP4/DP18/EP72,0.95,1638,91,31267.214749304883,29849.992017293487,0.9546738414862199,weight
524288,B200,B200x72,Kimi-K2-1T-A32B,4,18,72,TP4/DP18/EP72,0.9,198,11,15633.806278289425,14241.785579895493,0.9109608579244696,weight
524288,B200,B200x72,Kimi-K2-1T-A32B,4,18,72,TP4/DP18/EP72,0.95,270,15,15633.806278289425,15028.50368931548,0.9612824555837994,weight
1048576,B200,B200x72,Kimi-K2-1T-A32B,4,18,72,TP4/DP18/EP72,0.9,18,1,7816.952866002946,7618.4900713399475,0.9746112330386253,kv
1048576,B200,B200x72,Kimi-K2-1T-A32B,4,18,72,TP4/DP18/EP72,0.95,18,1,7816.952866002946,7618.4900713399475,0.9746112330386253,kv
8192,B200,B200x72,Kimi-K2-1T-A32B,8,9,72,TP8/DP9/EP72,0.9,28899,3211,998138.067011434,898454.6637982163,0.900130646743407,weight
8192,B200,B200x72,Kimi-K2-1T-A32B,8,9,72,TP8/DP9/EP72,0.95,30501,3389,998138.067011434,948259.9986334958,0.9500288887615717,weight
16384,B200,B200x72,Kimi-K2-1T-A32B,8,9,72,TP8/DP9/EP72,0.9,14472,1608,499677.85612466314,449926.845028818,0.9004338285436589,weight
16384,B200,B200x72,Kimi-K2-1T-A32B,8,9,72,TP8/DP9/EP72,0.95,15273,1697,499677.85612466314,474829.5124464571,0.9502712730339471,weight
32768,B200,B200x72,Kimi-K2-1T-A32B,8,9,72,TP8/DP9/EP72,0.9,7245,805,249991.41240437233,225243.23744965854,0.9010038996272299,weight
32768,B200,B200x72,Kimi-K2-1T-A32B,8,9,72,TP8/DP9/EP72,0.95,7641,849,249991.41240437233,237554.66289334084,0.9502512930687615,weight
65536,B200,B200x72,Kimi-K2-1T-A32B,8,9,72,TP8/DP9/EP72,0.9,3627,403,125033.86219804709,112784.49187969387,0.9020315768623475,weight
65536,B200,B200x72,Kimi-K2-1T-A32B,8,9,72,TP8/DP9/EP72,0.95,3825,425,125033.86219804709,118932.47816789831,0.9512021469793158,weight
131072,B200,B200x72,Kimi-K2-1T-A32B,8,9,72,TP8/DP9/EP72,0.9,1791,199,62526.47446644562,56525.565875051776,0.9040261162555361,weight
131072,B200,B200x72,Kimi-K2-1T-A32B,8,9,72,TP8/DP9/EP72,0.95,1890,210,62526.47446644562,59463.694162884756,0.9510162642353283,weight
262144,B200,B200x72,Kimi-K2-1T-A32B,8,9,72,TP8/DP9/EP72,0.9,756,84,31265.62362142721,28255.37695372624,0.9037202422651195,weight
262144,B200,B200x72,Kimi-K2-1T-A32B,8,9,72,TP8/DP9/EP72,0.95,819,91,31265.62362142721,29784.85811422054,0.9526391820890513,weight
524288,B200,B200x72,Kimi-K2-1T-A32B,8,9,72,TP8/DP9/EP72,0.9,99,11,15633.40847607656,14119.911187447737,0.9031882720300635,weight
524288,B200,B200x72,Kimi-K2-1T-A32B,8,9,72,TP8/DP9/EP72,0.95,135,15,15633.40847607656,14928.789304806902,0.954928627858223,weight
1048576,B200,B200x72,Kimi-K2-1T-A32B,8,9,72,TP8/DP9/EP72,0.9,9,1,7816.853412919141,7250.250336643624,0.9275151974400497,kv
1048576,B200,B200x72,Kimi-K2-1T-A32B,8,9,72,TP8/DP9/EP72,0.95,18,2,7816.853412919141,7522.96731830409,0.9624035300279091,kv
8192,B200,B200x72,Kimi-K2-1T-A32B,12,6,72,TP12/DP6/EP72,0.9,19272,3212,996214.2117300269,896746.0206945128,0.9001538124388152,weight
8192,B200,B200x72,Kimi-K2-1T-A32B,12,6,72,TP12/DP6/EP72,0.95,20340,3390,996214.2117300269,946441.1613183059,0.9500378032900323,weight
16384,B200,B200x72,Kimi-K2-1T-A32B,12,6,72,TP12/DP6/EP72,0.9,9660,1610,499195.2535896901,449489.7550803761,0.9004287437593126,weight
16384,B200,B200x72,Kimi-K2-1T-A32B,12,6,72,TP12/DP6/EP72,0.95,10194,1699,499195.2535896901,474337.32539227203,0.9502039972963168,weight
32768,B200,B200x72,Kimi-K2-1T-A32B,12,6,72,TP12/DP6/EP72,0.9,4836,806,249870.5561246109,225024.0731749136,0.9005625819422024,weight
32768,B200,B200x72,Kimi-K2-1T-A32B,12,6,72,TP12/DP6/EP72,0.95,5106,851,249870.5561246109,237587.44584042943,0.9508421061101098,weight
65536,B200,B200x72,Kimi-K2-1T-A32B,12,6,72,TP12/DP6/EP72,0.9,2418,403,125003.62237172524,112534.9056685658,0.9002531569358765,weight
65536,B200,B200x72,Kimi-K2-1T-A32B,12,6,72,TP12/DP6/EP72,0.95,2556,426,125003.62237172524,118948.21150832814,0.9515581168888848,weight
131072,B200,B200x72,Kimi-K2-1T-A32B,12,6,72,TP12/DP6/EP72,0.9,1194,199,62518.911287146526,56398.61103966605,0.9021048172229006,weight
131072,B200,B200x72,Kimi-K2-1T-A32B,12,6,72,TP12/DP6/EP72,0.95,1266,211,62518.911287146526,59598.227965480284,0.9532832024497088,weight
262144,B200,B200x72,Kimi-K2-1T-A32B,12,6,72,TP12/DP6/EP72,0.9,504,84,31263.73242356421,28180.256921829256,0.9013721247367487,weight
262144,B200,B200x72,Kimi-K2-1T-A32B,12,6,72,TP12/DP6/EP72,0.95,546,91,31263.73242356421,29707.800839924384,0.9502320592256898,weight
524288,B200,B200x72,Kimi-K2-1T-A32B,12,6,72,TP12/DP6/EP72,0.9,72,12,15632.935626218627,14197.939709219723,0.9082068812084012,weight
524288,B200,B200x72,Kimi-K2-1T-A32B,12,6,72,TP12/DP6/EP72,0.95,96,16,15632.935626218627,15006.302501049835,0.9599158379365523,weight
1048576,B200,B200x72,Kimi-K2-1T-A32B,12,6,72,TP12/DP6/EP72,0.9,12,2,7816.7351941548595,7305.2060460436915,0.9345597445217697,kv
1048576,B200,B200x72,Kimi-K2-1T-A32B,12,6,72,TP12/DP6/EP72,0.95,18,3,7816.7351941548595,7468.19243623803,0.955410699063023,kv
8192,B200,B200x72,Kimi-K2-1T-A32B,18,4,72,TP18/DP4/EP72,0.9,12852,3213,992990.1245192098,893694.380348207,0.900003291352892,weight
8192,B200,B200x72,Kimi-K2-1T-A32B,18,4,72,TP18/DP4/EP72,0.95,13568,3392,992990.1245192098,943483.1429010638,0.9501435307404326,weight
16384,B200,B200x72,Kimi-K2-1T-A32B,18,4,72,TP18/DP4/EP72,0.9,6452,1613,498384.39708812576,448655.16199864936,0.9002191172516119,weight
16384,B200,B200x72,Kimi-K2-1T-A32B,18,4,72,TP18/DP4/EP72,0.95,6812,1703,498384.39708812576,473688.6180308113,0.9504483302414709,weight
32768,B200,B200x72,Kimi-K2-1T-A32B,18,4,72,TP18/DP4/EP72,0.9,3232,808,249667.23347956315,224744.81428341308,0.9001774528086397,weight
32768,B200,B200x72,Kimi-K2-1T-A32B,18,4,72,TP18/DP4/EP72,0.95,3412,853,249667.23347956315,237261.53697359236,0.9503110747330555,weight
65536,B200,B200x72,Kimi-K2-1T-A32B,18,4,72,TP18/DP4/EP72,0.9,1620,405,124952.71538219287,112672.428072082,0.901720524659675,weight
65536,B200,B200x72,Kimi-K2-1T-A32B,18,4,72,TP18/DP4/EP72,0.95,1708,427,124952.71538219287,118784.35428065457,0.9506344373335855,weight
131072,B200,B200x72,Kimi-K2-1T-A32B,18,4,72,TP18/DP4/EP72,0.9,800,200,62506.1749822121,56450.651675045,0.9031211986833242,weight
131072,B200,B200x72,Kimi-K2-1T-A32B,18,4,72,TP18/DP4/EP72,0.95,848,212,62506.1749822121,59641.24317103834,0.9541656194449739,weight
262144,B200,B200x72,Kimi-K2-1T-A32B,18,4,72,TP18/DP4/EP72,0.9,340,85,31260.547151602448,28270.371858791124,0.9043466744740568,weight
262144,B200,B200x72,Kimi-K2-1T-A32B,18,4,72,TP18/DP4/EP72,0.95,368,92,31260.547151602448,29799.271728856907,0.9532549633357702,weight
524288,B200,B200x72,Kimi-K2-1T-A32B,18,4,72,TP18/DP4/EP72,0.9,52,13,15632.139158697466,14199.020099102565,0.908322268305964,weight
524288,B200,B200x72,Kimi-K2-1T-A32B,18,4,72,TP18/DP4/EP72,0.95,68,17,15632.139158697466,15017.972160116982,0.9607112633565079,weight
1048576,B200,B200x72,Kimi-K2-1T-A32B,18,4,72,TP18/DP4/EP72,0.9,12,3,7816.536058579184,7227.988154830384,0.9247047670044548,kv
1048576,B200,B200x72,Kimi-K2-1T-A32B,18,4,72,TP18/DP4/EP72,0.95,20,5,7816.536058579184,7452.611109563981,0.9534416592864341,kv
8192,B200,B200x72,Kimi-K2-1T-A32B,24,3,72,TP24/DP3/EP72,0.9,9645,3215,989493.7962042197,890639.9526105461,0.9000965504049797,weight
8192,B200,B200x72,Kimi-K2-1T-A32B,24,3,72,TP24/DP3/EP72,0.95,10182,3394,989493.7962042197,940227.6824759544,0.9502107906919132,weight
16384,B200,B200x72,Kimi-K2-1T-A32B,24,3,72,TP24/DP3/EP72,0.9,4851,1617,497502.1026118548,447951.72733165015,0.900401676656102,weight
16384,B200,B200x72,Kimi-K2-1T-A32B,24,3,72,TP24/DP3/EP72,0.95,5121,1707,497502.1026118548,472884.1054762682,0.9505167978057909,weight
32768,B200,B200x72,Kimi-K2-1T-A32B,24,3,72,TP24/DP3/EP72,0.9,2433,811,249445.6223140249,224668.4381533431,0.9006710002331089,weight
32768,B200,B200x72,Kimi-K2-1T-A32B,24,3,72,TP24/DP3/EP72,0.95,2568,856,249445.6223140249,237134.62224693998,0.9506465579436519,weight
65536,B200,B200x72,Kimi-K2-1T-A32B,24,3,72,TP24/DP3/EP72,0.9,1218,406,124897.18220247228,112494.02798622625,0.9006930821214275,weight
65536,B200,B200x72,Kimi-K2-1T-A32B,24,3,72,TP24/DP3/EP72,0.95,1287,429,124897.18220247228,118858.20273487773,0.9516483930133453,weight
131072,B200,B200x72,Kimi-K2-1T-A32B,24,3,72,TP24/DP3/EP72,0.9,603,201,62492.275345056485,56483.1779010876,0.9038425563673408,weight
131072,B200,B200x72,Kimi-K2-1T-A32B,24,3,72,TP24/DP3/EP72,0.95,636,212,62492.275345056485,59397.68958462364,0.9504805074971935,weight
262144,B200,B200x72,Kimi-K2-1T-A32B,24,3,72,TP24/DP3/EP72,0.9,255,85,31257.070196797467,28133.989540878538,0.9000840246300847,weight
262144,B200,B200x72,Kimi-K2-1T-A32B,24,3,72,TP24/DP3/EP72,0.95,279,93,31257.070196797467,29879.71505864083,0.9559346052114073,weight
524288,B200,B200x72,Kimi-K2-1T-A32B,24,3,72,TP24/DP3/EP72,0.9,42,14,15631.269664135354,14199.402133705975,0.9083972344412508,weight
524288,B200,B200x72,Kimi-K2-1T-A32B,24,3,72,TP24/DP3/EP72,0.95,54,18,15631.269664135354,15026.682882262396,0.9613219658502768,weight
1048576,B200,B200x72,Kimi-K2-1T-A32B,24,3,72,TP24/DP3/EP72,0.9,12,4,7816.31865294533,7174.183818527355,0.917846896610848,kv
1048576,B200,B200x72,Kimi-K2-1T-A32B,24,3,72,TP24/DP3/EP72,0.95,21,7,7816.31865294533,7436.259077462833,0.9513761410764282,kv
8192,B200,B200x72,Kimi-K2-1T-A32B,36,2,72,TP36/DP2/EP72,0.9,6438,3219,981974.0681651612,883985.3148591741,0.9002124837277209,weight
8192,B200,B200x72,Kimi-K2-1T-A32B,36,2,72,TP36/DP2/EP72,0.95,6796,3398,981974.0681651612,933141.3792766305,0.9502708977032606,weight
16384,B200,B200x72,Kimi-K2-1T-A32B,36,2,72,TP36/DP2/EP72,0.9,3250,1625,495593.9637882674,446249.18814730033,0.9004330576107488,weight
16384,B200,B200x72,Kimi-K2-1T-A32B,36,2,72,TP36/DP2/EP72,0.95,3430,1715,495593.9637882674,470964.52779853495,0.9503031961861124,weight
32768,B200,B200x72,Kimi-K2-1T-A32B,36,2,72,TP36/DP2/EP72,0.9,1632,816,248965.0007807386,224085.75367151955,0.9000692987721194,weight
32768,B200,B200x72,Kimi-K2-1T-A32B,36,2,72,TP36/DP2/EP72,0.95,1724,862,248965.0007807386,236718.03388999333,0.9508084796965857,weight
65536,B200,B200x72,Kimi-K2-1T-A32B,36,2,72,TP36/DP2/EP72,0.9,818,409,124776.57458491156,112337.28249117458,0.9003074724953927,weight
65536,B200,B200x72,Kimi-K2-1T-A32B,36,2,72,TP36/DP2/EP72,0.95,864,432,124776.57458491156,118646.5121784331,0.950871688641309,weight
131072,B200,B200x72,Kimi-K2-1T-A32B,36,2,72,TP36/DP2/EP72,0.9,404,202,62462.066666612096,56246.302365264215,0.9004873736483266,weight
131072,B200,B200x72,Kimi-K2-1T-A32B,36,2,72,TP36/DP2/EP72,0.95,428,214,62462.066666612096,59402.602664744336,0.9510188476760226,weight
262144,B200,B200x72,Kimi-K2-1T-A32B,36,2,72,TP36/DP2/EP72,0.9,174,87,31249.510915061073,28272.257876734806,0.9047264116734913,weight
262144,B200,B200x72,Kimi-K2-1T-A32B,36,2,72,TP36/DP2/EP72,0.95,188,94,31249.510915061073,29798.333529579697,0.9535615968702421,weight
524288,B200,B200x72,Kimi-K2-1T-A32B,36,2,72,TP36/DP2/EP72,0.9,32,16,15629.378953722855,14211.576304356802,0.9092860532997482,weight
524288,B200,B200x72,Kimi-K2-1T-A32B,36,2,72,TP36/DP2/EP72,0.95,46,23,15629.378953722855,14851.155875230423,0.9502076774261679,kv
1048576,B200,B200x72,Kimi-K2-1T-A32B,36,2,72,TP36/DP2/EP72,0.9,12,6,7815.845864034666,7099.696843118025,0.9083721668294321,kv
1048576,B200,B200x72,Kimi-K2-1T-A32B,36,2,72,TP36/DP2/EP72,0.95,24,12,7815.845864034666,7441.103023026306,0.9520534504483035,kv
8192,B200,B200x72,Kimi-K2-1T-A32B,72,1,72,TP72/DP1/EP72,0.9,3231,3231,957291.5110362525,861827.0437410864,0.9002764923802287,weight
8192,B200,B200x72,Kimi-K2-1T-A32B,72,1,72,TP72/DP1/EP72,0.95,3410,3410,957291.5110362525,909572.9554803789,0.9501525345145713,weight
16384,B200,B200x72,Kimi-K2-1T-A32B,72,1,72,TP72/DP1/EP72,0.9,1651,1651,489227.7240054292,440382.6831372747,0.900158886196702,weight
16384,B200,B200x72,Kimi-K2-1T-A32B,72,1,72,TP72/DP1/EP72,0.95,1743,1743,489227.7240054292,464922.4813496483,0.9503191633197159,weight
32768,B200,B200x72,Kimi-K2-1T-A32B,72,1,72,TP72/DP1/EP72,0.9,835,835,247348.06511669277,222725.34732467096,0.9004531619020129,weight
32768,B200,B200x72,Kimi-K2-1T-A32B,72,1,72,TP72/DP1/EP72,0.95,881,881,247348.06511669277,234995.2435214927,0.950058951989892,weight
65536,B200,B200x72,Kimi-K2-1T-A32B,72,1,72,TP72/DP1/EP72,0.9,420,420,124369.10846463933,112044.72586150993,0.9009047925543868,weight
65536,B200,B200x72,Kimi-K2-1T-A32B,72,1,72,TP72/DP1/EP72,0.95,443,443,124369.10846463933,118174.3493105229,0.950190531792083,weight
131072,B200,B200x72,Kimi-K2-1T-A32B,72,1,72,TP72/DP1/EP72,0.9,208,208,62359.79226826977,56142.72668185899,0.9003032986436972,weight
131072,B200,B200x72,Kimi-K2-1T-A32B,72,1,72,TP72/DP1/EP72,0.95,221,221,62359.79226826977,59423.60159338563,0.9529153230297378,kv
262144,B200,B200x72,Kimi-K2-1T-A32B,72,1,72,TP72/DP1/EP72,0.9,91,91,31223.891089286968,28170.396693435083,0.9022064742949494,weight
262144,B200,B200x72,Kimi-K2-1T-A32B,72,1,72,TP72/DP1/EP72,0.95,107,107,31223.891089286968,29663.50885974587,0.9500260161336371,kv
524288,B200,B200x72,Kimi-K2-1T-A32B,72,1,72,TP72/DP1/EP72,0.9,26,26,15622.967578761449,14068.203731367073,0.9004821689889448,kv
524288,B200,B200x72,Kimi-K2-1T-A32B,72,1,72,TP72/DP1/EP72,0.95,55,55,15622.967578761449,14852.540347137121,0.9506862426910697,kv
1048576,B200,B200x72,Kimi-K2-1T-A32B,72,1,72,TP72/DP1/EP72,0.9,13,13,7814.242217024345,7034.101865683537,0.9001642987670422,kv
1048576,B200,B200x72,Kimi-K2-1T-A32B,72,1,72,TP72/DP1/EP72,0.95,28,28,7814.242217024345,7432.904696941934,0.9511996800852145,kv
8192,B200,B200x72,DeepSeek-V4-Flash-284B,1,72,72,TP1/DP72/EP72,0.9,102096,1418,1596850.018168605,1437971.8309859156,0.9005052538591548,weight
8192,B200,B200x72,DeepSeek-V4-Flash-284B,1,72,72,TP1/DP72/EP72,0.95,107712,1496,1596850.018168605,1517070.4225352113,0.9500393933521125,weight
16384,B200,B200x72,DeepSeek-V4-Flash-284B,1,72,72,TP1/DP72/EP72,0.9,51048,709,798425.0090843025,718985.9154929578,0.9005052538591548,weight
16384,B200,B200x72,DeepSeek-V4-Flash-284B,1,72,72,TP1/DP72/EP72,0.95,53856,748,798425.0090843025,758535.2112676057,0.9500393933521125,weight
32768,B200,B200x72,DeepSeek-V4-Flash-284B,1,72,72,TP1/DP72/EP72,0.9,25560,355,399212.50454215123,360000.00003938284,0.9017753600986511,weight
32768,B200,B200x72,DeepSeek-V4-Flash-284B,1,72,72,TP1/DP72/EP72,0.95,26928,374,399212.50454215123,379267.605645976,0.9500393933826055,weight
65536,B200,B200x72,DeepSeek-V4-Flash-284B,1,72,72,TP1/DP72/EP72,0.9,12816,178,199606.25227107562,180508.84770960416,0.9043246173695191,weight
65536,B200,B200x72,DeepSeek-V4-Flash-284B,1,72,72,TP1/DP72/EP72,0.95,13464,187,199606.25227107562,189634.8638968481,0.9500447092173955,weight
131072,B200,B200x72,DeepSeek-V4-Flash-284B,1,72,72,TP1/DP72/EP72,0.9,6408,89,99803.12613553781,90536.31346703762,0.9071490741090076,weight
131072,B200,B200x72,DeepSeek-V4-Flash-284B,1,72,72,TP1/DP72/EP72,0.95,6768,94,99803.12613553781,95540.05956461336,0.9572852400922294,weight
262144,B200,B200x72,DeepSeek-V4-Flash-284B,1,72,72,TP1/DP72/EP72,0.9,3024,42,49901.563067768904,45545.769678531244,0.9127122855185464,weight
262144,B200,B200x72,DeepSeek-V4-Flash-284B,1,72,72,TP1/DP72/EP72,0.95,3240,45,49901.563067768904,48210.41805759012,0.9661103799918628,weight
524288,B200,B200x72,DeepSeek-V4-Flash-284B,1,72,72,TP1/DP72/EP72,0.9,936,13,24950.781533884452,22789.572500383703,0.9133811087013161,weight
524288,B200,B200x72,DeepSeek-V4-Flash-284B,1,72,72,TP1/DP72/EP72,0.95,1080,15,24950.781533884452,24163.463153155255,0.9684451415014805,weight
1048576,B200,B200x72,DeepSeek-V4-Flash-284B,1,72,72,TP1/DP72/EP72,0.9,72,1,12475.390766942226,11857.367567433112,0.9504606139354949,weight
1048576,B200,B200x72,DeepSeek-V4-Flash-284B,1,72,72,TP1/DP72/EP72,0.95,72,1,12475.390766942226,11857.367567433112,0.9504606139354949,weight
8192,B200,B200x72,DeepSeek-V4-Flash-284B,2,36,72,TP2/DP36/EP72,0.9,51048,1418,1596331.4020739584,1436757.6695750072,0.9000372151474108,weight
8192,B200,B200x72,DeepSeek-V4-Flash-284B,2,36,72,TP2/DP36/EP72,0.95,53892,1497,1596331.4020739584,1516802.7019420208,0.9501803322113355,weight
16384,B200,B200x72,DeepSeek-V4-Flash-284B,2,36,72,TP2/DP36/EP72,0.9,25560,710,798295.3340030639,719392.0630453138,0.9011603004591191,weight
16384,B200,B200x72,DeepSeek-V4-Flash-284B,2,36,72,TP2/DP36/EP72,0.95,26964,749,798295.3340030639,758907.9650999156,0.9506606549913806,weight
32768,B200,B200x72,DeepSeek-V4-Flash-284B,2,36,72,TP2/DP36/EP72,0.9,12780,355,399180.08313900314,359696.0315619732,0.9010871202126567,weight
32768,B200,B200x72,DeepSeek-V4-Flash-284B,2,36,72,TP2/DP36/EP72,0.95,13500,375,399180.08313900314,379960.5966902864,0.951852591698509,weight
65536,B200,B200x72,DeepSeek-V4-Flash-284B,2,36,72,TP2/DP36/EP72,0.9,6408,178,199598.14659114368,180356.43229869005,0.9035977306349026,weight
65536,B200,B200x72,DeepSeek-V4-Flash-284B,2,36,72,TP2/DP36/EP72,0.95,6768,188,199598.14659114368,190487.910861879,0.9543571126042264,weight
131072,B200,B200x72,DeepSeek-V4-Flash-284B,2,36,72,TP2/DP36/EP72,0.9,3204,89,99801.0996744092,90459.62918479055,0.9063991226540166,weight
131072,B200,B200x72,DeepSeek-V4-Flash-284B,2,36,72,TP2/DP36/EP72,0.95,3384,94,99801.0996744092,95459.20691997571,0.9564945399539838,weight
262144,B200,B200x72,DeepSeek-V4-Flash-284B,2,36,72,TP2/DP36/EP72,0.9,1512,42,49901.056447343384,45504.64776966973,0.9118974829257807,weight
262144,B200,B200x72,DeepSeek-V4-Flash-284B,2,36,72,TP2/DP36/EP72,0.95,1620,45,49901.056447343384,48167.414887063096,0.9652584196867723,weight
524288,B200,B200x72,DeepSeek-V4-Flash-284B,2,36,72,TP2/DP36/EP72,0.9,468,13,24950.65487813514,22756.328462093355,0.9120533538394326,weight
524288,B200,B200x72,DeepSeek-V4-Flash-284B,2,36,72,TP2/DP36/EP72,0.95,540,15,24950.65487813514,24131.06925300297,0.9671517389369049,weight
1048576,B200,B200x72,DeepSeek-V4-Flash-284B,2,36,72,TP2/DP36/EP72,0.9,36,1,12475.359102924529,11741.349651965522,0.9411632607203317,weight
1048576,B200,B200x72,DeepSeek-V4-Flash-284B,2,36,72,TP2/DP36/EP72,0.95,72,2,12475.359102924529,12410.878036415083,0.994831325817761,kv
8192,B200,B200x72,DeepSeek-V4-Flash-284B,4,18,72,TP4/DP18/EP72,0.9,25578,1421,1594777.5730217504,1436159.4609769792,0.9005390377140651,weight
8192,B200,B200x72,DeepSeek-V4-Flash-284B,4,18,72,TP4/DP18/EP72,0.95,27000,1500,1594777.5730217504,1516002.2459292533,0.9506041918163952,weight
16384,B200,B200x72,DeepSeek-V4-Flash-284B,4,18,72,TP4/DP18/EP72,0.9,12798,711,797906.5613682306,718585.064570466,0.9005879878193431,weight
16384,B200,B200x72,DeepSeek-V4-Flash-284B,4,18,72,TP4/DP18/EP72,0.95,13518,751,797906.5613682306,759011.7911285795,0.9512539786952556,weight
32768,B200,B200x72,DeepSeek-V4-Flash-284B,4,18,72,TP4/DP18/EP72,0.9,6408,356,399082.8505184896,359797.86640398577,0.9015618334301645,weight
32768,B200,B200x72,DeepSeek-V4-Flash-284B,4,18,72,TP4/DP18/EP72,0.95,6768,376,399082.8505184896,380011.2296569501,0.9522113745635484,weight
65536,B200,B200x72,DeepSeek-V4-Flash-284B,4,18,72,TP4/DP18/EP72,0.9,3204,178,199573.83350076596,179900.72649533834,0.9014244169171,weight
65536,B200,B200x72,DeepSeek-V4-Flash-284B,4,18,72,TP4/DP18/EP72,0.95,3384,188,199573.83350076596,190006.6081778133,0.9520617249509518,weight
131072,B200,B200x72,DeepSeek-V4-Flash-284B,4,18,72,TP4/DP18/EP72,0.9,1602,89,99795.02078475078,90230.35378186023,0.9041568714783806,weight
131072,B200,B200x72,DeepSeek-V4-Flash-284B,4,18,72,TP4/DP18/EP72,0.95,1692,94,99795.02078475078,95217.46798437156,0.954130448950428,weight
262144,B200,B200x72,DeepSeek-V4-Flash-284B,4,18,72,TP4/DP18/EP72,0.9,756,42,49899.53664778592,45381.726372422316,0.9094618792304144,weight
262144,B200,B200x72,DeepSeek-V4-Flash-284B,4,18,72,TP4/DP18/EP72,0.95,810,45,49899.53664778592,48038.86444736645,0.9627116337060811,weight
524288,B200,B200x72,DeepSeek-V4-Flash-284B,4,18,72,TP4/DP18/EP72,0.9,234,13,24950.2749186023,22657.175744159227,0.9080932301578211,weight
524288,B200,B200x72,DeepSeek-V4-Flash-284B,4,18,72,TP4/DP18/EP72,0.95,270,15,24950.2749186023,24034.406597991143,0.9632922553519317,weight
1048576,B200,B200x72,DeepSeek-V4-Flash-284B,4,18,72,TP4/DP18/EP72,0.9,18,1,12475.264111835846,11406.52952334293,0.9143317064142186,weight
1048576,B200,B200x72,DeepSeek-V4-Flash-284B,4,18,72,TP4/DP18/EP72,0.95,36,2,12475.264111835846,12221.281986191016,0.979641142394423,kv
8192,B200,B200x72,DeepSeek-V4-Flash-284B,8,9,72,TP8/DP9/EP72,0.9,12843,1427,1590648.7790773704,1432571.1098717235,0.9006206327349414,weight
8192,B200,B200x72,DeepSeek-V4-Flash-284B,8,9,72,TP8/DP9/EP72,0.95,13554,1506,1590648.7790773704,1511879.5315114334,0.9504797988078639,weight
16384,B200,B200x72,DeepSeek-V4-Flash-284B,8,9,72,TP8/DP9/EP72,0.9,6435,715,796871.6832031976,717791.4110429449,0.900761598351227,weight
16384,B200,B200x72,DeepSeek-V4-Flash-284B,8,9,72,TP8/DP9/EP72,0.95,6795,755,796871.6832031976,757947.5738984942,0.9511538556016453,weight
32768,B200,B200x72,DeepSeek-V4-Flash-284B,8,9,72,TP8/DP9/EP72,0.9,3222,358,398823.79495705396,359397.6575892377,0.9011439691755058,weight
32768,B200,B200x72,DeepSeek-V4-Flash-284B,8,9,72,TP8/DP9/EP72,0.95,3402,378,398823.79495705396,379475.73899425566,0.9514872076153787,weight
65536,B200,B200x72,DeepSeek-V4-Flash-284B,8,9,72,TP8/DP9/EP72,0.9,1611,179,199509.02754138372,179700.49689769163,0.9007136123723362,weight
65536,B200,B200x72,DeepSeek-V4-Flash-284B,8,9,72,TP8/DP9/EP72,0.95,1701,189,199509.02754138372,189738.7932259352,0.9510286104050008,weight
131072,B200,B200x72,DeepSeek-V4-Flash-284B,8,9,72,TP8/DP9/EP72,0.9,810,90,99778.81403211372,90614.04806072095,0.9081491791589836,weight
131072,B200,B200x72,DeepSeek-V4-Flash-284B,8,9,72,TP8/DP9/EP72,0.95,855,95,99778.81403211372,95571.52750717633,0.9578338691860652,weight
262144,B200,B200x72,DeepSeek-V4-Flash-284B,8,9,72,TP8/DP9/EP72,0.9,378,42,49895.48430151726,45057.15943896554,0.9030308066895626,weight
262144,B200,B200x72,DeepSeek-V4-Flash-284B,8,9,72,TP8/DP9/EP72,0.95,405,45,49895.48430151726,47699.394117259704,0.955986193640558,weight
524288,B200,B200x72,DeepSeek-V4-Flash-284B,8,9,72,TP8/DP9/EP72,0.9,126,14,24949.261749755176,23086.462108869902,0.9253364825152169,weight
524288,B200,B200x72,DeepSeek-V4-Flash-284B,8,9,72,TP8/DP9/EP72,0.95,135,15,24949.261749755176,23780.385507174957,0.9531498665449815,weight
1048576,B200,B200x72,DeepSeek-V4-Flash-284B,8,9,72,TP8/DP9/EP72,0.9,18,2,12475.010809338053,11742.904175313271,0.9413141483230804,kv
1048576,B200,B200x72,DeepSeek-V4-Flash-284B,8,9,72,TP8/DP9/EP72,0.95,27,3,12475.010809338053,11977.318344643898,0.9601048470177186,kv
8192,B200,B200x72,DeepSeek-V4-Flash-284B,12,6,72,TP12/DP6/EP72,0.9,8598,1433,1585768.5171029284,1427239.769311174,0.9000303347670355,weight
8192,B200,B200x72,DeepSeek-V4-Flash-284B,12,6,72,TP12/DP6/EP72,0.95,9078,1513,1585768.5171029284,1506918.1932783015,0.9502762711113221,weight
16384,B200,B200x72,DeepSeek-V4-Flash-284B,12,6,72,TP12/DP6/EP72,0.9,4314,719,795644.9876990892,716109.8354045597,0.9000368838814209,weight
16384,B200,B200x72,DeepSeek-V4-Flash-284B,12,6,72,TP12/DP6/EP72,0.95,4554,759,795644.9876990892,755949.0473881236,0.9501084768650883,weight
32768,B200,B200x72,DeepSeek-V4-Flash-284B,12,6,72,TP12/DP6/EP72,0.9,2166,361,398516.2871225202,359548.88817789155,0.9022188045914207,weight
32768,B200,B200x72,DeepSeek-V4-Flash-284B,12,6,72,TP12/DP6/EP72,0.95,2286,381,398516.2871225202,379468.4941510593,0.9522032258480697,weight
65536,B200,B200x72,DeepSeek-V4-Flash-284B,12,6,72,TP12/DP6/EP72,0.9,1086,181,199432.0460103132,180273.89341515032,0.903936438609409,weight
65536,B200,B200x72,DeepSeek-V4-Flash-284B,12,6,72,TP12/DP6/EP72,0.95,1146,191,199432.0460103132,190233.04478670223,0.9538740066722513,weight
131072,B200,B200x72,DeepSeek-V4-Flash-284B,12,6,72,TP12/DP6/EP72,0.9,540,90,99759.55555724657,89896.77236075501,0.9011344513174797,weight
131072,B200,B200x72,DeepSeek-V4-Flash-284B,12,6,72,TP12/DP6/EP72,0.95,570,95,99759.55555724657,94815.61110936454,0.9504413946086101,weight
262144,B200,B200x72,DeepSeek-V4-Flash-284B,12,6,72,TP12/DP6/EP72,0.9,258,43,49890.66804500183,45547.38636889412,0.9129440064384379,weight
262144,B200,B200x72,DeepSeek-V4-Flash-284B,12,6,72,TP12/DP6/EP72,0.95,276,46,49890.66804500183,48186.36205153441,0.9658391827519702,weight
524288,B200,B200x72,DeepSeek-V4-Flash-284B,12,6,72,TP12/DP6/EP72,0.9,84,14,24948.057480821033,22788.65366127721,0.913444009770946,weight
524288,B200,B200x72,DeepSeek-V4-Flash-284B,12,6,72,TP12/DP6/EP72,0.95,96,16,24948.057480821033,24186.339250234967,0.9694678340719857,weight
1048576,B200,B200x72,DeepSeek-V4-Flash-284B,12,6,72,TP12/DP6/EP72,0.9,18,3,12474.709716498826,11609.986115513644,0.9306818659001328,kv
1048576,B200,B200x72,DeepSeek-V4-Flash-284B,12,6,72,TP12/DP6/EP72,0.95,30,5,12474.709716498826,11941.3290579198,0.9572430404634116,kv
8192,B200,B200x72,DeepSeek-V4-Flash-284B,18,4,72,TP18/DP4/EP72,0.9,5780,1445,1577614.907540122,1420307.1804561063,0.900287626383237,weight
8192,B200,B200x72,DeepSeek-V4-Flash-284B,18,4,72,TP18/DP4/EP72,0.95,6100,1525,1577614.907540122,1498940.1039415654,0.9501305399546272,weight
16384,B200,B200x72,DeepSeek-V4-Flash-284B,18,4,72,TP18/DP4/EP72,0.9,2908,727,793587.093486651,714576.6921741102,0.9004389033528684,weight
16384,B200,B200x72,DeepSeek-V4-Flash-284B,18,4,72,TP18/DP4/EP72,0.95,3072,768,793587.093486651,754876.065460408,0.9512201895116958,weight
32768,B200,B200x72,DeepSeek-V4-Flash-284B,18,4,72,TP18/DP4/EP72,0.9,1460,365,397999.3501952822,358762.7134223585,0.9014153245384148,weight
32768,B200,B200x72,DeepSeek-V4-Flash-284B,18,4,72,TP18/DP4/EP72,0.95,1540,385,397999.3501952822,378420.9442795607,0.9508079450227365,weight
65536,B200,B200x72,DeepSeek-V4-Flash-284B,18,4,72,TP18/DP4/EP72,0.9,732,183,199302.5021560141,179874.07532854372,0.9025178980830768,weight
65536,B200,B200x72,DeepSeek-V4-Flash-284B,18,4,72,TP18/DP4/EP72,0.95,772,193,199302.5021560141,189702.6264163938,0.9518326381466826,weight
131072,B200,B200x72,DeepSeek-V4-Flash-284B,18,4,72,TP18/DP4/EP72,0.9,368,92,99727.1307839424,90654.00646932333,0.909020501810326,weight
131072,B200,B200x72,DeepSeek-V4-Flash-284B,18,4,72,TP18/DP4/EP72,0.95,388,97,99727.1307839424,95514.97442819501,0.957763185177031,weight
262144,B200,B200x72,DeepSeek-V4-Flash-284B,18,4,72,TP18/DP4/EP72,0.9,172,43,49882.55699375765,44912.30493608537,0.9003609205860424,weight
262144,B200,B200x72,DeepSeek-V4-Flash-284B,18,4,72,TP18/DP4/EP72,0.95,184,46,49882.55699375765,47521.81098882412,0.9526739175534055,weight
524288,B200,B200x72,DeepSeek-V4-Flash-284B,18,4,72,TP18/DP4/EP72,0.9,60,15,24946.02911035073,23004.498484944703,0.9221707544388121,weight
524288,B200,B200x72,DeepSeek-V4-Flash-284B,18,4,72,TP18/DP4/EP72,0.95,64,16,24946.02911035073,23707.915647241283,0.95036831482748,weight
1048576,B200,B200x72,DeepSeek-V4-Flash-284B,18,4,72,TP18/DP4/EP72,0.9,16,4,12474.202547897607,11366.682226889507,0.9112151404664532,kv
1048576,B200,B200x72,DeepSeek-V4-Flash-284B,18,4,72,TP18/DP4/EP72,0.95,32,8,12474.202547897607,11895.257810911844,0.9535886374489456,kv
8192,B200,B200x72,DeepSeek-V4-Flash-284B,24,3,72,TP24/DP3/EP72,0.9,4374,1458,1568807.968498326,1412844.4513152763,0.9005846985005188,weight
8192,B200,B200x72,DeepSeek-V4-Flash-284B,24,3,72,TP24/DP3/EP72,0.95,4617,1539,1568807.968498326,1491335.8097216804,0.9506171817505475,weight
16384,B200,B200x72,DeepSeek-V4-Flash-284B,24,3,72,TP24/DP3/EP72,0.9,2205,735,791352.3961055679,712236.4003544088,0.9000243176863966,weight
16384,B200,B200x72,DeepSeek-V4-Flash-284B,24,3,72,TP24/DP3/EP72,0.95,2328,776,791352.3961055679,751966.5941156751,0.9502297558158418,weight
32768,B200,B200x72,DeepSeek-V4-Flash-284B,24,3,72,TP24/DP3/EP72,0.9,1110,370,397436.48512479087,358540.7729817611,0.9021335141618492,weight
32768,B200,B200x72,DeepSeek-V4-Flash-284B,24,3,72,TP24/DP3/EP72,0.95,1170,390,397436.48512479087,377921.3552942217,0.9508974878729576,weight
65536,B200,B200x72,DeepSeek-V4-Flash-284B,24,3,72,TP24/DP3/EP72,0.9,555,185,199161.2575689444,179271.4770730949,0.9001322810538883,weight
65536,B200,B200x72,DeepSeek-V4-Flash-284B,24,3,72,TP24/DP3/EP72,0.95,588,196,199161.2575689444,189930.2748657492,0.9536507109069661,weight
131072,B200,B200x72,DeepSeek-V4-Flash-284B,24,3,72,TP24/DP3/EP72,0.9,279,93,99691.75331480757,90327.97212347829,0.9060726601752078,weight
131072,B200,B200x72,DeepSeek-V4-Flash-284B,24,3,72,TP24/DP3/EP72,0.95,294,98,99691.75331480757,95123.68525784774,0.9541780748650819,weight
262144,B200,B200x72,DeepSeek-V4-Flash-284B,24,3,72,TP24/DP3/EP72,0.9,132,44,49873.70431844652,45093.7808703253,0.9041594460760097,weight
262144,B200,B200x72,DeepSeek-V4-Flash-284B,24,3,72,TP24/DP3/EP72,0.95,141,47,49873.70431844652,47585.11177367549,0.9541122405875803,kv
524288,B200,B200x72,DeepSeek-V4-Flash-284B,24,3,72,TP24/DP3/EP72,0.9,45,15,24943.814901908816,22501.5221424881,0.9020882423548684,weight
524288,B200,B200x72,DeepSeek-V4-Flash-284B,24,3,72,TP24/DP3/EP72,0.95,66,22,24943.814901908816,23717.48936102701,0.9508364880951725,kv
1048576,B200,B200x72,DeepSeek-V4-Flash-284B,24,3,72,TP24/DP3/EP72,0.9,18,6,12473.648865765865,11389.597664274455,0.913092695396725,kv
1048576,B200,B200x72,DeepSeek-V4-Flash-284B,24,3,72,TP24/DP3/EP72,0.95,33,11,12473.648865765865,11858.744680513504,0.950703744199504,kv
8192,B200,B200x72,DeepSeek-V4-Flash-284B,36,2,72,TP36/DP2/EP72,0.9,2968,1484,1549989.3584824756,1395182.689343731,0.9001240438900117,weight
8192,B200,B200x72,DeepSeek-V4-Flash-284B,36,2,72,TP36/DP2/EP72,0.95,3134,1567,1549989.3584824756,1473215.1443407184,0.9504679088784691,weight
16384,B200,B200x72,DeepSeek-V4-Flash-284B,36,2,72,TP36/DP2/EP72,0.9,1506,753,786535.3896416312,707932.9953341167,0.9000650252453002,weight
16384,B200,B200x72,DeepSeek-V4-Flash-284B,36,2,72,TP36/DP2/EP72,0.95,1808,904,786535.3896416312,747244.57398793,0.9500457116473764,kv
32768,B200,B200x72,DeepSeek-V4-Flash-284B,36,2,72,TP36/DP2/EP72,0.9,760,380,396217.8021132594,357257.0228849923,0.9016682768404987,weight
32768,B200,B200x72,DeepSeek-V4-Flash-284B,36,2,72,TP36/DP2/EP72,0.95,1022,511,396217.8021132594,376408.1513900912,0.9500031280333397,kv
65536,B200,B200x72,DeepSeek-V4-Flash-284B,36,2,72,TP36/DP2/EP72,0.9,382,191,198854.75798741973,179569.38106461152,0.9030177747920506,weight
65536,B200,B200x72,DeepSeek-V4-Flash-284B,36,2,72,TP36/DP2/EP72,0.95,548,274,198854.75798741973,188932.76444809747,0.9501043191536309,kv
131072,B200,B200x72,DeepSeek-V4-Flash-284B,36,2,72,TP36/DP2/EP72,0.9,192,96,99614.89823656924,90421.06771920757,0.9077062700447898,weight
131072,B200,B200x72,DeepSeek-V4-Flash-284B,36,2,72,TP36/DP2/EP72,0.95,284,142,99614.89823656924,94644.58302040273,0.9501047001587773,kv
262144,B200,B200x72,DeepSeek-V4-Flash-284B,36,2,72,TP36/DP2/EP72,0.9,92,46,49854.46167660294,45353.664210047034,0.9097212703699062,weight
262144,B200,B200x72,DeepSeek-V4-Flash-284B,36,2,72,TP36/DP2/EP72,0.95,146,73,49854.46167660294,47389.39904058187,0.9505548239190407,kv
524288,B200,B200x72,DeepSeek-V4-Flash-284B,36,2,72,TP36/DP2/EP72,0.9,36,18,24939.000626175515,22529.029696121816,0.903365376737501,kv
524288,B200,B200x72,DeepSeek-V4-Flash-284B,36,2,72,TP36/DP2/EP72,0.95,74,37,24939.000626175515,23710.83005935787,0.9507530159196284,kv
1048576,B200,B200x72,DeepSeek-V4-Flash-284B,36,2,72,TP36/DP2/EP72,0.9,18,9,12472.444844532967,11264.514848060908,0.9031521075836603,kv
1048576,B200,B200x72,DeepSeek-V4-Flash-284B,36,2,72,TP36/DP2/EP72,0.95,38,19,12472.444844532967,11870.939687535512,0.9517732758496734,kv
8192,B200,B200x72,DeepSeek-V4-Flash-284B,72,1,72,TP72/DP1/EP72,0.9,1570,1570,1489374.5725758297,1340495.3224590174,0.9000390815996475,weight
8192,B200,B200x72,DeepSeek-V4-Flash-284B,72,1,72,TP72/DP1/EP72,0.95,2299,2299,1489374.5725758297,1414937.1410560273,0.9500210135915876,kv
16384,B200,B200x72,DeepSeek-V4-Flash-284B,72,1,72,TP72/DP1/EP72,0.9,978,978,770620.4598362995,693612.4558751695,0.9000701279362754,kv
16384,B200,B200x72,DeepSeek-V4-Flash-284B,72,1,72,TP72/DP1/EP72,0.95,1631,1631,770620.4598362995,732089.5809254575,0.9500001869674898,kv
32768,B200,B200x72,DeepSeek-V4-Flash-284B,72,1,72,TP72/DP1/EP72,0.9,564,564,392138.18836532504,352967.87052135635,0.9001109328136215,kv
32768,B200,B200x72,DeepSeek-V4-Flash-284B,72,1,72,TP72/DP1/EP72,0.95,1032,1032,392138.18836532504,372538.01170023176,0.9500171693381892,kv
65536,B200,B200x72,DeepSeek-V4-Flash-284B,72,1,72,TP72/DP1/EP72,0.9,306,306,197821.86293257785,178102.0749299698,0.900315426665813,kv
65536,B200,B200x72,DeepSeek-V4-Flash-284B,72,1,72,TP72/DP1/EP72,0.95,595,595,197821.86293257785,187936.30234884372,0.9500279673986118,kv
131072,B200,B200x72,DeepSeek-V4-Flash-284B,72,1,72,TP72/DP1/EP72,0.9,160,160,99355.02589448226,89472.75100037399,0.9005357322879316,kv
131072,B200,B200x72,DeepSeek-V4-Flash-284B,72,1,72,TP72/DP1/EP72,0.95,322,322,99355.02589448226,94388.0280700012,0.9500075836147821,kv
262144,B200,B200x72,DeepSeek-V4-Flash-284B,72,1,72,TP72/DP1/EP72,0.9,82,82,49789.28595426995,44849.601634694816,0.9007882072437814,kv
262144,B200,B200x72,DeepSeek-V4-Flash-284B,72,1,72,TP72/DP1/EP72,0.95,168,168,49789.28595426995,47300.94926203406,0.9500226475527013,kv
524288,B200,B200x72,DeepSeek-V4-Flash-284B,72,1,72,TP72/DP1/EP72,0.9,42,42,24922.68064240194,22478.985094768017,0.9019489282594919,kv
524288,B200,B200x72,DeepSeek-V4-Flash-284B,72,1,72,TP72/DP1/EP72,0.95,86,86,24922.68064240194,23679.173170314858,0.9501053883436819,kv
1048576,B200,B200x72,DeepSeek-V4-Flash-284B,72,1,72,TP72/DP1/EP72,0.9,21,21,12468.361585753548,11239.492547384009,0.9014410169357251,kv
1048576,B200,B200x72,DeepSeek-V4-Flash-284B,72,1,72,TP72/DP1/EP72,0.95,44,44,12468.361585753548,11853.316138639879,0.9506715102153899,kv
8192,B200,B200x72,DeepSeek-V4-Pro-1.6T,1,72,72,TP1/DP72/EP72,0.9,265464,3687,737280.0,663660.0,0.900146484375,weight
8192,B200,B200x72,DeepSeek-V4-Pro-1.6T,1,72,72,TP1/DP72/EP72,0.95,280224,3892,737280.0,700560.0,0.9501953125,weight
16384,B200,B200x72,DeepSeek-V4-Pro-1.6T,1,72,72,TP1/DP72/EP72,0.9,265464,3687,737280.0,663660.0,0.900146484375,weight
16384,B200,B200x72,DeepSeek-V4-Pro-1.6T,1,72,72,TP1/DP72/EP72,0.95,280224,3892,737280.0,700560.0,0.9501953125,weight
32768,B200,B200x72,DeepSeek-V4-Pro-1.6T,1,72,72,TP1/DP72/EP72,0.9,143784,1997,399212.50454215123,359460.0000000076,0.900422696960019,weight
32768,B200,B200x72,DeepSeek-V4-Pro-1.6T,1,72,72,TP1/DP72/EP72,0.95,151704,2107,399212.50454215123,379260.00000000146,0.9500203417600035,weight
65536,B200,B200x72,DeepSeek-V4-Pro-1.6T,1,72,72,TP1/DP72/EP72,0.9,71928,999,199606.25227107562,179820.02557022142,0.9008737127433089,weight
65536,B200,B200x72,DeepSeek-V4-Pro-1.6T,1,72,72,TP1/DP72/EP72,0.95,75888,1054,199606.25227107562,189720.0113459594,0.9504712862817034,weight
131072,B200,B200x72,DeepSeek-V4-Pro-1.6T,1,72,72,TP1/DP72/EP72,0.9,35928,499,99803.12613553781,89853.58490372989,0.900308320820573,weight
131072,B200,B200x72,DeepSeek-V4-Pro-1.6T,1,72,72,TP1/DP72/EP72,0.95,37944,527,99803.12613553781,94882.81877836862,0.950699867351979,weight
262144,B200,B200x72,DeepSeek-V4-Pro-1.6T,1,72,72,TP1/DP72/EP72,0.9,17640,245,49901.563067768904,45018.79018959812,0.9021519051108734,weight
262144,B200,B200x72,DeepSeek-V4-Pro-1.6T,1,72,72,TP1/DP72/EP72,0.95,18720,260,49901.563067768904,47566.536234733525,0.9532073408228858,weight
524288,B200,B200x72,DeepSeek-V4-Pro-1.6T,1,72,72,TP1/DP72/EP72,0.9,7200,100,24950.781533884452,22506.5995658606,0.9020398633724348,weight
524288,B200,B200x72,DeepSeek-V4-Pro-1.6T,1,72,72,TP1/DP72/EP72,0.95,7848,109,24950.781533884452,23746.523277926222,0.9517346478977909,weight
1048576,B200,B200x72,DeepSeek-V4-Pro-1.6T,1,72,72,TP1/DP72/EP72,0.9,1008,14,12475.390766942226,11238.15747827075,0.9008260893959374,weight
1048576,B200,B200x72,DeepSeek-V4-Pro-1.6T,1,72,72,TP1/DP72/EP72,0.95,1296,18,12475.390766942226,11929.452252357025,0.9562387643975169,weight
8192,B200,B200x72,DeepSeek-V4-Pro-1.6T,2,36,72,TP2/DP36/EP72,0.9,132732,3687,737169.424586312,663560.4659301104,0.900146484375,weight
8192,B200,B200x72,DeepSeek-V4-Pro-1.6T,2,36,72,TP2/DP36/EP72,0.95,140112,3892,737169.424586312,700454.9317602359,0.9501953125,weight
16384,B200,B200x72,DeepSeek-V4-Pro-1.6T,2,36,72,TP2/DP36/EP72,0.9,132732,3687,737169.424586312,663560.4659301104,0.900146484375,weight
16384,B200,B200x72,DeepSeek-V4-Pro-1.6T,2,36,72,TP2/DP36/EP72,0.95,140112,3892,737169.424586312,700454.9317602359,0.9501953125,weight
32768,B200,B200x72,DeepSeek-V4-Pro-1.6T,2,36,72,TP2/DP36/EP72,0.9,71892,1997,399180.08313900314,359406.0890866446,0.9003607751679625,weight
32768,B200,B200x72,DeepSeek-V4-Pro-1.6T,2,36,72,TP2/DP36/EP72,0.95,75888,2108,399180.08313900314,379383.09253612097,0.9504058658257546,weight
65536,B200,B200x72,DeepSeek-V4-Pro-1.6T,2,36,72,TP2/DP36/EP72,0.9,35964,999,199598.14659114368,179793.05660789527,0.9007751809248153,weight
65536,B200,B200x72,DeepSeek-V4-Pro-1.6T,2,36,72,TP2/DP36/EP72,0.95,37944,1054,199598.14659114368,189691.55761061618,0.9503673298088277,weight
131072,B200,B200x72,DeepSeek-V4-Pro-1.6T,2,36,72,TP2/DP36/EP72,0.9,17964,499,99801.0996744092,89840.10384928937,0.9001915223618122,weight
131072,B200,B200x72,DeepSeek-V4-Pro-1.6T,2,36,72,TP2/DP36/EP72,0.95,18972,527,99801.0996744092,94868.58506748197,0.9505765505288113,weight
262144,B200,B200x72,DeepSeek-V4-Pro-1.6T,2,36,72,TP2/DP36/EP72,0.9,8820,245,49901.056447343384,45011.89773660411,0.9020229418209128,weight
262144,B200,B200x72,DeepSeek-V4-Pro-1.6T,2,36,72,TP2/DP36/EP72,0.95,9360,260,49901.056447343384,47559.28549602569,0.9530717159507679,weight
524288,B200,B200x72,DeepSeek-V4-Pro-1.6T,2,36,72,TP2/DP36/EP72,0.9,3600,100,24950.65487813514,22502.379132223865,0.9018752911348729,weight
524288,B200,B200x72,DeepSeek-V4-Pro-1.6T,2,36,72,TP2/DP36/EP72,0.95,3924,109,24950.65487813514,23742.21291850926,0.9515667237782657,weight
1048576,B200,B200x72,DeepSeek-V4-Pro-1.6T,2,36,72,TP2/DP36/EP72,0.9,504,14,12475.359102924529,11230.644873766349,0.9002261803536871,weight
1048576,B200,B200x72,DeepSeek-V4-Pro-1.6T,2,36,72,TP2/DP36/EP72,0.95,648,18,12475.359102924529,11922.867378417117,0.9557133610384093,weight
8192,B200,B200x72,DeepSeek-V4-Pro-1.6T,4,18,72,TP4/DP18/EP72,0.9,66366,3687,736837.897261643,663262.0427743354,0.900146484375,weight
8192,B200,B200x72,DeepSeek-V4-Pro-1.6T,4,18,72,TP4/DP18/EP72,0.95,70056,3892,736837.897261643,700139.9160503697,0.9501953125,weight
16384,B200,B200x72,DeepSeek-V4-Pro-1.6T,4,18,72,TP4/DP18/EP72,0.9,66366,3687,736837.897261643,663262.0427743354,0.900146484375,weight
16384,B200,B200x72,DeepSeek-V4-Pro-1.6T,4,18,72,TP4/DP18/EP72,0.95,70056,3892,736837.897261643,700139.9160503697,0.9501953125,weight
32768,B200,B200x72,DeepSeek-V4-Pro-1.6T,4,18,72,TP4/DP18/EP72,0.9,35946,1997,399082.8505184896,359244.4533280108,0.9001751211841835,weight
32768,B200,B200x72,DeepSeek-V4-Pro-1.6T,4,18,72,TP4/DP18/EP72,0.95,37944,2108,399082.8505184896,379212.4725164915,0.9502098925669633,weight
65536,B200,B200x72,DeepSeek-V4-Pro-1.6T,4,18,72,TP4/DP18/EP72,0.9,17982,999,199573.83350076596,179712.19823594688,0.9004797627202824,weight
65536,B200,B200x72,DeepSeek-V4-Pro-1.6T,4,18,72,TP4/DP18/EP72,0.95,18972,1054,199573.83350076596,189606.24759060153,0.9500556473996569,weight
131072,B200,B200x72,DeepSeek-V4-Pro-1.6T,4,18,72,TP4/DP18/EP72,0.9,9000,500,99795.02078475078,89979.11885643571,0.9016393618526608,weight
131072,B200,B200x72,DeepSeek-V4-Pro-1.6T,4,18,72,TP4/DP18/EP72,0.95,9486,527,99795.02078475078,94825.90954629413,0.9502068219498185,weight
262144,B200,B200x72,DeepSeek-V4-Pro-1.6T,4,18,72,TP4/DP18/EP72,0.9,4410,245,49899.53664778592,44991.233034763245,0.9016362887762314,weight
262144,B200,B200x72,DeepSeek-V4-Pro-1.6T,4,18,72,TP4/DP18/EP72,0.95,4680,260,49899.53664778592,47537.54653691483,0.9526650893064776,weight
524288,B200,B200x72,DeepSeek-V4-Pro-1.6T,4,18,72,TP4/DP18/EP72,0.9,1800,100,24950.2749186023,22489.72732295383,0.9013819445406612,weight
524288,B200,B200x72,DeepSeek-V4-Pro-1.6T,4,18,72,TP4/DP18/EP72,0.95,1962,109,24950.2749186023,23729.29122390735,0.9510633169903625,weight
1048576,B200,B200x72,DeepSeek-V4-Pro-1.6T,4,18,72,TP4/DP18/EP72,0.9,270,15,12475.264111835846,11394.455198773003,0.9133638451760367,weight
1048576,B200,B200x72,DeepSeek-V4-Pro-1.6T,4,18,72,TP4/DP18/EP72,0.95,324,18,12475.264111835846,11903.156301477244,0.9541406253823662,weight
8192,B200,B200x72,DeepSeek-V4-Pro-1.6T,8,9,72,TP8/DP9/EP72,0.9,33183,3687,735955.2804951088,662467.5583948891,0.9001464843749999,weight
8192,B200,B200x72,DeepSeek-V4-Pro-1.6T,8,9,72,TP8/DP9/EP72,0.95,35028,3892,735955.2804951088,699301.257736075,0.9501953124999999,weight
16384,B200,B200x72,DeepSeek-V4-Pro-1.6T,8,9,72,TP8/DP9/EP72,0.9,33183,3687,735955.2804951088,662467.5583948891,0.9001464843749999,weight
16384,B200,B200x72,DeepSeek-V4-Pro-1.6T,8,9,72,TP8/DP9/EP72,0.95,35028,3892,735955.2804951088,699301.257736075,0.9501953124999999,weight
32768,B200,B200x72,DeepSeek-V4-Pro-1.6T,8,9,72,TP8/DP9/EP72,0.9,17982,1998,398823.79495705396,358993.8111399556,0.9001313755078547,weight
32768,B200,B200x72,DeepSeek-V4-Pro-1.6T,8,9,72,TP8/DP9/EP72,0.95,18981,2109,398823.79495705396,378937.9117588355,0.9501386741471636,weight
65536,B200,B200x72,DeepSeek-V4-Pro-1.6T,8,9,72,TP8/DP9/EP72,0.9,9000,1000,199509.02754138372,179676.60725754785,0.9005938702211254,weight
65536,B200,B200x72,DeepSeek-V4-Pro-1.6T,8,9,72,TP8/DP9/EP72,0.95,9495,1055,199509.02754138372,189558.8053096314,0.9501264561590409,weight
131072,B200,B200x72,DeepSeek-V4-Pro-1.6T,8,9,72,TP8/DP9/EP72,0.9,4500,500,99778.81403211372,89871.2983199915,0.9007052167513888,weight
131072,B200,B200x72,DeepSeek-V4-Pro-1.6T,8,9,72,TP8/DP9/EP72,0.95,4752,528,99778.81403211372,94891.65934102742,0.9510201164596588,weight
262144,B200,B200x72,DeepSeek-V4-Pro-1.6T,8,9,72,TP8/DP9/EP72,0.9,2205,245,49895.48430151726,44936.2198119806,0.9006069475231878,weight
262144,B200,B200x72,DeepSeek-V4-Pro-1.6T,8,9,72,TP8/DP9/EP72,0.95,2340,260,49895.48430151726,47479.67301984462,0.9515825667294068,weight
524288,B200,B200x72,DeepSeek-V4-Pro-1.6T,8,9,72,TP8/DP9/EP72,0.9,900,100,24949.261749755176,22456.05861395542,0.9000690617298839,weight
524288,B200,B200x72,DeepSeek-V4-Pro-1.6T,8,9,72,TP8/DP9/EP72,0.95,990,110,24949.261749755176,23834.13096112532,0.9553040566965554,weight
1048576,B200,B200x72,DeepSeek-V4-Pro-1.6T,8,9,72,TP8/DP9/EP72,0.9,135,15,12475.010809338053,11337.042123854399,0.9087801443320723,weight
1048576,B200,B200x72,DeepSeek-V4-Pro-1.6T,8,9,72,TP8/DP9/EP72,0.95,171,19,12475.010809338053,12009.354117967314,0.9626728426541983,weight
8192,B200,B200x72,DeepSeek-V4-Pro-1.6T,12,6,72,TP12/DP6/EP72,0.9,22122,3687,734908.8414258359,661525.6099455706,0.9001464843750001,weight
8192,B200,B200x72,DeepSeek-V4-Pro-1.6T,12,6,72,TP12/DP6/EP72,0.95,23352,3892,734908.8414258359,698306.9362376351,0.9501953125000001,weight
16384,B200,B200x72,DeepSeek-V4-Pro-1.6T,12,6,72,TP12/DP6/EP72,0.9,22122,3687,734908.8414258359,661525.6099455706,0.9001464843750001,weight
16384,B200,B200x72,DeepSeek-V4-Pro-1.6T,12,6,72,TP12/DP6/EP72,0.95,23352,3892,734908.8414258359,698306.9362376351,0.9501953125000001,weight
32768,B200,B200x72,DeepSeek-V4-Pro-1.6T,12,6,72,TP12/DP6/EP72,0.9,12000,2000,398516.2871225202,358842.2077274662,0.9004455258741869,weight
32768,B200,B200x72,DeepSeek-V4-Pro-1.6T,12,6,72,TP12/DP6/EP72,0.95,12666,2111,398516.2871225202,378757.95025633427,0.9504202525601886,weight
65536,B200,B200x72,DeepSeek-V4-Pro-1.6T,12,6,72,TP12/DP6/EP72,0.9,6006,1001,199432.0460103132,179600.5496351573,0.9005601317747582,weight
65536,B200,B200x72,DeepSeek-V4-Pro-1.6T,12,6,72,TP12/DP6/EP72,0.95,6336,1056,199432.0460103132,189468.6966243916,0.9500413820885818,weight
131072,B200,B200x72,DeepSeek-V4-Pro-1.6T,12,6,72,TP12/DP6/EP72,0.9,3006,501,99759.55555724657,89922.43680449252,0.9013917143294703,weight
131072,B200,B200x72,DeepSeek-V4-Pro-1.6T,12,6,72,TP12/DP6/EP72,0.95,3174,529,99759.55555724657,94935.81640536444,0.9516463448043928,weight
262144,B200,B200x72,DeepSeek-V4-Pro-1.6T,12,6,72,TP12/DP6/EP72,0.9,1476,246,49890.66804500183,45039.53227356687,0.9027646659880522,weight
262144,B200,B200x72,DeepSeek-V4-Pro-1.6T,12,6,72,TP12/DP6/EP72,0.95,1560,260,49890.66804500183,47411.060552419454,0.9502991723753679,weight
524288,B200,B200x72,DeepSeek-V4-Pro-1.6T,12,6,72,TP12/DP6/EP72,0.9,606,101,24948.057480821033,22552.458213063004,0.9039765212341818,weight
524288,B200,B200x72,DeepSeek-V4-Pro-1.6T,12,6,72,TP12/DP6/EP72,0.95,660,110,24948.057480821033,23793.275523602464,0.9537125502413839,weight
1048576,B200,B200x72,DeepSeek-V4-Pro-1.6T,12,6,72,TP12/DP6/EP72,0.9,90,15,12474.709716498826,11269.542124549484,0.9033911313899826,weight
1048576,B200,B200x72,DeepSeek-V4-Pro-1.6T,12,6,72,TP12/DP6/EP72,0.95,114,19,12474.709716498826,11949.49852660195,0.9578979229310449,weight
8192,B200,B200x72,DeepSeek-V4-Pro-1.6T,18,4,72,TP18/DP4/EP72,0.9,14748,3687,733152.7905956344,659944.9069643809,0.900146484375,weight
8192,B200,B200x72,DeepSeek-V4-Pro-1.6T,18,4,72,TP18/DP4/EP72,0.95,15568,3892,733152.7905956344,696638.3449702659,0.9501953125,weight
16384,B200,B200x72,DeepSeek-V4-Pro-1.6T,18,4,72,TP18/DP4/EP72,0.9,14748,3687,733152.7905956344,659944.9069643809,0.900146484375,weight
16384,B200,B200x72,DeepSeek-V4-Pro-1.6T,18,4,72,TP18/DP4/EP72,0.95,15568,3892,733152.7905956344,696638.3449702659,0.9501953125,weight
32768,B200,B200x72,DeepSeek-V4-Pro-1.6T,18,4,72,TP18/DP4/EP72,0.9,8008,2002,397999.3501952822,358342.74579406466,0.9003601277696568,weight
32768,B200,B200x72,DeepSeek-V4-Pro-1.6T,18,4,72,TP18/DP4/EP72,0.95,8452,2113,397999.3501952822,378210.9000313918,0.9502801947938333,weight
65536,B200,B200x72,DeepSeek-V4-Pro-1.6T,18,4,72,TP18/DP4/EP72,0.9,4012,1003,199302.5021560141,179529.38149422276,0.9007883972961217,weight
65536,B200,B200x72,DeepSeek-V4-Pro-1.6T,18,4,72,TP18/DP4/EP72,0.95,4232,1058,199302.5021560141,189373.94916079522,0.950183500518991,weight
131072,B200,B200x72,DeepSeek-V4-Pro-1.6T,18,4,72,TP18/DP4/EP72,0.9,2008,502,99727.1307839424,89886.04227922279,0.9013198471934363,weight
131072,B200,B200x72,DeepSeek-V4-Pro-1.6T,18,4,72,TP18/DP4/EP72,0.95,2120,530,99727.1307839424,94887.60669767049,0.9514723420975915,weight
262144,B200,B200x72,DeepSeek-V4-Pro-1.6T,18,4,72,TP18/DP4/EP72,0.9,984,246,49882.55699375765,44929.71731114628,0.9007099879977851,weight
262144,B200,B200x72,DeepSeek-V4-Pro-1.6T,18,4,72,TP18/DP4/EP72,0.95,1044,261,49882.55699375765,47465.75674564006,0.9515501932184424,weight
524288,B200,B200x72,DeepSeek-V4-Pro-1.6T,18,4,72,TP18/DP4/EP72,0.9,404,101,24946.02911035073,22485.432287344855,0.9013631864165141,weight
524288,B200,B200x72,DeepSeek-V4-Pro-1.6T,18,4,72,TP18/DP4/EP72,0.95,440,110,24946.02911035073,23724.768893360957,0.9510439031563929,weight
1048576,B200,B200x72,DeepSeek-V4-Pro-1.6T,18,4,72,TP18/DP4/EP72,0.9,64,16,12474.202547897607,11342.214282047342,0.9092536567765569,weight
1048576,B200,B200x72,DeepSeek-V4-Pro-1.6T,18,4,72,TP18/DP4/EP72,0.95,80,20,12474.202547897607,12007.569570159152,0.9625921596232939,weight
8192,B200,B200x72,DeepSeek-V4-Pro-1.6T,24,3,72,TP24/DP3/EP72,0.9,11061,3687,731245.0836824625,658227.6912932713,0.900146484375,weight
8192,B200,B200x72,DeepSeek-V4-Pro-1.6T,24,3,72,TP24/DP3/EP72,0.95,11676,3892,731245.0836824625,694825.6508037461,0.9501953125,weight
16384,B200,B200x72,DeepSeek-V4-Pro-1.6T,24,3,72,TP24/DP3/EP72,0.9,11061,3687,731245.0836824625,658227.6912932713,0.900146484375,weight
16384,B200,B200x72,DeepSeek-V4-Pro-1.6T,24,3,72,TP24/DP3/EP72,0.95,11676,3892,731245.0836824625,694825.6508037461,0.9501953125,weight
32768,B200,B200x72,DeepSeek-V4-Pro-1.6T,24,3,72,TP24/DP3/EP72,0.9,6012,2004,397436.48512479087,357767.37004386785,0.9001875354537031,weight
32768,B200,B200x72,DeepSeek-V4-Pro-1.6T,24,3,72,TP24/DP3/EP72,0.95,6345,2115,397436.48512479087,377583.8261690462,0.9500482222976808,weight
65536,B200,B200x72,DeepSeek-V4-Pro-1.6T,24,3,72,TP24/DP3/EP72,0.9,3015,1005,199161.2575689444,179419.28794007897,0.900874447822608,weight
65536,B200,B200x72,DeepSeek-V4-Pro-1.6T,24,3,72,TP24/DP3/EP72,0.95,3180,1060,199161.2575689444,189238.23987639204,0.9501759638713003,weight
131072,B200,B200x72,DeepSeek-V4-Pro-1.6T,24,3,72,TP24/DP3/EP72,0.9,1509,503,99691.75331480757,89830.16403340835,0.9010791870591521,weight
131072,B200,B200x72,DeepSeek-V4-Pro-1.6T,24,3,72,TP24/DP3/EP72,0.95,1593,531,99691.75331480757,94818.87744967508,0.9511205721325326,weight
262144,B200,B200x72,DeepSeek-V4-Pro-1.6T,24,3,72,TP24/DP3/EP72,0.9,741,247,49873.70431844652,44978.29867739338,0.9018439534830681,weight
262144,B200,B200x72,DeepSeek-V4-Pro-1.6T,24,3,72,TP24/DP3/EP72,0.95,786,262,49873.70431844652,47509.78790103962,0.9526019482669033,weight
524288,B200,B200x72,DeepSeek-V4-Pro-1.6T,24,3,72,TP24/DP3/EP72,0.9,306,102,24943.814901908816,22548.999988871135,0.9039916338998163,weight
524288,B200,B200x72,DeepSeek-V4-Pro-1.6T,24,3,72,TP24/DP3/EP72,0.95,333,111,24943.814901908816,23789.476673276928,0.9537224665444598,weight
1048576,B200,B200x72,DeepSeek-V4-Pro-1.6T,24,3,72,TP24/DP3/EP72,0.9,51,17,12473.648865765865,11405.666936996386,0.9143809529783564,weight
1048576,B200,B200x72,DeepSeek-V4-Pro-1.6T,24,3,72,TP24/DP3/EP72,0.95,60,20,12473.648865765865,11903.407270571508,0.9542842995396965,weight
8192,B200,B200x72,DeepSeek-V4-Pro-1.6T,36,2,72,TP36/DP2/EP72,0.9,7374,3687,727130.1376495709,654523.6370883711,0.900146484375,weight
8192,B200,B200x72,DeepSeek-V4-Pro-1.6T,36,2,72,TP36/DP2/EP72,0.95,7784,3892,727130.1376495709,690915.6483721021,0.9501953125,weight
16384,B200,B200x72,DeepSeek-V4-Pro-1.6T,36,2,72,TP36/DP2/EP72,0.9,7374,3687,727130.1376495709,654523.6370883711,0.900146484375,weight
16384,B200,B200x72,DeepSeek-V4-Pro-1.6T,36,2,72,TP36/DP2/EP72,0.95,7784,3892,727130.1376495709,690915.6483721021,0.9501953125,weight
32768,B200,B200x72,DeepSeek-V4-Pro-1.6T,36,2,72,TP36/DP2/EP72,0.9,4018,2009,396217.8021132594,356641.7105805697,0.9001153120288704,weight
32768,B200,B200x72,DeepSeek-V4-Pro-1.6T,36,2,72,TP36/DP2/EP72,0.95,4242,2121,396217.8021132594,376524.17528192006,0.9502959566018947,weight
65536,B200,B200x72,DeepSeek-V4-Pro-1.6T,36,2,72,TP36/DP2/EP72,0.9,2018,1009,198854.75798741973,179119.72577824272,0.9007565501126932,weight
65536,B200,B200x72,DeepSeek-V4-Pro-1.6T,36,2,72,TP36/DP2/EP72,0.95,2130,1065,198854.75798741973,189060.94604639843,0.9507489182549965,weight
131072,B200,B200x72,DeepSeek-V4-Pro-1.6T,36,2,72,TP36/DP2/EP72,0.9,1010,505,99614.89823656924,89678.69061852874,0.9002537994422921,weight
131072,B200,B200x72,DeepSeek-V4-Pro-1.6T,36,2,72,TP36/DP2/EP72,0.95,1066,533,99614.89823656924,94639.65241088852,0.9500552034509405,weight
262144,B200,B200x72,DeepSeek-V4-Pro-1.6T,36,2,72,TP36/DP2/EP72,0.9,496,248,49854.46167660294,44887.25862716223,0.9003659274938705,weight
262144,B200,B200x72,DeepSeek-V4-Pro-1.6T,36,2,72,TP36/DP2/EP72,0.95,526,263,49854.46167660294,47406.96629940953,0.950907194764836,weight
524288,B200,B200x72,DeepSeek-V4-Pro-1.6T,36,2,72,TP36/DP2/EP72,0.9,206,103,24939.000626175515,22528.315720367307,0.9033367478535609,weight
524288,B200,B200x72,DeepSeek-V4-Pro-1.6T,36,2,72,TP36/DP2/EP72,0.95,224,112,24939.000626175515,23767.865932559485,0.9530400311074684,weight
1048576,B200,B200x72,DeepSeek-V4-Pro-1.6T,36,2,72,TP36/DP2/EP72,0.9,36,18,12472.444844532967,11346.305357419556,0.9097098042003344,weight
1048576,B200,B200x72,DeepSeek-V4-Pro-1.6T,36,2,72,TP36/DP2/EP72,0.95,44,22,12472.444844532967,11949.89285992962,0.9581034840308477,kv
8192,B200,B200x72,DeepSeek-V4-Pro-1.6T,72,1,72,TP72/DP1/EP72,0.9,3687,3687,713507.6413698761,642261.3949537922,0.9001464843749999,weight
8192,B200,B200x72,DeepSeek-V4-Pro-1.6T,72,1,72,TP72/DP1/EP72,0.95,3892,3892,713507.6413698761,677971.6162625874,0.9501953125,weight
16384,B200,B200x72,DeepSeek-V4-Pro-1.6T,72,1,72,TP72/DP1/EP72,0.9,3687,3687,713507.6413698761,642261.3949537922,0.9001464843749999,weight
16384,B200,B200x72,DeepSeek-V4-Pro-1.6T,72,1,72,TP72/DP1/EP72,0.95,3892,3892,713507.6413698761,677971.6162625874,0.9501953125,weight
32768,B200,B200x72,DeepSeek-V4-Pro-1.6T,72,1,72,TP72/DP1/EP72,0.9,2027,2027,392138.18836532504,353095.7004533099,0.9004369146632507,weight
32768,B200,B200x72,DeepSeek-V4-Pro-1.6T,72,1,72,TP72/DP1/EP72,0.95,2139,2139,392138.18836532504,372605.6750220138,0.9501897190254923,weight
65536,B200,B200x72,DeepSeek-V4-Pro-1.6T,72,1,72,TP72/DP1/EP72,0.9,1023,1023,197821.86293257785,178202.73094566318,0.9008242481590556,weight
65536,B200,B200x72,DeepSeek-V4-Pro-1.6T,72,1,72,TP72/DP1/EP72,0.95,1079,1079,197821.86293257785,187957.7087631658,0.9501361779573678,weight
131072,B200,B200x72,DeepSeek-V4-Pro-1.6T,72,1,72,TP72/DP1/EP72,0.9,514,514,99355.02589448226,89562.42809406477,0.9014383247122547,weight
131072,B200,B200x72,DeepSeek-V4-Pro-1.6T,72,1,72,TP72/DP1/EP72,0.95,542,542,99355.02589448226,94431.6951289995,0.9504470889000476,weight
262144,B200,B200x72,DeepSeek-V4-Pro-1.6T,72,1,72,TP72/DP1/EP72,0.9,253,253,49789.28595426995,44852.657787441414,0.9008495889785869,weight
262144,B200,B200x72,DeepSeek-V4-Pro-1.6T,72,1,72,TP72/DP1/EP72,0.95,268,268,49789.28595426995,47335.4128224849,0.9507148358375963,weight
524288,B200,B200x72,DeepSeek-V4-Pro-1.6T,72,1,72,TP72/DP1/EP72,0.9,107,107,24922.68064240194,22553.1316716025,0.9049239925352157,weight
524288,B200,B200x72,DeepSeek-V4-Pro-1.6T,72,1,72,TP72/DP1/EP72,0.95,116,116,24922.68064240194,23789.931403636656,0.9545494621939626,weight
1048576,B200,B200x72,DeepSeek-V4-Pro-1.6T,72,1,72,TP72/DP1/EP72,0.9,22,22,12468.361585753548,11290.333377580488,0.9055186040225939,kv
1048576,B200,B200x72,DeepSeek-V4-Pro-1.6T,72,1,72,TP72/DP1/EP72,0.95,44,44,12468.361585753548,11853.316138639879,0.9506715102153899,kv
