deployment,gpu_model,gpus_per_node,hbm_gb_per_gpu,node_hbm_gb,usable_hbm_gb,node_source,tp_size,dp_size,ep_size,parallelism,kv_replication_factor,dense_params_b_est,expert_params_b_est,resident_weight_gb_bf16,weight_gb_per_gpu_after_tp_ep,residual_hbm_gb_for_kv,residual_hbm_gb_for_kv_per_gpu,kv_bytes_per_token_per_gpu_bf16,max_resident_kv_tokens,max_resident_kv_tokens_per_gpu,max_resident_kv_tokens_per_dp_replica,max_resident_kv_k_tokens,feasible_after_tp_dp_ep_weights,policy,model,params_b,active_params_b,num_experts,experts_per_token,dense_params_b_config,expert_params_b_config,weight_gb_bf16,layers,kv_formula,kv_heads,head_dim,mla_kv_lora_rank,mla_qk_rope_head_dim,kv_bytes_per_token_bf16,kv_mb_per_1k_tokens_bf16,model_source
A100x1,A100,1,80,80,72.0,NVIDIA A100 80GB public product specifications,1,1,1,TP1/DP1/EP1,1,1.540882432,28.991029248,61.06382336,61.06382336,10.93617664,10.93617664,98304.0,111248,111248,111248,111.24854166666667,True,capacity_opt,Qwen3-30B-A3B,30.53191168,3.3,128.0,8.0,1.540882432,28.991029248,61.06382336,48,gqa,4.0,128.0,,,98304,98.304,Qwen3-30B-A3B public Hugging Face config/model card
A100x1,A100,1,80,80,72.0,NVIDIA A100 80GB public product specifications,1,1,1,TP1/DP1/EP1,1,1.540882432,28.991029248,61.06382336,61.06382336,10.93617664,10.93617664,98304.0,111248,111248,111248,111.24854166666667,True,dp_max,Qwen3-30B-A3B,30.53191168,3.3,128.0,8.0,1.540882432,28.991029248,61.06382336,48,gqa,4.0,128.0,,,98304,98.304,Qwen3-30B-A3B public Hugging Face config/model card
A100x1,A100,1,80,80,72.0,NVIDIA A100 80GB public product specifications,1,1,1,TP1/DP1/EP1,1,32.8,0.0,65.6,65.6,6.400000000000006,6.400000000000006,163840.0,39062,39062,39062,39.062500000000036,True,capacity_opt,Qwen3-32B,32.8,,,,32.8,0.0,65.6,64,gqa,8.0,80.0,,,163840,163.84,Qwen3-32B public Hugging Face config/model card
A100x1,A100,1,80,80,72.0,NVIDIA A100 80GB public product specifications,1,1,1,TP1/DP1/EP1,1,32.8,0.0,65.6,65.6,6.400000000000006,6.400000000000006,163840.0,39062,39062,39062,39.062500000000036,True,dp_max,Qwen3-32B,32.8,,,,32.8,0.0,65.6,64,gqa,8.0,80.0,,,163840,163.84,Qwen3-32B public Hugging Face config/model card
A100x1,A100,1,80,80,72.0,NVIDIA A100 80GB public product specifications,1,1,1,TP1/DP1/EP1,1,70.6,0.0,141.2,141.2,0.0,0.0,327680.0,0,0,0,0.0,False,capacity_opt,Llama-3.3-70B,70.6,,,,70.6,0.0,141.2,80,gqa,8.0,128.0,,,327680,327.68,Meta Llama 3.3 70B public Hugging Face config/model card
A100x1,A100,1,80,80,72.0,NVIDIA A100 80GB public product specifications,1,1,1,TP1/DP1/EP1,1,70.6,0.0,141.2,141.2,0.0,0.0,327680.0,0,0,0,0.0,False,dp_max,Llama-3.3-70B,70.6,,,,70.6,0.0,141.2,80,gqa,8.0,128.0,,,327680,327.68,Meta Llama 3.3 70B public Hugging Face config/model card
A100x1,A100,1,80,80,72.0,NVIDIA A100 80GB public product specifications,1,1,1,TP1/DP1/EP1,1,7.996440576,227.096395776,470.185672704,470.185672704,0.0,0.0,192512.0,0,0,0,0.0,False,capacity_opt,Qwen3-235B-A22B,235.092836352,22.0,128.0,8.0,7.996440576,227.096395776,470.185672704,94,gqa,4.0,128.0,,,192512,192.512,Qwen3-235B-A22B public Hugging Face config/model card
A100x1,A100,1,80,80,72.0,NVIDIA A100 80GB public product specifications,1,1,1,TP1/DP1/EP1,1,7.996440576,227.096395776,470.185672704,470.185672704,0.0,0.0,192512.0,0,0,0,0.0,False,dp_max,Qwen3-235B-A22B,235.092836352,22.0,128.0,8.0,7.996440576,227.096395776,470.185672704,94,gqa,4.0,128.0,,,192512,192.512,Qwen3-235B-A22B public Hugging Face config/model card
A100x1,A100,1,80,80,72.0,NVIDIA A100 80GB public product specifications,1,1,1,TP1/DP1/EP1,1,7.7116288,347.2883712,710.0,710.0,0.0,0.0,376832.0,0,0,0,0.0,False,capacity_opt,GLM-4.5-355B-A32B,355.0,32.0,128.0,8.0,7.7116288,347.2883712,710.0,92,gqa,8.0,128.0,,,376832,376.832,Z.ai GLM-4.5 public Hugging Face config/model card
A100x1,A100,1,80,80,72.0,NVIDIA A100 80GB public product specifications,1,1,1,TP1/DP1/EP1,1,7.7116288,347.2883712,710.0,710.0,0.0,0.0,376832.0,0,0,0,0.0,False,dp_max,GLM-4.5-355B-A32B,355.0,32.0,128.0,8.0,7.7116288,347.2883712,710.0,92,gqa,8.0,128.0,,,376832,376.832,Z.ai GLM-4.5 public Hugging Face config/model card
A100x1,A100,1,80,80,72.0,NVIDIA A100 80GB public product specifications,1,1,1,TP1/DP1/EP1,1,405.0,0.0,810.0,810.0,0.0,0.0,516096.0,0,0,0,0.0,False,capacity_opt,Llama-3.1-405B,405.0,,,,405.0,0.0,810.0,126,gqa,8.0,128.0,,,516096,516.096,Meta Llama 3.1 405B public Hugging Face config/model card
A100x1,A100,1,80,80,72.0,NVIDIA A100 80GB public product specifications,1,1,1,TP1/DP1/EP1,1,405.0,0.0,810.0,810.0,0.0,0.0,516096.0,0,0,0,0.0,False,dp_max,Llama-3.1-405B,405.0,,,,405.0,0.0,810.0,126,gqa,8.0,128.0,,,516096,516.096,Meta Llama 3.1 405B public Hugging Face config/model card
A100x1,A100,1,80,80,72.0,NVIDIA A100 80GB public product specifications,1,1,1,TP1/DP1/EP1,1,12.06976512,468.0843264,960.30818304,960.30818304,0.0,0.0,253952.0,0,0,0,0.0,False,capacity_opt,Qwen3-Coder-480B-A35B,480.15409152,35.0,160.0,8.0,12.06976512,468.0843264,960.30818304,62,gqa,8.0,128.0,,,253952,253.952,Qwen3-Coder-480B-A35B public Hugging Face config/model card
A100x1,A100,1,80,80,72.0,NVIDIA A100 80GB public product specifications,1,1,1,TP1/DP1/EP1,1,12.06976512,468.0843264,960.30818304,960.30818304,0.0,0.0,253952.0,0,0,0,0.0,False,dp_max,Qwen3-Coder-480B-A35B,480.15409152,35.0,160.0,8.0,12.06976512,468.0843264,960.30818304,62,gqa,8.0,128.0,,,253952,253.952,Qwen3-Coder-480B-A35B public Hugging Face config/model card
A100x1,A100,1,80,80,72.0,NVIDIA A100 80GB public product specifications,1,1,1,TP1/DP1/EP1,1,17.116751872,653.908770816,1342.051045376,1342.051045376,0.0,0.0,70272.0,0,0,0,0.0,False,capacity_opt,DeepSeek-V3/R1-671B,671.025522688,37.0,256.0,8.0,17.116751872,653.908770816,1342.051045376,61,mla,,,512.0,64.0,70272,70.272,"DeepSeek-V3/R1 public config, optimized MLA KV cache layout"
A100x1,A100,1,80,80,72.0,NVIDIA A100 80GB public product specifications,1,1,1,TP1/DP1/EP1,1,17.116751872,653.908770816,1342.051045376,1342.051045376,0.0,0.0,70272.0,0,0,0,0.0,False,dp_max,DeepSeek-V3/R1-671B,671.025522688,37.0,256.0,8.0,17.116751872,653.908770816,1342.051045376,61,mla,,,512.0,64.0,70272,70.272,"DeepSeek-V3/R1 public config, optimized MLA KV cache layout"
A100x1,A100,1,80,80,72.0,NVIDIA A100 80GB public product specifications,1,1,1,TP1/DP1/EP1,1,11.721304064,1014.68602368,2052.814655488,2052.814655488,0.0,0.0,70272.0,0,0,0,0.0,False,capacity_opt,Kimi-K2-1T-A32B,1026.407327744,32.0,384.0,8.0,11.721304064,1014.68602368,2052.814655488,61,mla,,,512.0,64.0,70272,70.272,"Moonshot Kimi-K2 public config/model card, optimized MLA KV cache layout"
A100x1,A100,1,80,80,72.0,NVIDIA A100 80GB public product specifications,1,1,1,TP1/DP1/EP1,1,11.721304064,1014.68602368,2052.814655488,2052.814655488,0.0,0.0,70272.0,0,0,0,0.0,False,dp_max,Kimi-K2-1T-A32B,1026.407327744,32.0,384.0,8.0,11.721304064,1014.68602368,2052.814655488,61,mla,,,512.0,64.0,70272,70.272,"Moonshot Kimi-K2 public config/model card, optimized MLA KV cache layout"
A100x1,A100,1,80,80,72.0,NVIDIA A100 80GB public product specifications,1,1,1,TP1/DP1/EP1,1,6.974609408,277.025390592,568.0,568.0,0.0,0.0,44032.0,0,0,0,0.0,False,capacity_opt,DeepSeek-V4-Flash-284B,284.0,35.0,128.0,8.0,6.974609408,277.025390592,568.0,43,shared_kv,1.0,512.0,,,44032,44.032,"DeepSeek-V4-Flash public config/model card, shared KV cache layout"
A100x1,A100,1,80,80,72.0,NVIDIA A100 80GB public product specifications,1,1,1,TP1/DP1/EP1,1,6.974609408,277.025390592,568.0,568.0,0.0,0.0,44032.0,0,0,0,0.0,False,dp_max,DeepSeek-V4-Flash-284B,284.0,35.0,128.0,8.0,6.974609408,277.025390592,568.0,43,shared_kv,1.0,512.0,,,44032,44.032,"DeepSeek-V4-Flash public config/model card, shared KV cache layout"
A100x1,A100,1,80,80,72.0,NVIDIA A100 80GB public product specifications,1,1,1,TP1/DP1/EP1,1,52.603813888,1547.396186112,3200.0,3200.0,0.0,0.0,44032.0,0,0,0,0.0,False,capacity_opt,DeepSeek-V4-Pro-1.6T,1600.0,64.0,512.0,8.0,52.603813888,1547.396186112,3200.0,43,shared_kv,1.0,512.0,,,44032,44.032,"DeepSeek-V4-Pro public config/model card, shared KV cache layout"
A100x1,A100,1,80,80,72.0,NVIDIA A100 80GB public product specifications,1,1,1,TP1/DP1/EP1,1,52.603813888,1547.396186112,3200.0,3200.0,0.0,0.0,44032.0,0,0,0,0.0,False,dp_max,DeepSeek-V4-Pro-1.6T,1600.0,64.0,512.0,8.0,52.603813888,1547.396186112,3200.0,43,shared_kv,1.0,512.0,,,44032,44.032,"DeepSeek-V4-Pro public config/model card, shared KV cache layout"
A100x2,A100,2,80,160,144.0,NVIDIA A100 80GB public product specifications,2,1,2,TP2/DP1/EP2,1,1.540882432,28.991029248,61.06382336,30.53191168,82.93617664,41.46808832,49152.0,843670,843670,843670,843.6704166666666,True,capacity_opt,Qwen3-30B-A3B,30.53191168,3.3,128.0,8.0,1.540882432,28.991029248,61.06382336,48,gqa,4.0,128.0,,,98304,98.304,Qwen3-30B-A3B public Hugging Face config/model card
A100x2,A100,2,80,160,144.0,NVIDIA A100 80GB public product specifications,1,2,2,TP1/DP2/EP2,1,1.540882432,28.991029248,64.145588224,32.072794112,79.854411776,39.927205888,98304.0,812321,406160,406160,812.3210833333334,True,dp_max,Qwen3-30B-A3B,30.53191168,3.3,128.0,8.0,1.540882432,28.991029248,61.06382336,48,gqa,4.0,128.0,,,98304,98.304,Qwen3-30B-A3B public Hugging Face config/model card
A100x2,A100,2,80,160,144.0,NVIDIA A100 80GB public product specifications,2,1,1,TP2/DP1/EP1,1,32.8,0.0,65.6,32.8,78.4,39.2,81920.0,478515,478515,478515,478.515625,True,capacity_opt,Qwen3-32B,32.8,,,,32.8,0.0,65.6,64,gqa,8.0,80.0,,,163840,163.84,Qwen3-32B public Hugging Face config/model card
A100x2,A100,2,80,160,144.0,NVIDIA A100 80GB public product specifications,1,2,1,TP1/DP2/EP1,1,32.8,0.0,131.2,65.6,12.800000000000011,6.400000000000006,163840.0,78125,39062,39062,78.12500000000007,True,dp_max,Qwen3-32B,32.8,,,,32.8,0.0,65.6,64,gqa,8.0,80.0,,,163840,163.84,Qwen3-32B public Hugging Face config/model card
A100x2,A100,2,80,160,144.0,NVIDIA A100 80GB public product specifications,2,1,1,TP2/DP1/EP1,1,70.6,0.0,141.2,70.6,2.8000000000000114,1.4000000000000057,163840.0,8544,8544,8544,8.544921875000034,True,capacity_opt,Llama-3.3-70B,70.6,,,,70.6,0.0,141.2,80,gqa,8.0,128.0,,,327680,327.68,Meta Llama 3.3 70B public Hugging Face config/model card
A100x2,A100,2,80,160,144.0,NVIDIA A100 80GB public product specifications,2,1,1,TP2/DP1/EP1,1,70.6,0.0,141.2,70.6,2.8000000000000114,1.4000000000000057,163840.0,8544,8544,8544,8.544921875000034,True,dp_max,Llama-3.3-70B,70.6,,,,70.6,0.0,141.2,80,gqa,8.0,128.0,,,327680,327.68,Meta Llama 3.3 70B public Hugging Face config/model card
A100x2,A100,2,80,160,144.0,NVIDIA A100 80GB public product specifications,1,2,2,TP1/DP2/EP2,1,7.996440576,227.096395776,486.178553856,243.089276928,0.0,0.0,192512.0,0,0,0,0.0,False,capacity_opt,Qwen3-235B-A22B,235.092836352,22.0,128.0,8.0,7.996440576,227.096395776,470.185672704,94,gqa,4.0,128.0,,,192512,192.512,Qwen3-235B-A22B public Hugging Face config/model card
A100x2,A100,2,80,160,144.0,NVIDIA A100 80GB public product specifications,1,2,2,TP1/DP2/EP2,1,7.996440576,227.096395776,486.178553856,243.089276928,0.0,0.0,192512.0,0,0,0,0.0,False,dp_max,Qwen3-235B-A22B,235.092836352,22.0,128.0,8.0,7.996440576,227.096395776,470.185672704,94,gqa,4.0,128.0,,,192512,192.512,Qwen3-235B-A22B public Hugging Face config/model card
A100x2,A100,2,80,160,144.0,NVIDIA A100 80GB public product specifications,1,2,2,TP1/DP2/EP2,1,7.7116288,347.2883712,725.4232575999999,362.71162879999997,0.0,0.0,376832.0,0,0,0,0.0,False,capacity_opt,GLM-4.5-355B-A32B,355.0,32.0,128.0,8.0,7.7116288,347.2883712,710.0,92,gqa,8.0,128.0,,,376832,376.832,Z.ai GLM-4.5 public Hugging Face config/model card
A100x2,A100,2,80,160,144.0,NVIDIA A100 80GB public product specifications,1,2,2,TP1/DP2/EP2,1,7.7116288,347.2883712,725.4232575999999,362.71162879999997,0.0,0.0,376832.0,0,0,0,0.0,False,dp_max,GLM-4.5-355B-A32B,355.0,32.0,128.0,8.0,7.7116288,347.2883712,710.0,92,gqa,8.0,128.0,,,376832,376.832,Z.ai GLM-4.5 public Hugging Face config/model card
A100x2,A100,2,80,160,144.0,NVIDIA A100 80GB public product specifications,1,2,1,TP1/DP2/EP1,1,405.0,0.0,1620.0,810.0,0.0,0.0,516096.0,0,0,0,0.0,False,capacity_opt,Llama-3.1-405B,405.0,,,,405.0,0.0,810.0,126,gqa,8.0,128.0,,,516096,516.096,Meta Llama 3.1 405B public Hugging Face config/model card
A100x2,A100,2,80,160,144.0,NVIDIA A100 80GB public product specifications,1,2,1,TP1/DP2/EP1,1,405.0,0.0,1620.0,810.0,0.0,0.0,516096.0,0,0,0,0.0,False,dp_max,Llama-3.1-405B,405.0,,,,405.0,0.0,810.0,126,gqa,8.0,128.0,,,516096,516.096,Meta Llama 3.1 405B public Hugging Face config/model card
A100x2,A100,2,80,160,144.0,NVIDIA A100 80GB public product specifications,1,2,2,TP1/DP2/EP2,1,12.06976512,468.0843264,984.44771328,492.22385664,0.0,0.0,253952.0,0,0,0,0.0,False,capacity_opt,Qwen3-Coder-480B-A35B,480.15409152,35.0,160.0,8.0,12.06976512,468.0843264,960.30818304,62,gqa,8.0,128.0,,,253952,253.952,Qwen3-Coder-480B-A35B public Hugging Face config/model card
A100x2,A100,2,80,160,144.0,NVIDIA A100 80GB public product specifications,1,2,2,TP1/DP2/EP2,1,12.06976512,468.0843264,984.44771328,492.22385664,0.0,0.0,253952.0,0,0,0,0.0,False,dp_max,Qwen3-Coder-480B-A35B,480.15409152,35.0,160.0,8.0,12.06976512,468.0843264,960.30818304,62,gqa,8.0,128.0,,,253952,253.952,Qwen3-Coder-480B-A35B public Hugging Face config/model card
A100x2,A100,2,80,160,144.0,NVIDIA A100 80GB public product specifications,1,2,2,TP1/DP2/EP2,1,17.116751872,653.908770816,1376.28454912,688.14227456,0.0,0.0,70272.0,0,0,0,0.0,False,capacity_opt,DeepSeek-V3/R1-671B,671.025522688,37.0,256.0,8.0,17.116751872,653.908770816,1342.051045376,61,mla,,,512.0,64.0,70272,70.272,"DeepSeek-V3/R1 public config, optimized MLA KV cache layout"
A100x2,A100,2,80,160,144.0,NVIDIA A100 80GB public product specifications,1,2,2,TP1/DP2/EP2,1,17.116751872,653.908770816,1376.28454912,688.14227456,0.0,0.0,70272.0,0,0,0,0.0,False,dp_max,DeepSeek-V3/R1-671B,671.025522688,37.0,256.0,8.0,17.116751872,653.908770816,1342.051045376,61,mla,,,512.0,64.0,70272,70.272,"DeepSeek-V3/R1 public config, optimized MLA KV cache layout"
A100x2,A100,2,80,160,144.0,NVIDIA A100 80GB public product specifications,1,2,2,TP1/DP2/EP2,1,11.721304064,1014.68602368,2076.257263616,1038.128631808,0.0,0.0,70272.0,0,0,0,0.0,False,capacity_opt,Kimi-K2-1T-A32B,1026.407327744,32.0,384.0,8.0,11.721304064,1014.68602368,2052.814655488,61,mla,,,512.0,64.0,70272,70.272,"Moonshot Kimi-K2 public config/model card, optimized MLA KV cache layout"
A100x2,A100,2,80,160,144.0,NVIDIA A100 80GB public product specifications,1,2,2,TP1/DP2/EP2,1,11.721304064,1014.68602368,2076.257263616,1038.128631808,0.0,0.0,70272.0,0,0,0,0.0,False,dp_max,Kimi-K2-1T-A32B,1026.407327744,32.0,384.0,8.0,11.721304064,1014.68602368,2052.814655488,61,mla,,,512.0,64.0,70272,70.272,"Moonshot Kimi-K2 public config/model card, optimized MLA KV cache layout"
A100x2,A100,2,80,160,144.0,NVIDIA A100 80GB public product specifications,1,2,2,TP1/DP2/EP2,1,6.974609408,277.025390592,581.949218816,290.974609408,0.0,0.0,44032.0,0,0,0,0.0,False,capacity_opt,DeepSeek-V4-Flash-284B,284.0,35.0,128.0,8.0,6.974609408,277.025390592,568.0,43,shared_kv,1.0,512.0,,,44032,44.032,"DeepSeek-V4-Flash public config/model card, shared KV cache layout"
A100x2,A100,2,80,160,144.0,NVIDIA A100 80GB public product specifications,1,2,2,TP1/DP2/EP2,1,6.974609408,277.025390592,581.949218816,290.974609408,0.0,0.0,44032.0,0,0,0,0.0,False,dp_max,DeepSeek-V4-Flash-284B,284.0,35.0,128.0,8.0,6.974609408,277.025390592,568.0,43,shared_kv,1.0,512.0,,,44032,44.032,"DeepSeek-V4-Flash public config/model card, shared KV cache layout"
A100x2,A100,2,80,160,144.0,NVIDIA A100 80GB public product specifications,1,2,2,TP1/DP2/EP2,1,52.603813888,1547.396186112,3305.2076277759998,1652.6038138879999,0.0,0.0,44032.0,0,0,0,0.0,False,capacity_opt,DeepSeek-V4-Pro-1.6T,1600.0,64.0,512.0,8.0,52.603813888,1547.396186112,3200.0,43,shared_kv,1.0,512.0,,,44032,44.032,"DeepSeek-V4-Pro public config/model card, shared KV cache layout"
A100x2,A100,2,80,160,144.0,NVIDIA A100 80GB public product specifications,1,2,2,TP1/DP2/EP2,1,52.603813888,1547.396186112,3305.2076277759998,1652.6038138879999,0.0,0.0,44032.0,0,0,0,0.0,False,dp_max,DeepSeek-V4-Pro-1.6T,1600.0,64.0,512.0,8.0,52.603813888,1547.396186112,3200.0,43,shared_kv,1.0,512.0,,,44032,44.032,"DeepSeek-V4-Pro public config/model card, shared KV cache layout"
A100x4,A100,4,80,320,288.0,NVIDIA A100 80GB public product specifications,4,1,4,TP4/DP1/EP4,1,1.540882432,28.991029248,61.06382336,15.26595584,226.93617663999999,56.734044159999996,24576.0,2308514,2308514,2308514,2308.5141666666664,True,capacity_opt,Qwen3-30B-A3B,30.53191168,3.3,128.0,8.0,1.540882432,28.991029248,61.06382336,48,gqa,4.0,128.0,,,98304,98.304,Qwen3-30B-A3B public Hugging Face config/model card
A100x4,A100,4,80,320,288.0,NVIDIA A100 80GB public product specifications,1,4,4,TP1/DP4/EP4,1,1.540882432,28.991029248,70.30911795200001,17.577279488000002,217.690882048,54.422720512,98304.0,2214466,553616,553616,2214.4661666666666,True,dp_max,Qwen3-30B-A3B,30.53191168,3.3,128.0,8.0,1.540882432,28.991029248,61.06382336,48,gqa,4.0,128.0,,,98304,98.304,Qwen3-30B-A3B public Hugging Face config/model card
A100x4,A100,4,80,320,288.0,NVIDIA A100 80GB public product specifications,4,1,1,TP4/DP1/EP1,1,32.8,0.0,65.6,16.4,222.4,55.6,40960.0,1357421,1357421,1357421,1357.421875,True,capacity_opt,Qwen3-32B,32.8,,,,32.8,0.0,65.6,64,gqa,8.0,80.0,,,163840,163.84,Qwen3-32B public Hugging Face config/model card
A100x4,A100,4,80,320,288.0,NVIDIA A100 80GB public product specifications,1,4,1,TP1/DP4/EP1,1,32.8,0.0,262.4,65.6,25.600000000000023,6.400000000000006,163840.0,156250,39062,39062,156.25000000000014,True,dp_max,Qwen3-32B,32.8,,,,32.8,0.0,65.6,64,gqa,8.0,80.0,,,163840,163.84,Qwen3-32B public Hugging Face config/model card
A100x4,A100,4,80,320,288.0,NVIDIA A100 80GB public product specifications,4,1,1,TP4/DP1/EP1,1,70.6,0.0,141.2,35.3,146.8,36.7,81920.0,447998,447998,447998,447.998046875,True,capacity_opt,Llama-3.3-70B,70.6,,,,70.6,0.0,141.2,80,gqa,8.0,128.0,,,327680,327.68,Meta Llama 3.3 70B public Hugging Face config/model card
A100x4,A100,4,80,320,288.0,NVIDIA A100 80GB public product specifications,2,2,1,TP2/DP2/EP1,1,70.6,0.0,282.4,70.6,5.600000000000023,1.4000000000000057,163840.0,17089,8544,8544,17.089843750000068,True,dp_max,Llama-3.3-70B,70.6,,,,70.6,0.0,141.2,80,gqa,8.0,128.0,,,327680,327.68,Meta Llama 3.3 70B public Hugging Face config/model card
A100x4,A100,4,80,320,288.0,NVIDIA A100 80GB public product specifications,1,4,4,TP1/DP4/EP4,1,7.996440576,227.096395776,518.16431616,129.54107904,0.0,0.0,192512.0,0,0,0,0.0,False,capacity_opt,Qwen3-235B-A22B,235.092836352,22.0,128.0,8.0,7.996440576,227.096395776,470.185672704,94,gqa,4.0,128.0,,,192512,192.512,Qwen3-235B-A22B public Hugging Face config/model card
A100x4,A100,4,80,320,288.0,NVIDIA A100 80GB public product specifications,1,4,4,TP1/DP4/EP4,1,7.996440576,227.096395776,518.16431616,129.54107904,0.0,0.0,192512.0,0,0,0,0.0,False,dp_max,Qwen3-235B-A22B,235.092836352,22.0,128.0,8.0,7.996440576,227.096395776,470.185672704,94,gqa,4.0,128.0,,,192512,192.512,Qwen3-235B-A22B public Hugging Face config/model card
A100x4,A100,4,80,320,288.0,NVIDIA A100 80GB public product specifications,1,4,4,TP1/DP4/EP4,1,7.7116288,347.2883712,756.2697727999999,189.06744319999999,0.0,0.0,376832.0,0,0,0,0.0,False,capacity_opt,GLM-4.5-355B-A32B,355.0,32.0,128.0,8.0,7.7116288,347.2883712,710.0,92,gqa,8.0,128.0,,,376832,376.832,Z.ai GLM-4.5 public Hugging Face config/model card
A100x4,A100,4,80,320,288.0,NVIDIA A100 80GB public product specifications,1,4,4,TP1/DP4/EP4,1,7.7116288,347.2883712,756.2697727999999,189.06744319999999,0.0,0.0,376832.0,0,0,0,0.0,False,dp_max,GLM-4.5-355B-A32B,355.0,32.0,128.0,8.0,7.7116288,347.2883712,710.0,92,gqa,8.0,128.0,,,376832,376.832,Z.ai GLM-4.5 public Hugging Face config/model card
A100x4,A100,4,80,320,288.0,NVIDIA A100 80GB public product specifications,1,4,1,TP1/DP4/EP1,1,405.0,0.0,3240.0,810.0,0.0,0.0,516096.0,0,0,0,0.0,False,capacity_opt,Llama-3.1-405B,405.0,,,,405.0,0.0,810.0,126,gqa,8.0,128.0,,,516096,516.096,Meta Llama 3.1 405B public Hugging Face config/model card
A100x4,A100,4,80,320,288.0,NVIDIA A100 80GB public product specifications,1,4,1,TP1/DP4/EP1,1,405.0,0.0,3240.0,810.0,0.0,0.0,516096.0,0,0,0,0.0,False,dp_max,Llama-3.1-405B,405.0,,,,405.0,0.0,810.0,126,gqa,8.0,128.0,,,516096,516.096,Meta Llama 3.1 405B public Hugging Face config/model card
A100x4,A100,4,80,320,288.0,NVIDIA A100 80GB public product specifications,1,4,4,TP1/DP4/EP4,1,12.06976512,468.0843264,1032.72677376,258.18169344,0.0,0.0,253952.0,0,0,0,0.0,False,capacity_opt,Qwen3-Coder-480B-A35B,480.15409152,35.0,160.0,8.0,12.06976512,468.0843264,960.30818304,62,gqa,8.0,128.0,,,253952,253.952,Qwen3-Coder-480B-A35B public Hugging Face config/model card
A100x4,A100,4,80,320,288.0,NVIDIA A100 80GB public product specifications,1,4,4,TP1/DP4/EP4,1,12.06976512,468.0843264,1032.72677376,258.18169344,0.0,0.0,253952.0,0,0,0,0.0,False,dp_max,Qwen3-Coder-480B-A35B,480.15409152,35.0,160.0,8.0,12.06976512,468.0843264,960.30818304,62,gqa,8.0,128.0,,,253952,253.952,Qwen3-Coder-480B-A35B public Hugging Face config/model card
A100x4,A100,4,80,320,288.0,NVIDIA A100 80GB public product specifications,1,4,4,TP1/DP4/EP4,1,17.116751872,653.908770816,1444.751556608,361.187889152,0.0,0.0,70272.0,0,0,0,0.0,False,capacity_opt,DeepSeek-V3/R1-671B,671.025522688,37.0,256.0,8.0,17.116751872,653.908770816,1342.051045376,61,mla,,,512.0,64.0,70272,70.272,"DeepSeek-V3/R1 public config, optimized MLA KV cache layout"
A100x4,A100,4,80,320,288.0,NVIDIA A100 80GB public product specifications,1,4,4,TP1/DP4/EP4,1,17.116751872,653.908770816,1444.751556608,361.187889152,0.0,0.0,70272.0,0,0,0,0.0,False,dp_max,DeepSeek-V3/R1-671B,671.025522688,37.0,256.0,8.0,17.116751872,653.908770816,1342.051045376,61,mla,,,512.0,64.0,70272,70.272,"DeepSeek-V3/R1 public config, optimized MLA KV cache layout"
A100x4,A100,4,80,320,288.0,NVIDIA A100 80GB public product specifications,1,4,4,TP1/DP4/EP4,1,11.721304064,1014.68602368,2123.142479872,530.785619968,0.0,0.0,70272.0,0,0,0,0.0,False,capacity_opt,Kimi-K2-1T-A32B,1026.407327744,32.0,384.0,8.0,11.721304064,1014.68602368,2052.814655488,61,mla,,,512.0,64.0,70272,70.272,"Moonshot Kimi-K2 public config/model card, optimized MLA KV cache layout"
A100x4,A100,4,80,320,288.0,NVIDIA A100 80GB public product specifications,1,4,4,TP1/DP4/EP4,1,11.721304064,1014.68602368,2123.142479872,530.785619968,0.0,0.0,70272.0,0,0,0,0.0,False,dp_max,Kimi-K2-1T-A32B,1026.407327744,32.0,384.0,8.0,11.721304064,1014.68602368,2052.814655488,61,mla,,,512.0,64.0,70272,70.272,"Moonshot Kimi-K2 public config/model card, optimized MLA KV cache layout"
A100x4,A100,4,80,320,288.0,NVIDIA A100 80GB public product specifications,1,4,4,TP1/DP4/EP4,1,6.974609408,277.025390592,609.8476564480001,152.46191411200002,0.0,0.0,44032.0,0,0,0,0.0,False,capacity_opt,DeepSeek-V4-Flash-284B,284.0,35.0,128.0,8.0,6.974609408,277.025390592,568.0,43,shared_kv,1.0,512.0,,,44032,44.032,"DeepSeek-V4-Flash public config/model card, shared KV cache layout"
A100x4,A100,4,80,320,288.0,NVIDIA A100 80GB public product specifications,1,4,4,TP1/DP4/EP4,1,6.974609408,277.025390592,609.8476564480001,152.46191411200002,0.0,0.0,44032.0,0,0,0,0.0,False,dp_max,DeepSeek-V4-Flash-284B,284.0,35.0,128.0,8.0,6.974609408,277.025390592,568.0,43,shared_kv,1.0,512.0,,,44032,44.032,"DeepSeek-V4-Flash public config/model card, shared KV cache layout"
A100x4,A100,4,80,320,288.0,NVIDIA A100 80GB public product specifications,1,4,4,TP1/DP4/EP4,1,52.603813888,1547.396186112,3515.6228833279997,878.9057208319999,0.0,0.0,44032.0,0,0,0,0.0,False,capacity_opt,DeepSeek-V4-Pro-1.6T,1600.0,64.0,512.0,8.0,52.603813888,1547.396186112,3200.0,43,shared_kv,1.0,512.0,,,44032,44.032,"DeepSeek-V4-Pro public config/model card, shared KV cache layout"
A100x4,A100,4,80,320,288.0,NVIDIA A100 80GB public product specifications,1,4,4,TP1/DP4/EP4,1,52.603813888,1547.396186112,3515.6228833279997,878.9057208319999,0.0,0.0,44032.0,0,0,0,0.0,False,dp_max,DeepSeek-V4-Pro-1.6T,1600.0,64.0,512.0,8.0,52.603813888,1547.396186112,3200.0,43,shared_kv,1.0,512.0,,,44032,44.032,"DeepSeek-V4-Pro public config/model card, shared KV cache layout"
A100x8,A100,8,80,640,576.0,NVIDIA A100 80GB public product specifications,8,1,8,TP8/DP1/EP8,1,1.540882432,28.991029248,61.06382336,7.63297792,514.93617664,64.36702208,12288.0,5238201,5238201,5238201,5238.201666666667,True,capacity_opt,Qwen3-30B-A3B,30.53191168,3.3,128.0,8.0,1.540882432,28.991029248,61.06382336,48,gqa,4.0,128.0,,,98304,98.304,Qwen3-30B-A3B public Hugging Face config/model card
A100x8,A100,8,80,640,576.0,NVIDIA A100 80GB public product specifications,1,8,8,TP1/DP8/EP8,1,1.540882432,28.991029248,82.63617740800001,10.329522176000001,493.363822592,61.670477824,98304.0,5018756,627344,627344,5018.756333333333,True,dp_max,Qwen3-30B-A3B,30.53191168,3.3,128.0,8.0,1.540882432,28.991029248,61.06382336,48,gqa,4.0,128.0,,,98304,98.304,Qwen3-30B-A3B public Hugging Face config/model card
A100x8,A100,8,80,640,576.0,NVIDIA A100 80GB public product specifications,8,1,1,TP8/DP1/EP1,1,32.8,0.0,65.6,8.2,510.4,63.8,20480.0,3115234,3115234,3115234,3115.234375,True,capacity_opt,Qwen3-32B,32.8,,,,32.8,0.0,65.6,64,gqa,8.0,80.0,,,163840,163.84,Qwen3-32B public Hugging Face config/model card
A100x8,A100,8,80,640,576.0,NVIDIA A100 80GB public product specifications,1,8,1,TP1/DP8/EP1,1,32.8,0.0,524.8,65.6,51.200000000000045,6.400000000000006,163840.0,312500,39062,39062,312.5000000000003,True,dp_max,Qwen3-32B,32.8,,,,32.8,0.0,65.6,64,gqa,8.0,80.0,,,163840,163.84,Qwen3-32B public Hugging Face config/model card
A100x8,A100,8,80,640,576.0,NVIDIA A100 80GB public product specifications,8,1,1,TP8/DP1/EP1,1,70.6,0.0,141.2,17.65,434.8,54.35,40960.0,1326904,1326904,1326904,1326.904296875,True,capacity_opt,Llama-3.3-70B,70.6,,,,70.6,0.0,141.2,80,gqa,8.0,128.0,,,327680,327.68,Meta Llama 3.3 70B public Hugging Face config/model card
A100x8,A100,8,80,640,576.0,NVIDIA A100 80GB public product specifications,2,4,1,TP2/DP4/EP1,1,70.6,0.0,564.8,70.6,11.200000000000045,1.4000000000000057,163840.0,34179,8544,8544,34.179687500000135,True,dp_max,Llama-3.3-70B,70.6,,,,70.6,0.0,141.2,80,gqa,8.0,128.0,,,327680,327.68,Meta Llama 3.3 70B public Hugging Face config/model card
A100x8,A100,8,80,640,576.0,NVIDIA A100 80GB public product specifications,8,1,8,TP8/DP1/EP8,1,7.996440576,227.096395776,470.185672704,58.773209088,105.81432729599999,13.226790911999998,24064.0,549650,549650,549650,549.6505531914893,True,capacity_opt,Qwen3-235B-A22B,235.092836352,22.0,128.0,8.0,7.996440576,227.096395776,470.185672704,94,gqa,4.0,128.0,,,192512,192.512,Qwen3-235B-A22B public Hugging Face config/model card
A100x8,A100,8,80,640,576.0,NVIDIA A100 80GB public product specifications,2,4,8,TP2/DP4/EP8,1,7.996440576,227.096395776,518.16431616,64.77053952,57.83568384,7.22946048,96256.0,300426,75106,75106,300.4263829787234,True,dp_max,Qwen3-235B-A22B,235.092836352,22.0,128.0,8.0,7.996440576,227.096395776,470.185672704,94,gqa,4.0,128.0,,,192512,192.512,Qwen3-235B-A22B public Hugging Face config/model card
A100x8,A100,8,80,640,576.0,NVIDIA A100 80GB public product specifications,1,8,8,TP1/DP8/EP8,1,7.7116288,347.2883712,817.9628031999999,102.24535039999999,0.0,0.0,376832.0,0,0,0,0.0,False,capacity_opt,GLM-4.5-355B-A32B,355.0,32.0,128.0,8.0,7.7116288,347.2883712,710.0,92,gqa,8.0,128.0,,,376832,376.832,Z.ai GLM-4.5 public Hugging Face config/model card
A100x8,A100,8,80,640,576.0,NVIDIA A100 80GB public product specifications,1,8,8,TP1/DP8/EP8,1,7.7116288,347.2883712,817.9628031999999,102.24535039999999,0.0,0.0,376832.0,0,0,0,0.0,False,dp_max,GLM-4.5-355B-A32B,355.0,32.0,128.0,8.0,7.7116288,347.2883712,710.0,92,gqa,8.0,128.0,,,376832,376.832,Z.ai GLM-4.5 public Hugging Face config/model card
A100x8,A100,8,80,640,576.0,NVIDIA A100 80GB public product specifications,1,8,1,TP1/DP8/EP1,1,405.0,0.0,6480.0,810.0,0.0,0.0,516096.0,0,0,0,0.0,False,capacity_opt,Llama-3.1-405B,405.0,,,,405.0,0.0,810.0,126,gqa,8.0,128.0,,,516096,516.096,Meta Llama 3.1 405B public Hugging Face config/model card
A100x8,A100,8,80,640,576.0,NVIDIA A100 80GB public product specifications,1,8,1,TP1/DP8/EP1,1,405.0,0.0,6480.0,810.0,0.0,0.0,516096.0,0,0,0,0.0,False,dp_max,Llama-3.1-405B,405.0,,,,405.0,0.0,810.0,126,gqa,8.0,128.0,,,516096,516.096,Meta Llama 3.1 405B public Hugging Face config/model card
A100x8,A100,8,80,640,576.0,NVIDIA A100 80GB public product specifications,1,8,8,TP1/DP8/EP8,1,12.06976512,468.0843264,1129.28489472,141.16061184,0.0,0.0,253952.0,0,0,0,0.0,False,capacity_opt,Qwen3-Coder-480B-A35B,480.15409152,35.0,160.0,8.0,12.06976512,468.0843264,960.30818304,62,gqa,8.0,128.0,,,253952,253.952,Qwen3-Coder-480B-A35B public Hugging Face config/model card
A100x8,A100,8,80,640,576.0,NVIDIA A100 80GB public product specifications,1,8,8,TP1/DP8/EP8,1,12.06976512,468.0843264,1129.28489472,141.16061184,0.0,0.0,253952.0,0,0,0,0.0,False,dp_max,Qwen3-Coder-480B-A35B,480.15409152,35.0,160.0,8.0,12.06976512,468.0843264,960.30818304,62,gqa,8.0,128.0,,,253952,253.952,Qwen3-Coder-480B-A35B public Hugging Face config/model card
A100x8,A100,8,80,640,576.0,NVIDIA A100 80GB public product specifications,1,8,8,TP1/DP8/EP8,1,17.116751872,653.908770816,1581.685571584,197.710696448,0.0,0.0,70272.0,0,0,0,0.0,False,capacity_opt,DeepSeek-V3/R1-671B,671.025522688,37.0,256.0,8.0,17.116751872,653.908770816,1342.051045376,61,mla,,,512.0,64.0,70272,70.272,"DeepSeek-V3/R1 public config, optimized MLA KV cache layout"
A100x8,A100,8,80,640,576.0,NVIDIA A100 80GB public product specifications,1,8,8,TP1/DP8/EP8,1,17.116751872,653.908770816,1581.685571584,197.710696448,0.0,0.0,70272.0,0,0,0,0.0,False,dp_max,DeepSeek-V3/R1-671B,671.025522688,37.0,256.0,8.0,17.116751872,653.908770816,1342.051045376,61,mla,,,512.0,64.0,70272,70.272,"DeepSeek-V3/R1 public config, optimized MLA KV cache layout"
A100x8,A100,8,80,640,576.0,NVIDIA A100 80GB public product specifications,1,8,8,TP1/DP8/EP8,1,11.721304064,1014.68602368,2216.912912384,277.114114048,0.0,0.0,70272.0,0,0,0,0.0,False,capacity_opt,Kimi-K2-1T-A32B,1026.407327744,32.0,384.0,8.0,11.721304064,1014.68602368,2052.814655488,61,mla,,,512.0,64.0,70272,70.272,"Moonshot Kimi-K2 public config/model card, optimized MLA KV cache layout"
A100x8,A100,8,80,640,576.0,NVIDIA A100 80GB public product specifications,1,8,8,TP1/DP8/EP8,1,11.721304064,1014.68602368,2216.912912384,277.114114048,0.0,0.0,70272.0,0,0,0,0.0,False,dp_max,Kimi-K2-1T-A32B,1026.407327744,32.0,384.0,8.0,11.721304064,1014.68602368,2052.814655488,61,mla,,,512.0,64.0,70272,70.272,"Moonshot Kimi-K2 public config/model card, optimized MLA KV cache layout"
A100x8,A100,8,80,640,576.0,NVIDIA A100 80GB public product specifications,8,1,8,TP8/DP1/EP8,1,6.974609408,277.025390592,568.0,71.0,8.0,1.0,5504.0,181686,181686,181686,181.68604651162792,True,capacity_opt,DeepSeek-V4-Flash-284B,284.0,35.0,128.0,8.0,6.974609408,277.025390592,568.0,43,shared_kv,1.0,512.0,,,44032,44.032,"DeepSeek-V4-Flash public config/model card, shared KV cache layout"
A100x8,A100,8,80,640,576.0,NVIDIA A100 80GB public product specifications,8,1,8,TP8/DP1/EP8,1,6.974609408,277.025390592,568.0,71.0,8.0,1.0,5504.0,181686,181686,181686,181.68604651162792,True,dp_max,DeepSeek-V4-Flash-284B,284.0,35.0,128.0,8.0,6.974609408,277.025390592,568.0,43,shared_kv,1.0,512.0,,,44032,44.032,"DeepSeek-V4-Flash public config/model card, shared KV cache layout"
A100x8,A100,8,80,640,576.0,NVIDIA A100 80GB public product specifications,1,8,8,TP1/DP8/EP8,1,52.603813888,1547.396186112,3936.4533944319996,492.05667430399996,0.0,0.0,44032.0,0,0,0,0.0,False,capacity_opt,DeepSeek-V4-Pro-1.6T,1600.0,64.0,512.0,8.0,52.603813888,1547.396186112,3200.0,43,shared_kv,1.0,512.0,,,44032,44.032,"DeepSeek-V4-Pro public config/model card, shared KV cache layout"
A100x8,A100,8,80,640,576.0,NVIDIA A100 80GB public product specifications,1,8,8,TP1/DP8/EP8,1,52.603813888,1547.396186112,3936.4533944319996,492.05667430399996,0.0,0.0,44032.0,0,0,0,0.0,False,dp_max,DeepSeek-V4-Pro-1.6T,1600.0,64.0,512.0,8.0,52.603813888,1547.396186112,3200.0,43,shared_kv,1.0,512.0,,,44032,44.032,"DeepSeek-V4-Pro public config/model card, shared KV cache layout"
A100x16,A100,16,80,1280,1152.0,NVIDIA A100 80GB public product specifications,16,1,16,TP16/DP1/EP16,1,1.540882432,28.991029248,61.06382336,3.81648896,1090.93617664,68.18351104,6144.0,11097576,11097576,11097576,11097.576666666666,True,capacity_opt,Qwen3-30B-A3B,30.53191168,3.3,128.0,8.0,1.540882432,28.991029248,61.06382336,48,gqa,4.0,128.0,,,98304,98.304,Qwen3-30B-A3B public Hugging Face config/model card
A100x16,A100,16,80,1280,1152.0,NVIDIA A100 80GB public product specifications,1,16,16,TP1/DP16/EP16,1,1.540882432,28.991029248,107.29029632000001,6.705643520000001,1044.70970368,65.29435648,98304.0,10627336,664208,664208,10627.336666666668,True,dp_max,Qwen3-30B-A3B,30.53191168,3.3,128.0,8.0,1.540882432,28.991029248,61.06382336,48,gqa,4.0,128.0,,,98304,98.304,Qwen3-30B-A3B public Hugging Face config/model card
A100x16,A100,16,80,1280,1152.0,NVIDIA A100 80GB public product specifications,16,1,1,TP16/DP1/EP1,1,32.8,0.0,65.6,4.1,1086.4,67.9,10240.0,6630859,6630859,6630859,6630.859375000001,True,capacity_opt,Qwen3-32B,32.8,,,,32.8,0.0,65.6,64,gqa,8.0,80.0,,,163840,163.84,Qwen3-32B public Hugging Face config/model card
A100x16,A100,16,80,1280,1152.0,NVIDIA A100 80GB public product specifications,1,16,1,TP1/DP16/EP1,1,32.8,0.0,1049.6,65.6,102.40000000000009,6.400000000000006,163840.0,625000,39062,39062,625.0000000000006,True,dp_max,Qwen3-32B,32.8,,,,32.8,0.0,65.6,64,gqa,8.0,80.0,,,163840,163.84,Qwen3-32B public Hugging Face config/model card
A100x16,A100,16,80,1280,1152.0,NVIDIA A100 80GB public product specifications,16,1,1,TP16/DP1/EP1,1,70.6,0.0,141.2,8.825,1010.8,63.175,20480.0,3084716,3084716,3084716,3084.716796875,True,capacity_opt,Llama-3.3-70B,70.6,,,,70.6,0.0,141.2,80,gqa,8.0,128.0,,,327680,327.68,Meta Llama 3.3 70B public Hugging Face config/model card
A100x16,A100,16,80,1280,1152.0,NVIDIA A100 80GB public product specifications,2,8,1,TP2/DP8/EP1,1,70.6,0.0,1129.6,70.6,22.40000000000009,1.4000000000000057,163840.0,68359,8544,8544,68.35937500000027,True,dp_max,Llama-3.3-70B,70.6,,,,70.6,0.0,141.2,80,gqa,8.0,128.0,,,327680,327.68,Meta Llama 3.3 70B public Hugging Face config/model card
A100x16,A100,16,80,1280,1152.0,NVIDIA A100 80GB public product specifications,16,1,16,TP16/DP1/EP16,1,7.996440576,227.096395776,470.185672704,29.386604544,681.814327296,42.613395456,12032.0,3541671,3541671,3541671,3541.671829787234,True,capacity_opt,Qwen3-235B-A22B,235.092836352,22.0,128.0,8.0,7.996440576,227.096395776,470.185672704,94,gqa,4.0,128.0,,,192512,192.512,Qwen3-235B-A22B public Hugging Face config/model card
A100x16,A100,16,80,1280,1152.0,NVIDIA A100 80GB public product specifications,1,16,16,TP1/DP16/EP16,1,7.996440576,227.096395776,710.078889984,44.379930624,441.92111001599994,27.620069375999996,192512.0,2295550,143471,143471,2295.550978723404,True,dp_max,Qwen3-235B-A22B,235.092836352,22.0,128.0,8.0,7.996440576,227.096395776,470.185672704,94,gqa,4.0,128.0,,,192512,192.512,Qwen3-235B-A22B public Hugging Face config/model card
A100x16,A100,16,80,1280,1152.0,NVIDIA A100 80GB public product specifications,16,1,16,TP16/DP1/EP16,1,7.7116288,347.2883712,710.0,44.375,442.0,27.625,23552.0,1172936,1172936,1172936,1172.936480978261,True,capacity_opt,GLM-4.5-355B-A32B,355.0,32.0,128.0,8.0,7.7116288,347.2883712,710.0,92,gqa,8.0,128.0,,,376832,376.832,Z.ai GLM-4.5 public Hugging Face config/model card
A100x16,A100,16,80,1280,1152.0,NVIDIA A100 80GB public product specifications,1,16,16,TP1/DP16/EP16,1,7.7116288,347.2883712,941.3488639999999,58.834303999999996,210.65113600000006,13.165696000000004,376832.0,559005,34937,34937,559.0054347826089,True,dp_max,GLM-4.5-355B-A32B,355.0,32.0,128.0,8.0,7.7116288,347.2883712,710.0,92,gqa,8.0,128.0,,,376832,376.832,Z.ai GLM-4.5 public Hugging Face config/model card
A100x16,A100,16,80,1280,1152.0,NVIDIA A100 80GB public product specifications,16,1,1,TP16/DP1/EP1,1,405.0,0.0,810.0,50.625,342.0,21.375,32256.0,662667,662667,662667,662.6674107142857,True,capacity_opt,Llama-3.1-405B,405.0,,,,405.0,0.0,810.0,126,gqa,8.0,128.0,,,516096,516.096,Meta Llama 3.1 405B public Hugging Face config/model card
A100x16,A100,16,80,1280,1152.0,NVIDIA A100 80GB public product specifications,16,1,1,TP16/DP1/EP1,1,405.0,0.0,810.0,50.625,342.0,21.375,32256.0,662667,662667,662667,662.6674107142857,True,dp_max,Llama-3.1-405B,405.0,,,,405.0,0.0,810.0,126,gqa,8.0,128.0,,,516096,516.096,Meta Llama 3.1 405B public Hugging Face config/model card
A100x16,A100,16,80,1280,1152.0,NVIDIA A100 80GB public product specifications,16,1,16,TP16/DP1/EP16,1,12.06976512,468.0843264,960.30818304,60.01926144,191.69181695999998,11.980738559999999,15872.0,754834,754834,754834,754.8348387096773,True,capacity_opt,Qwen3-Coder-480B-A35B,480.15409152,35.0,160.0,8.0,12.06976512,468.0843264,960.30818304,62,gqa,8.0,128.0,,,253952,253.952,Qwen3-Coder-480B-A35B public Hugging Face config/model card
A100x16,A100,16,80,1280,1152.0,NVIDIA A100 80GB public product specifications,2,8,16,TP2/DP8/EP16,1,12.06976512,468.0843264,1129.28489472,70.58030592,22.71510527999999,1.4196940799999993,126976.0,89446,11180,11180,89.44645161290319,True,dp_max,Qwen3-Coder-480B-A35B,480.15409152,35.0,160.0,8.0,12.06976512,468.0843264,960.30818304,62,gqa,8.0,128.0,,,253952,253.952,Qwen3-Coder-480B-A35B public Hugging Face config/model card
A100x16,A100,16,80,1280,1152.0,NVIDIA A100 80GB public product specifications,1,16,16,TP1/DP16/EP16,1,17.116751872,653.908770816,1855.5536015359999,115.97210009599999,0.0,0.0,70272.0,0,0,0,0.0,False,capacity_opt,DeepSeek-V3/R1-671B,671.025522688,37.0,256.0,8.0,17.116751872,653.908770816,1342.051045376,61,mla,,,512.0,64.0,70272,70.272,"DeepSeek-V3/R1 public config, optimized MLA KV cache layout"
A100x16,A100,16,80,1280,1152.0,NVIDIA A100 80GB public product specifications,1,16,16,TP1/DP16/EP16,1,17.116751872,653.908770816,1855.5536015359999,115.97210009599999,0.0,0.0,70272.0,0,0,0,0.0,False,dp_max,DeepSeek-V3/R1-671B,671.025522688,37.0,256.0,8.0,17.116751872,653.908770816,1342.051045376,61,mla,,,512.0,64.0,70272,70.272,"DeepSeek-V3/R1 public config, optimized MLA KV cache layout"
A100x16,A100,16,80,1280,1152.0,NVIDIA A100 80GB public product specifications,1,16,16,TP1/DP16/EP16,1,11.721304064,1014.68602368,2404.453777408,150.278361088,0.0,0.0,70272.0,0,0,0,0.0,False,capacity_opt,Kimi-K2-1T-A32B,1026.407327744,32.0,384.0,8.0,11.721304064,1014.68602368,2052.814655488,61,mla,,,512.0,64.0,70272,70.272,"Moonshot Kimi-K2 public config/model card, optimized MLA KV cache layout"
A100x16,A100,16,80,1280,1152.0,NVIDIA A100 80GB public product specifications,1,16,16,TP1/DP16/EP16,1,11.721304064,1014.68602368,2404.453777408,150.278361088,0.0,0.0,70272.0,0,0,0,0.0,False,dp_max,Kimi-K2-1T-A32B,1026.407327744,32.0,384.0,8.0,11.721304064,1014.68602368,2052.814655488,61,mla,,,512.0,64.0,70272,70.272,"Moonshot Kimi-K2 public config/model card, optimized MLA KV cache layout"
A100x16,A100,16,80,1280,1152.0,NVIDIA A100 80GB public product specifications,16,1,16,TP16/DP1/EP16,1,6.974609408,277.025390592,568.0,35.5,584.0,36.5,2752.0,13263081,13263081,13263081,13263.081395348838,True,capacity_opt,DeepSeek-V4-Flash-284B,284.0,35.0,128.0,8.0,6.974609408,277.025390592,568.0,43,shared_kv,1.0,512.0,,,44032,44.032,"DeepSeek-V4-Flash public config/model card, shared KV cache layout"
A100x16,A100,16,80,1280,1152.0,NVIDIA A100 80GB public product specifications,1,16,16,TP1/DP16/EP16,1,6.974609408,277.025390592,777.23828224,48.57739264,374.76171776,23.42260736,44032.0,8511121,531945,531945,8511.121860465117,True,dp_max,DeepSeek-V4-Flash-284B,284.0,35.0,128.0,8.0,6.974609408,277.025390592,568.0,43,shared_kv,1.0,512.0,,,44032,44.032,"DeepSeek-V4-Flash public config/model card, shared KV cache layout"
A100x16,A100,16,80,1280,1152.0,NVIDIA A100 80GB public product specifications,1,16,16,TP1/DP16/EP16,1,52.603813888,1547.396186112,4778.11441664,298.63215104,0.0,0.0,44032.0,0,0,0,0.0,False,capacity_opt,DeepSeek-V4-Pro-1.6T,1600.0,64.0,512.0,8.0,52.603813888,1547.396186112,3200.0,43,shared_kv,1.0,512.0,,,44032,44.032,"DeepSeek-V4-Pro public config/model card, shared KV cache layout"
A100x16,A100,16,80,1280,1152.0,NVIDIA A100 80GB public product specifications,1,16,16,TP1/DP16/EP16,1,52.603813888,1547.396186112,4778.11441664,298.63215104,0.0,0.0,44032.0,0,0,0,0.0,False,dp_max,DeepSeek-V4-Pro-1.6T,1600.0,64.0,512.0,8.0,52.603813888,1547.396186112,3200.0,43,shared_kv,1.0,512.0,,,44032,44.032,"DeepSeek-V4-Pro public config/model card, shared KV cache layout"
A100x36,A100,36,80,2880,2592.0,NVIDIA A100 80GB public product specifications,36,1,36,TP36/DP1/EP36,1,1.540882432,28.991029248,61.06382336,1.6962173155555555,2530.93617664,70.30378268444444,2730.6666666666665,25746014,25746014,25746014,25746.014166666668,True,capacity_opt,Qwen3-30B-A3B,30.53191168,3.3,128.0,8.0,1.540882432,28.991029248,61.06382336,48,gqa,4.0,128.0,,,98304,98.304,Qwen3-30B-A3B public Hugging Face config/model card
A100x36,A100,36,80,2880,2592.0,NVIDIA A100 80GB public product specifications,1,36,36,TP1/DP36/EP36,1,1.540882432,28.991029248,168.9255936,4.6923776,2423.0744064,67.3076224,98304.0,24648787,684688,684688,24648.7875,True,dp_max,Qwen3-30B-A3B,30.53191168,3.3,128.0,8.0,1.540882432,28.991029248,61.06382336,48,gqa,4.0,128.0,,,98304,98.304,Qwen3-30B-A3B public Hugging Face config/model card
A100x36,A100,36,80,2880,2592.0,NVIDIA A100 80GB public product specifications,36,1,1,TP36/DP1/EP1,1,32.8,0.0,65.6,1.822222222222222,2526.4,70.17777777777778,4551.111111111111,15419921,15419921,15419921,15419.921875,True,capacity_opt,Qwen3-32B,32.8,,,,32.8,0.0,65.6,64,gqa,8.0,80.0,,,163840,163.84,Qwen3-32B public Hugging Face config/model card
A100x36,A100,36,80,2880,2592.0,NVIDIA A100 80GB public product specifications,1,36,1,TP1/DP36/EP1,1,32.8,0.0,2361.6,65.6,230.4000000000001,6.400000000000006,163840.0,1406250,39062,39062,1406.2500000000005,True,dp_max,Qwen3-32B,32.8,,,,32.8,0.0,65.6,64,gqa,8.0,80.0,,,163840,163.84,Qwen3-32B public Hugging Face config/model card
A100x36,A100,36,80,2880,2592.0,NVIDIA A100 80GB public product specifications,36,1,1,TP36/DP1/EP1,1,70.6,0.0,141.2,3.922222222222222,2450.8,68.07777777777778,9102.222222222223,7479248,7479248,7479248,7479.248046875,True,capacity_opt,Llama-3.3-70B,70.6,,,,70.6,0.0,141.2,80,gqa,8.0,128.0,,,327680,327.68,Meta Llama 3.3 70B public Hugging Face config/model card
A100x36,A100,36,80,2880,2592.0,NVIDIA A100 80GB public product specifications,2,18,1,TP2/DP18/EP1,1,70.6,0.0,2541.6,70.6,50.40000000000009,1.4000000000000057,163840.0,153808,8544,8544,153.80859375000028,True,dp_max,Llama-3.3-70B,70.6,,,,70.6,0.0,141.2,80,gqa,8.0,128.0,,,327680,327.68,Meta Llama 3.3 70B public Hugging Face config/model card
A100x36,A100,36,80,2880,2592.0,NVIDIA A100 80GB public product specifications,36,1,36,TP36/DP1/EP36,1,7.996440576,227.096395776,470.185672704,13.060713130666668,2121.814327296,58.93928686933333,5347.555555555556,11021725,11021725,11021725,11021.725021276596,True,capacity_opt,Qwen3-235B-A22B,235.092836352,22.0,128.0,8.0,7.996440576,227.096395776,470.185672704,94,gqa,4.0,128.0,,,192512,192.512,Qwen3-235B-A22B public Hugging Face config/model card
A100x36,A100,36,80,2880,2592.0,NVIDIA A100 80GB public product specifications,1,36,36,TP1/DP36/EP36,1,7.996440576,227.096395776,1029.936513024,28.609347584,1562.063486976,43.390652415999995,192512.0,8114109,225391,225391,8114.10970212766,True,dp_max,Qwen3-235B-A22B,235.092836352,22.0,128.0,8.0,7.996440576,227.096395776,470.185672704,94,gqa,4.0,128.0,,,192512,192.512,Qwen3-235B-A22B public Hugging Face config/model card
A100x36,A100,36,80,2880,2592.0,NVIDIA A100 80GB public product specifications,36,1,36,TP36/DP1/EP36,1,7.7116288,347.2883712,710.0,19.72222222222222,1882.0,52.27777777777778,10467.555555555555,4994268,4994268,4994268,4994.268002717392,True,capacity_opt,GLM-4.5-355B-A32B,355.0,32.0,128.0,8.0,7.7116288,347.2883712,710.0,92,gqa,8.0,128.0,,,376832,376.832,Z.ai GLM-4.5 public Hugging Face config/model card
A100x36,A100,36,80,2880,2592.0,NVIDIA A100 80GB public product specifications,1,36,36,TP1/DP36/EP36,1,7.7116288,347.2883712,1249.8140159999998,34.717056,1342.1859840000002,37.282944,376832.0,3561762,98937,98937,3561.76222826087,True,dp_max,GLM-4.5-355B-A32B,355.0,32.0,128.0,8.0,7.7116288,347.2883712,710.0,92,gqa,8.0,128.0,,,376832,376.832,Z.ai GLM-4.5 public Hugging Face config/model card
A100x36,A100,36,80,2880,2592.0,NVIDIA A100 80GB public product specifications,36,1,1,TP36/DP1/EP1,1,405.0,0.0,810.0,22.5,1782.0,49.5,14336.0,3452845,3452845,3452845,3452.8459821428573,True,capacity_opt,Llama-3.1-405B,405.0,,,,405.0,0.0,810.0,126,gqa,8.0,128.0,,,516096,516.096,Meta Llama 3.1 405B public Hugging Face config/model card
A100x36,A100,36,80,2880,2592.0,NVIDIA A100 80GB public product specifications,36,1,1,TP36/DP1/EP1,1,405.0,0.0,810.0,22.5,1782.0,49.5,14336.0,3452845,3452845,3452845,3452.8459821428573,True,dp_max,Llama-3.1-405B,405.0,,,,405.0,0.0,810.0,126,gqa,8.0,128.0,,,516096,516.096,Meta Llama 3.1 405B public Hugging Face config/model card
A100x36,A100,36,80,2880,2592.0,NVIDIA A100 80GB public product specifications,36,1,36,TP36/DP1/EP36,1,12.06976512,468.0843264,960.30818304,26.675227306666667,1631.6918169599999,45.32477269333333,7054.222222222223,6425197,6425197,6425197,6425.1977419354835,True,capacity_opt,Qwen3-Coder-480B-A35B,480.15409152,35.0,160.0,8.0,12.06976512,468.0843264,960.30818304,62,gqa,8.0,128.0,,,253952,253.952,Qwen3-Coder-480B-A35B public Hugging Face config/model card
A100x36,A100,36,80,2880,2592.0,NVIDIA A100 80GB public product specifications,1,36,36,TP1/DP36/EP36,1,12.06976512,468.0843264,1805.19174144,50.14421504,786.80825856,21.85578496,253952.0,3098255,86062,86062,3098.255806451613,True,dp_max,Qwen3-Coder-480B-A35B,480.15409152,35.0,160.0,8.0,12.06976512,468.0843264,960.30818304,62,gqa,8.0,128.0,,,253952,253.952,Qwen3-Coder-480B-A35B public Hugging Face config/model card
A100x36,A100,36,80,2880,2592.0,NVIDIA A100 80GB public product specifications,36,1,36,TP36/DP1/EP36,1,17.116751872,653.908770816,1342.051045376,37.279195704888885,1249.948954624,34.720804295111115,1952.0,17787297,17787297,17787297,17787.29728233151,True,capacity_opt,DeepSeek-V3/R1-671B,671.025522688,37.0,256.0,8.0,17.116751872,653.908770816,1342.051045376,61,mla,,,512.0,64.0,70272,70.272,"DeepSeek-V3/R1 public config, optimized MLA KV cache layout"
A100x36,A100,36,80,2880,2592.0,NVIDIA A100 80GB public product specifications,1,36,36,TP1/DP36/EP36,1,17.116751872,653.908770816,2540.2236764159998,70.56176878933333,51.77632358400024,1.4382312106666717,70272.0,736798,20466,20466,736.7987759562875,True,dp_max,DeepSeek-V3/R1-671B,671.025522688,37.0,256.0,8.0,17.116751872,653.908770816,1342.051045376,61,mla,,,512.0,64.0,70272,70.272,"DeepSeek-V3/R1 public config, optimized MLA KV cache layout"
A100x36,A100,36,80,2880,2592.0,NVIDIA A100 80GB public product specifications,36,1,36,TP36/DP1/EP36,1,11.721304064,1014.68602368,2052.814655488,57.02262931911111,539.185344512,14.977370680888889,1952.0,7672833,7672833,7672833,7672.833340619308,True,capacity_opt,Kimi-K2-1T-A32B,1026.407327744,32.0,384.0,8.0,11.721304064,1014.68602368,2052.814655488,61,mla,,,512.0,64.0,70272,70.272,"Moonshot Kimi-K2 public config/model card, optimized MLA KV cache layout"
A100x36,A100,36,80,2880,2592.0,NVIDIA A100 80GB public product specifications,2,18,36,TP2/DP18/EP36,1,11.721304064,1014.68602368,2451.3389936639996,68.092749824,140.66100633600036,3.907250176000005,35136.0,2001665,111203,111203,2001.665049180333,True,dp_max,Kimi-K2-1T-A32B,1026.407327744,32.0,384.0,8.0,11.721304064,1014.68602368,2052.814655488,61,mla,,,512.0,64.0,70272,70.272,"Moonshot Kimi-K2 public config/model card, optimized MLA KV cache layout"
A100x36,A100,36,80,2880,2592.0,NVIDIA A100 80GB public product specifications,36,1,36,TP36/DP1/EP36,1,6.974609408,277.025390592,568.0,15.777777777777779,2024.0,56.22222222222222,1223.111111111111,45966569,45966569,45966569,45966.56976744186,True,capacity_opt,DeepSeek-V4-Flash-284B,284.0,35.0,128.0,8.0,6.974609408,277.025390592,568.0,43,shared_kv,1.0,512.0,,,44032,44.032,"DeepSeek-V4-Flash public config/model card, shared KV cache layout"
A100x36,A100,36,80,2880,2592.0,NVIDIA A100 80GB public product specifications,1,36,36,TP1/DP36/EP36,1,6.974609408,277.025390592,1056.2226585600001,29.339518293333334,1535.7773414399999,42.660481706666666,44032.0,34878664,968851,968851,34878.6641860465,True,dp_max,DeepSeek-V4-Flash-284B,284.0,35.0,128.0,8.0,6.974609408,277.025390592,568.0,43,shared_kv,1.0,512.0,,,44032,44.032,"DeepSeek-V4-Flash public config/model card, shared KV cache layout"
A100x36,A100,36,80,2880,2592.0,NVIDIA A100 80GB public product specifications,1,36,36,TP1/DP36/EP36,1,52.603813888,1547.396186112,6882.26697216,191.17408256,0.0,0.0,44032.0,0,0,0,0.0,False,capacity_opt,DeepSeek-V4-Pro-1.6T,1600.0,64.0,512.0,8.0,52.603813888,1547.396186112,3200.0,43,shared_kv,1.0,512.0,,,44032,44.032,"DeepSeek-V4-Pro public config/model card, shared KV cache layout"
A100x36,A100,36,80,2880,2592.0,NVIDIA A100 80GB public product specifications,1,36,36,TP1/DP36/EP36,1,52.603813888,1547.396186112,6882.26697216,191.17408256,0.0,0.0,44032.0,0,0,0,0.0,False,dp_max,DeepSeek-V4-Pro-1.6T,1600.0,64.0,512.0,8.0,52.603813888,1547.396186112,3200.0,43,shared_kv,1.0,512.0,,,44032,44.032,"DeepSeek-V4-Pro public config/model card, shared KV cache layout"
A100x72,A100,72,80,5760,5184.0,NVIDIA A100 80GB public product specifications,72,1,72,TP72/DP1/EP72,1,1.540882432,28.991029248,61.06382336,0.8481086577777778,5122.93617664,71.15189134222223,1365.3333333333333,52113201,52113201,52113201,52113.20166666667,True,capacity_opt,Qwen3-30B-A3B,30.53191168,3.3,128.0,8.0,1.540882432,28.991029248,61.06382336,48,gqa,4.0,128.0,,,98304,98.304,Qwen3-30B-A3B public Hugging Face config/model card
A100x72,A100,72,80,5760,5184.0,NVIDIA A100 80GB public product specifications,1,72,72,TP1/DP72/EP72,1,1.540882432,28.991029248,279.869128704,3.8870712320000003,4904.130871296,68.112928768,98304.0,49887399,692880,692880,49887.399,True,dp_max,Qwen3-30B-A3B,30.53191168,3.3,128.0,8.0,1.540882432,28.991029248,61.06382336,48,gqa,4.0,128.0,,,98304,98.304,Qwen3-30B-A3B public Hugging Face config/model card
A100x72,A100,72,80,5760,5184.0,NVIDIA A100 80GB public product specifications,72,1,1,TP72/DP1/EP1,1,32.8,0.0,65.6,0.911111111111111,5118.4,71.08888888888889,2275.5555555555557,31240234,31240234,31240234,31240.234375,True,capacity_opt,Qwen3-32B,32.8,,,,32.8,0.0,65.6,64,gqa,8.0,80.0,,,163840,163.84,Qwen3-32B public Hugging Face config/model card
A100x72,A100,72,80,5760,5184.0,NVIDIA A100 80GB public product specifications,1,72,1,TP1/DP72/EP1,1,32.8,0.0,4723.2,65.6,460.8000000000002,6.400000000000006,163840.0,2812500,39062,39062,2812.500000000001,True,dp_max,Qwen3-32B,32.8,,,,32.8,0.0,65.6,64,gqa,8.0,80.0,,,163840,163.84,Qwen3-32B public Hugging Face config/model card
A100x72,A100,72,80,5760,5184.0,NVIDIA A100 80GB public product specifications,72,1,1,TP72/DP1/EP1,1,70.6,0.0,141.2,1.961111111111111,5042.8,70.03888888888889,4551.111111111111,15389404,15389404,15389404,15389.404296875,True,capacity_opt,Llama-3.3-70B,70.6,,,,70.6,0.0,141.2,80,gqa,8.0,128.0,,,327680,327.68,Meta Llama 3.3 70B public Hugging Face config/model card
A100x72,A100,72,80,5760,5184.0,NVIDIA A100 80GB public product specifications,2,36,1,TP2/DP36/EP1,1,70.6,0.0,5083.2,70.6,100.80000000000018,1.4000000000000057,163840.0,307617,8544,8544,307.61718750000057,True,dp_max,Llama-3.3-70B,70.6,,,,70.6,0.0,141.2,80,gqa,8.0,128.0,,,327680,327.68,Meta Llama 3.3 70B public Hugging Face config/model card
A100x72,A100,72,80,5760,5184.0,NVIDIA A100 80GB public product specifications,72,1,72,TP72/DP1/EP72,1,7.996440576,227.096395776,470.185672704,6.530356565333334,4713.814327296,65.46964343466666,2673.777777777778,24485820,24485820,24485820,24485.820765957447,True,capacity_opt,Qwen3-235B-A22B,235.092836352,22.0,128.0,8.0,7.996440576,227.096395776,470.185672704,94,gqa,4.0,128.0,,,192512,192.512,Qwen3-235B-A22B public Hugging Face config/model card
A100x72,A100,72,80,5760,5184.0,NVIDIA A100 80GB public product specifications,1,72,72,TP1/DP72/EP72,1,7.996440576,227.096395776,1605.6802344960001,22.301114368,3578.319765504,49.698885632,192512.0,18587515,258159,258159,18587.51540425532,True,dp_max,Qwen3-235B-A22B,235.092836352,22.0,128.0,8.0,7.996440576,227.096395776,470.185672704,94,gqa,4.0,128.0,,,192512,192.512,Qwen3-235B-A22B public Hugging Face config/model card
A100x72,A100,72,80,5760,5184.0,NVIDIA A100 80GB public product specifications,72,1,72,TP72/DP1/EP72,1,7.7116288,347.2883712,710.0,9.86111111111111,4474.0,62.138888888888886,5233.777777777777,11872664,11872664,11872664,11872.664741847826,True,capacity_opt,GLM-4.5-355B-A32B,355.0,32.0,128.0,8.0,7.7116288,347.2883712,710.0,92,gqa,8.0,128.0,,,376832,376.832,Z.ai GLM-4.5 public Hugging Face config/model card
A100x72,A100,72,80,5760,5184.0,NVIDIA A100 80GB public product specifications,1,72,72,TP1/DP72/EP72,1,7.7116288,347.2883712,1805.0512896,25.0701568,3378.9487104,46.9298432,376832.0,8966724,124537,124537,8966.724456521739,True,dp_max,GLM-4.5-355B-A32B,355.0,32.0,128.0,8.0,7.7116288,347.2883712,710.0,92,gqa,8.0,128.0,,,376832,376.832,Z.ai GLM-4.5 public Hugging Face config/model card
A100x72,A100,72,80,5760,5184.0,NVIDIA A100 80GB public product specifications,72,1,1,TP72/DP1/EP1,1,405.0,0.0,810.0,11.25,4374.0,60.75,7168.0,8475167,8475167,8475167,8475.167410714286,True,capacity_opt,Llama-3.1-405B,405.0,,,,405.0,0.0,810.0,126,gqa,8.0,128.0,,,516096,516.096,Meta Llama 3.1 405B public Hugging Face config/model card
A100x72,A100,72,80,5760,5184.0,NVIDIA A100 80GB public product specifications,36,2,1,TP36/DP2/EP1,1,405.0,0.0,1620.0,22.5,3564.0,49.5,14336.0,6905691,3452845,3452845,6905.691964285715,True,dp_max,Llama-3.1-405B,405.0,,,,405.0,0.0,810.0,126,gqa,8.0,128.0,,,516096,516.096,Meta Llama 3.1 405B public Hugging Face config/model card
A100x72,A100,72,80,5760,5184.0,NVIDIA A100 80GB public product specifications,72,1,72,TP72/DP1/EP72,1,12.06976512,468.0843264,960.30818304,13.337613653333333,4223.69181696,58.662386346666665,3527.1111111111113,16631850,16631850,16631850,16631.85096774194,True,capacity_opt,Qwen3-Coder-480B-A35B,480.15409152,35.0,160.0,8.0,12.06976512,468.0843264,960.30818304,62,gqa,8.0,128.0,,,253952,253.952,Qwen3-Coder-480B-A35B public Hugging Face config/model card
A100x72,A100,72,80,5760,5184.0,NVIDIA A100 80GB public product specifications,1,72,72,TP1/DP72/EP72,1,12.06976512,468.0843264,2674.21483008,37.14187264,2509.78516992,34.85812736,253952.0,9882911,137262,137262,9882.911612903226,True,dp_max,Qwen3-Coder-480B-A35B,480.15409152,35.0,160.0,8.0,12.06976512,468.0843264,960.30818304,62,gqa,8.0,128.0,,,253952,253.952,Qwen3-Coder-480B-A35B public Hugging Face config/model card
A100x72,A100,72,80,5760,5184.0,NVIDIA A100 80GB public product specifications,72,1,72,TP72/DP1/EP72,1,17.116751872,653.908770816,1342.051045376,18.639597852444442,3841.948954624,53.36040214755556,976.0,54672543,54672543,54672543,54672.543183970854,True,capacity_opt,DeepSeek-V3/R1-671B,671.025522688,37.0,256.0,8.0,17.116751872,653.908770816,1342.051045376,61,mla,,,512.0,64.0,70272,70.272,"DeepSeek-V3/R1 public config, optimized MLA KV cache layout"
A100x72,A100,72,80,5760,5184.0,NVIDIA A100 80GB public product specifications,1,72,72,TP1/DP72/EP72,1,17.116751872,653.908770816,3772.6298112,52.397636266666666,1411.3701888,19.602363733333334,70272.0,20084389,278949,278949,20084.38907103825,True,dp_max,DeepSeek-V3/R1-671B,671.025522688,37.0,256.0,8.0,17.116751872,653.908770816,1342.051045376,61,mla,,,512.0,64.0,70272,70.272,"DeepSeek-V3/R1 public config, optimized MLA KV cache layout"
A100x72,A100,72,80,5760,5184.0,NVIDIA A100 80GB public product specifications,72,1,72,TP72/DP1/EP72,1,11.721304064,1014.68602368,2052.814655488,28.511314659555556,3131.185344512,43.48868534044445,976.0,44558079,44558079,44558079,44558.07924225865,True,capacity_opt,Kimi-K2-1T-A32B,1026.407327744,32.0,384.0,8.0,11.721304064,1014.68602368,2052.814655488,61,mla,,,512.0,64.0,70272,70.272,"Moonshot Kimi-K2 public config/model card, optimized MLA KV cache layout"
A100x72,A100,72,80,5760,5184.0,NVIDIA A100 80GB public product specifications,1,72,72,TP1/DP72/EP72,1,11.721304064,1014.68602368,3717.2398325759996,51.628331008,1466.7601674240004,20.371668991999996,70272.0,20872611,289897,289897,20872.611672131156,True,dp_max,Kimi-K2-1T-A32B,1026.407327744,32.0,384.0,8.0,11.721304064,1014.68602368,2052.814655488,61,mla,,,512.0,64.0,70272,70.272,"Moonshot Kimi-K2 public config/model card, optimized MLA KV cache layout"
A100x72,A100,72,80,5760,5184.0,NVIDIA A100 80GB public product specifications,72,1,72,TP72/DP1/EP72,1,6.974609408,277.025390592,568.0,7.888888888888889,4616.0,64.11111111111111,611.5555555555555,104832848,104832848,104832848,104832.8488372093,True,capacity_opt,DeepSeek-V4-Flash-284B,284.0,35.0,128.0,8.0,6.974609408,277.025390592,568.0,43,shared_kv,1.0,512.0,,,44032,44.032,"DeepSeek-V4-Flash public config/model card, shared KV cache layout"
A100x72,A100,72,80,5760,5184.0,NVIDIA A100 80GB public product specifications,1,72,72,TP1/DP72/EP72,1,6.974609408,277.025390592,1558.394535936,21.644368554666666,3625.605464064,50.35563144533333,44032.0,82340240,1143614,1143614,82340.24037209302,True,dp_max,DeepSeek-V4-Flash-284B,284.0,35.0,128.0,8.0,6.974609408,277.025390592,568.0,43,shared_kv,1.0,512.0,,,44032,44.032,"DeepSeek-V4-Flash public config/model card, shared KV cache layout"
A100x72,A100,72,80,5760,5184.0,NVIDIA A100 80GB public product specifications,72,1,72,TP72/DP1/EP72,1,52.603813888,1547.396186112,3200.0,44.44444444444444,1984.0,27.555555555555557,611.5555555555555,45058139,45058139,45058139,45058.139534883725,True,capacity_opt,DeepSeek-V4-Pro-1.6T,1600.0,64.0,512.0,8.0,52.603813888,1547.396186112,3200.0,43,shared_kv,1.0,512.0,,,44032,44.032,"DeepSeek-V4-Pro public config/model card, shared KV cache layout"
A100x72,A100,72,80,5760,5184.0,NVIDIA A100 80GB public product specifications,4,18,72,TP4/DP18/EP72,1,52.603813888,1547.396186112,4988.529672191999,69.285134336,195.47032780800055,2.7148656640000013,11008.0,4439278,246626,246626,4439.278883720943,True,dp_max,DeepSeek-V4-Pro-1.6T,1600.0,64.0,512.0,8.0,52.603813888,1547.396186112,3200.0,43,shared_kv,1.0,512.0,,,44032,44.032,"DeepSeek-V4-Pro public config/model card, shared KV cache layout"
H100NVLx1,H100NVL,1,94,94,84.60000000000001,NVIDIA H100 NVL 94GB public product specifications,1,1,1,TP1/DP1/EP1,1,1.540882432,28.991029248,61.06382336,61.06382336,23.536176640000008,23.536176640000008,98304.0,239422,239422,239422,239.42236979166674,True,capacity_opt,Qwen3-30B-A3B,30.53191168,3.3,128.0,8.0,1.540882432,28.991029248,61.06382336,48,gqa,4.0,128.0,,,98304,98.304,Qwen3-30B-A3B public Hugging Face config/model card
H100NVLx1,H100NVL,1,94,94,84.60000000000001,NVIDIA H100 NVL 94GB public product specifications,1,1,1,TP1/DP1/EP1,1,1.540882432,28.991029248,61.06382336,61.06382336,23.536176640000008,23.536176640000008,98304.0,239422,239422,239422,239.42236979166674,True,dp_max,Qwen3-30B-A3B,30.53191168,3.3,128.0,8.0,1.540882432,28.991029248,61.06382336,48,gqa,4.0,128.0,,,98304,98.304,Qwen3-30B-A3B public Hugging Face config/model card
H100NVLx1,H100NVL,1,94,94,84.60000000000001,NVIDIA H100 NVL 94GB public product specifications,1,1,1,TP1/DP1/EP1,1,32.8,0.0,65.6,65.6,19.000000000000014,19.000000000000014,163840.0,115966,115966,115966,115.96679687500009,True,capacity_opt,Qwen3-32B,32.8,,,,32.8,0.0,65.6,64,gqa,8.0,80.0,,,163840,163.84,Qwen3-32B public Hugging Face config/model card
H100NVLx1,H100NVL,1,94,94,84.60000000000001,NVIDIA H100 NVL 94GB public product specifications,1,1,1,TP1/DP1/EP1,1,32.8,0.0,65.6,65.6,19.000000000000014,19.000000000000014,163840.0,115966,115966,115966,115.96679687500009,True,dp_max,Qwen3-32B,32.8,,,,32.8,0.0,65.6,64,gqa,8.0,80.0,,,163840,163.84,Qwen3-32B public Hugging Face config/model card
H100NVLx1,H100NVL,1,94,94,84.60000000000001,NVIDIA H100 NVL 94GB public product specifications,1,1,1,TP1/DP1/EP1,1,70.6,0.0,141.2,141.2,0.0,0.0,327680.0,0,0,0,0.0,False,capacity_opt,Llama-3.3-70B,70.6,,,,70.6,0.0,141.2,80,gqa,8.0,128.0,,,327680,327.68,Meta Llama 3.3 70B public Hugging Face config/model card
H100NVLx1,H100NVL,1,94,94,84.60000000000001,NVIDIA H100 NVL 94GB public product specifications,1,1,1,TP1/DP1/EP1,1,70.6,0.0,141.2,141.2,0.0,0.0,327680.0,0,0,0,0.0,False,dp_max,Llama-3.3-70B,70.6,,,,70.6,0.0,141.2,80,gqa,8.0,128.0,,,327680,327.68,Meta Llama 3.3 70B public Hugging Face config/model card
H100NVLx1,H100NVL,1,94,94,84.60000000000001,NVIDIA H100 NVL 94GB public product specifications,1,1,1,TP1/DP1/EP1,1,7.996440576,227.096395776,470.185672704,470.185672704,0.0,0.0,192512.0,0,0,0,0.0,False,capacity_opt,Qwen3-235B-A22B,235.092836352,22.0,128.0,8.0,7.996440576,227.096395776,470.185672704,94,gqa,4.0,128.0,,,192512,192.512,Qwen3-235B-A22B public Hugging Face config/model card
H100NVLx1,H100NVL,1,94,94,84.60000000000001,NVIDIA H100 NVL 94GB public product specifications,1,1,1,TP1/DP1/EP1,1,7.996440576,227.096395776,470.185672704,470.185672704,0.0,0.0,192512.0,0,0,0,0.0,False,dp_max,Qwen3-235B-A22B,235.092836352,22.0,128.0,8.0,7.996440576,227.096395776,470.185672704,94,gqa,4.0,128.0,,,192512,192.512,Qwen3-235B-A22B public Hugging Face config/model card
H100NVLx1,H100NVL,1,94,94,84.60000000000001,NVIDIA H100 NVL 94GB public product specifications,1,1,1,TP1/DP1/EP1,1,7.7116288,347.2883712,710.0,710.0,0.0,0.0,376832.0,0,0,0,0.0,False,capacity_opt,GLM-4.5-355B-A32B,355.0,32.0,128.0,8.0,7.7116288,347.2883712,710.0,92,gqa,8.0,128.0,,,376832,376.832,Z.ai GLM-4.5 public Hugging Face config/model card
H100NVLx1,H100NVL,1,94,94,84.60000000000001,NVIDIA H100 NVL 94GB public product specifications,1,1,1,TP1/DP1/EP1,1,7.7116288,347.2883712,710.0,710.0,0.0,0.0,376832.0,0,0,0,0.0,False,dp_max,GLM-4.5-355B-A32B,355.0,32.0,128.0,8.0,7.7116288,347.2883712,710.0,92,gqa,8.0,128.0,,,376832,376.832,Z.ai GLM-4.5 public Hugging Face config/model card
H100NVLx1,H100NVL,1,94,94,84.60000000000001,NVIDIA H100 NVL 94GB public product specifications,1,1,1,TP1/DP1/EP1,1,405.0,0.0,810.0,810.0,0.0,0.0,516096.0,0,0,0,0.0,False,capacity_opt,Llama-3.1-405B,405.0,,,,405.0,0.0,810.0,126,gqa,8.0,128.0,,,516096,516.096,Meta Llama 3.1 405B public Hugging Face config/model card
H100NVLx1,H100NVL,1,94,94,84.60000000000001,NVIDIA H100 NVL 94GB public product specifications,1,1,1,TP1/DP1/EP1,1,405.0,0.0,810.0,810.0,0.0,0.0,516096.0,0,0,0,0.0,False,dp_max,Llama-3.1-405B,405.0,,,,405.0,0.0,810.0,126,gqa,8.0,128.0,,,516096,516.096,Meta Llama 3.1 405B public Hugging Face config/model card
H100NVLx1,H100NVL,1,94,94,84.60000000000001,NVIDIA H100 NVL 94GB public product specifications,1,1,1,TP1/DP1/EP1,1,12.06976512,468.0843264,960.30818304,960.30818304,0.0,0.0,253952.0,0,0,0,0.0,False,capacity_opt,Qwen3-Coder-480B-A35B,480.15409152,35.0,160.0,8.0,12.06976512,468.0843264,960.30818304,62,gqa,8.0,128.0,,,253952,253.952,Qwen3-Coder-480B-A35B public Hugging Face config/model card
H100NVLx1,H100NVL,1,94,94,84.60000000000001,NVIDIA H100 NVL 94GB public product specifications,1,1,1,TP1/DP1/EP1,1,12.06976512,468.0843264,960.30818304,960.30818304,0.0,0.0,253952.0,0,0,0,0.0,False,dp_max,Qwen3-Coder-480B-A35B,480.15409152,35.0,160.0,8.0,12.06976512,468.0843264,960.30818304,62,gqa,8.0,128.0,,,253952,253.952,Qwen3-Coder-480B-A35B public Hugging Face config/model card
H100NVLx1,H100NVL,1,94,94,84.60000000000001,NVIDIA H100 NVL 94GB public product specifications,1,1,1,TP1/DP1/EP1,1,17.116751872,653.908770816,1342.051045376,1342.051045376,0.0,0.0,70272.0,0,0,0,0.0,False,capacity_opt,DeepSeek-V3/R1-671B,671.025522688,37.0,256.0,8.0,17.116751872,653.908770816,1342.051045376,61,mla,,,512.0,64.0,70272,70.272,"DeepSeek-V3/R1 public config, optimized MLA KV cache layout"
H100NVLx1,H100NVL,1,94,94,84.60000000000001,NVIDIA H100 NVL 94GB public product specifications,1,1,1,TP1/DP1/EP1,1,17.116751872,653.908770816,1342.051045376,1342.051045376,0.0,0.0,70272.0,0,0,0,0.0,False,dp_max,DeepSeek-V3/R1-671B,671.025522688,37.0,256.0,8.0,17.116751872,653.908770816,1342.051045376,61,mla,,,512.0,64.0,70272,70.272,"DeepSeek-V3/R1 public config, optimized MLA KV cache layout"
H100NVLx1,H100NVL,1,94,94,84.60000000000001,NVIDIA H100 NVL 94GB public product specifications,1,1,1,TP1/DP1/EP1,1,11.721304064,1014.68602368,2052.814655488,2052.814655488,0.0,0.0,70272.0,0,0,0,0.0,False,capacity_opt,Kimi-K2-1T-A32B,1026.407327744,32.0,384.0,8.0,11.721304064,1014.68602368,2052.814655488,61,mla,,,512.0,64.0,70272,70.272,"Moonshot Kimi-K2 public config/model card, optimized MLA KV cache layout"
H100NVLx1,H100NVL,1,94,94,84.60000000000001,NVIDIA H100 NVL 94GB public product specifications,1,1,1,TP1/DP1/EP1,1,11.721304064,1014.68602368,2052.814655488,2052.814655488,0.0,0.0,70272.0,0,0,0,0.0,False,dp_max,Kimi-K2-1T-A32B,1026.407327744,32.0,384.0,8.0,11.721304064,1014.68602368,2052.814655488,61,mla,,,512.0,64.0,70272,70.272,"Moonshot Kimi-K2 public config/model card, optimized MLA KV cache layout"
H100NVLx1,H100NVL,1,94,94,84.60000000000001,NVIDIA H100 NVL 94GB public product specifications,1,1,1,TP1/DP1/EP1,1,6.974609408,277.025390592,568.0,568.0,0.0,0.0,44032.0,0,0,0,0.0,False,capacity_opt,DeepSeek-V4-Flash-284B,284.0,35.0,128.0,8.0,6.974609408,277.025390592,568.0,43,shared_kv,1.0,512.0,,,44032,44.032,"DeepSeek-V4-Flash public config/model card, shared KV cache layout"
H100NVLx1,H100NVL,1,94,94,84.60000000000001,NVIDIA H100 NVL 94GB public product specifications,1,1,1,TP1/DP1/EP1,1,6.974609408,277.025390592,568.0,568.0,0.0,0.0,44032.0,0,0,0,0.0,False,dp_max,DeepSeek-V4-Flash-284B,284.0,35.0,128.0,8.0,6.974609408,277.025390592,568.0,43,shared_kv,1.0,512.0,,,44032,44.032,"DeepSeek-V4-Flash public config/model card, shared KV cache layout"
H100NVLx1,H100NVL,1,94,94,84.60000000000001,NVIDIA H100 NVL 94GB public product specifications,1,1,1,TP1/DP1/EP1,1,52.603813888,1547.396186112,3200.0,3200.0,0.0,0.0,44032.0,0,0,0,0.0,False,capacity_opt,DeepSeek-V4-Pro-1.6T,1600.0,64.0,512.0,8.0,52.603813888,1547.396186112,3200.0,43,shared_kv,1.0,512.0,,,44032,44.032,"DeepSeek-V4-Pro public config/model card, shared KV cache layout"
H100NVLx1,H100NVL,1,94,94,84.60000000000001,NVIDIA H100 NVL 94GB public product specifications,1,1,1,TP1/DP1/EP1,1,52.603813888,1547.396186112,3200.0,3200.0,0.0,0.0,44032.0,0,0,0,0.0,False,dp_max,DeepSeek-V4-Pro-1.6T,1600.0,64.0,512.0,8.0,52.603813888,1547.396186112,3200.0,43,shared_kv,1.0,512.0,,,44032,44.032,"DeepSeek-V4-Pro public config/model card, shared KV cache layout"
H100NVLx2,H100NVL,2,94,188,169.20000000000002,NVIDIA H100 NVL 94GB public product specifications,2,1,2,TP2/DP1/EP2,1,1.540882432,28.991029248,61.06382336,30.53191168,108.13617664000002,54.06808832000001,49152.0,1100018,1100018,1100018,1100.0180729166668,True,capacity_opt,Qwen3-30B-A3B,30.53191168,3.3,128.0,8.0,1.540882432,28.991029248,61.06382336,48,gqa,4.0,128.0,,,98304,98.304,Qwen3-30B-A3B public Hugging Face config/model card
H100NVLx2,H100NVL,2,94,188,169.20000000000002,NVIDIA H100 NVL 94GB public product specifications,1,2,2,TP1/DP2/EP2,1,1.540882432,28.991029248,64.145588224,32.072794112,105.05441177600002,52.52720588800001,98304.0,1068668,534334,534334,1068.6687395833337,True,dp_max,Qwen3-30B-A3B,30.53191168,3.3,128.0,8.0,1.540882432,28.991029248,61.06382336,48,gqa,4.0,128.0,,,98304,98.304,Qwen3-30B-A3B public Hugging Face config/model card
H100NVLx2,H100NVL,2,94,188,169.20000000000002,NVIDIA H100 NVL 94GB public product specifications,2,1,1,TP2/DP1/EP1,1,32.8,0.0,65.6,32.8,103.60000000000002,51.80000000000001,81920.0,632324,632324,632324,632.3242187500001,True,capacity_opt,Qwen3-32B,32.8,,,,32.8,0.0,65.6,64,gqa,8.0,80.0,,,163840,163.84,Qwen3-32B public Hugging Face config/model card
H100NVLx2,H100NVL,2,94,188,169.20000000000002,NVIDIA H100 NVL 94GB public product specifications,1,2,1,TP1/DP2/EP1,1,32.8,0.0,131.2,65.6,38.00000000000003,19.000000000000014,163840.0,231933,115966,115966,231.93359375000017,True,dp_max,Qwen3-32B,32.8,,,,32.8,0.0,65.6,64,gqa,8.0,80.0,,,163840,163.84,Qwen3-32B public Hugging Face config/model card
H100NVLx2,H100NVL,2,94,188,169.20000000000002,NVIDIA H100 NVL 94GB public product specifications,2,1,1,TP2/DP1/EP1,1,70.6,0.0,141.2,70.6,28.00000000000003,14.000000000000014,163840.0,85449,85449,85449,85.44921875000009,True,capacity_opt,Llama-3.3-70B,70.6,,,,70.6,0.0,141.2,80,gqa,8.0,128.0,,,327680,327.68,Meta Llama 3.3 70B public Hugging Face config/model card
H100NVLx2,H100NVL,2,94,188,169.20000000000002,NVIDIA H100 NVL 94GB public product specifications,2,1,1,TP2/DP1/EP1,1,70.6,0.0,141.2,70.6,28.00000000000003,14.000000000000014,163840.0,85449,85449,85449,85.44921875000009,True,dp_max,Llama-3.3-70B,70.6,,,,70.6,0.0,141.2,80,gqa,8.0,128.0,,,327680,327.68,Meta Llama 3.3 70B public Hugging Face config/model card
H100NVLx2,H100NVL,2,94,188,169.20000000000002,NVIDIA H100 NVL 94GB public product specifications,1,2,2,TP1/DP2/EP2,1,7.996440576,227.096395776,486.178553856,243.089276928,0.0,0.0,192512.0,0,0,0,0.0,False,capacity_opt,Qwen3-235B-A22B,235.092836352,22.0,128.0,8.0,7.996440576,227.096395776,470.185672704,94,gqa,4.0,128.0,,,192512,192.512,Qwen3-235B-A22B public Hugging Face config/model card
H100NVLx2,H100NVL,2,94,188,169.20000000000002,NVIDIA H100 NVL 94GB public product specifications,1,2,2,TP1/DP2/EP2,1,7.996440576,227.096395776,486.178553856,243.089276928,0.0,0.0,192512.0,0,0,0,0.0,False,dp_max,Qwen3-235B-A22B,235.092836352,22.0,128.0,8.0,7.996440576,227.096395776,470.185672704,94,gqa,4.0,128.0,,,192512,192.512,Qwen3-235B-A22B public Hugging Face config/model card
H100NVLx2,H100NVL,2,94,188,169.20000000000002,NVIDIA H100 NVL 94GB public product specifications,1,2,2,TP1/DP2/EP2,1,7.7116288,347.2883712,725.4232575999999,362.71162879999997,0.0,0.0,376832.0,0,0,0,0.0,False,capacity_opt,GLM-4.5-355B-A32B,355.0,32.0,128.0,8.0,7.7116288,347.2883712,710.0,92,gqa,8.0,128.0,,,376832,376.832,Z.ai GLM-4.5 public Hugging Face config/model card
H100NVLx2,H100NVL,2,94,188,169.20000000000002,NVIDIA H100 NVL 94GB public product specifications,1,2,2,TP1/DP2/EP2,1,7.7116288,347.2883712,725.4232575999999,362.71162879999997,0.0,0.0,376832.0,0,0,0,0.0,False,dp_max,GLM-4.5-355B-A32B,355.0,32.0,128.0,8.0,7.7116288,347.2883712,710.0,92,gqa,8.0,128.0,,,376832,376.832,Z.ai GLM-4.5 public Hugging Face config/model card
H100NVLx2,H100NVL,2,94,188,169.20000000000002,NVIDIA H100 NVL 94GB public product specifications,1,2,1,TP1/DP2/EP1,1,405.0,0.0,1620.0,810.0,0.0,0.0,516096.0,0,0,0,0.0,False,capacity_opt,Llama-3.1-405B,405.0,,,,405.0,0.0,810.0,126,gqa,8.0,128.0,,,516096,516.096,Meta Llama 3.1 405B public Hugging Face config/model card
H100NVLx2,H100NVL,2,94,188,169.20000000000002,NVIDIA H100 NVL 94GB public product specifications,1,2,1,TP1/DP2/EP1,1,405.0,0.0,1620.0,810.0,0.0,0.0,516096.0,0,0,0,0.0,False,dp_max,Llama-3.1-405B,405.0,,,,405.0,0.0,810.0,126,gqa,8.0,128.0,,,516096,516.096,Meta Llama 3.1 405B public Hugging Face config/model card
H100NVLx2,H100NVL,2,94,188,169.20000000000002,NVIDIA H100 NVL 94GB public product specifications,1,2,2,TP1/DP2/EP2,1,12.06976512,468.0843264,984.44771328,492.22385664,0.0,0.0,253952.0,0,0,0,0.0,False,capacity_opt,Qwen3-Coder-480B-A35B,480.15409152,35.0,160.0,8.0,12.06976512,468.0843264,960.30818304,62,gqa,8.0,128.0,,,253952,253.952,Qwen3-Coder-480B-A35B public Hugging Face config/model card
H100NVLx2,H100NVL,2,94,188,169.20000000000002,NVIDIA H100 NVL 94GB public product specifications,1,2,2,TP1/DP2/EP2,1,12.06976512,468.0843264,984.44771328,492.22385664,0.0,0.0,253952.0,0,0,0,0.0,False,dp_max,Qwen3-Coder-480B-A35B,480.15409152,35.0,160.0,8.0,12.06976512,468.0843264,960.30818304,62,gqa,8.0,128.0,,,253952,253.952,Qwen3-Coder-480B-A35B public Hugging Face config/model card
H100NVLx2,H100NVL,2,94,188,169.20000000000002,NVIDIA H100 NVL 94GB public product specifications,1,2,2,TP1/DP2/EP2,1,17.116751872,653.908770816,1376.28454912,688.14227456,0.0,0.0,70272.0,0,0,0,0.0,False,capacity_opt,DeepSeek-V3/R1-671B,671.025522688,37.0,256.0,8.0,17.116751872,653.908770816,1342.051045376,61,mla,,,512.0,64.0,70272,70.272,"DeepSeek-V3/R1 public config, optimized MLA KV cache layout"
H100NVLx2,H100NVL,2,94,188,169.20000000000002,NVIDIA H100 NVL 94GB public product specifications,1,2,2,TP1/DP2/EP2,1,17.116751872,653.908770816,1376.28454912,688.14227456,0.0,0.0,70272.0,0,0,0,0.0,False,dp_max,DeepSeek-V3/R1-671B,671.025522688,37.0,256.0,8.0,17.116751872,653.908770816,1342.051045376,61,mla,,,512.0,64.0,70272,70.272,"DeepSeek-V3/R1 public config, optimized MLA KV cache layout"
H100NVLx2,H100NVL,2,94,188,169.20000000000002,NVIDIA H100 NVL 94GB public product specifications,1,2,2,TP1/DP2/EP2,1,11.721304064,1014.68602368,2076.257263616,1038.128631808,0.0,0.0,70272.0,0,0,0,0.0,False,capacity_opt,Kimi-K2-1T-A32B,1026.407327744,32.0,384.0,8.0,11.721304064,1014.68602368,2052.814655488,61,mla,,,512.0,64.0,70272,70.272,"Moonshot Kimi-K2 public config/model card, optimized MLA KV cache layout"
H100NVLx2,H100NVL,2,94,188,169.20000000000002,NVIDIA H100 NVL 94GB public product specifications,1,2,2,TP1/DP2/EP2,1,11.721304064,1014.68602368,2076.257263616,1038.128631808,0.0,0.0,70272.0,0,0,0,0.0,False,dp_max,Kimi-K2-1T-A32B,1026.407327744,32.0,384.0,8.0,11.721304064,1014.68602368,2052.814655488,61,mla,,,512.0,64.0,70272,70.272,"Moonshot Kimi-K2 public config/model card, optimized MLA KV cache layout"
H100NVLx2,H100NVL,2,94,188,169.20000000000002,NVIDIA H100 NVL 94GB public product specifications,1,2,2,TP1/DP2/EP2,1,6.974609408,277.025390592,581.949218816,290.974609408,0.0,0.0,44032.0,0,0,0,0.0,False,capacity_opt,DeepSeek-V4-Flash-284B,284.0,35.0,128.0,8.0,6.974609408,277.025390592,568.0,43,shared_kv,1.0,512.0,,,44032,44.032,"DeepSeek-V4-Flash public config/model card, shared KV cache layout"
H100NVLx2,H100NVL,2,94,188,169.20000000000002,NVIDIA H100 NVL 94GB public product specifications,1,2,2,TP1/DP2/EP2,1,6.974609408,277.025390592,581.949218816,290.974609408,0.0,0.0,44032.0,0,0,0,0.0,False,dp_max,DeepSeek-V4-Flash-284B,284.0,35.0,128.0,8.0,6.974609408,277.025390592,568.0,43,shared_kv,1.0,512.0,,,44032,44.032,"DeepSeek-V4-Flash public config/model card, shared KV cache layout"
H100NVLx2,H100NVL,2,94,188,169.20000000000002,NVIDIA H100 NVL 94GB public product specifications,1,2,2,TP1/DP2/EP2,1,52.603813888,1547.396186112,3305.2076277759998,1652.6038138879999,0.0,0.0,44032.0,0,0,0,0.0,False,capacity_opt,DeepSeek-V4-Pro-1.6T,1600.0,64.0,512.0,8.0,52.603813888,1547.396186112,3200.0,43,shared_kv,1.0,512.0,,,44032,44.032,"DeepSeek-V4-Pro public config/model card, shared KV cache layout"
H100NVLx2,H100NVL,2,94,188,169.20000000000002,NVIDIA H100 NVL 94GB public product specifications,1,2,2,TP1/DP2/EP2,1,52.603813888,1547.396186112,3305.2076277759998,1652.6038138879999,0.0,0.0,44032.0,0,0,0,0.0,False,dp_max,DeepSeek-V4-Pro-1.6T,1600.0,64.0,512.0,8.0,52.603813888,1547.396186112,3200.0,43,shared_kv,1.0,512.0,,,44032,44.032,"DeepSeek-V4-Pro public config/model card, shared KV cache layout"
H100NVLx4,H100NVL,4,94,376,338.40000000000003,NVIDIA H100 NVL 94GB public product specifications,4,1,4,TP4/DP1/EP4,1,1.540882432,28.991029248,61.06382336,15.26595584,277.33617664,69.33404416,24576.0,2821209,2821209,2821209,2821.2094791666664,True,capacity_opt,Qwen3-30B-A3B,30.53191168,3.3,128.0,8.0,1.540882432,28.991029248,61.06382336,48,gqa,4.0,128.0,,,98304,98.304,Qwen3-30B-A3B public Hugging Face config/model card
H100NVLx4,H100NVL,4,94,376,338.40000000000003,NVIDIA H100 NVL 94GB public product specifications,1,4,4,TP1/DP4/EP4,1,1.540882432,28.991029248,70.30911795200001,17.577279488000002,268.090882048,67.022720512,98304.0,2727161,681790,681790,2727.161479166667,True,dp_max,Qwen3-30B-A3B,30.53191168,3.3,128.0,8.0,1.540882432,28.991029248,61.06382336,48,gqa,4.0,128.0,,,98304,98.304,Qwen3-30B-A3B public Hugging Face config/model card
H100NVLx4,H100NVL,4,94,376,338.40000000000003,NVIDIA H100 NVL 94GB public product specifications,4,1,1,TP4/DP1/EP1,1,32.8,0.0,65.6,16.4,272.80000000000007,68.20000000000002,40960.0,1665039,1665039,1665039,1665.0390625000005,True,capacity_opt,Qwen3-32B,32.8,,,,32.8,0.0,65.6,64,gqa,8.0,80.0,,,163840,163.84,Qwen3-32B public Hugging Face config/model card
H100NVLx4,H100NVL,4,94,376,338.40000000000003,NVIDIA H100 NVL 94GB public product specifications,1,4,1,TP1/DP4/EP1,1,32.8,0.0,262.4,65.6,76.00000000000006,19.000000000000014,163840.0,463867,115966,115966,463.86718750000034,True,dp_max,Qwen3-32B,32.8,,,,32.8,0.0,65.6,64,gqa,8.0,80.0,,,163840,163.84,Qwen3-32B public Hugging Face config/model card
H100NVLx4,H100NVL,4,94,376,338.40000000000003,NVIDIA H100 NVL 94GB public product specifications,4,1,1,TP4/DP1/EP1,1,70.6,0.0,141.2,35.3,197.20000000000005,49.30000000000001,81920.0,601806,601806,601806,601.8066406250001,True,capacity_opt,Llama-3.3-70B,70.6,,,,70.6,0.0,141.2,80,gqa,8.0,128.0,,,327680,327.68,Meta Llama 3.3 70B public Hugging Face config/model card
H100NVLx4,H100NVL,4,94,376,338.40000000000003,NVIDIA H100 NVL 94GB public product specifications,2,2,1,TP2/DP2/EP1,1,70.6,0.0,282.4,70.6,56.00000000000006,14.000000000000014,163840.0,170898,85449,85449,170.89843750000017,True,dp_max,Llama-3.3-70B,70.6,,,,70.6,0.0,141.2,80,gqa,8.0,128.0,,,327680,327.68,Meta Llama 3.3 70B public Hugging Face config/model card
H100NVLx4,H100NVL,4,94,376,338.40000000000003,NVIDIA H100 NVL 94GB public product specifications,1,4,4,TP1/DP4/EP4,1,7.996440576,227.096395776,518.16431616,129.54107904,0.0,0.0,192512.0,0,0,0,0.0,False,capacity_opt,Qwen3-235B-A22B,235.092836352,22.0,128.0,8.0,7.996440576,227.096395776,470.185672704,94,gqa,4.0,128.0,,,192512,192.512,Qwen3-235B-A22B public Hugging Face config/model card
H100NVLx4,H100NVL,4,94,376,338.40000000000003,NVIDIA H100 NVL 94GB public product specifications,1,4,4,TP1/DP4/EP4,1,7.996440576,227.096395776,518.16431616,129.54107904,0.0,0.0,192512.0,0,0,0,0.0,False,dp_max,Qwen3-235B-A22B,235.092836352,22.0,128.0,8.0,7.996440576,227.096395776,470.185672704,94,gqa,4.0,128.0,,,192512,192.512,Qwen3-235B-A22B public Hugging Face config/model card
H100NVLx4,H100NVL,4,94,376,338.40000000000003,NVIDIA H100 NVL 94GB public product specifications,1,4,4,TP1/DP4/EP4,1,7.7116288,347.2883712,756.2697727999999,189.06744319999999,0.0,0.0,376832.0,0,0,0,0.0,False,capacity_opt,GLM-4.5-355B-A32B,355.0,32.0,128.0,8.0,7.7116288,347.2883712,710.0,92,gqa,8.0,128.0,,,376832,376.832,Z.ai GLM-4.5 public Hugging Face config/model card
H100NVLx4,H100NVL,4,94,376,338.40000000000003,NVIDIA H100 NVL 94GB public product specifications,1,4,4,TP1/DP4/EP4,1,7.7116288,347.2883712,756.2697727999999,189.06744319999999,0.0,0.0,376832.0,0,0,0,0.0,False,dp_max,GLM-4.5-355B-A32B,355.0,32.0,128.0,8.0,7.7116288,347.2883712,710.0,92,gqa,8.0,128.0,,,376832,376.832,Z.ai GLM-4.5 public Hugging Face config/model card
H100NVLx4,H100NVL,4,94,376,338.40000000000003,NVIDIA H100 NVL 94GB public product specifications,1,4,1,TP1/DP4/EP1,1,405.0,0.0,3240.0,810.0,0.0,0.0,516096.0,0,0,0,0.0,False,capacity_opt,Llama-3.1-405B,405.0,,,,405.0,0.0,810.0,126,gqa,8.0,128.0,,,516096,516.096,Meta Llama 3.1 405B public Hugging Face config/model card
H100NVLx4,H100NVL,4,94,376,338.40000000000003,NVIDIA H100 NVL 94GB public product specifications,1,4,1,TP1/DP4/EP1,1,405.0,0.0,3240.0,810.0,0.0,0.0,516096.0,0,0,0,0.0,False,dp_max,Llama-3.1-405B,405.0,,,,405.0,0.0,810.0,126,gqa,8.0,128.0,,,516096,516.096,Meta Llama 3.1 405B public Hugging Face config/model card
H100NVLx4,H100NVL,4,94,376,338.40000000000003,NVIDIA H100 NVL 94GB public product specifications,1,4,4,TP1/DP4/EP4,1,12.06976512,468.0843264,1032.72677376,258.18169344,0.0,0.0,253952.0,0,0,0,0.0,False,capacity_opt,Qwen3-Coder-480B-A35B,480.15409152,35.0,160.0,8.0,12.06976512,468.0843264,960.30818304,62,gqa,8.0,128.0,,,253952,253.952,Qwen3-Coder-480B-A35B public Hugging Face config/model card
H100NVLx4,H100NVL,4,94,376,338.40000000000003,NVIDIA H100 NVL 94GB public product specifications,1,4,4,TP1/DP4/EP4,1,12.06976512,468.0843264,1032.72677376,258.18169344,0.0,0.0,253952.0,0,0,0,0.0,False,dp_max,Qwen3-Coder-480B-A35B,480.15409152,35.0,160.0,8.0,12.06976512,468.0843264,960.30818304,62,gqa,8.0,128.0,,,253952,253.952,Qwen3-Coder-480B-A35B public Hugging Face config/model card
H100NVLx4,H100NVL,4,94,376,338.40000000000003,NVIDIA H100 NVL 94GB public product specifications,1,4,4,TP1/DP4/EP4,1,17.116751872,653.908770816,1444.751556608,361.187889152,0.0,0.0,70272.0,0,0,0,0.0,False,capacity_opt,DeepSeek-V3/R1-671B,671.025522688,37.0,256.0,8.0,17.116751872,653.908770816,1342.051045376,61,mla,,,512.0,64.0,70272,70.272,"DeepSeek-V3/R1 public config, optimized MLA KV cache layout"
H100NVLx4,H100NVL,4,94,376,338.40000000000003,NVIDIA H100 NVL 94GB public product specifications,1,4,4,TP1/DP4/EP4,1,17.116751872,653.908770816,1444.751556608,361.187889152,0.0,0.0,70272.0,0,0,0,0.0,False,dp_max,DeepSeek-V3/R1-671B,671.025522688,37.0,256.0,8.0,17.116751872,653.908770816,1342.051045376,61,mla,,,512.0,64.0,70272,70.272,"DeepSeek-V3/R1 public config, optimized MLA KV cache layout"
H100NVLx4,H100NVL,4,94,376,338.40000000000003,NVIDIA H100 NVL 94GB public product specifications,1,4,4,TP1/DP4/EP4,1,11.721304064,1014.68602368,2123.142479872,530.785619968,0.0,0.0,70272.0,0,0,0,0.0,False,capacity_opt,Kimi-K2-1T-A32B,1026.407327744,32.0,384.0,8.0,11.721304064,1014.68602368,2052.814655488,61,mla,,,512.0,64.0,70272,70.272,"Moonshot Kimi-K2 public config/model card, optimized MLA KV cache layout"
H100NVLx4,H100NVL,4,94,376,338.40000000000003,NVIDIA H100 NVL 94GB public product specifications,1,4,4,TP1/DP4/EP4,1,11.721304064,1014.68602368,2123.142479872,530.785619968,0.0,0.0,70272.0,0,0,0,0.0,False,dp_max,Kimi-K2-1T-A32B,1026.407327744,32.0,384.0,8.0,11.721304064,1014.68602368,2052.814655488,61,mla,,,512.0,64.0,70272,70.272,"Moonshot Kimi-K2 public config/model card, optimized MLA KV cache layout"
H100NVLx4,H100NVL,4,94,376,338.40000000000003,NVIDIA H100 NVL 94GB public product specifications,1,4,4,TP1/DP4/EP4,1,6.974609408,277.025390592,609.8476564480001,152.46191411200002,0.0,0.0,44032.0,0,0,0,0.0,False,capacity_opt,DeepSeek-V4-Flash-284B,284.0,35.0,128.0,8.0,6.974609408,277.025390592,568.0,43,shared_kv,1.0,512.0,,,44032,44.032,"DeepSeek-V4-Flash public config/model card, shared KV cache layout"
H100NVLx4,H100NVL,4,94,376,338.40000000000003,NVIDIA H100 NVL 94GB public product specifications,1,4,4,TP1/DP4/EP4,1,6.974609408,277.025390592,609.8476564480001,152.46191411200002,0.0,0.0,44032.0,0,0,0,0.0,False,dp_max,DeepSeek-V4-Flash-284B,284.0,35.0,128.0,8.0,6.974609408,277.025390592,568.0,43,shared_kv,1.0,512.0,,,44032,44.032,"DeepSeek-V4-Flash public config/model card, shared KV cache layout"
H100NVLx4,H100NVL,4,94,376,338.40000000000003,NVIDIA H100 NVL 94GB public product specifications,1,4,4,TP1/DP4/EP4,1,52.603813888,1547.396186112,3515.6228833279997,878.9057208319999,0.0,0.0,44032.0,0,0,0,0.0,False,capacity_opt,DeepSeek-V4-Pro-1.6T,1600.0,64.0,512.0,8.0,52.603813888,1547.396186112,3200.0,43,shared_kv,1.0,512.0,,,44032,44.032,"DeepSeek-V4-Pro public config/model card, shared KV cache layout"
H100NVLx4,H100NVL,4,94,376,338.40000000000003,NVIDIA H100 NVL 94GB public product specifications,1,4,4,TP1/DP4/EP4,1,52.603813888,1547.396186112,3515.6228833279997,878.9057208319999,0.0,0.0,44032.0,0,0,0,0.0,False,dp_max,DeepSeek-V4-Pro-1.6T,1600.0,64.0,512.0,8.0,52.603813888,1547.396186112,3200.0,43,shared_kv,1.0,512.0,,,44032,44.032,"DeepSeek-V4-Pro public config/model card, shared KV cache layout"
H100NVLx8,H100NVL,8,94,752,676.8000000000001,NVIDIA H100 NVL 94GB public product specifications,8,1,8,TP8/DP1/EP8,1,1.540882432,28.991029248,61.06382336,7.63297792,615.73617664,76.96702208,12288.0,6263592,6263592,6263592,6263.592291666667,True,capacity_opt,Qwen3-30B-A3B,30.53191168,3.3,128.0,8.0,1.540882432,28.991029248,61.06382336,48,gqa,4.0,128.0,,,98304,98.304,Qwen3-30B-A3B public Hugging Face config/model card
H100NVLx8,H100NVL,8,94,752,676.8000000000001,NVIDIA H100 NVL 94GB public product specifications,1,8,8,TP1/DP8/EP8,1,1.540882432,28.991029248,82.63617740800001,10.329522176000001,594.1638225920001,74.27047782400001,98304.0,6044146,755518,755518,6044.146958333335,True,dp_max,Qwen3-30B-A3B,30.53191168,3.3,128.0,8.0,1.540882432,28.991029248,61.06382336,48,gqa,4.0,128.0,,,98304,98.304,Qwen3-30B-A3B public Hugging Face config/model card
H100NVLx8,H100NVL,8,94,752,676.8000000000001,NVIDIA H100 NVL 94GB public product specifications,8,1,1,TP8/DP1/EP1,1,32.8,0.0,65.6,8.2,611.2,76.4,20480.0,3730468,3730468,3730468,3730.46875,True,capacity_opt,Qwen3-32B,32.8,,,,32.8,0.0,65.6,64,gqa,8.0,80.0,,,163840,163.84,Qwen3-32B public Hugging Face config/model card
H100NVLx8,H100NVL,8,94,752,676.8000000000001,NVIDIA H100 NVL 94GB public product specifications,1,8,1,TP1/DP8/EP1,1,32.8,0.0,524.8,65.6,152.0000000000001,19.000000000000014,163840.0,927734,115966,115966,927.7343750000007,True,dp_max,Qwen3-32B,32.8,,,,32.8,0.0,65.6,64,gqa,8.0,80.0,,,163840,163.84,Qwen3-32B public Hugging Face config/model card
H100NVLx8,H100NVL,8,94,752,676.8000000000001,NVIDIA H100 NVL 94GB public product specifications,8,1,1,TP8/DP1/EP1,1,70.6,0.0,141.2,17.65,535.6000000000001,66.95000000000002,40960.0,1634521,1634521,1634521,1634.5214843750005,True,capacity_opt,Llama-3.3-70B,70.6,,,,70.6,0.0,141.2,80,gqa,8.0,128.0,,,327680,327.68,Meta Llama 3.3 70B public Hugging Face config/model card
H100NVLx8,H100NVL,8,94,752,676.8000000000001,NVIDIA H100 NVL 94GB public product specifications,2,4,1,TP2/DP4/EP1,1,70.6,0.0,564.8,70.6,112.00000000000011,14.000000000000014,163840.0,341796,85449,85449,341.79687500000034,True,dp_max,Llama-3.3-70B,70.6,,,,70.6,0.0,141.2,80,gqa,8.0,128.0,,,327680,327.68,Meta Llama 3.3 70B public Hugging Face config/model card
H100NVLx8,H100NVL,8,94,752,676.8000000000001,NVIDIA H100 NVL 94GB public product specifications,8,1,8,TP8/DP1/EP8,1,7.996440576,227.096395776,470.185672704,58.773209088,206.61432729600006,25.826790912000007,24064.0,1073254,1073254,1073254,1073.254276595745,True,capacity_opt,Qwen3-235B-A22B,235.092836352,22.0,128.0,8.0,7.996440576,227.096395776,470.185672704,94,gqa,4.0,128.0,,,192512,192.512,Qwen3-235B-A22B public Hugging Face config/model card
H100NVLx8,H100NVL,8,94,752,676.8000000000001,NVIDIA H100 NVL 94GB public product specifications,1,8,8,TP1/DP8/EP8,1,7.996440576,227.096395776,582.135840768,72.766980096,94.66415923200009,11.833019904000011,192512.0,491731,61466,61466,491.73121276595793,True,dp_max,Qwen3-235B-A22B,235.092836352,22.0,128.0,8.0,7.996440576,227.096395776,470.185672704,94,gqa,4.0,128.0,,,192512,192.512,Qwen3-235B-A22B public Hugging Face config/model card
H100NVLx8,H100NVL,8,94,752,676.8000000000001,NVIDIA H100 NVL 94GB public product specifications,1,8,8,TP1/DP8/EP8,1,7.7116288,347.2883712,817.9628031999999,102.24535039999999,0.0,0.0,376832.0,0,0,0,0.0,False,capacity_opt,GLM-4.5-355B-A32B,355.0,32.0,128.0,8.0,7.7116288,347.2883712,710.0,92,gqa,8.0,128.0,,,376832,376.832,Z.ai GLM-4.5 public Hugging Face config/model card
H100NVLx8,H100NVL,8,94,752,676.8000000000001,NVIDIA H100 NVL 94GB public product specifications,1,8,8,TP1/DP8/EP8,1,7.7116288,347.2883712,817.9628031999999,102.24535039999999,0.0,0.0,376832.0,0,0,0,0.0,False,dp_max,GLM-4.5-355B-A32B,355.0,32.0,128.0,8.0,7.7116288,347.2883712,710.0,92,gqa,8.0,128.0,,,376832,376.832,Z.ai GLM-4.5 public Hugging Face config/model card
H100NVLx8,H100NVL,8,94,752,676.8000000000001,NVIDIA H100 NVL 94GB public product specifications,1,8,1,TP1/DP8/EP1,1,405.0,0.0,6480.0,810.0,0.0,0.0,516096.0,0,0,0,0.0,False,capacity_opt,Llama-3.1-405B,405.0,,,,405.0,0.0,810.0,126,gqa,8.0,128.0,,,516096,516.096,Meta Llama 3.1 405B public Hugging Face config/model card
H100NVLx8,H100NVL,8,94,752,676.8000000000001,NVIDIA H100 NVL 94GB public product specifications,1,8,1,TP1/DP8/EP1,1,405.0,0.0,6480.0,810.0,0.0,0.0,516096.0,0,0,0,0.0,False,dp_max,Llama-3.1-405B,405.0,,,,405.0,0.0,810.0,126,gqa,8.0,128.0,,,516096,516.096,Meta Llama 3.1 405B public Hugging Face config/model card
H100NVLx8,H100NVL,8,94,752,676.8000000000001,NVIDIA H100 NVL 94GB public product specifications,1,8,8,TP1/DP8/EP8,1,12.06976512,468.0843264,1129.28489472,141.16061184,0.0,0.0,253952.0,0,0,0,0.0,False,capacity_opt,Qwen3-Coder-480B-A35B,480.15409152,35.0,160.0,8.0,12.06976512,468.0843264,960.30818304,62,gqa,8.0,128.0,,,253952,253.952,Qwen3-Coder-480B-A35B public Hugging Face config/model card
H100NVLx8,H100NVL,8,94,752,676.8000000000001,NVIDIA H100 NVL 94GB public product specifications,1,8,8,TP1/DP8/EP8,1,12.06976512,468.0843264,1129.28489472,141.16061184,0.0,0.0,253952.0,0,0,0,0.0,False,dp_max,Qwen3-Coder-480B-A35B,480.15409152,35.0,160.0,8.0,12.06976512,468.0843264,960.30818304,62,gqa,8.0,128.0,,,253952,253.952,Qwen3-Coder-480B-A35B public Hugging Face config/model card
H100NVLx8,H100NVL,8,94,752,676.8000000000001,NVIDIA H100 NVL 94GB public product specifications,1,8,8,TP1/DP8/EP8,1,17.116751872,653.908770816,1581.685571584,197.710696448,0.0,0.0,70272.0,0,0,0,0.0,False,capacity_opt,DeepSeek-V3/R1-671B,671.025522688,37.0,256.0,8.0,17.116751872,653.908770816,1342.051045376,61,mla,,,512.0,64.0,70272,70.272,"DeepSeek-V3/R1 public config, optimized MLA KV cache layout"
H100NVLx8,H100NVL,8,94,752,676.8000000000001,NVIDIA H100 NVL 94GB public product specifications,1,8,8,TP1/DP8/EP8,1,17.116751872,653.908770816,1581.685571584,197.710696448,0.0,0.0,70272.0,0,0,0,0.0,False,dp_max,DeepSeek-V3/R1-671B,671.025522688,37.0,256.0,8.0,17.116751872,653.908770816,1342.051045376,61,mla,,,512.0,64.0,70272,70.272,"DeepSeek-V3/R1 public config, optimized MLA KV cache layout"
H100NVLx8,H100NVL,8,94,752,676.8000000000001,NVIDIA H100 NVL 94GB public product specifications,1,8,8,TP1/DP8/EP8,1,11.721304064,1014.68602368,2216.912912384,277.114114048,0.0,0.0,70272.0,0,0,0,0.0,False,capacity_opt,Kimi-K2-1T-A32B,1026.407327744,32.0,384.0,8.0,11.721304064,1014.68602368,2052.814655488,61,mla,,,512.0,64.0,70272,70.272,"Moonshot Kimi-K2 public config/model card, optimized MLA KV cache layout"
H100NVLx8,H100NVL,8,94,752,676.8000000000001,NVIDIA H100 NVL 94GB public product specifications,1,8,8,TP1/DP8/EP8,1,11.721304064,1014.68602368,2216.912912384,277.114114048,0.0,0.0,70272.0,0,0,0,0.0,False,dp_max,Kimi-K2-1T-A32B,1026.407327744,32.0,384.0,8.0,11.721304064,1014.68602368,2052.814655488,61,mla,,,512.0,64.0,70272,70.272,"Moonshot Kimi-K2 public config/model card, optimized MLA KV cache layout"
H100NVLx8,H100NVL,8,94,752,676.8000000000001,NVIDIA H100 NVL 94GB public product specifications,8,1,8,TP8/DP1/EP8,1,6.974609408,277.025390592,568.0,71.0,108.80000000000007,13.600000000000009,5504.0,2470930,2470930,2470930,2470.930232558141,True,capacity_opt,DeepSeek-V4-Flash-284B,284.0,35.0,128.0,8.0,6.974609408,277.025390592,568.0,43,shared_kv,1.0,512.0,,,44032,44.032,"DeepSeek-V4-Flash public config/model card, shared KV cache layout"
H100NVLx8,H100NVL,8,94,752,676.8000000000001,NVIDIA H100 NVL 94GB public product specifications,1,8,8,TP1/DP8/EP8,1,6.974609408,277.025390592,665.644531712,83.205566464,11.155468288000066,1.3944335360000082,44032.0,253349,31668,31668,253.34911627907124,True,dp_max,DeepSeek-V4-Flash-284B,284.0,35.0,128.0,8.0,6.974609408,277.025390592,568.0,43,shared_kv,1.0,512.0,,,44032,44.032,"DeepSeek-V4-Flash public config/model card, shared KV cache layout"
H100NVLx8,H100NVL,8,94,752,676.8000000000001,NVIDIA H100 NVL 94GB public product specifications,1,8,8,TP1/DP8/EP8,1,52.603813888,1547.396186112,3936.4533944319996,492.05667430399996,0.0,0.0,44032.0,0,0,0,0.0,False,capacity_opt,DeepSeek-V4-Pro-1.6T,1600.0,64.0,512.0,8.0,52.603813888,1547.396186112,3200.0,43,shared_kv,1.0,512.0,,,44032,44.032,"DeepSeek-V4-Pro public config/model card, shared KV cache layout"
H100NVLx8,H100NVL,8,94,752,676.8000000000001,NVIDIA H100 NVL 94GB public product specifications,1,8,8,TP1/DP8/EP8,1,52.603813888,1547.396186112,3936.4533944319996,492.05667430399996,0.0,0.0,44032.0,0,0,0,0.0,False,dp_max,DeepSeek-V4-Pro-1.6T,1600.0,64.0,512.0,8.0,52.603813888,1547.396186112,3200.0,43,shared_kv,1.0,512.0,,,44032,44.032,"DeepSeek-V4-Pro public config/model card, shared KV cache layout"
H100NVLx16,H100NVL,16,94,1504,1353.6000000000001,NVIDIA H100 NVL 94GB public product specifications,16,1,16,TP16/DP1/EP16,1,1.540882432,28.991029248,61.06382336,3.81648896,1292.5361766400001,80.78351104000001,6144.0,13148357,13148357,13148357,13148.357916666666,True,capacity_opt,Qwen3-30B-A3B,30.53191168,3.3,128.0,8.0,1.540882432,28.991029248,61.06382336,48,gqa,4.0,128.0,,,98304,98.304,Qwen3-30B-A3B public Hugging Face config/model card
H100NVLx16,H100NVL,16,94,1504,1353.6000000000001,NVIDIA H100 NVL 94GB public product specifications,1,16,16,TP1/DP16/EP16,1,1.540882432,28.991029248,107.29029632000001,6.705643520000001,1246.3097036800002,77.89435648000001,98304.0,12678117,792382,792382,12678.11791666667,True,dp_max,Qwen3-30B-A3B,30.53191168,3.3,128.0,8.0,1.540882432,28.991029248,61.06382336,48,gqa,4.0,128.0,,,98304,98.304,Qwen3-30B-A3B public Hugging Face config/model card
H100NVLx16,H100NVL,16,94,1504,1353.6000000000001,NVIDIA H100 NVL 94GB public product specifications,16,1,1,TP16/DP1/EP1,1,32.8,0.0,65.6,4.1,1288.0000000000002,80.50000000000001,10240.0,7861328,7861328,7861328,7861.328125000002,True,capacity_opt,Qwen3-32B,32.8,,,,32.8,0.0,65.6,64,gqa,8.0,80.0,,,163840,163.84,Qwen3-32B public Hugging Face config/model card
H100NVLx16,H100NVL,16,94,1504,1353.6000000000001,NVIDIA H100 NVL 94GB public product specifications,1,16,1,TP1/DP16/EP1,1,32.8,0.0,1049.6,65.6,304.0000000000002,19.000000000000014,163840.0,1855468,115966,115966,1855.4687500000014,True,dp_max,Qwen3-32B,32.8,,,,32.8,0.0,65.6,64,gqa,8.0,80.0,,,163840,163.84,Qwen3-32B public Hugging Face config/model card
H100NVLx16,H100NVL,16,94,1504,1353.6000000000001,NVIDIA H100 NVL 94GB public product specifications,16,1,1,TP16/DP1/EP1,1,70.6,0.0,141.2,8.825,1212.4,75.775,20480.0,3699951,3699951,3699951,3699.951171875,True,capacity_opt,Llama-3.3-70B,70.6,,,,70.6,0.0,141.2,80,gqa,8.0,128.0,,,327680,327.68,Meta Llama 3.3 70B public Hugging Face config/model card
H100NVLx16,H100NVL,16,94,1504,1353.6000000000001,NVIDIA H100 NVL 94GB public product specifications,2,8,1,TP2/DP8/EP1,1,70.6,0.0,1129.6,70.6,224.00000000000023,14.000000000000014,163840.0,683593,85449,85449,683.5937500000007,True,dp_max,Llama-3.3-70B,70.6,,,,70.6,0.0,141.2,80,gqa,8.0,128.0,,,327680,327.68,Meta Llama 3.3 70B public Hugging Face config/model card
H100NVLx16,H100NVL,16,94,1504,1353.6000000000001,NVIDIA H100 NVL 94GB public product specifications,16,1,16,TP16/DP1/EP16,1,7.996440576,227.096395776,470.185672704,29.386604544,883.4143272960001,55.21339545600001,12032.0,4588879,4588879,4588879,4588.879276595745,True,capacity_opt,Qwen3-235B-A22B,235.092836352,22.0,128.0,8.0,7.996440576,227.096395776,470.185672704,94,gqa,4.0,128.0,,,192512,192.512,Qwen3-235B-A22B public Hugging Face config/model card
H100NVLx16,H100NVL,16,94,1504,1353.6000000000001,NVIDIA H100 NVL 94GB public product specifications,1,16,16,TP1/DP16/EP16,1,7.996440576,227.096395776,710.078889984,44.379930624,643.5211100160001,40.220069376000005,192512.0,3342758,208922,208922,3342.7584255319152,True,dp_max,Qwen3-235B-A22B,235.092836352,22.0,128.0,8.0,7.996440576,227.096395776,470.185672704,94,gqa,4.0,128.0,,,192512,192.512,Qwen3-235B-A22B public Hugging Face config/model card
H100NVLx16,H100NVL,16,94,1504,1353.6000000000001,NVIDIA H100 NVL 94GB public product specifications,16,1,16,TP16/DP1/EP16,1,7.7116288,347.2883712,710.0,44.375,643.6000000000001,40.22500000000001,23552.0,1707922,1707922,1707922,1707.9228940217395,True,capacity_opt,GLM-4.5-355B-A32B,355.0,32.0,128.0,8.0,7.7116288,347.2883712,710.0,92,gqa,8.0,128.0,,,376832,376.832,Z.ai GLM-4.5 public Hugging Face config/model card
H100NVLx16,H100NVL,16,94,1504,1353.6000000000001,NVIDIA H100 NVL 94GB public product specifications,1,16,16,TP1/DP16/EP16,1,7.7116288,347.2883712,941.3488639999999,58.834303999999996,412.2511360000002,25.765696000000013,376832.0,1093991,68374,68374,1093.9918478260875,True,dp_max,GLM-4.5-355B-A32B,355.0,32.0,128.0,8.0,7.7116288,347.2883712,710.0,92,gqa,8.0,128.0,,,376832,376.832,Z.ai GLM-4.5 public Hugging Face config/model card
H100NVLx16,H100NVL,16,94,1504,1353.6000000000001,NVIDIA H100 NVL 94GB public product specifications,16,1,1,TP16/DP1/EP1,1,405.0,0.0,810.0,50.625,543.6000000000001,33.97500000000001,32256.0,1053292,1053292,1053292,1053.292410714286,True,capacity_opt,Llama-3.1-405B,405.0,,,,405.0,0.0,810.0,126,gqa,8.0,128.0,,,516096,516.096,Meta Llama 3.1 405B public Hugging Face config/model card
H100NVLx16,H100NVL,16,94,1504,1353.6000000000001,NVIDIA H100 NVL 94GB public product specifications,16,1,1,TP16/DP1/EP1,1,405.0,0.0,810.0,50.625,543.6000000000001,33.97500000000001,32256.0,1053292,1053292,1053292,1053.292410714286,True,dp_max,Llama-3.1-405B,405.0,,,,405.0,0.0,810.0,126,gqa,8.0,128.0,,,516096,516.096,Meta Llama 3.1 405B public Hugging Face config/model card
H100NVLx16,H100NVL,16,94,1504,1353.6000000000001,NVIDIA H100 NVL 94GB public product specifications,16,1,16,TP16/DP1/EP16,1,12.06976512,468.0843264,960.30818304,60.01926144,393.2918169600001,24.580738560000007,15872.0,1548685,1548685,1548685,1548.685645161291,True,capacity_opt,Qwen3-Coder-480B-A35B,480.15409152,35.0,160.0,8.0,12.06976512,468.0843264,960.30818304,62,gqa,8.0,128.0,,,253952,253.952,Qwen3-Coder-480B-A35B public Hugging Face config/model card
H100NVLx16,H100NVL,16,94,1504,1353.6000000000001,NVIDIA H100 NVL 94GB public product specifications,1,16,16,TP1/DP16/EP16,1,12.06976512,468.0843264,1322.40113664,82.65007104,31.198863360000132,1.9499289600000083,253952.0,122853,7678,7678,122.85338709677472,True,dp_max,Qwen3-Coder-480B-A35B,480.15409152,35.0,160.0,8.0,12.06976512,468.0843264,960.30818304,62,gqa,8.0,128.0,,,253952,253.952,Qwen3-Coder-480B-A35B public Hugging Face config/model card
H100NVLx16,H100NVL,16,94,1504,1353.6000000000001,NVIDIA H100 NVL 94GB public product specifications,16,1,16,TP16/DP1/EP16,1,17.116751872,653.908770816,1342.051045376,83.878190336,11.548954624000089,0.7218096640000056,4392.0,164346,164346,164346,164.34646265938198,True,capacity_opt,DeepSeek-V3/R1-671B,671.025522688,37.0,256.0,8.0,17.116751872,653.908770816,1342.051045376,61,mla,,,512.0,64.0,70272,70.272,"DeepSeek-V3/R1 public config, optimized MLA KV cache layout"
H100NVLx16,H100NVL,16,94,1504,1353.6000000000001,NVIDIA H100 NVL 94GB public product specifications,16,1,16,TP16/DP1/EP16,1,17.116751872,653.908770816,1342.051045376,83.878190336,11.548954624000089,0.7218096640000056,4392.0,164346,164346,164346,164.34646265938198,True,dp_max,DeepSeek-V3/R1-671B,671.025522688,37.0,256.0,8.0,17.116751872,653.908770816,1342.051045376,61,mla,,,512.0,64.0,70272,70.272,"DeepSeek-V3/R1 public config, optimized MLA KV cache layout"
H100NVLx16,H100NVL,16,94,1504,1353.6000000000001,NVIDIA H100 NVL 94GB public product specifications,1,16,16,TP1/DP16/EP16,1,11.721304064,1014.68602368,2404.453777408,150.278361088,0.0,0.0,70272.0,0,0,0,0.0,False,capacity_opt,Kimi-K2-1T-A32B,1026.407327744,32.0,384.0,8.0,11.721304064,1014.68602368,2052.814655488,61,mla,,,512.0,64.0,70272,70.272,"Moonshot Kimi-K2 public config/model card, optimized MLA KV cache layout"
H100NVLx16,H100NVL,16,94,1504,1353.6000000000001,NVIDIA H100 NVL 94GB public product specifications,1,16,16,TP1/DP16/EP16,1,11.721304064,1014.68602368,2404.453777408,150.278361088,0.0,0.0,70272.0,0,0,0,0.0,False,dp_max,Kimi-K2-1T-A32B,1026.407327744,32.0,384.0,8.0,11.721304064,1014.68602368,2052.814655488,61,mla,,,512.0,64.0,70272,70.272,"Moonshot Kimi-K2 public config/model card, optimized MLA KV cache layout"
H100NVLx16,H100NVL,16,94,1504,1353.6000000000001,NVIDIA H100 NVL 94GB public product specifications,16,1,16,TP16/DP1/EP16,1,6.974609408,277.025390592,568.0,35.5,785.6000000000001,49.10000000000001,2752.0,17841569,17841569,17841569,17841.569767441866,True,capacity_opt,DeepSeek-V4-Flash-284B,284.0,35.0,128.0,8.0,6.974609408,277.025390592,568.0,43,shared_kv,1.0,512.0,,,44032,44.032,"DeepSeek-V4-Flash public config/model card, shared KV cache layout"
H100NVLx16,H100NVL,16,94,1504,1353.6000000000001,NVIDIA H100 NVL 94GB public product specifications,1,16,16,TP1/DP16/EP16,1,6.974609408,277.025390592,777.23828224,48.57739264,576.3617177600001,36.02260736000001,44032.0,13089610,818100,818100,13089.610232558143,True,dp_max,DeepSeek-V4-Flash-284B,284.0,35.0,128.0,8.0,6.974609408,277.025390592,568.0,43,shared_kv,1.0,512.0,,,44032,44.032,"DeepSeek-V4-Flash public config/model card, shared KV cache layout"
H100NVLx16,H100NVL,16,94,1504,1353.6000000000001,NVIDIA H100 NVL 94GB public product specifications,1,16,16,TP1/DP16/EP16,1,52.603813888,1547.396186112,4778.11441664,298.63215104,0.0,0.0,44032.0,0,0,0,0.0,False,capacity_opt,DeepSeek-V4-Pro-1.6T,1600.0,64.0,512.0,8.0,52.603813888,1547.396186112,3200.0,43,shared_kv,1.0,512.0,,,44032,44.032,"DeepSeek-V4-Pro public config/model card, shared KV cache layout"
H100NVLx16,H100NVL,16,94,1504,1353.6000000000001,NVIDIA H100 NVL 94GB public product specifications,1,16,16,TP1/DP16/EP16,1,52.603813888,1547.396186112,4778.11441664,298.63215104,0.0,0.0,44032.0,0,0,0,0.0,False,dp_max,DeepSeek-V4-Pro-1.6T,1600.0,64.0,512.0,8.0,52.603813888,1547.396186112,3200.0,43,shared_kv,1.0,512.0,,,44032,44.032,"DeepSeek-V4-Pro public config/model card, shared KV cache layout"
H100NVLx36,H100NVL,36,94,3384,3045.6,NVIDIA H100 NVL 94GB public product specifications,36,1,36,TP36/DP1/EP36,1,1.540882432,28.991029248,61.06382336,1.6962173155555555,2984.53617664,82.90378268444445,2730.6666666666665,30360271,30360271,30360271,30360.271979166668,True,capacity_opt,Qwen3-30B-A3B,30.53191168,3.3,128.0,8.0,1.540882432,28.991029248,61.06382336,48,gqa,4.0,128.0,,,98304,98.304,Qwen3-30B-A3B public Hugging Face config/model card
H100NVLx36,H100NVL,36,94,3384,3045.6,NVIDIA H100 NVL 94GB public product specifications,1,36,36,TP1/DP36/EP36,1,1.540882432,28.991029248,168.9255936,4.6923776,2876.6744064,79.90762240000001,98304.0,29263045,812862,812862,29263.0453125,True,dp_max,Qwen3-30B-A3B,30.53191168,3.3,128.0,8.0,1.540882432,28.991029248,61.06382336,48,gqa,4.0,128.0,,,98304,98.304,Qwen3-30B-A3B public Hugging Face config/model card
H100NVLx36,H100NVL,36,94,3384,3045.6,NVIDIA H100 NVL 94GB public product specifications,36,1,1,TP36/DP1/EP1,1,32.8,0.0,65.6,1.822222222222222,2980.0,82.77777777777779,4551.111111111111,18188476,18188476,18188476,18188.4765625,True,capacity_opt,Qwen3-32B,32.8,,,,32.8,0.0,65.6,64,gqa,8.0,80.0,,,163840,163.84,Qwen3-32B public Hugging Face config/model card
H100NVLx36,H100NVL,36,94,3384,3045.6,NVIDIA H100 NVL 94GB public product specifications,1,36,1,TP1/DP36/EP1,1,32.8,0.0,2361.6,65.6,684.0,19.000000000000014,163840.0,4174804,115966,115966,4174.8046875,True,dp_max,Qwen3-32B,32.8,,,,32.8,0.0,65.6,64,gqa,8.0,80.0,,,163840,163.84,Qwen3-32B public Hugging Face config/model card
H100NVLx36,H100NVL,36,94,3384,3045.6,NVIDIA H100 NVL 94GB public product specifications,36,1,1,TP36/DP1/EP1,1,70.6,0.0,141.2,3.922222222222222,2904.4,80.67777777777779,9102.222222222223,8863525,8863525,8863525,8863.525390625,True,capacity_opt,Llama-3.3-70B,70.6,,,,70.6,0.0,141.2,80,gqa,8.0,128.0,,,327680,327.68,Meta Llama 3.3 70B public Hugging Face config/model card
H100NVLx36,H100NVL,36,94,3384,3045.6,NVIDIA H100 NVL 94GB public product specifications,2,18,1,TP2/DP18/EP1,1,70.6,0.0,2541.6,70.6,504.0,14.000000000000014,163840.0,1538085,85449,85449,1538.0859375,True,dp_max,Llama-3.3-70B,70.6,,,,70.6,0.0,141.2,80,gqa,8.0,128.0,,,327680,327.68,Meta Llama 3.3 70B public Hugging Face config/model card
H100NVLx36,H100NVL,36,94,3384,3045.6,NVIDIA H100 NVL 94GB public product specifications,36,1,36,TP36/DP1/EP36,1,7.996440576,227.096395776,470.185672704,13.060713130666668,2575.414327296,71.53928686933334,5347.555555555556,13377941,13377941,13377941,13377.941776595746,True,capacity_opt,Qwen3-235B-A22B,235.092836352,22.0,128.0,8.0,7.996440576,227.096395776,470.185672704,94,gqa,4.0,128.0,,,192512,192.512,Qwen3-235B-A22B public Hugging Face config/model card
H100NVLx36,H100NVL,36,94,3384,3045.6,NVIDIA H100 NVL 94GB public product specifications,1,36,36,TP1/DP36/EP36,1,7.996440576,227.096395776,1029.936513024,28.609347584,2015.6634869759998,55.990652416,192512.0,10470326,290842,290842,10470.326457446808,True,dp_max,Qwen3-235B-A22B,235.092836352,22.0,128.0,8.0,7.996440576,227.096395776,470.185672704,94,gqa,4.0,128.0,,,192512,192.512,Qwen3-235B-A22B public Hugging Face config/model card
H100NVLx36,H100NVL,36,94,3384,3045.6,NVIDIA H100 NVL 94GB public product specifications,36,1,36,TP36/DP1/EP36,1,7.7116288,347.2883712,710.0,19.72222222222222,2335.6,64.8777777777778,10467.555555555555,6197987,6197987,6197987,6197.987432065218,True,capacity_opt,GLM-4.5-355B-A32B,355.0,32.0,128.0,8.0,7.7116288,347.2883712,710.0,92,gqa,8.0,128.0,,,376832,376.832,Z.ai GLM-4.5 public Hugging Face config/model card
H100NVLx36,H100NVL,36,94,3384,3045.6,NVIDIA H100 NVL 94GB public product specifications,1,36,36,TP1/DP36/EP36,1,7.7116288,347.2883712,1249.8140159999998,34.717056,1795.785984,49.88294400000001,376832.0,4765481,132374,132374,4765.481657608695,True,dp_max,GLM-4.5-355B-A32B,355.0,32.0,128.0,8.0,7.7116288,347.2883712,710.0,92,gqa,8.0,128.0,,,376832,376.832,Z.ai GLM-4.5 public Hugging Face config/model card
H100NVLx36,H100NVL,36,94,3384,3045.6,NVIDIA H100 NVL 94GB public product specifications,36,1,1,TP36/DP1/EP1,1,405.0,0.0,810.0,22.5,2235.6,62.10000000000001,14336.0,4331752,4331752,4331752,4331.752232142857,True,capacity_opt,Llama-3.1-405B,405.0,,,,405.0,0.0,810.0,126,gqa,8.0,128.0,,,516096,516.096,Meta Llama 3.1 405B public Hugging Face config/model card
H100NVLx36,H100NVL,36,94,3384,3045.6,NVIDIA H100 NVL 94GB public product specifications,36,1,1,TP36/DP1/EP1,1,405.0,0.0,810.0,22.5,2235.6,62.10000000000001,14336.0,4331752,4331752,4331752,4331.752232142857,True,dp_max,Llama-3.1-405B,405.0,,,,405.0,0.0,810.0,126,gqa,8.0,128.0,,,516096,516.096,Meta Llama 3.1 405B public Hugging Face config/model card
H100NVLx36,H100NVL,36,94,3384,3045.6,NVIDIA H100 NVL 94GB public product specifications,36,1,36,TP36/DP1/EP36,1,12.06976512,468.0843264,960.30818304,26.675227306666667,2085.29181696,57.92477269333334,7054.222222222223,8211362,8211362,8211362,8211.362056451611,True,capacity_opt,Qwen3-Coder-480B-A35B,480.15409152,35.0,160.0,8.0,12.06976512,468.0843264,960.30818304,62,gqa,8.0,128.0,,,253952,253.952,Qwen3-Coder-480B-A35B public Hugging Face config/model card
H100NVLx36,H100NVL,36,94,3384,3045.6,NVIDIA H100 NVL 94GB public product specifications,1,36,36,TP1/DP36/EP36,1,12.06976512,468.0843264,1805.19174144,50.14421504,1240.40825856,34.45578496000001,253952.0,4884420,135678,135678,4884.420120967742,True,dp_max,Qwen3-Coder-480B-A35B,480.15409152,35.0,160.0,8.0,12.06976512,468.0843264,960.30818304,62,gqa,8.0,128.0,,,253952,253.952,Qwen3-Coder-480B-A35B public Hugging Face config/model card
H100NVLx36,H100NVL,36,94,3384,3045.6,NVIDIA H100 NVL 94GB public product specifications,36,1,36,TP36/DP1/EP36,1,17.116751872,653.908770816,1342.051045376,37.279195704888885,1703.5489546239999,47.320804295111124,1952.0,24242215,24242215,24242215,24242.215315118396,True,capacity_opt,DeepSeek-V3/R1-671B,671.025522688,37.0,256.0,8.0,17.116751872,653.908770816,1342.051045376,61,mla,,,512.0,64.0,70272,70.272,"DeepSeek-V3/R1 public config, optimized MLA KV cache layout"
H100NVLx36,H100NVL,36,94,3384,3045.6,NVIDIA H100 NVL 94GB public product specifications,1,36,36,TP1/DP36/EP36,1,17.116751872,653.908770816,2540.2236764159998,70.56176878933333,505.37632358400015,14.03823121066668,70272.0,7191716,199769,199769,7191.716808743171,True,dp_max,DeepSeek-V3/R1-671B,671.025522688,37.0,256.0,8.0,17.116751872,653.908770816,1342.051045376,61,mla,,,512.0,64.0,70272,70.272,"DeepSeek-V3/R1 public config, optimized MLA KV cache layout"
H100NVLx36,H100NVL,36,94,3384,3045.6,NVIDIA H100 NVL 94GB public product specifications,36,1,36,TP36/DP1/EP36,1,11.721304064,1014.68602368,2052.814655488,57.02262931911111,992.7853445119999,27.577370680888897,1952.0,14127751,14127751,14127751,14127.75137340619,True,capacity_opt,Kimi-K2-1T-A32B,1026.407327744,32.0,384.0,8.0,11.721304064,1014.68602368,2052.814655488,61,mla,,,512.0,64.0,70272,70.272,"Moonshot Kimi-K2 public config/model card, optimized MLA KV cache layout"
H100NVLx36,H100NVL,36,94,3384,3045.6,NVIDIA H100 NVL 94GB public product specifications,1,36,36,TP1/DP36/EP36,1,11.721304064,1014.68602368,2873.3059399679996,79.814053888,172.2940600320003,4.785946112000005,70272.0,2451816,68106,68106,2451.816655737709,True,dp_max,Kimi-K2-1T-A32B,1026.407327744,32.0,384.0,8.0,11.721304064,1014.68602368,2052.814655488,61,mla,,,512.0,64.0,70272,70.272,"Moonshot Kimi-K2 public config/model card, optimized MLA KV cache layout"
H100NVLx36,H100NVL,36,94,3384,3045.6,NVIDIA H100 NVL 94GB public product specifications,36,1,36,TP36/DP1/EP36,1,6.974609408,277.025390592,568.0,15.777777777777779,2477.6,68.82222222222222,1223.111111111111,56268168,56268168,56268168,56268.16860465116,True,capacity_opt,DeepSeek-V4-Flash-284B,284.0,35.0,128.0,8.0,6.974609408,277.025390592,568.0,43,shared_kv,1.0,512.0,,,44032,44.032,"DeepSeek-V4-Flash public config/model card, shared KV cache layout"
H100NVLx36,H100NVL,36,94,3384,3045.6,NVIDIA H100 NVL 94GB public product specifications,1,36,36,TP1/DP36/EP36,1,6.974609408,277.025390592,1056.2226585600001,29.339518293333334,1989.3773414399998,55.260481706666674,44032.0,45180263,1255007,1255007,45180.26302325581,True,dp_max,DeepSeek-V4-Flash-284B,284.0,35.0,128.0,8.0,6.974609408,277.025390592,568.0,43,shared_kv,1.0,512.0,,,44032,44.032,"DeepSeek-V4-Flash public config/model card, shared KV cache layout"
H100NVLx36,H100NVL,36,94,3384,3045.6,NVIDIA H100 NVL 94GB public product specifications,1,36,36,TP1/DP36/EP36,1,52.603813888,1547.396186112,6882.26697216,191.17408256,0.0,0.0,44032.0,0,0,0,0.0,False,capacity_opt,DeepSeek-V4-Pro-1.6T,1600.0,64.0,512.0,8.0,52.603813888,1547.396186112,3200.0,43,shared_kv,1.0,512.0,,,44032,44.032,"DeepSeek-V4-Pro public config/model card, shared KV cache layout"
H100NVLx36,H100NVL,36,94,3384,3045.6,NVIDIA H100 NVL 94GB public product specifications,1,36,36,TP1/DP36/EP36,1,52.603813888,1547.396186112,6882.26697216,191.17408256,0.0,0.0,44032.0,0,0,0,0.0,False,dp_max,DeepSeek-V4-Pro-1.6T,1600.0,64.0,512.0,8.0,52.603813888,1547.396186112,3200.0,43,shared_kv,1.0,512.0,,,44032,44.032,"DeepSeek-V4-Pro public config/model card, shared KV cache layout"
H100NVLx72,H100NVL,72,94,6768,6091.2,NVIDIA H100 NVL 94GB public product specifications,72,1,72,TP72/DP1/EP72,1,1.540882432,28.991029248,61.06382336,0.8481086577777778,6030.13617664,83.75189134222224,1365.3333333333333,61341717,61341717,61341717,61341.71729166667,True,capacity_opt,Qwen3-30B-A3B,30.53191168,3.3,128.0,8.0,1.540882432,28.991029248,61.06382336,48,gqa,4.0,128.0,,,98304,98.304,Qwen3-30B-A3B public Hugging Face config/model card
H100NVLx72,H100NVL,72,94,6768,6091.2,NVIDIA H100 NVL 94GB public product specifications,1,72,72,TP1/DP72/EP72,1,1.540882432,28.991029248,279.869128704,3.8870712320000003,5811.330871296,80.71292876800001,98304.0,59115914,821054,821054,59115.914625,True,dp_max,Qwen3-30B-A3B,30.53191168,3.3,128.0,8.0,1.540882432,28.991029248,61.06382336,48,gqa,4.0,128.0,,,98304,98.304,Qwen3-30B-A3B public Hugging Face config/model card
H100NVLx72,H100NVL,72,94,6768,6091.2,NVIDIA H100 NVL 94GB public product specifications,72,1,1,TP72/DP1/EP1,1,32.8,0.0,65.6,0.911111111111111,6025.599999999999,83.6888888888889,2275.5555555555557,36777343,36777343,36777343,36777.34374999999,True,capacity_opt,Qwen3-32B,32.8,,,,32.8,0.0,65.6,64,gqa,8.0,80.0,,,163840,163.84,Qwen3-32B public Hugging Face config/model card
H100NVLx72,H100NVL,72,94,6768,6091.2,NVIDIA H100 NVL 94GB public product specifications,1,72,1,TP1/DP72/EP1,1,32.8,0.0,4723.2,65.6,1368.0,19.000000000000014,163840.0,8349609,115966,115966,8349.609375,True,dp_max,Qwen3-32B,32.8,,,,32.8,0.0,65.6,64,gqa,8.0,80.0,,,163840,163.84,Qwen3-32B public Hugging Face config/model card
H100NVLx72,H100NVL,72,94,6768,6091.2,NVIDIA H100 NVL 94GB public product specifications,72,1,1,TP72/DP1/EP1,1,70.6,0.0,141.2,1.961111111111111,5950.0,82.6388888888889,4551.111111111111,18157958,18157958,18157958,18157.958984375,True,capacity_opt,Llama-3.3-70B,70.6,,,,70.6,0.0,141.2,80,gqa,8.0,128.0,,,327680,327.68,Meta Llama 3.3 70B public Hugging Face config/model card
H100NVLx72,H100NVL,72,94,6768,6091.2,NVIDIA H100 NVL 94GB public product specifications,2,36,1,TP2/DP36/EP1,1,70.6,0.0,5083.2,70.6,1008.0,14.000000000000014,163840.0,3076171,85449,85449,3076.171875,True,dp_max,Llama-3.3-70B,70.6,,,,70.6,0.0,141.2,80,gqa,8.0,128.0,,,327680,327.68,Meta Llama 3.3 70B public Hugging Face config/model card
H100NVLx72,H100NVL,72,94,6768,6091.2,NVIDIA H100 NVL 94GB public product specifications,72,1,72,TP72/DP1/EP72,1,7.996440576,227.096395776,470.185672704,6.530356565333334,5621.0143272959995,78.06964343466667,2673.777777777778,29198254,29198254,29198254,29198.254276595737,True,capacity_opt,Qwen3-235B-A22B,235.092836352,22.0,128.0,8.0,7.996440576,227.096395776,470.185672704,94,gqa,4.0,128.0,,,192512,192.512,Qwen3-235B-A22B public Hugging Face config/model card
H100NVLx72,H100NVL,72,94,6768,6091.2,NVIDIA H100 NVL 94GB public product specifications,1,72,72,TP1/DP72/EP72,1,7.996440576,227.096395776,1605.6802344960001,22.301114368,4485.519765503999,62.29888563200001,192512.0,23299948,323610,323610,23299.94891489361,True,dp_max,Qwen3-235B-A22B,235.092836352,22.0,128.0,8.0,7.996440576,227.096395776,470.185672704,94,gqa,4.0,128.0,,,192512,192.512,Qwen3-235B-A22B public Hugging Face config/model card
H100NVLx72,H100NVL,72,94,6768,6091.2,NVIDIA H100 NVL 94GB public product specifications,72,1,72,TP72/DP1/EP72,1,7.7116288,347.2883712,710.0,9.86111111111111,5381.2,74.7388888888889,5233.777777777777,14280103,14280103,14280103,14280.103600543478,True,capacity_opt,GLM-4.5-355B-A32B,355.0,32.0,128.0,8.0,7.7116288,347.2883712,710.0,92,gqa,8.0,128.0,,,376832,376.832,Z.ai GLM-4.5 public Hugging Face config/model card
H100NVLx72,H100NVL,72,94,6768,6091.2,NVIDIA H100 NVL 94GB public product specifications,1,72,72,TP1/DP72/EP72,1,7.7116288,347.2883712,1805.0512896,25.0701568,4286.1487104,59.52984320000001,376832.0,11374163,157974,157974,11374.16331521739,True,dp_max,GLM-4.5-355B-A32B,355.0,32.0,128.0,8.0,7.7116288,347.2883712,710.0,92,gqa,8.0,128.0,,,376832,376.832,Z.ai GLM-4.5 public Hugging Face config/model card
H100NVLx72,H100NVL,72,94,6768,6091.2,NVIDIA H100 NVL 94GB public product specifications,72,1,1,TP72/DP1/EP1,1,405.0,0.0,810.0,11.25,5281.2,73.35000000000001,7168.0,10232979,10232979,10232979,10232.979910714286,True,capacity_opt,Llama-3.1-405B,405.0,,,,405.0,0.0,810.0,126,gqa,8.0,128.0,,,516096,516.096,Meta Llama 3.1 405B public Hugging Face config/model card
H100NVLx72,H100NVL,72,94,6768,6091.2,NVIDIA H100 NVL 94GB public product specifications,36,2,1,TP36/DP2/EP1,1,405.0,0.0,1620.0,22.5,4471.2,62.10000000000001,14336.0,8663504,4331752,4331752,8663.504464285714,True,dp_max,Llama-3.1-405B,405.0,,,,405.0,0.0,810.0,126,gqa,8.0,128.0,,,516096,516.096,Meta Llama 3.1 405B public Hugging Face config/model card
H100NVLx72,H100NVL,72,94,6768,6091.2,NVIDIA H100 NVL 94GB public product specifications,72,1,72,TP72/DP1/EP72,1,12.06976512,468.0843264,960.30818304,13.337613653333333,5130.89181696,71.26238634666667,3527.1111111111113,20204179,20204179,20204179,20204.179596774193,True,capacity_opt,Qwen3-Coder-480B-A35B,480.15409152,35.0,160.0,8.0,12.06976512,468.0843264,960.30818304,62,gqa,8.0,128.0,,,253952,253.952,Qwen3-Coder-480B-A35B public Hugging Face config/model card
H100NVLx72,H100NVL,72,94,6768,6091.2,NVIDIA H100 NVL 94GB public product specifications,1,72,72,TP1/DP72/EP72,1,12.06976512,468.0843264,2674.21483008,37.14187264,3416.98516992,47.458127360000006,253952.0,13455240,186878,186878,13455.240241935484,True,dp_max,Qwen3-Coder-480B-A35B,480.15409152,35.0,160.0,8.0,12.06976512,468.0843264,960.30818304,62,gqa,8.0,128.0,,,253952,253.952,Qwen3-Coder-480B-A35B public Hugging Face config/model card
H100NVLx72,H100NVL,72,94,6768,6091.2,NVIDIA H100 NVL 94GB public product specifications,72,1,72,TP72/DP1/EP72,1,17.116751872,653.908770816,1342.051045376,18.639597852444442,4749.148954624,65.96040214755557,976.0,67582379,67582379,67582379,67582.37924954463,True,capacity_opt,DeepSeek-V3/R1-671B,671.025522688,37.0,256.0,8.0,17.116751872,653.908770816,1342.051045376,61,mla,,,512.0,64.0,70272,70.272,"DeepSeek-V3/R1 public config, optimized MLA KV cache layout"
H100NVLx72,H100NVL,72,94,6768,6091.2,NVIDIA H100 NVL 94GB public product specifications,1,72,72,TP1/DP72/EP72,1,17.116751872,653.908770816,3772.6298112,52.397636266666666,2318.5701888,32.20236373333334,70272.0,32994225,458253,458253,32994.22513661202,True,dp_max,DeepSeek-V3/R1-671B,671.025522688,37.0,256.0,8.0,17.116751872,653.908770816,1342.051045376,61,mla,,,512.0,64.0,70272,70.272,"DeepSeek-V3/R1 public config, optimized MLA KV cache layout"
H100NVLx72,H100NVL,72,94,6768,6091.2,NVIDIA H100 NVL 94GB public product specifications,72,1,72,TP72/DP1/EP72,1,11.721304064,1014.68602368,2052.814655488,28.511314659555556,4038.385344512,56.08868534044446,976.0,57467915,57467915,57467915,57467.91530783242,True,capacity_opt,Kimi-K2-1T-A32B,1026.407327744,32.0,384.0,8.0,11.721304064,1014.68602368,2052.814655488,61,mla,,,512.0,64.0,70272,70.272,"Moonshot Kimi-K2 public config/model card, optimized MLA KV cache layout"
H100NVLx72,H100NVL,72,94,6768,6091.2,NVIDIA H100 NVL 94GB public product specifications,1,72,72,TP1/DP72/EP72,1,11.721304064,1014.68602368,3717.2398325759996,51.628331008,2373.9601674240002,32.971668992000005,70272.0,33782447,469200,469200,33782.447737704926,True,dp_max,Kimi-K2-1T-A32B,1026.407327744,32.0,384.0,8.0,11.721304064,1014.68602368,2052.814655488,61,mla,,,512.0,64.0,70272,70.272,"Moonshot Kimi-K2 public config/model card, optimized MLA KV cache layout"
H100NVLx72,H100NVL,72,94,6768,6091.2,NVIDIA H100 NVL 94GB public product specifications,72,1,72,TP72/DP1/EP72,1,6.974609408,277.025390592,568.0,7.888888888888889,5523.2,76.71111111111112,611.5555555555555,125436046,125436046,125436046,125436.04651162791,True,capacity_opt,DeepSeek-V4-Flash-284B,284.0,35.0,128.0,8.0,6.974609408,277.025390592,568.0,43,shared_kv,1.0,512.0,,,44032,44.032,"DeepSeek-V4-Flash public config/model card, shared KV cache layout"
H100NVLx72,H100NVL,72,94,6768,6091.2,NVIDIA H100 NVL 94GB public product specifications,1,72,72,TP1/DP72/EP72,1,6.974609408,277.025390592,1558.394535936,21.644368554666666,4532.805464064,62.95563144533334,44032.0,102943438,1429769,1429769,102943.43804651164,True,dp_max,DeepSeek-V4-Flash-284B,284.0,35.0,128.0,8.0,6.974609408,277.025390592,568.0,43,shared_kv,1.0,512.0,,,44032,44.032,"DeepSeek-V4-Flash public config/model card, shared KV cache layout"
H100NVLx72,H100NVL,72,94,6768,6091.2,NVIDIA H100 NVL 94GB public product specifications,72,1,72,TP72/DP1/EP72,1,52.603813888,1547.396186112,3200.0,44.44444444444444,2891.2,40.155555555555566,611.5555555555555,65661337,65661337,65661337,65661.33720930234,True,capacity_opt,DeepSeek-V4-Pro-1.6T,1600.0,64.0,512.0,8.0,52.603813888,1547.396186112,3200.0,43,shared_kv,1.0,512.0,,,44032,44.032,"DeepSeek-V4-Pro public config/model card, shared KV cache layout"
H100NVLx72,H100NVL,72,94,6768,6091.2,NVIDIA H100 NVL 94GB public product specifications,4,18,72,TP4/DP18/EP72,1,52.603813888,1547.396186112,4988.529672191999,69.285134336,1102.6703278080004,15.31486566400001,11008.0,25042476,1391248,1391248,25042.47655813954,True,dp_max,DeepSeek-V4-Pro-1.6T,1600.0,64.0,512.0,8.0,52.603813888,1547.396186112,3200.0,43,shared_kv,1.0,512.0,,,44032,44.032,"DeepSeek-V4-Pro public config/model card, shared KV cache layout"
B200x1,B200,1,186,186,167.4,NVIDIA B200 186GB public product specifications,1,1,1,TP1/DP1/EP1,1,1.540882432,28.991029248,61.06382336,61.06382336,106.33617664,106.33617664,98304.0,1081707,1081707,1081707,1081.7075260416668,True,capacity_opt,Qwen3-30B-A3B,30.53191168,3.3,128.0,8.0,1.540882432,28.991029248,61.06382336,48,gqa,4.0,128.0,,,98304,98.304,Qwen3-30B-A3B public Hugging Face config/model card
B200x1,B200,1,186,186,167.4,NVIDIA B200 186GB public product specifications,1,1,1,TP1/DP1/EP1,1,1.540882432,28.991029248,61.06382336,61.06382336,106.33617664,106.33617664,98304.0,1081707,1081707,1081707,1081.7075260416668,True,dp_max,Qwen3-30B-A3B,30.53191168,3.3,128.0,8.0,1.540882432,28.991029248,61.06382336,48,gqa,4.0,128.0,,,98304,98.304,Qwen3-30B-A3B public Hugging Face config/model card
B200x1,B200,1,186,186,167.4,NVIDIA B200 186GB public product specifications,1,1,1,TP1/DP1/EP1,1,32.8,0.0,65.6,65.6,101.80000000000001,101.80000000000001,163840.0,621337,621337,621337,621.3378906250001,True,capacity_opt,Qwen3-32B,32.8,,,,32.8,0.0,65.6,64,gqa,8.0,80.0,,,163840,163.84,Qwen3-32B public Hugging Face config/model card
B200x1,B200,1,186,186,167.4,NVIDIA B200 186GB public product specifications,1,1,1,TP1/DP1/EP1,1,32.8,0.0,65.6,65.6,101.80000000000001,101.80000000000001,163840.0,621337,621337,621337,621.3378906250001,True,dp_max,Qwen3-32B,32.8,,,,32.8,0.0,65.6,64,gqa,8.0,80.0,,,163840,163.84,Qwen3-32B public Hugging Face config/model card
B200x1,B200,1,186,186,167.4,NVIDIA B200 186GB public product specifications,1,1,1,TP1/DP1/EP1,1,70.6,0.0,141.2,141.2,26.200000000000017,26.200000000000017,327680.0,79956,79956,79956,79.95605468750004,True,capacity_opt,Llama-3.3-70B,70.6,,,,70.6,0.0,141.2,80,gqa,8.0,128.0,,,327680,327.68,Meta Llama 3.3 70B public Hugging Face config/model card
B200x1,B200,1,186,186,167.4,NVIDIA B200 186GB public product specifications,1,1,1,TP1/DP1/EP1,1,70.6,0.0,141.2,141.2,26.200000000000017,26.200000000000017,327680.0,79956,79956,79956,79.95605468750004,True,dp_max,Llama-3.3-70B,70.6,,,,70.6,0.0,141.2,80,gqa,8.0,128.0,,,327680,327.68,Meta Llama 3.3 70B public Hugging Face config/model card
B200x1,B200,1,186,186,167.4,NVIDIA B200 186GB public product specifications,1,1,1,TP1/DP1/EP1,1,7.996440576,227.096395776,470.185672704,470.185672704,0.0,0.0,192512.0,0,0,0,0.0,False,capacity_opt,Qwen3-235B-A22B,235.092836352,22.0,128.0,8.0,7.996440576,227.096395776,470.185672704,94,gqa,4.0,128.0,,,192512,192.512,Qwen3-235B-A22B public Hugging Face config/model card
B200x1,B200,1,186,186,167.4,NVIDIA B200 186GB public product specifications,1,1,1,TP1/DP1/EP1,1,7.996440576,227.096395776,470.185672704,470.185672704,0.0,0.0,192512.0,0,0,0,0.0,False,dp_max,Qwen3-235B-A22B,235.092836352,22.0,128.0,8.0,7.996440576,227.096395776,470.185672704,94,gqa,4.0,128.0,,,192512,192.512,Qwen3-235B-A22B public Hugging Face config/model card
B200x1,B200,1,186,186,167.4,NVIDIA B200 186GB public product specifications,1,1,1,TP1/DP1/EP1,1,7.7116288,347.2883712,710.0,710.0,0.0,0.0,376832.0,0,0,0,0.0,False,capacity_opt,GLM-4.5-355B-A32B,355.0,32.0,128.0,8.0,7.7116288,347.2883712,710.0,92,gqa,8.0,128.0,,,376832,376.832,Z.ai GLM-4.5 public Hugging Face config/model card
B200x1,B200,1,186,186,167.4,NVIDIA B200 186GB public product specifications,1,1,1,TP1/DP1/EP1,1,7.7116288,347.2883712,710.0,710.0,0.0,0.0,376832.0,0,0,0,0.0,False,dp_max,GLM-4.5-355B-A32B,355.0,32.0,128.0,8.0,7.7116288,347.2883712,710.0,92,gqa,8.0,128.0,,,376832,376.832,Z.ai GLM-4.5 public Hugging Face config/model card
B200x1,B200,1,186,186,167.4,NVIDIA B200 186GB public product specifications,1,1,1,TP1/DP1/EP1,1,405.0,0.0,810.0,810.0,0.0,0.0,516096.0,0,0,0,0.0,False,capacity_opt,Llama-3.1-405B,405.0,,,,405.0,0.0,810.0,126,gqa,8.0,128.0,,,516096,516.096,Meta Llama 3.1 405B public Hugging Face config/model card
B200x1,B200,1,186,186,167.4,NVIDIA B200 186GB public product specifications,1,1,1,TP1/DP1/EP1,1,405.0,0.0,810.0,810.0,0.0,0.0,516096.0,0,0,0,0.0,False,dp_max,Llama-3.1-405B,405.0,,,,405.0,0.0,810.0,126,gqa,8.0,128.0,,,516096,516.096,Meta Llama 3.1 405B public Hugging Face config/model card
B200x1,B200,1,186,186,167.4,NVIDIA B200 186GB public product specifications,1,1,1,TP1/DP1/EP1,1,12.06976512,468.0843264,960.30818304,960.30818304,0.0,0.0,253952.0,0,0,0,0.0,False,capacity_opt,Qwen3-Coder-480B-A35B,480.15409152,35.0,160.0,8.0,12.06976512,468.0843264,960.30818304,62,gqa,8.0,128.0,,,253952,253.952,Qwen3-Coder-480B-A35B public Hugging Face config/model card
B200x1,B200,1,186,186,167.4,NVIDIA B200 186GB public product specifications,1,1,1,TP1/DP1/EP1,1,12.06976512,468.0843264,960.30818304,960.30818304,0.0,0.0,253952.0,0,0,0,0.0,False,dp_max,Qwen3-Coder-480B-A35B,480.15409152,35.0,160.0,8.0,12.06976512,468.0843264,960.30818304,62,gqa,8.0,128.0,,,253952,253.952,Qwen3-Coder-480B-A35B public Hugging Face config/model card
B200x1,B200,1,186,186,167.4,NVIDIA B200 186GB public product specifications,1,1,1,TP1/DP1/EP1,1,17.116751872,653.908770816,1342.051045376,1342.051045376,0.0,0.0,70272.0,0,0,0,0.0,False,capacity_opt,DeepSeek-V3/R1-671B,671.025522688,37.0,256.0,8.0,17.116751872,653.908770816,1342.051045376,61,mla,,,512.0,64.0,70272,70.272,"DeepSeek-V3/R1 public config, optimized MLA KV cache layout"
B200x1,B200,1,186,186,167.4,NVIDIA B200 186GB public product specifications,1,1,1,TP1/DP1/EP1,1,17.116751872,653.908770816,1342.051045376,1342.051045376,0.0,0.0,70272.0,0,0,0,0.0,False,dp_max,DeepSeek-V3/R1-671B,671.025522688,37.0,256.0,8.0,17.116751872,653.908770816,1342.051045376,61,mla,,,512.0,64.0,70272,70.272,"DeepSeek-V3/R1 public config, optimized MLA KV cache layout"
B200x1,B200,1,186,186,167.4,NVIDIA B200 186GB public product specifications,1,1,1,TP1/DP1/EP1,1,11.721304064,1014.68602368,2052.814655488,2052.814655488,0.0,0.0,70272.0,0,0,0,0.0,False,capacity_opt,Kimi-K2-1T-A32B,1026.407327744,32.0,384.0,8.0,11.721304064,1014.68602368,2052.814655488,61,mla,,,512.0,64.0,70272,70.272,"Moonshot Kimi-K2 public config/model card, optimized MLA KV cache layout"
B200x1,B200,1,186,186,167.4,NVIDIA B200 186GB public product specifications,1,1,1,TP1/DP1/EP1,1,11.721304064,1014.68602368,2052.814655488,2052.814655488,0.0,0.0,70272.0,0,0,0,0.0,False,dp_max,Kimi-K2-1T-A32B,1026.407327744,32.0,384.0,8.0,11.721304064,1014.68602368,2052.814655488,61,mla,,,512.0,64.0,70272,70.272,"Moonshot Kimi-K2 public config/model card, optimized MLA KV cache layout"
B200x1,B200,1,186,186,167.4,NVIDIA B200 186GB public product specifications,1,1,1,TP1/DP1/EP1,1,6.974609408,277.025390592,568.0,568.0,0.0,0.0,44032.0,0,0,0,0.0,False,capacity_opt,DeepSeek-V4-Flash-284B,284.0,35.0,128.0,8.0,6.974609408,277.025390592,568.0,43,shared_kv,1.0,512.0,,,44032,44.032,"DeepSeek-V4-Flash public config/model card, shared KV cache layout"
B200x1,B200,1,186,186,167.4,NVIDIA B200 186GB public product specifications,1,1,1,TP1/DP1/EP1,1,6.974609408,277.025390592,568.0,568.0,0.0,0.0,44032.0,0,0,0,0.0,False,dp_max,DeepSeek-V4-Flash-284B,284.0,35.0,128.0,8.0,6.974609408,277.025390592,568.0,43,shared_kv,1.0,512.0,,,44032,44.032,"DeepSeek-V4-Flash public config/model card, shared KV cache layout"
B200x1,B200,1,186,186,167.4,NVIDIA B200 186GB public product specifications,1,1,1,TP1/DP1/EP1,1,52.603813888,1547.396186112,3200.0,3200.0,0.0,0.0,44032.0,0,0,0,0.0,False,capacity_opt,DeepSeek-V4-Pro-1.6T,1600.0,64.0,512.0,8.0,52.603813888,1547.396186112,3200.0,43,shared_kv,1.0,512.0,,,44032,44.032,"DeepSeek-V4-Pro public config/model card, shared KV cache layout"
B200x1,B200,1,186,186,167.4,NVIDIA B200 186GB public product specifications,1,1,1,TP1/DP1/EP1,1,52.603813888,1547.396186112,3200.0,3200.0,0.0,0.0,44032.0,0,0,0,0.0,False,dp_max,DeepSeek-V4-Pro-1.6T,1600.0,64.0,512.0,8.0,52.603813888,1547.396186112,3200.0,43,shared_kv,1.0,512.0,,,44032,44.032,"DeepSeek-V4-Pro public config/model card, shared KV cache layout"
B200x2,B200,2,186,372,334.8,NVIDIA B200 186GB public product specifications,2,1,2,TP2/DP1/EP2,1,1.540882432,28.991029248,61.06382336,30.53191168,273.73617664,136.86808832,49152.0,2784588,2784588,2784588,2784.5883854166664,True,capacity_opt,Qwen3-30B-A3B,30.53191168,3.3,128.0,8.0,1.540882432,28.991029248,61.06382336,48,gqa,4.0,128.0,,,98304,98.304,Qwen3-30B-A3B public Hugging Face config/model card
B200x2,B200,2,186,372,334.8,NVIDIA B200 186GB public product specifications,1,2,2,TP1/DP2/EP2,1,1.540882432,28.991029248,64.145588224,32.072794112,270.654411776,135.327205888,98304.0,2753239,1376619,1376619,2753.2390520833333,True,dp_max,Qwen3-30B-A3B,30.53191168,3.3,128.0,8.0,1.540882432,28.991029248,61.06382336,48,gqa,4.0,128.0,,,98304,98.304,Qwen3-30B-A3B public Hugging Face config/model card
B200x2,B200,2,186,372,334.8,NVIDIA B200 186GB public product specifications,2,1,1,TP2/DP1/EP1,1,32.8,0.0,65.6,32.8,269.20000000000005,134.60000000000002,81920.0,1643066,1643066,1643066,1643.0664062500002,True,capacity_opt,Qwen3-32B,32.8,,,,32.8,0.0,65.6,64,gqa,8.0,80.0,,,163840,163.84,Qwen3-32B public Hugging Face config/model card
B200x2,B200,2,186,372,334.8,NVIDIA B200 186GB public product specifications,1,2,1,TP1/DP2/EP1,1,32.8,0.0,131.2,65.6,203.60000000000002,101.80000000000001,163840.0,1242675,621337,621337,1242.6757812500002,True,dp_max,Qwen3-32B,32.8,,,,32.8,0.0,65.6,64,gqa,8.0,80.0,,,163840,163.84,Qwen3-32B public Hugging Face config/model card
B200x2,B200,2,186,372,334.8,NVIDIA B200 186GB public product specifications,2,1,1,TP2/DP1/EP1,1,70.6,0.0,141.2,70.6,193.60000000000002,96.80000000000001,163840.0,590820,590820,590820,590.8203125000001,True,capacity_opt,Llama-3.3-70B,70.6,,,,70.6,0.0,141.2,80,gqa,8.0,128.0,,,327680,327.68,Meta Llama 3.3 70B public Hugging Face config/model card
B200x2,B200,2,186,372,334.8,NVIDIA B200 186GB public product specifications,1,2,1,TP1/DP2/EP1,1,70.6,0.0,282.4,141.2,52.400000000000034,26.200000000000017,327680.0,159912,79956,79956,159.91210937500009,True,dp_max,Llama-3.3-70B,70.6,,,,70.6,0.0,141.2,80,gqa,8.0,128.0,,,327680,327.68,Meta Llama 3.3 70B public Hugging Face config/model card
B200x2,B200,2,186,372,334.8,NVIDIA B200 186GB public product specifications,1,2,2,TP1/DP2/EP2,1,7.996440576,227.096395776,486.178553856,243.089276928,0.0,0.0,192512.0,0,0,0,0.0,False,capacity_opt,Qwen3-235B-A22B,235.092836352,22.0,128.0,8.0,7.996440576,227.096395776,470.185672704,94,gqa,4.0,128.0,,,192512,192.512,Qwen3-235B-A22B public Hugging Face config/model card
B200x2,B200,2,186,372,334.8,NVIDIA B200 186GB public product specifications,1,2,2,TP1/DP2/EP2,1,7.996440576,227.096395776,486.178553856,243.089276928,0.0,0.0,192512.0,0,0,0,0.0,False,dp_max,Qwen3-235B-A22B,235.092836352,22.0,128.0,8.0,7.996440576,227.096395776,470.185672704,94,gqa,4.0,128.0,,,192512,192.512,Qwen3-235B-A22B public Hugging Face config/model card
B200x2,B200,2,186,372,334.8,NVIDIA B200 186GB public product specifications,1,2,2,TP1/DP2/EP2,1,7.7116288,347.2883712,725.4232575999999,362.71162879999997,0.0,0.0,376832.0,0,0,0,0.0,False,capacity_opt,GLM-4.5-355B-A32B,355.0,32.0,128.0,8.0,7.7116288,347.2883712,710.0,92,gqa,8.0,128.0,,,376832,376.832,Z.ai GLM-4.5 public Hugging Face config/model card
B200x2,B200,2,186,372,334.8,NVIDIA B200 186GB public product specifications,1,2,2,TP1/DP2/EP2,1,7.7116288,347.2883712,725.4232575999999,362.71162879999997,0.0,0.0,376832.0,0,0,0,0.0,False,dp_max,GLM-4.5-355B-A32B,355.0,32.0,128.0,8.0,7.7116288,347.2883712,710.0,92,gqa,8.0,128.0,,,376832,376.832,Z.ai GLM-4.5 public Hugging Face config/model card
B200x2,B200,2,186,372,334.8,NVIDIA B200 186GB public product specifications,1,2,1,TP1/DP2/EP1,1,405.0,0.0,1620.0,810.0,0.0,0.0,516096.0,0,0,0,0.0,False,capacity_opt,Llama-3.1-405B,405.0,,,,405.0,0.0,810.0,126,gqa,8.0,128.0,,,516096,516.096,Meta Llama 3.1 405B public Hugging Face config/model card
B200x2,B200,2,186,372,334.8,NVIDIA B200 186GB public product specifications,1,2,1,TP1/DP2/EP1,1,405.0,0.0,1620.0,810.0,0.0,0.0,516096.0,0,0,0,0.0,False,dp_max,Llama-3.1-405B,405.0,,,,405.0,0.0,810.0,126,gqa,8.0,128.0,,,516096,516.096,Meta Llama 3.1 405B public Hugging Face config/model card
B200x2,B200,2,186,372,334.8,NVIDIA B200 186GB public product specifications,1,2,2,TP1/DP2/EP2,1,12.06976512,468.0843264,984.44771328,492.22385664,0.0,0.0,253952.0,0,0,0,0.0,False,capacity_opt,Qwen3-Coder-480B-A35B,480.15409152,35.0,160.0,8.0,12.06976512,468.0843264,960.30818304,62,gqa,8.0,128.0,,,253952,253.952,Qwen3-Coder-480B-A35B public Hugging Face config/model card
B200x2,B200,2,186,372,334.8,NVIDIA B200 186GB public product specifications,1,2,2,TP1/DP2/EP2,1,12.06976512,468.0843264,984.44771328,492.22385664,0.0,0.0,253952.0,0,0,0,0.0,False,dp_max,Qwen3-Coder-480B-A35B,480.15409152,35.0,160.0,8.0,12.06976512,468.0843264,960.30818304,62,gqa,8.0,128.0,,,253952,253.952,Qwen3-Coder-480B-A35B public Hugging Face config/model card
B200x2,B200,2,186,372,334.8,NVIDIA B200 186GB public product specifications,1,2,2,TP1/DP2/EP2,1,17.116751872,653.908770816,1376.28454912,688.14227456,0.0,0.0,70272.0,0,0,0,0.0,False,capacity_opt,DeepSeek-V3/R1-671B,671.025522688,37.0,256.0,8.0,17.116751872,653.908770816,1342.051045376,61,mla,,,512.0,64.0,70272,70.272,"DeepSeek-V3/R1 public config, optimized MLA KV cache layout"
B200x2,B200,2,186,372,334.8,NVIDIA B200 186GB public product specifications,1,2,2,TP1/DP2/EP2,1,17.116751872,653.908770816,1376.28454912,688.14227456,0.0,0.0,70272.0,0,0,0,0.0,False,dp_max,DeepSeek-V3/R1-671B,671.025522688,37.0,256.0,8.0,17.116751872,653.908770816,1342.051045376,61,mla,,,512.0,64.0,70272,70.272,"DeepSeek-V3/R1 public config, optimized MLA KV cache layout"
B200x2,B200,2,186,372,334.8,NVIDIA B200 186GB public product specifications,1,2,2,TP1/DP2/EP2,1,11.721304064,1014.68602368,2076.257263616,1038.128631808,0.0,0.0,70272.0,0,0,0,0.0,False,capacity_opt,Kimi-K2-1T-A32B,1026.407327744,32.0,384.0,8.0,11.721304064,1014.68602368,2052.814655488,61,mla,,,512.0,64.0,70272,70.272,"Moonshot Kimi-K2 public config/model card, optimized MLA KV cache layout"
B200x2,B200,2,186,372,334.8,NVIDIA B200 186GB public product specifications,1,2,2,TP1/DP2/EP2,1,11.721304064,1014.68602368,2076.257263616,1038.128631808,0.0,0.0,70272.0,0,0,0,0.0,False,dp_max,Kimi-K2-1T-A32B,1026.407327744,32.0,384.0,8.0,11.721304064,1014.68602368,2052.814655488,61,mla,,,512.0,64.0,70272,70.272,"Moonshot Kimi-K2 public config/model card, optimized MLA KV cache layout"
B200x2,B200,2,186,372,334.8,NVIDIA B200 186GB public product specifications,1,2,2,TP1/DP2/EP2,1,6.974609408,277.025390592,581.949218816,290.974609408,0.0,0.0,44032.0,0,0,0,0.0,False,capacity_opt,DeepSeek-V4-Flash-284B,284.0,35.0,128.0,8.0,6.974609408,277.025390592,568.0,43,shared_kv,1.0,512.0,,,44032,44.032,"DeepSeek-V4-Flash public config/model card, shared KV cache layout"
B200x2,B200,2,186,372,334.8,NVIDIA B200 186GB public product specifications,1,2,2,TP1/DP2/EP2,1,6.974609408,277.025390592,581.949218816,290.974609408,0.0,0.0,44032.0,0,0,0,0.0,False,dp_max,DeepSeek-V4-Flash-284B,284.0,35.0,128.0,8.0,6.974609408,277.025390592,568.0,43,shared_kv,1.0,512.0,,,44032,44.032,"DeepSeek-V4-Flash public config/model card, shared KV cache layout"
B200x2,B200,2,186,372,334.8,NVIDIA B200 186GB public product specifications,1,2,2,TP1/DP2/EP2,1,52.603813888,1547.396186112,3305.2076277759998,1652.6038138879999,0.0,0.0,44032.0,0,0,0,0.0,False,capacity_opt,DeepSeek-V4-Pro-1.6T,1600.0,64.0,512.0,8.0,52.603813888,1547.396186112,3200.0,43,shared_kv,1.0,512.0,,,44032,44.032,"DeepSeek-V4-Pro public config/model card, shared KV cache layout"
B200x2,B200,2,186,372,334.8,NVIDIA B200 186GB public product specifications,1,2,2,TP1/DP2/EP2,1,52.603813888,1547.396186112,3305.2076277759998,1652.6038138879999,0.0,0.0,44032.0,0,0,0,0.0,False,dp_max,DeepSeek-V4-Pro-1.6T,1600.0,64.0,512.0,8.0,52.603813888,1547.396186112,3200.0,43,shared_kv,1.0,512.0,,,44032,44.032,"DeepSeek-V4-Pro public config/model card, shared KV cache layout"
B200x4,B200,4,186,744,669.6,NVIDIA B200 186GB public product specifications,4,1,4,TP4/DP1/EP4,1,1.540882432,28.991029248,61.06382336,15.26595584,608.53617664,152.13404416,24576.0,6190350,6190350,6190350,6190.350104166667,True,capacity_opt,Qwen3-30B-A3B,30.53191168,3.3,128.0,8.0,1.540882432,28.991029248,61.06382336,48,gqa,4.0,128.0,,,98304,98.304,Qwen3-30B-A3B public Hugging Face config/model card
B200x4,B200,4,186,744,669.6,NVIDIA B200 186GB public product specifications,1,4,4,TP1/DP4/EP4,1,1.540882432,28.991029248,70.30911795200001,17.577279488000002,599.290882048,149.822720512,98304.0,6096302,1524075,1524075,6096.302104166667,True,dp_max,Qwen3-30B-A3B,30.53191168,3.3,128.0,8.0,1.540882432,28.991029248,61.06382336,48,gqa,4.0,128.0,,,98304,98.304,Qwen3-30B-A3B public Hugging Face config/model card
B200x4,B200,4,186,744,669.6,NVIDIA B200 186GB public product specifications,4,1,1,TP4/DP1/EP1,1,32.8,0.0,65.6,16.4,604.0,151.0,40960.0,3686523,3686523,3686523,3686.5234375,True,capacity_opt,Qwen3-32B,32.8,,,,32.8,0.0,65.6,64,gqa,8.0,80.0,,,163840,163.84,Qwen3-32B public Hugging Face config/model card
B200x4,B200,4,186,744,669.6,NVIDIA B200 186GB public product specifications,1,4,1,TP1/DP4/EP1,1,32.8,0.0,262.4,65.6,407.20000000000005,101.80000000000001,163840.0,2485351,621337,621337,2485.3515625000005,True,dp_max,Qwen3-32B,32.8,,,,32.8,0.0,65.6,64,gqa,8.0,80.0,,,163840,163.84,Qwen3-32B public Hugging Face config/model card
B200x4,B200,4,186,744,669.6,NVIDIA B200 186GB public product specifications,4,1,1,TP4/DP1/EP1,1,70.6,0.0,141.2,35.3,528.4000000000001,132.10000000000002,81920.0,1612548,1612548,1612548,1612.5488281250002,True,capacity_opt,Llama-3.3-70B,70.6,,,,70.6,0.0,141.2,80,gqa,8.0,128.0,,,327680,327.68,Meta Llama 3.3 70B public Hugging Face config/model card
B200x4,B200,4,186,744,669.6,NVIDIA B200 186GB public product specifications,1,4,1,TP1/DP4/EP1,1,70.6,0.0,564.8,141.2,104.80000000000007,26.200000000000017,327680.0,319824,79956,79956,319.82421875000017,True,dp_max,Llama-3.3-70B,70.6,,,,70.6,0.0,141.2,80,gqa,8.0,128.0,,,327680,327.68,Meta Llama 3.3 70B public Hugging Face config/model card
B200x4,B200,4,186,744,669.6,NVIDIA B200 186GB public product specifications,4,1,4,TP4/DP1/EP4,1,7.996440576,227.096395776,470.185672704,117.546418176,199.414327296,49.853581824,48128.0,1035854,1035854,1035854,1035.854010638298,True,capacity_opt,Qwen3-235B-A22B,235.092836352,22.0,128.0,8.0,7.996440576,227.096395776,470.185672704,94,gqa,4.0,128.0,,,192512,192.512,Qwen3-235B-A22B public Hugging Face config/model card
B200x4,B200,4,186,744,669.6,NVIDIA B200 186GB public product specifications,1,4,4,TP1/DP4/EP4,1,7.996440576,227.096395776,518.16431616,129.54107904,151.43568384000002,37.858920960000006,192512.0,786629,196657,196657,786.629840425532,True,dp_max,Qwen3-235B-A22B,235.092836352,22.0,128.0,8.0,7.996440576,227.096395776,470.185672704,94,gqa,4.0,128.0,,,192512,192.512,Qwen3-235B-A22B public Hugging Face config/model card
B200x4,B200,4,186,744,669.6,NVIDIA B200 186GB public product specifications,1,4,4,TP1/DP4/EP4,1,7.7116288,347.2883712,756.2697727999999,189.06744319999999,0.0,0.0,376832.0,0,0,0,0.0,False,capacity_opt,GLM-4.5-355B-A32B,355.0,32.0,128.0,8.0,7.7116288,347.2883712,710.0,92,gqa,8.0,128.0,,,376832,376.832,Z.ai GLM-4.5 public Hugging Face config/model card
B200x4,B200,4,186,744,669.6,NVIDIA B200 186GB public product specifications,1,4,4,TP1/DP4/EP4,1,7.7116288,347.2883712,756.2697727999999,189.06744319999999,0.0,0.0,376832.0,0,0,0,0.0,False,dp_max,GLM-4.5-355B-A32B,355.0,32.0,128.0,8.0,7.7116288,347.2883712,710.0,92,gqa,8.0,128.0,,,376832,376.832,Z.ai GLM-4.5 public Hugging Face config/model card
B200x4,B200,4,186,744,669.6,NVIDIA B200 186GB public product specifications,1,4,1,TP1/DP4/EP1,1,405.0,0.0,3240.0,810.0,0.0,0.0,516096.0,0,0,0,0.0,False,capacity_opt,Llama-3.1-405B,405.0,,,,405.0,0.0,810.0,126,gqa,8.0,128.0,,,516096,516.096,Meta Llama 3.1 405B public Hugging Face config/model card
B200x4,B200,4,186,744,669.6,NVIDIA B200 186GB public product specifications,1,4,1,TP1/DP4/EP1,1,405.0,0.0,3240.0,810.0,0.0,0.0,516096.0,0,0,0,0.0,False,dp_max,Llama-3.1-405B,405.0,,,,405.0,0.0,810.0,126,gqa,8.0,128.0,,,516096,516.096,Meta Llama 3.1 405B public Hugging Face config/model card
B200x4,B200,4,186,744,669.6,NVIDIA B200 186GB public product specifications,1,4,4,TP1/DP4/EP4,1,12.06976512,468.0843264,1032.72677376,258.18169344,0.0,0.0,253952.0,0,0,0,0.0,False,capacity_opt,Qwen3-Coder-480B-A35B,480.15409152,35.0,160.0,8.0,12.06976512,468.0843264,960.30818304,62,gqa,8.0,128.0,,,253952,253.952,Qwen3-Coder-480B-A35B public Hugging Face config/model card
B200x4,B200,4,186,744,669.6,NVIDIA B200 186GB public product specifications,1,4,4,TP1/DP4/EP4,1,12.06976512,468.0843264,1032.72677376,258.18169344,0.0,0.0,253952.0,0,0,0,0.0,False,dp_max,Qwen3-Coder-480B-A35B,480.15409152,35.0,160.0,8.0,12.06976512,468.0843264,960.30818304,62,gqa,8.0,128.0,,,253952,253.952,Qwen3-Coder-480B-A35B public Hugging Face config/model card
B200x4,B200,4,186,744,669.6,NVIDIA B200 186GB public product specifications,1,4,4,TP1/DP4/EP4,1,17.116751872,653.908770816,1444.751556608,361.187889152,0.0,0.0,70272.0,0,0,0,0.0,False,capacity_opt,DeepSeek-V3/R1-671B,671.025522688,37.0,256.0,8.0,17.116751872,653.908770816,1342.051045376,61,mla,,,512.0,64.0,70272,70.272,"DeepSeek-V3/R1 public config, optimized MLA KV cache layout"
B200x4,B200,4,186,744,669.6,NVIDIA B200 186GB public product specifications,1,4,4,TP1/DP4/EP4,1,17.116751872,653.908770816,1444.751556608,361.187889152,0.0,0.0,70272.0,0,0,0,0.0,False,dp_max,DeepSeek-V3/R1-671B,671.025522688,37.0,256.0,8.0,17.116751872,653.908770816,1342.051045376,61,mla,,,512.0,64.0,70272,70.272,"DeepSeek-V3/R1 public config, optimized MLA KV cache layout"
B200x4,B200,4,186,744,669.6,NVIDIA B200 186GB public product specifications,1,4,4,TP1/DP4/EP4,1,11.721304064,1014.68602368,2123.142479872,530.785619968,0.0,0.0,70272.0,0,0,0,0.0,False,capacity_opt,Kimi-K2-1T-A32B,1026.407327744,32.0,384.0,8.0,11.721304064,1014.68602368,2052.814655488,61,mla,,,512.0,64.0,70272,70.272,"Moonshot Kimi-K2 public config/model card, optimized MLA KV cache layout"
B200x4,B200,4,186,744,669.6,NVIDIA B200 186GB public product specifications,1,4,4,TP1/DP4/EP4,1,11.721304064,1014.68602368,2123.142479872,530.785619968,0.0,0.0,70272.0,0,0,0,0.0,False,dp_max,Kimi-K2-1T-A32B,1026.407327744,32.0,384.0,8.0,11.721304064,1014.68602368,2052.814655488,61,mla,,,512.0,64.0,70272,70.272,"Moonshot Kimi-K2 public config/model card, optimized MLA KV cache layout"
B200x4,B200,4,186,744,669.6,NVIDIA B200 186GB public product specifications,4,1,4,TP4/DP1/EP4,1,6.974609408,277.025390592,568.0,142.0,101.60000000000002,25.400000000000006,11008.0,2307412,2307412,2307412,2307.4127906976746,True,capacity_opt,DeepSeek-V4-Flash-284B,284.0,35.0,128.0,8.0,6.974609408,277.025390592,568.0,43,shared_kv,1.0,512.0,,,44032,44.032,"DeepSeek-V4-Flash public config/model card, shared KV cache layout"
B200x4,B200,4,186,744,669.6,NVIDIA B200 186GB public product specifications,1,4,4,TP1/DP4/EP4,1,6.974609408,277.025390592,609.8476564480001,152.46191411200002,59.75234355199996,14.93808588799999,44032.0,1357020,339255,339255,1357.0208837209293,True,dp_max,DeepSeek-V4-Flash-284B,284.0,35.0,128.0,8.0,6.974609408,277.025390592,568.0,43,shared_kv,1.0,512.0,,,44032,44.032,"DeepSeek-V4-Flash public config/model card, shared KV cache layout"
B200x4,B200,4,186,744,669.6,NVIDIA B200 186GB public product specifications,1,4,4,TP1/DP4/EP4,1,52.603813888,1547.396186112,3515.6228833279997,878.9057208319999,0.0,0.0,44032.0,0,0,0,0.0,False,capacity_opt,DeepSeek-V4-Pro-1.6T,1600.0,64.0,512.0,8.0,52.603813888,1547.396186112,3200.0,43,shared_kv,1.0,512.0,,,44032,44.032,"DeepSeek-V4-Pro public config/model card, shared KV cache layout"
B200x4,B200,4,186,744,669.6,NVIDIA B200 186GB public product specifications,1,4,4,TP1/DP4/EP4,1,52.603813888,1547.396186112,3515.6228833279997,878.9057208319999,0.0,0.0,44032.0,0,0,0,0.0,False,dp_max,DeepSeek-V4-Pro-1.6T,1600.0,64.0,512.0,8.0,52.603813888,1547.396186112,3200.0,43,shared_kv,1.0,512.0,,,44032,44.032,"DeepSeek-V4-Pro public config/model card, shared KV cache layout"
B200x8,B200,8,186,1488,1339.2,NVIDIA B200 186GB public product specifications,8,1,8,TP8/DP1/EP8,1,1.540882432,28.991029248,61.06382336,7.63297792,1278.13617664,159.76702208,12288.0,13001873,13001873,13001873,13001.873541666666,True,capacity_opt,Qwen3-30B-A3B,30.53191168,3.3,128.0,8.0,1.540882432,28.991029248,61.06382336,48,gqa,4.0,128.0,,,98304,98.304,Qwen3-30B-A3B public Hugging Face config/model card
B200x8,B200,8,186,1488,1339.2,NVIDIA B200 186GB public product specifications,1,8,8,TP1/DP8/EP8,1,1.540882432,28.991029248,82.63617740800001,10.329522176000001,1256.563822592,157.070477824,98304.0,12782428,1597803,1597803,12782.428208333335,True,dp_max,Qwen3-30B-A3B,30.53191168,3.3,128.0,8.0,1.540882432,28.991029248,61.06382336,48,gqa,4.0,128.0,,,98304,98.304,Qwen3-30B-A3B public Hugging Face config/model card
B200x8,B200,8,186,1488,1339.2,NVIDIA B200 186GB public product specifications,8,1,1,TP8/DP1/EP1,1,32.8,0.0,65.6,8.2,1273.6000000000001,159.20000000000002,20480.0,7773437,7773437,7773437,7773.437500000002,True,capacity_opt,Qwen3-32B,32.8,,,,32.8,0.0,65.6,64,gqa,8.0,80.0,,,163840,163.84,Qwen3-32B public Hugging Face config/model card
B200x8,B200,8,186,1488,1339.2,NVIDIA B200 186GB public product specifications,1,8,1,TP1/DP8/EP1,1,32.8,0.0,524.8,65.6,814.4000000000001,101.80000000000001,163840.0,4970703,621337,621337,4970.703125000001,True,dp_max,Qwen3-32B,32.8,,,,32.8,0.0,65.6,64,gqa,8.0,80.0,,,163840,163.84,Qwen3-32B public Hugging Face config/model card
B200x8,B200,8,186,1488,1339.2,NVIDIA B200 186GB public product specifications,8,1,1,TP8/DP1/EP1,1,70.6,0.0,141.2,17.65,1198.0,149.75,40960.0,3656005,3656005,3656005,3656.005859375,True,capacity_opt,Llama-3.3-70B,70.6,,,,70.6,0.0,141.2,80,gqa,8.0,128.0,,,327680,327.68,Meta Llama 3.3 70B public Hugging Face config/model card
B200x8,B200,8,186,1488,1339.2,NVIDIA B200 186GB public product specifications,1,8,1,TP1/DP8/EP1,1,70.6,0.0,1129.6,141.2,209.60000000000014,26.200000000000017,327680.0,639648,79956,79956,639.6484375000003,True,dp_max,Llama-3.3-70B,70.6,,,,70.6,0.0,141.2,80,gqa,8.0,128.0,,,327680,327.68,Meta Llama 3.3 70B public Hugging Face config/model card
B200x8,B200,8,186,1488,1339.2,NVIDIA B200 186GB public product specifications,8,1,8,TP8/DP1/EP8,1,7.996440576,227.096395776,470.185672704,58.773209088,869.014327296,108.626790912,24064.0,4514078,4514078,4514078,4514.078744680851,True,capacity_opt,Qwen3-235B-A22B,235.092836352,22.0,128.0,8.0,7.996440576,227.096395776,470.185672704,94,gqa,4.0,128.0,,,192512,192.512,Qwen3-235B-A22B public Hugging Face config/model card
B200x8,B200,8,186,1488,1339.2,NVIDIA B200 186GB public product specifications,1,8,8,TP1/DP8/EP8,1,7.996440576,227.096395776,582.135840768,72.766980096,757.0641592320001,94.63301990400001,192512.0,3932555,491569,491569,3932.5556808510646,True,dp_max,Qwen3-235B-A22B,235.092836352,22.0,128.0,8.0,7.996440576,227.096395776,470.185672704,94,gqa,4.0,128.0,,,192512,192.512,Qwen3-235B-A22B public Hugging Face config/model card
B200x8,B200,8,186,1488,1339.2,NVIDIA B200 186GB public product specifications,8,1,8,TP8/DP1/EP8,1,7.7116288,347.2883712,710.0,88.75,629.2,78.65,47104.0,1669709,1669709,1669709,1669.709578804348,True,capacity_opt,GLM-4.5-355B-A32B,355.0,32.0,128.0,8.0,7.7116288,347.2883712,710.0,92,gqa,8.0,128.0,,,376832,376.832,Z.ai GLM-4.5 public Hugging Face config/model card
B200x8,B200,8,186,1488,1339.2,NVIDIA B200 186GB public product specifications,1,8,8,TP1/DP8/EP8,1,7.7116288,347.2883712,817.9628031999999,102.24535039999999,521.2371968000001,65.15464960000001,376832.0,1383208,172901,172901,1383.2084239130436,True,dp_max,GLM-4.5-355B-A32B,355.0,32.0,128.0,8.0,7.7116288,347.2883712,710.0,92,gqa,8.0,128.0,,,376832,376.832,Z.ai GLM-4.5 public Hugging Face config/model card
B200x8,B200,8,186,1488,1339.2,NVIDIA B200 186GB public product specifications,8,1,1,TP8/DP1/EP1,1,405.0,0.0,810.0,101.25,529.2,66.15,64512.0,1025390,1025390,1025390,1025.3906250000002,True,capacity_opt,Llama-3.1-405B,405.0,,,,405.0,0.0,810.0,126,gqa,8.0,128.0,,,516096,516.096,Meta Llama 3.1 405B public Hugging Face config/model card
B200x8,B200,8,186,1488,1339.2,NVIDIA B200 186GB public product specifications,8,1,1,TP8/DP1/EP1,1,405.0,0.0,810.0,101.25,529.2,66.15,64512.0,1025390,1025390,1025390,1025.3906250000002,True,dp_max,Llama-3.1-405B,405.0,,,,405.0,0.0,810.0,126,gqa,8.0,128.0,,,516096,516.096,Meta Llama 3.1 405B public Hugging Face config/model card
B200x8,B200,8,186,1488,1339.2,NVIDIA B200 186GB public product specifications,8,1,8,TP8/DP1/EP8,1,12.06976512,468.0843264,960.30818304,120.03852288,378.89181696,47.36147712,31744.0,1491982,1491982,1491982,1491.9820161290322,True,capacity_opt,Qwen3-Coder-480B-A35B,480.15409152,35.0,160.0,8.0,12.06976512,468.0843264,960.30818304,62,gqa,8.0,128.0,,,253952,253.952,Qwen3-Coder-480B-A35B public Hugging Face config/model card
B200x8,B200,8,186,1488,1339.2,NVIDIA B200 186GB public product specifications,1,8,8,TP1/DP8/EP8,1,12.06976512,468.0843264,1129.28489472,141.16061184,209.91510528000003,26.239388160000004,253952.0,826593,103324,103324,826.5936290322581,True,dp_max,Qwen3-Coder-480B-A35B,480.15409152,35.0,160.0,8.0,12.06976512,468.0843264,960.30818304,62,gqa,8.0,128.0,,,253952,253.952,Qwen3-Coder-480B-A35B public Hugging Face config/model card
B200x8,B200,8,186,1488,1339.2,NVIDIA B200 186GB public product specifications,1,8,8,TP1/DP8/EP8,1,17.116751872,653.908770816,1581.685571584,197.710696448,0.0,0.0,70272.0,0,0,0,0.0,False,capacity_opt,DeepSeek-V3/R1-671B,671.025522688,37.0,256.0,8.0,17.116751872,653.908770816,1342.051045376,61,mla,,,512.0,64.0,70272,70.272,"DeepSeek-V3/R1 public config, optimized MLA KV cache layout"
B200x8,B200,8,186,1488,1339.2,NVIDIA B200 186GB public product specifications,1,8,8,TP1/DP8/EP8,1,17.116751872,653.908770816,1581.685571584,197.710696448,0.0,0.0,70272.0,0,0,0,0.0,False,dp_max,DeepSeek-V3/R1-671B,671.025522688,37.0,256.0,8.0,17.116751872,653.908770816,1342.051045376,61,mla,,,512.0,64.0,70272,70.272,"DeepSeek-V3/R1 public config, optimized MLA KV cache layout"
B200x8,B200,8,186,1488,1339.2,NVIDIA B200 186GB public product specifications,1,8,8,TP1/DP8/EP8,1,11.721304064,1014.68602368,2216.912912384,277.114114048,0.0,0.0,70272.0,0,0,0,0.0,False,capacity_opt,Kimi-K2-1T-A32B,1026.407327744,32.0,384.0,8.0,11.721304064,1014.68602368,2052.814655488,61,mla,,,512.0,64.0,70272,70.272,"Moonshot Kimi-K2 public config/model card, optimized MLA KV cache layout"
B200x8,B200,8,186,1488,1339.2,NVIDIA B200 186GB public product specifications,1,8,8,TP1/DP8/EP8,1,11.721304064,1014.68602368,2216.912912384,277.114114048,0.0,0.0,70272.0,0,0,0,0.0,False,dp_max,Kimi-K2-1T-A32B,1026.407327744,32.0,384.0,8.0,11.721304064,1014.68602368,2052.814655488,61,mla,,,512.0,64.0,70272,70.272,"Moonshot Kimi-K2 public config/model card, optimized MLA KV cache layout"
B200x8,B200,8,186,1488,1339.2,NVIDIA B200 186GB public product specifications,8,1,8,TP8/DP1/EP8,1,6.974609408,277.025390592,568.0,71.0,771.2,96.4,5504.0,17514534,17514534,17514534,17514.53488372093,True,capacity_opt,DeepSeek-V4-Flash-284B,284.0,35.0,128.0,8.0,6.974609408,277.025390592,568.0,43,shared_kv,1.0,512.0,,,44032,44.032,"DeepSeek-V4-Flash public config/model card, shared KV cache layout"
B200x8,B200,8,186,1488,1339.2,NVIDIA B200 186GB public product specifications,1,8,8,TP1/DP8/EP8,1,6.974609408,277.025390592,665.644531712,83.205566464,673.555468288,84.194433536,44032.0,15296953,1912119,1912119,15296.95376744186,True,dp_max,DeepSeek-V4-Flash-284B,284.0,35.0,128.0,8.0,6.974609408,277.025390592,568.0,43,shared_kv,1.0,512.0,,,44032,44.032,"DeepSeek-V4-Flash public config/model card, shared KV cache layout"
B200x8,B200,8,186,1488,1339.2,NVIDIA B200 186GB public product specifications,1,8,8,TP1/DP8/EP8,1,52.603813888,1547.396186112,3936.4533944319996,492.05667430399996,0.0,0.0,44032.0,0,0,0,0.0,False,capacity_opt,DeepSeek-V4-Pro-1.6T,1600.0,64.0,512.0,8.0,52.603813888,1547.396186112,3200.0,43,shared_kv,1.0,512.0,,,44032,44.032,"DeepSeek-V4-Pro public config/model card, shared KV cache layout"
B200x8,B200,8,186,1488,1339.2,NVIDIA B200 186GB public product specifications,1,8,8,TP1/DP8/EP8,1,52.603813888,1547.396186112,3936.4533944319996,492.05667430399996,0.0,0.0,44032.0,0,0,0,0.0,False,dp_max,DeepSeek-V4-Pro-1.6T,1600.0,64.0,512.0,8.0,52.603813888,1547.396186112,3200.0,43,shared_kv,1.0,512.0,,,44032,44.032,"DeepSeek-V4-Pro public config/model card, shared KV cache layout"
B200x16,B200,16,186,2976,2678.4,NVIDIA B200 186GB public product specifications,16,1,16,TP16/DP1/EP16,1,1.540882432,28.991029248,61.06382336,3.81648896,2617.3361766400003,163.58351104000002,6144.0,26624920,26624920,26624920,26624.92041666667,True,capacity_opt,Qwen3-30B-A3B,30.53191168,3.3,128.0,8.0,1.540882432,28.991029248,61.06382336,48,gqa,4.0,128.0,,,98304,98.304,Qwen3-30B-A3B public Hugging Face config/model card
B200x16,B200,16,186,2976,2678.4,NVIDIA B200 186GB public product specifications,1,16,16,TP1/DP16/EP16,1,1.540882432,28.991029248,107.29029632000001,6.705643520000001,2571.10970368,160.69435648,98304.0,26154680,1634667,1634667,26154.680416666666,True,dp_max,Qwen3-30B-A3B,30.53191168,3.3,128.0,8.0,1.540882432,28.991029248,61.06382336,48,gqa,4.0,128.0,,,98304,98.304,Qwen3-30B-A3B public Hugging Face config/model card
B200x16,B200,16,186,2976,2678.4,NVIDIA B200 186GB public product specifications,16,1,1,TP16/DP1/EP1,1,32.8,0.0,65.6,4.1,2612.8,163.3,10240.0,15947265,15947265,15947265,15947.265625,True,capacity_opt,Qwen3-32B,32.8,,,,32.8,0.0,65.6,64,gqa,8.0,80.0,,,163840,163.84,Qwen3-32B public Hugging Face config/model card
B200x16,B200,16,186,2976,2678.4,NVIDIA B200 186GB public product specifications,1,16,1,TP1/DP16/EP1,1,32.8,0.0,1049.6,65.6,1628.8000000000002,101.80000000000001,163840.0,9941406,621337,621337,9941.406250000002,True,dp_max,Qwen3-32B,32.8,,,,32.8,0.0,65.6,64,gqa,8.0,80.0,,,163840,163.84,Qwen3-32B public Hugging Face config/model card
B200x16,B200,16,186,2976,2678.4,NVIDIA B200 186GB public product specifications,16,1,1,TP16/DP1/EP1,1,70.6,0.0,141.2,8.825,2537.2000000000003,158.57500000000002,20480.0,7742919,7742919,7742919,7742.919921875002,True,capacity_opt,Llama-3.3-70B,70.6,,,,70.6,0.0,141.2,80,gqa,8.0,128.0,,,327680,327.68,Meta Llama 3.3 70B public Hugging Face config/model card
B200x16,B200,16,186,2976,2678.4,NVIDIA B200 186GB public product specifications,1,16,1,TP1/DP16/EP1,1,70.6,0.0,2259.2,141.2,419.2000000000003,26.200000000000017,327680.0,1279296,79956,79956,1279.2968750000007,True,dp_max,Llama-3.3-70B,70.6,,,,70.6,0.0,141.2,80,gqa,8.0,128.0,,,327680,327.68,Meta Llama 3.3 70B public Hugging Face config/model card
B200x16,B200,16,186,2976,2678.4,NVIDIA B200 186GB public product specifications,16,1,16,TP16/DP1/EP16,1,7.996440576,227.096395776,470.185672704,29.386604544,2208.214327296,138.013395456,12032.0,11470528,11470528,11470528,11470.528212765958,True,capacity_opt,Qwen3-235B-A22B,235.092836352,22.0,128.0,8.0,7.996440576,227.096395776,470.185672704,94,gqa,4.0,128.0,,,192512,192.512,Qwen3-235B-A22B public Hugging Face config/model card
B200x16,B200,16,186,2976,2678.4,NVIDIA B200 186GB public product specifications,1,16,16,TP1/DP16/EP16,1,7.996440576,227.096395776,710.078889984,44.379930624,1968.3211100160001,123.02006937600001,192512.0,10224407,639025,639025,10224.40736170213,True,dp_max,Qwen3-235B-A22B,235.092836352,22.0,128.0,8.0,7.996440576,227.096395776,470.185672704,94,gqa,4.0,128.0,,,192512,192.512,Qwen3-235B-A22B public Hugging Face config/model card
B200x16,B200,16,186,2976,2678.4,NVIDIA B200 186GB public product specifications,16,1,16,TP16/DP1/EP16,1,7.7116288,347.2883712,710.0,44.375,1968.4,123.025,23552.0,5223547,5223547,5223547,5223.547894021739,True,capacity_opt,GLM-4.5-355B-A32B,355.0,32.0,128.0,8.0,7.7116288,347.2883712,710.0,92,gqa,8.0,128.0,,,376832,376.832,Z.ai GLM-4.5 public Hugging Face config/model card
B200x16,B200,16,186,2976,2678.4,NVIDIA B200 186GB public product specifications,1,16,16,TP1/DP16/EP16,1,7.7116288,347.2883712,941.3488639999999,58.834303999999996,1737.051136,108.565696,376832.0,4609616,288101,288101,4609.616847826087,True,dp_max,GLM-4.5-355B-A32B,355.0,32.0,128.0,8.0,7.7116288,347.2883712,710.0,92,gqa,8.0,128.0,,,376832,376.832,Z.ai GLM-4.5 public Hugging Face config/model card
B200x16,B200,16,186,2976,2678.4,NVIDIA B200 186GB public product specifications,16,1,1,TP16/DP1/EP1,1,405.0,0.0,810.0,50.625,1868.4,116.775,32256.0,3620256,3620256,3620256,3620.2566964285716,True,capacity_opt,Llama-3.1-405B,405.0,,,,405.0,0.0,810.0,126,gqa,8.0,128.0,,,516096,516.096,Meta Llama 3.1 405B public Hugging Face config/model card
B200x16,B200,16,186,2976,2678.4,NVIDIA B200 186GB public product specifications,8,2,1,TP8/DP2/EP1,1,405.0,0.0,1620.0,101.25,1058.4,66.15,64512.0,2050781,1025390,1025390,2050.7812500000005,True,dp_max,Llama-3.1-405B,405.0,,,,405.0,0.0,810.0,126,gqa,8.0,128.0,,,516096,516.096,Meta Llama 3.1 405B public Hugging Face config/model card
B200x16,B200,16,186,2976,2678.4,NVIDIA B200 186GB public product specifications,16,1,16,TP16/DP1/EP16,1,12.06976512,468.0843264,960.30818304,60.01926144,1718.09181696,107.38073856,15872.0,6765419,6765419,6765419,6765.419516129033,True,capacity_opt,Qwen3-Coder-480B-A35B,480.15409152,35.0,160.0,8.0,12.06976512,468.0843264,960.30818304,62,gqa,8.0,128.0,,,253952,253.952,Qwen3-Coder-480B-A35B public Hugging Face config/model card
B200x16,B200,16,186,2976,2678.4,NVIDIA B200 186GB public product specifications,1,16,16,TP1/DP16/EP16,1,12.06976512,468.0843264,1322.40113664,82.65007104,1355.99886336,84.74992896,253952.0,5339587,333724,333724,5339.5872580645155,True,dp_max,Qwen3-Coder-480B-A35B,480.15409152,35.0,160.0,8.0,12.06976512,468.0843264,960.30818304,62,gqa,8.0,128.0,,,253952,253.952,Qwen3-Coder-480B-A35B public Hugging Face config/model card
B200x16,B200,16,186,2976,2678.4,NVIDIA B200 186GB public product specifications,16,1,16,TP16/DP1/EP16,1,17.116751872,653.908770816,1342.051045376,83.878190336,1336.348954624,83.521809664,4392.0,19016805,19016805,19016805,19016.805479052822,True,capacity_opt,DeepSeek-V3/R1-671B,671.025522688,37.0,256.0,8.0,17.116751872,653.908770816,1342.051045376,61,mla,,,512.0,64.0,70272,70.272,"DeepSeek-V3/R1 public config, optimized MLA KV cache layout"
B200x16,B200,16,186,2976,2678.4,NVIDIA B200 186GB public product specifications,1,16,16,TP1/DP16/EP16,1,17.116751872,653.908770816,1855.5536015359999,115.97210009599999,822.8463984640002,51.427899904000014,70272.0,11709448,731840,731840,11709.448976320587,True,dp_max,DeepSeek-V3/R1-671B,671.025522688,37.0,256.0,8.0,17.116751872,653.908770816,1342.051045376,61,mla,,,512.0,64.0,70272,70.272,"DeepSeek-V3/R1 public config, optimized MLA KV cache layout"
B200x16,B200,16,186,2976,2678.4,NVIDIA B200 186GB public product specifications,16,1,16,TP16/DP1/EP16,1,11.721304064,1014.68602368,2052.814655488,128.300915968,625.5853445120001,39.09908403200001,4392.0,8902341,8902341,8902341,8902.34153734062,True,capacity_opt,Kimi-K2-1T-A32B,1026.407327744,32.0,384.0,8.0,11.721304064,1014.68602368,2052.814655488,61,mla,,,512.0,64.0,70272,70.272,"Moonshot Kimi-K2 public config/model card, optimized MLA KV cache layout"
B200x16,B200,16,186,2976,2678.4,NVIDIA B200 186GB public product specifications,1,16,16,TP1/DP16/EP16,1,11.721304064,1014.68602368,2404.453777408,150.278361088,273.94622259200014,17.12163891200001,70272.0,3898369,243648,243648,3898.3695154826983,True,dp_max,Kimi-K2-1T-A32B,1026.407327744,32.0,384.0,8.0,11.721304064,1014.68602368,2052.814655488,61,mla,,,512.0,64.0,70272,70.272,"Moonshot Kimi-K2 public config/model card, optimized MLA KV cache layout"
B200x16,B200,16,186,2976,2678.4,NVIDIA B200 186GB public product specifications,16,1,16,TP16/DP1/EP16,1,6.974609408,277.025390592,568.0,35.5,2110.4,131.9,2752.0,47928779,47928779,47928779,47928.77906976744,True,capacity_opt,DeepSeek-V4-Flash-284B,284.0,35.0,128.0,8.0,6.974609408,277.025390592,568.0,43,shared_kv,1.0,512.0,,,44032,44.032,"DeepSeek-V4-Flash public config/model card, shared KV cache layout"
B200x16,B200,16,186,2976,2678.4,NVIDIA B200 186GB public product specifications,1,16,16,TP1/DP16/EP16,1,6.974609408,277.025390592,777.23828224,48.57739264,1901.16171776,118.82260736,44032.0,43176819,2698551,2698551,43176.819534883725,True,dp_max,DeepSeek-V4-Flash-284B,284.0,35.0,128.0,8.0,6.974609408,277.025390592,568.0,43,shared_kv,1.0,512.0,,,44032,44.032,"DeepSeek-V4-Flash public config/model card, shared KV cache layout"
B200x16,B200,16,186,2976,2678.4,NVIDIA B200 186GB public product specifications,1,16,16,TP1/DP16/EP16,1,52.603813888,1547.396186112,4778.11441664,298.63215104,0.0,0.0,44032.0,0,0,0,0.0,False,capacity_opt,DeepSeek-V4-Pro-1.6T,1600.0,64.0,512.0,8.0,52.603813888,1547.396186112,3200.0,43,shared_kv,1.0,512.0,,,44032,44.032,"DeepSeek-V4-Pro public config/model card, shared KV cache layout"
B200x16,B200,16,186,2976,2678.4,NVIDIA B200 186GB public product specifications,1,16,16,TP1/DP16/EP16,1,52.603813888,1547.396186112,4778.11441664,298.63215104,0.0,0.0,44032.0,0,0,0,0.0,False,dp_max,DeepSeek-V4-Pro-1.6T,1600.0,64.0,512.0,8.0,52.603813888,1547.396186112,3200.0,43,shared_kv,1.0,512.0,,,44032,44.032,"DeepSeek-V4-Pro public config/model card, shared KV cache layout"
B200x36,B200,36,186,6696,6026.400000000001,NVIDIA B200 186GB public product specifications,36,1,36,TP36/DP1/EP36,1,1.540882432,28.991029248,61.06382336,1.6962173155555555,5965.33617664,165.70378268444446,2730.6666666666665,60682537,60682537,60682537,60682.53760416667,True,capacity_opt,Qwen3-30B-A3B,30.53191168,3.3,128.0,8.0,1.540882432,28.991029248,61.06382336,48,gqa,4.0,128.0,,,98304,98.304,Qwen3-30B-A3B public Hugging Face config/model card
B200x36,B200,36,186,6696,6026.400000000001,NVIDIA B200 186GB public product specifications,1,36,36,TP1/DP36/EP36,1,1.540882432,28.991029248,168.9255936,4.6923776,5857.474406400001,162.7076224,98304.0,59585310,1655147,1655147,59585.310937500006,True,dp_max,Qwen3-30B-A3B,30.53191168,3.3,128.0,8.0,1.540882432,28.991029248,61.06382336,48,gqa,4.0,128.0,,,98304,98.304,Qwen3-30B-A3B public Hugging Face config/model card
B200x36,B200,36,186,6696,6026.400000000001,NVIDIA B200 186GB public product specifications,36,1,1,TP36/DP1/EP1,1,32.8,0.0,65.6,1.822222222222222,5960.8,165.57777777777778,4551.111111111111,36381835,36381835,36381835,36381.8359375,True,capacity_opt,Qwen3-32B,32.8,,,,32.8,0.0,65.6,64,gqa,8.0,80.0,,,163840,163.84,Qwen3-32B public Hugging Face config/model card
B200x36,B200,36,186,6696,6026.400000000001,NVIDIA B200 186GB public product specifications,1,36,1,TP1/DP36/EP1,1,32.8,0.0,2361.6,65.6,3664.8000000000006,101.80000000000001,163840.0,22368164,621337,621337,22368.164062500004,True,dp_max,Qwen3-32B,32.8,,,,32.8,0.0,65.6,64,gqa,8.0,80.0,,,163840,163.84,Qwen3-32B public Hugging Face config/model card
B200x36,B200,36,186,6696,6026.400000000001,NVIDIA B200 186GB public product specifications,36,1,1,TP36/DP1/EP1,1,70.6,0.0,141.2,3.922222222222222,5885.200000000001,163.4777777777778,9102.222222222223,17960205,17960205,17960205,17960.205078125004,True,capacity_opt,Llama-3.3-70B,70.6,,,,70.6,0.0,141.2,80,gqa,8.0,128.0,,,327680,327.68,Meta Llama 3.3 70B public Hugging Face config/model card
B200x36,B200,36,186,6696,6026.400000000001,NVIDIA B200 186GB public product specifications,1,36,1,TP1/DP36/EP1,1,70.6,0.0,5083.2,141.2,943.2000000000007,26.200000000000017,327680.0,2878417,79956,79956,2878.4179687500023,True,dp_max,Llama-3.3-70B,70.6,,,,70.6,0.0,141.2,80,gqa,8.0,128.0,,,327680,327.68,Meta Llama 3.3 70B public Hugging Face config/model card
B200x36,B200,36,186,6696,6026.400000000001,NVIDIA B200 186GB public product specifications,36,1,36,TP36/DP1/EP36,1,7.996440576,227.096395776,470.185672704,13.060713130666668,5556.214327296,154.33928686933334,5347.555555555556,28861651,28861651,28861651,28861.651882978724,True,capacity_opt,Qwen3-235B-A22B,235.092836352,22.0,128.0,8.0,7.996440576,227.096395776,470.185672704,94,gqa,4.0,128.0,,,192512,192.512,Qwen3-235B-A22B public Hugging Face config/model card
B200x36,B200,36,186,6696,6026.400000000001,NVIDIA B200 186GB public product specifications,1,36,36,TP1/DP36/EP36,1,7.996440576,227.096395776,1029.936513024,28.609347584,4996.463486976,138.790652416,192512.0,25954036,720945,720945,25954.036563829788,True,dp_max,Qwen3-235B-A22B,235.092836352,22.0,128.0,8.0,7.996440576,227.096395776,470.185672704,94,gqa,4.0,128.0,,,192512,192.512,Qwen3-235B-A22B public Hugging Face config/model card
B200x36,B200,36,186,6696,6026.400000000001,NVIDIA B200 186GB public product specifications,36,1,36,TP36/DP1/EP36,1,7.7116288,347.2883712,710.0,19.72222222222222,5316.400000000001,147.67777777777778,10467.555555555555,14108143,14108143,14108143,14108.14368206522,True,capacity_opt,GLM-4.5-355B-A32B,355.0,32.0,128.0,8.0,7.7116288,347.2883712,710.0,92,gqa,8.0,128.0,,,376832,376.832,Z.ai GLM-4.5 public Hugging Face config/model card
B200x36,B200,36,186,6696,6026.400000000001,NVIDIA B200 186GB public product specifications,1,36,36,TP1/DP36/EP36,1,7.7116288,347.2883712,1249.8140159999998,34.717056,4776.585984000001,132.68294400000002,376832.0,12675637,352101,352101,12675.6379076087,True,dp_max,GLM-4.5-355B-A32B,355.0,32.0,128.0,8.0,7.7116288,347.2883712,710.0,92,gqa,8.0,128.0,,,376832,376.832,Z.ai GLM-4.5 public Hugging Face config/model card
B200x36,B200,36,186,6696,6026.400000000001,NVIDIA B200 186GB public product specifications,36,1,1,TP36/DP1/EP1,1,405.0,0.0,810.0,22.5,5216.400000000001,144.9,14336.0,10107421,10107421,10107421,10107.421875000002,True,capacity_opt,Llama-3.1-405B,405.0,,,,405.0,0.0,810.0,126,gqa,8.0,128.0,,,516096,516.096,Meta Llama 3.1 405B public Hugging Face config/model card
B200x36,B200,36,186,6696,6026.400000000001,NVIDIA B200 186GB public product specifications,36,1,1,TP36/DP1/EP1,1,405.0,0.0,810.0,22.5,5216.400000000001,144.9,14336.0,10107421,10107421,10107421,10107.421875000002,True,dp_max,Llama-3.1-405B,405.0,,,,405.0,0.0,810.0,126,gqa,8.0,128.0,,,516096,516.096,Meta Llama 3.1 405B public Hugging Face config/model card
B200x36,B200,36,186,6696,6026.400000000001,NVIDIA B200 186GB public product specifications,36,1,36,TP36/DP1/EP36,1,12.06976512,468.0843264,960.30818304,26.675227306666667,5066.091816960001,140.72477269333334,7054.222222222223,19949013,19949013,19949013,19949.013266129037,True,capacity_opt,Qwen3-Coder-480B-A35B,480.15409152,35.0,160.0,8.0,12.06976512,468.0843264,960.30818304,62,gqa,8.0,128.0,,,253952,253.952,Qwen3-Coder-480B-A35B public Hugging Face config/model card
B200x36,B200,36,186,6696,6026.400000000001,NVIDIA B200 186GB public product specifications,1,36,36,TP1/DP36/EP36,1,12.06976512,468.0843264,1805.19174144,50.14421504,4221.20825856,117.25578496,253952.0,16622071,461724,461724,16622.07133064516,True,dp_max,Qwen3-Coder-480B-A35B,480.15409152,35.0,160.0,8.0,12.06976512,468.0843264,960.30818304,62,gqa,8.0,128.0,,,253952,253.952,Qwen3-Coder-480B-A35B public Hugging Face config/model card
B200x36,B200,36,186,6696,6026.400000000001,NVIDIA B200 186GB public product specifications,36,1,36,TP36/DP1/EP36,1,17.116751872,653.908770816,1342.051045376,37.279195704888885,4684.348954624001,130.12080429511113,1952.0,66660248,66660248,66660248,66660.24810200365,True,capacity_opt,DeepSeek-V3/R1-671B,671.025522688,37.0,256.0,8.0,17.116751872,653.908770816,1342.051045376,61,mla,,,512.0,64.0,70272,70.272,"DeepSeek-V3/R1 public config, optimized MLA KV cache layout"
B200x36,B200,36,186,6696,6026.400000000001,NVIDIA B200 186GB public product specifications,1,36,36,TP1/DP36/EP36,1,17.116751872,653.908770816,2540.2236764159998,70.56176878933333,3486.176323584001,96.83823121066668,70272.0,49609749,1378048,1378048,49609.749595628426,True,dp_max,DeepSeek-V3/R1-671B,671.025522688,37.0,256.0,8.0,17.116751872,653.908770816,1342.051045376,61,mla,,,512.0,64.0,70272,70.272,"DeepSeek-V3/R1 public config, optimized MLA KV cache layout"
B200x36,B200,36,186,6696,6026.400000000001,NVIDIA B200 186GB public product specifications,36,1,36,TP36/DP1/EP36,1,11.721304064,1014.68602368,2052.814655488,57.02262931911111,3973.5853445120006,110.3773706808889,1952.0,56545784,56545784,56545784,56545.78416029145,True,capacity_opt,Kimi-K2-1T-A32B,1026.407327744,32.0,384.0,8.0,11.721304064,1014.68602368,2052.814655488,61,mla,,,512.0,64.0,70272,70.272,"Moonshot Kimi-K2 public config/model card, optimized MLA KV cache layout"
B200x36,B200,36,186,6696,6026.400000000001,NVIDIA B200 186GB public product specifications,1,36,36,TP1/DP36/EP36,1,11.721304064,1014.68602368,2873.3059399679996,79.814053888,3153.094060032001,87.585946112,70272.0,44869849,1246384,1246384,44869.849442622966,True,dp_max,Kimi-K2-1T-A32B,1026.407327744,32.0,384.0,8.0,11.721304064,1014.68602368,2052.814655488,61,mla,,,512.0,64.0,70272,70.272,"Moonshot Kimi-K2 public config/model card, optimized MLA KV cache layout"
B200x36,B200,36,186,6696,6026.400000000001,NVIDIA B200 186GB public product specifications,36,1,36,TP36/DP1/EP36,1,6.974609408,277.025390592,568.0,15.777777777777779,5458.400000000001,151.62222222222223,1223.111111111111,123964389,123964389,123964389,123964.38953488374,True,capacity_opt,DeepSeek-V4-Flash-284B,284.0,35.0,128.0,8.0,6.974609408,277.025390592,568.0,43,shared_kv,1.0,512.0,,,44032,44.032,"DeepSeek-V4-Flash public config/model card, shared KV cache layout"
B200x36,B200,36,186,6696,6026.400000000001,NVIDIA B200 186GB public product specifications,1,36,36,TP1/DP36/EP36,1,6.974609408,277.025390592,1056.2226585600001,29.339518293333334,4970.17734144,138.06048170666668,44032.0,112876483,3135457,3135457,112876.48395348836,True,dp_max,DeepSeek-V4-Flash-284B,284.0,35.0,128.0,8.0,6.974609408,277.025390592,568.0,43,shared_kv,1.0,512.0,,,44032,44.032,"DeepSeek-V4-Flash public config/model card, shared KV cache layout"
B200x36,B200,36,186,6696,6026.400000000001,NVIDIA B200 186GB public product specifications,36,1,36,TP36/DP1/EP36,1,52.603813888,1547.396186112,3200.0,88.88888888888889,2826.4000000000005,78.51111111111112,1223.111111111111,64189680,64189680,64189680,64189.68023255815,True,capacity_opt,DeepSeek-V4-Pro-1.6T,1600.0,64.0,512.0,8.0,52.603813888,1547.396186112,3200.0,43,shared_kv,1.0,512.0,,,44032,44.032,"DeepSeek-V4-Pro public config/model card, shared KV cache layout"
B200x36,B200,36,186,6696,6026.400000000001,NVIDIA B200 186GB public product specifications,2,18,36,TP2/DP18/EP36,1,52.603813888,1547.396186112,4988.529672191999,138.570268672,1037.870327808001,28.82973132800001,22016.0,23570819,1309489,1309489,23570.81958139537,True,dp_max,DeepSeek-V4-Pro-1.6T,1600.0,64.0,512.0,8.0,52.603813888,1547.396186112,3200.0,43,shared_kv,1.0,512.0,,,44032,44.032,"DeepSeek-V4-Pro public config/model card, shared KV cache layout"
B200x72,B200,72,186,13392,12052.800000000001,NVIDIA B200 186GB public product specifications,72,1,72,TP72/DP1/EP72,1,1.540882432,28.991029248,61.06382336,0.8481086577777778,11991.73617664,166.55189134222223,1365.3333333333333,121986248,121986248,121986248,121986.24854166668,True,capacity_opt,Qwen3-30B-A3B,30.53191168,3.3,128.0,8.0,1.540882432,28.991029248,61.06382336,48,gqa,4.0,128.0,,,98304,98.304,Qwen3-30B-A3B public Hugging Face config/model card
B200x72,B200,72,186,13392,12052.800000000001,NVIDIA B200 186GB public product specifications,1,72,72,TP1/DP72/EP72,1,1.540882432,28.991029248,279.869128704,3.8870712320000003,11772.930871296001,163.512928768,98304.0,119760445,1663339,1663339,119760.44587500002,True,dp_max,Qwen3-30B-A3B,30.53191168,3.3,128.0,8.0,1.540882432,28.991029248,61.06382336,48,gqa,4.0,128.0,,,98304,98.304,Qwen3-30B-A3B public Hugging Face config/model card
B200x72,B200,72,186,13392,12052.800000000001,NVIDIA B200 186GB public product specifications,72,1,1,TP72/DP1/EP1,1,32.8,0.0,65.6,0.911111111111111,11987.2,166.4888888888889,2275.5555555555557,73164062,73164062,73164062,73164.0625,True,capacity_opt,Qwen3-32B,32.8,,,,32.8,0.0,65.6,64,gqa,8.0,80.0,,,163840,163.84,Qwen3-32B public Hugging Face config/model card
B200x72,B200,72,186,13392,12052.800000000001,NVIDIA B200 186GB public product specifications,1,72,1,TP1/DP72/EP1,1,32.8,0.0,4723.2,65.6,7329.600000000001,101.80000000000001,163840.0,44736328,621337,621337,44736.32812500001,True,dp_max,Qwen3-32B,32.8,,,,32.8,0.0,65.6,64,gqa,8.0,80.0,,,163840,163.84,Qwen3-32B public Hugging Face config/model card
B200x72,B200,72,186,13392,12052.800000000001,NVIDIA B200 186GB public product specifications,72,1,1,TP72/DP1/EP1,1,70.6,0.0,141.2,1.961111111111111,11911.6,165.4388888888889,4551.111111111111,36351318,36351318,36351318,36351.318359375,True,capacity_opt,Llama-3.3-70B,70.6,,,,70.6,0.0,141.2,80,gqa,8.0,128.0,,,327680,327.68,Meta Llama 3.3 70B public Hugging Face config/model card
B200x72,B200,72,186,13392,12052.800000000001,NVIDIA B200 186GB public product specifications,1,72,1,TP1/DP72/EP1,1,70.6,0.0,10166.4,141.2,1886.4000000000015,26.200000000000017,327680.0,5756835,79956,79956,5756.835937500005,True,dp_max,Llama-3.3-70B,70.6,,,,70.6,0.0,141.2,80,gqa,8.0,128.0,,,327680,327.68,Meta Llama 3.3 70B public Hugging Face config/model card
B200x72,B200,72,186,13392,12052.800000000001,NVIDIA B200 186GB public product specifications,72,1,72,TP72/DP1/EP72,1,7.996440576,227.096395776,470.185672704,6.530356565333334,11582.614327296002,160.86964343466667,2673.777777777778,60165674,60165674,60165674,60165.674489361714,True,capacity_opt,Qwen3-235B-A22B,235.092836352,22.0,128.0,8.0,7.996440576,227.096395776,470.185672704,94,gqa,4.0,128.0,,,192512,192.512,Qwen3-235B-A22B public Hugging Face config/model card
B200x72,B200,72,186,13392,12052.800000000001,NVIDIA B200 186GB public product specifications,1,72,72,TP1/DP72/EP72,1,7.996440576,227.096395776,1605.6802344960001,22.301114368,10447.119765504001,145.09888563200002,192512.0,54267369,753713,753713,54267.36912765958,True,dp_max,Qwen3-235B-A22B,235.092836352,22.0,128.0,8.0,7.996440576,227.096395776,470.185672704,94,gqa,4.0,128.0,,,192512,192.512,Qwen3-235B-A22B public Hugging Face config/model card
B200x72,B200,72,186,13392,12052.800000000001,NVIDIA B200 186GB public product specifications,72,1,72,TP72/DP1/EP72,1,7.7116288,347.2883712,710.0,9.86111111111111,11342.800000000001,157.5388888888889,5233.777777777777,30100416,30100416,30100416,30100.416100543483,True,capacity_opt,GLM-4.5-355B-A32B,355.0,32.0,128.0,8.0,7.7116288,347.2883712,710.0,92,gqa,8.0,128.0,,,376832,376.832,Z.ai GLM-4.5 public Hugging Face config/model card
B200x72,B200,72,186,13392,12052.800000000001,NVIDIA B200 186GB public product specifications,1,72,72,TP1/DP72/EP72,1,7.7116288,347.2883712,1805.0512896,25.0701568,10247.748710400001,142.3298432,376832.0,27194475,377701,377701,27194.475815217396,True,dp_max,GLM-4.5-355B-A32B,355.0,32.0,128.0,8.0,7.7116288,347.2883712,710.0,92,gqa,8.0,128.0,,,376832,376.832,Z.ai GLM-4.5 public Hugging Face config/model card
B200x72,B200,72,186,13392,12052.800000000001,NVIDIA B200 186GB public product specifications,72,1,1,TP72/DP1/EP1,1,405.0,0.0,810.0,11.25,11242.800000000001,156.15,7168.0,21784319,21784319,21784319,21784.319196428576,True,capacity_opt,Llama-3.1-405B,405.0,,,,405.0,0.0,810.0,126,gqa,8.0,128.0,,,516096,516.096,Meta Llama 3.1 405B public Hugging Face config/model card
B200x72,B200,72,186,13392,12052.800000000001,NVIDIA B200 186GB public product specifications,8,9,1,TP8/DP9/EP1,1,405.0,0.0,7290.0,101.25,4762.800000000001,66.15,64512.0,9228515,1025390,1025390,9228.515625000002,True,dp_max,Llama-3.1-405B,405.0,,,,405.0,0.0,810.0,126,gqa,8.0,128.0,,,516096,516.096,Meta Llama 3.1 405B public Hugging Face config/model card
B200x72,B200,72,186,13392,12052.800000000001,NVIDIA B200 186GB public product specifications,72,1,72,TP72/DP1/EP72,1,12.06976512,468.0843264,960.30818304,13.337613653333333,11092.49181696,154.06238634666667,3527.1111111111113,43679482,43679482,43679482,43679.48201612903,True,capacity_opt,Qwen3-Coder-480B-A35B,480.15409152,35.0,160.0,8.0,12.06976512,468.0843264,960.30818304,62,gqa,8.0,128.0,,,253952,253.952,Qwen3-Coder-480B-A35B public Hugging Face config/model card
B200x72,B200,72,186,13392,12052.800000000001,NVIDIA B200 186GB public product specifications,1,72,72,TP1/DP72/EP72,1,12.06976512,468.0843264,2674.21483008,37.14187264,9378.585169920001,130.25812736,253952.0,36930542,512924,512924,36930.54266129033,True,dp_max,Qwen3-Coder-480B-A35B,480.15409152,35.0,160.0,8.0,12.06976512,468.0843264,960.30818304,62,gqa,8.0,128.0,,,253952,253.952,Qwen3-Coder-480B-A35B public Hugging Face config/model card
B200x72,B200,72,186,13392,12052.800000000001,NVIDIA B200 186GB public product specifications,72,1,72,TP72/DP1/EP72,1,17.116751872,653.908770816,1342.051045376,18.639597852444442,10710.748954624001,148.76040214755557,976.0,152418444,152418444,152418444,152418.44482331513,True,capacity_opt,DeepSeek-V3/R1-671B,671.025522688,37.0,256.0,8.0,17.116751872,653.908770816,1342.051045376,61,mla,,,512.0,64.0,70272,70.272,"DeepSeek-V3/R1 public config, optimized MLA KV cache layout"
B200x72,B200,72,186,13392,12052.800000000001,NVIDIA B200 186GB public product specifications,1,72,72,TP1/DP72/EP72,1,17.116751872,653.908770816,3772.6298112,52.397636266666666,8280.1701888,115.00236373333334,70272.0,117830290,1636531,1636531,117830.29071038253,True,dp_max,DeepSeek-V3/R1-671B,671.025522688,37.0,256.0,8.0,17.116751872,653.908770816,1342.051045376,61,mla,,,512.0,64.0,70272,70.272,"DeepSeek-V3/R1 public config, optimized MLA KV cache layout"
B200x72,B200,72,186,13392,12052.800000000001,NVIDIA B200 186GB public product specifications,72,1,72,TP72/DP1/EP72,1,11.721304064,1014.68602368,2052.814655488,28.511314659555556,9999.985344512,138.88868534044445,976.0,142303980,142303980,142303980,142303.9808816029,True,capacity_opt,Kimi-K2-1T-A32B,1026.407327744,32.0,384.0,8.0,11.721304064,1014.68602368,2052.814655488,61,mla,,,512.0,64.0,70272,70.272,"Moonshot Kimi-K2 public config/model card, optimized MLA KV cache layout"
B200x72,B200,72,186,13392,12052.800000000001,NVIDIA B200 186GB public product specifications,1,72,72,TP1/DP72/EP72,1,11.721304064,1014.68602368,3717.2398325759996,51.628331008,8335.560167424002,115.771668992,70272.0,118618513,1647479,1647479,118618.51331147544,True,dp_max,Kimi-K2-1T-A32B,1026.407327744,32.0,384.0,8.0,11.721304064,1014.68602368,2052.814655488,61,mla,,,512.0,64.0,70272,70.272,"Moonshot Kimi-K2 public config/model card, optimized MLA KV cache layout"
B200x72,B200,72,186,13392,12052.800000000001,NVIDIA B200 186GB public product specifications,72,1,72,TP72/DP1/EP72,1,6.974609408,277.025390592,568.0,7.888888888888889,11484.800000000001,159.51111111111112,611.5555555555555,260828488,260828488,260828488,260828.4883720931,True,capacity_opt,DeepSeek-V4-Flash-284B,284.0,35.0,128.0,8.0,6.974609408,277.025390592,568.0,43,shared_kv,1.0,512.0,,,44032,44.032,"DeepSeek-V4-Flash public config/model card, shared KV cache layout"
B200x72,B200,72,186,13392,12052.800000000001,NVIDIA B200 186GB public product specifications,1,72,72,TP1/DP72/EP72,1,6.974609408,277.025390592,1558.394535936,21.644368554666666,10494.405464064,145.75563144533334,44032.0,238335879,3310220,3310220,238335.87990697674,True,dp_max,DeepSeek-V4-Flash-284B,284.0,35.0,128.0,8.0,6.974609408,277.025390592,568.0,43,shared_kv,1.0,512.0,,,44032,44.032,"DeepSeek-V4-Flash public config/model card, shared KV cache layout"
B200x72,B200,72,186,13392,12052.800000000001,NVIDIA B200 186GB public product specifications,72,1,72,TP72/DP1/EP72,1,52.603813888,1547.396186112,3200.0,44.44444444444444,8852.800000000001,122.95555555555556,611.5555555555555,201053779,201053779,201053779,201053.77906976748,True,capacity_opt,DeepSeek-V4-Pro-1.6T,1600.0,64.0,512.0,8.0,52.603813888,1547.396186112,3200.0,43,shared_kv,1.0,512.0,,,44032,44.032,"DeepSeek-V4-Pro public config/model card, shared KV cache layout"
B200x72,B200,72,186,13392,12052.800000000001,NVIDIA B200 186GB public product specifications,1,72,72,TP1/DP72/EP72,1,52.603813888,1547.396186112,10669.741572096,148.19085516799998,1383.0584279040013,19.20914483200002,44032.0,31410302,436254,436254,31410.30223255817,True,dp_max,DeepSeek-V4-Pro-1.6T,1600.0,64.0,512.0,8.0,52.603813888,1547.396186112,3200.0,43,shared_kv,1.0,512.0,,,44032,44.032,"DeepSeek-V4-Pro public config/model card, shared KV cache layout"
