scenario,turn,phase,start_time_s,end_time_s,time_s,context_start_tokens,context_end_tokens,context_tokens,resident_kv_start_gb_per_gpu,resident_kv_end_gb_per_gpu,resident_kv_gb_per_gpu,compute_tflops_per_gpu,compute_work_tflop_per_gpu,memory_bandwidth_gb_s_per_gpu,kv_memory_bandwidth_gb_s_per_gpu,phase_duration_s,chunk_tokens,chunk_flops_per_gpu,chunk_bytes_per_gpu,chunk_kv_bytes_per_gpu
multi_turn_ultra_long,1,prefill,0.0,0.05871675318482051,0.0,0,2048,2048,0.0,0.065011712,0.065011712,312.0,18.319626993664,150.12771030191877,1.1072089050183869,0.05871675318482051,2048,18319626993664.0,8815011712.0,65011712.0
multi_turn_ultra_long,1,prefill,0.05871675318482051,0.11999396764225641,0.05871675318482051,2048,4096,4096,0.065011712,0.130023424,0.130023424,312.0,19.11849091072,144.9155857136457,2.1218886196322826,0.0612772144574359,2048,19118490910720.0,8880023424.0,130023424.0
multi_turn_ultra_long,1,prefill,0.11999396764225641,0.18383164337230767,0.11999396764225641,4096,6144,6144,0.130023424,0.195035136,0.195035136,312.0,19.917354827776,140.1215666720956,3.055172886067156,0.06383767573005128,2048,19917354827776.0,8945035136.0,195035136.0
multi_turn_ultra_long,1,prefill,0.18383164337230767,0.25022978037497434,0.18383164337230767,6144,8192,8192,0.195035136,0.260046848,0.260046848,312.0,20.716218744832,135.69728391081426,3.9164780781357775,0.06639813700266667,2048,20716218744832.0,9010046848.0,260046848.0
multi_turn_ultra_long,1,prefill,0.25022978037497434,0.3191883786502564,0.25022978037497434,8192,10240,10240,0.260046848,0.32505856,0.32505856,312.0,21.515082661888,131.6015520468159,4.713822034235228,0.06895859827528206,2048,21515082661888.0,9075058560.0,325058560.0
multi_turn_ultra_long,1,prefill,0.3191883786502564,0.39070743819815384,0.3191883786502564,10240,12288,12288,0.32505856,0.390070272,0.390070272,312.0,22.313946578944,127.7990836257956,5.454074402904639,0.07151905954789743,2048,22313946578944.0,9140070272.0,390070272.0
multi_turn_ultra_long,1,prefill,0.39070743819815384,0.4647869590186667,0.39070743819815384,12288,14336,14336,0.390070272,0.455081984,0.455081984,312.0,23.112810496,124.25946985136393,6.143155071191909,0.07407952082051282,2048,23112810496000.0,9205081984.0,455081984.0
multi_turn_ultra_long,1,prefill,0.4647869590186667,0.5414269411117949,0.4647869590186667,14336,16384,16384,0.455081984,0.520093696,0.520093696,312.0,23.911674413056,120.95636563087332,6.786192817321043,0.07663998209312821,2048,23911674413056.0,9270093696.0,520093696.0
multi_turn_ultra_long,1,prefill,0.5414269411117949,0.6206273844775385,0.5414269411117949,16384,18432,18432,0.520093696,0.585105408,0.585105408,312.0,24.710538330112,117.86683270055651,7.387653188985486,0.07920044336574358,2048,24710538330112.0,9335105408.0,585105408.0
multi_turn_ultra_long,1,prefill,0.6206273844775385,0.7023882891158975,0.6206273844775385,18432,20480,20480,0.585105408,0.65011712,0.65011712,312.0,25.509402247168,114.970806176597,7.951442353476491,0.08176090463835897,2048,25509402247168.0,9400117120.0,650117120.0
multi_turn_ultra_long,1,prefill,0.7023882891158975,0.7867096550268718,0.7023882891158975,20480,22528,22528,0.65011712,0.715128832,0.715128832,312.0,26.308266164224,112.25065829689223,8.48099202703886,0.08432136591097436,2048,26308266164224.0,9465128832.0,715128832.0
multi_turn_ultra_long,1,prefill,0.7867096550268718,0.8735914822104616,0.7867096550268718,22528,24576,24576,0.715128832,0.780140544,0.780140544,312.0,27.10713008128,109.6908393036197,8.979329386702322,0.08688182718358975,2048,27107130081280.0,9530140544.0,780140544.0
multi_turn_ultra_long,1,prefill,0.8735914822104616,0.9630337706666667,0.8735914822104616,24576,26624,26624,0.780140544,0.845152256,0.845152256,312.0,27.905993998336,107.27758000845661,9.449134973931528,0.08944228845620512,2048,27905993998336.0,9595152256.0,845152256.0
multi_turn_ultra_long,1,prefill,0.9630337706666667,1.0550365203954872,0.9630337706666667,26624,28672,28672,0.845152256,0.910163968,0.910163968,312.0,28.704857915392,104.99864402393926,9.892790929431152,0.09200274972882051,2048,28704857915392.0,9660163968.0,910163968.0
multi_turn_ultra_long,1,prefill,1.0550365203954872,1.149599731396923,1.0550365203954872,28672,30720,30720,0.910163968,0.97517568,0.97517568,312.0,29.503721832448,102.84312024739015,10.312421391710064,0.0945632110014359,2048,29503721832448.0,9725175680.0,975175680.0
multi_turn_ultra_long,1,prefill,1.149599731396923,1.2467234036709742,1.149599731396923,30720,32768,32768,0.97517568,1.040187392,1.040187392,312.0,30.302585749504,100.80124816919287,10.709926505506619,0.09712367227405128,2048,30302585749504.0,9790187392.0,1040187392.0
multi_turn_ultra_long,1,prefill,1.2467234036709742,1.346407537217641,1.2467234036709742,32768,34816,34816,1.040187392,1.105199104,1.105199104,312.0,31.10144966656,98.8642701035901,11.087011189023437,0.09968413354666666,2048,31101449666560.0,9855199104.0,1105199104.0
multi_turn_ultra_long,1,prefill,1.346407537217641,1.448652132036923,1.346407537217641,34816,36864,36864,1.105199104,1.170210816,1.170210816,312.0,31.900313583616,97.02430562255182,11.445209578739638,0.10224459481928205,2048,31900313583616.0,9920210816.0,1170210816.0
multi_turn_ultra_long,1,prefill,1.448652132036923,1.5534571881288204,1.448652132036923,36864,38912,38912,1.170210816,1.235222528,1.235222528,312.0,32.699177500672,95.2742443956572,11.78590589099924,0.10480505609189744,2048,32699177500672.0,9985222528.0,1235222528.0
multi_turn_ultra_long,1,prefill,1.5534571881288204,1.660822705493333,1.5534571881288204,38912,40960,40960,1.235222528,1.30023424,1.30023424,312.0,33.498041417728,93.60765436335402,12.110352298546854,0.10736551736451282,2048,33498041417728.0,10050234240.0,1300234240.0
multi_turn_ultra_long,1,prefill,1.660822705493333,1.7707486841304614,1.660822705493333,40960,43008,43008,1.30023424,1.365245952,1.365245952,312.0,34.296905334784,92.01870274351609,12.419684308717898,0.1099259786371282,2048,34296905334784.0,10115245952.0,1365245952.0
multi_turn_ultra_long,1,prefill,1.7707486841304614,1.883235124040205,1.7707486841304614,43008,45056,45056,1.365245952,1.430257664,1.430257664,312.0,35.09576925184,90.50208782648285,12.714934041361824,0.1124864399097436,2048,35095769251840.0,10180257664.0,1430257664.0
multi_turn_ultra_long,1,prefill,1.883235124040205,1.998282025222564,1.883235124040205,45056,47104,47104,1.430257664,1.495269376,1.495269376,312.0,35.894633168896,89.052979877836,12.997041733700181,0.11504690118235897,2048,35894633168896.0,10245269376.0,1495269376.0
multi_turn_ultra_long,1,prefill,1.998282025222564,2.115889387677538,1.998282025222564,47104,49152,49152,1.495269376,1.560281088,1.560281088,312.0,36.693497085952,87.66696976090473,13.266865742332664,0.11760736245497436,2048,36693497085952.0,10310281088.0,1560281088.0
multi_turn_ultra_long,1,prefill,2.115889387677538,2.236057211405128,2.115889387677538,49152,51200,51200,1.560281088,1.6252928,1.6252928,312.0,37.492361003008,86.34002412758933,13.525191266544036,0.12016782372758975,2048,37492361003008.0,10375292800.0,1625292800.0
multi_turn_ultra_long,1,prefill,2.236057211405128,2.358785496405333,2.236057211405128,51200,53248,53248,1.6252928,1.690304512,1.690304512,312.0,38.291224920064,85.06844621826622,13.772737979652977,0.12272828500020513,2048,38291224920064.0,10440304512.0,1690304512.0
multi_turn_ultra_long,1,prefill,2.358785496405333,2.4840742426781537,2.358785496405333,53248,55296,55296,1.690304512,1.755316224,1.755316224,312.0,39.09008883712,83.84884146836552,14.01016672461339,0.12528874627282052,2048,39090088837120.0,10505316224.0,1755316224.0
multi_turn_ultra_long,1,prefill,2.4840742426781537,2.6119234502235895,2.4840742426781537,55296,57344,57344,1.755316224,1.820327936,1.820327936,311.99999999999994,39.888952754176,82.67808724777153,14.238085405050944,0.1278492075454359,2048,39888952754176.0,10570327936.0,1820327936.0
multi_turn_ultra_long,1,prefill,2.6119234502235895,2.742333119041641,2.6119234502235895,57344,59392,59392,1.820327936,1.885339648,1.885339648,312.0,40.687816671232,81.55330616503996,14.457054182312529,0.13040966881805127,2048,40687816671232.0,10635339648.0,1885339648.0
multi_turn_ultra_long,1,prefill,2.742333119041641,2.8753032491323074,2.742333119041641,59392,61440,61440,1.885339648,1.95035136,1.95035136,312.0,41.486680588288,80.47184245592516,14.667590072072114,0.13297013009066666,2048,41486680588288.0,10700351360.0,1950351360.0
multi_turn_ultra_long,1,prefill,2.8753032491323074,3.0108338404955894,2.8753032491323074,61440,63488,63488,1.95035136,2.015363072,2.015363072,312.0,42.285544505344,79.43124104833319,14.870171019898628,0.13553059136328205,2048,42285544505344.0,10765363072.0,2015363072.0
multi_turn_ultra_long,1,prefill,3.0108338404955894,3.148924893131487,3.0108338404955894,63488,65536,65536,2.015363072,2.080374784,2.080374784,312.0,43.0844084224,78.42922895631973,15.065239523412803,0.13809105263589744,2048,43084408422400.0,10830374784.0,2080374784.0
multi_turn_ultra_long,1,prefill,3.148924893131487,3.2895764070399998,3.148924893131487,65536,67584,67584,2.080374784,2.145386496,2.145386496,312.0,43.883272339456,77.46369870634265,15.253205858811251,0.14065151390851283,2048,43883272339456.0,10895386496.0,2145386496.0
multi_turn_ultra_long,1,prefill,3.2895764070399998,3.432788382221128,3.2895764070399998,67584,69632,69632,2.145386496,2.210398208,2.210398208,312.0,44.682136256512,76.53269354142884,15.434450961271816,0.14321197518112821,2048,44682136256512.0,10960398208.0,2210398208.0
multi_turn_ultra_long,1,prefill,3.432788382221128,3.5785608186748714,3.432788382221128,69632,71680,71680,2.210398208,2.27540992,2.27540992,312.0,45.481000173568,75.6343941846549,15.609329001796793,0.1457724364537436,2048,45481000173568.0,11025409920.0,2275409920.0
multi_turn_ultra_long,1,prefill,3.5785608186748714,3.7268937164012303,3.5785608186748714,71680,73728,73728,2.27540992,2.340421632,2.340421632,312.0,46.279864090624,74.76710697352755,15.778169697173682,0.14833289772635896,2048,46279864090624.0,11090421632.0,2340421632.0
multi_turn_ultra_long,1,prefill,3.7268937164012303,3.877787075400205,3.7268937164012303,73728,75776,75776,2.340421632,2.405433344,2.405433344,312.0,47.07872800768,73.92925320242772,15.941280384754043,0.15089335899897435,2048,47078728007680.0,11155433344.0,2405433344.0
multi_turn_ultra_long,1,prefill,3.877787075400205,4.031240895671795,3.877787075400205,75776,77824,77824,2.405433344,2.470445056,2.470445056,312.0,47.877591924736,73.11935953201773,16.09894788951941,0.15345382027158974,2048,47877591924736.0,11220445056.0,2470445056.0
multi_turn_ultra_long,1,prefill,4.031240895671795,4.187255177216,4.031240895671795,77824,79872,79872,2.470445056,2.535456768,2.535456768,312.0,48.676455841792,72.33604934303642,16.25144020729668,0.15601428154420513,2048,48676455841792.0,11285456768.0,2535456768.0
multi_turn_ultra_long,1,prefill,4.187255177216,4.34582992003282,4.187255177216,79872,81920,81920,2.535456768,2.60046848,2.60046848,312.0,49.475319758848,71.57803492774147,16.399008024903196,0.15857474281682052,2048,49475319758848.0,11350468480.0,2600468480.0
multi_turn_ultra_long,1,prefill,4.34582992003282,4.506965124122256,4.34582992003282,81920,83968,83968,2.60046848,2.665480192,2.665480192,312.0,50.274183675904,70.84411042582596,16.54188609535978,0.1611352040894359,2048,50274183675904.0,11415480192.0,2665480192.0
multi_turn_ultra_long,1,prefill,4.506965124122256,4.670660789484307,4.506965124122256,83968,86016,86016,2.665480192,2.730491904,2.730491904,312.0,51.07304759296,70.13314542329636,16.680294484040722,0.1636956653620513,2048,51073047592960.0,11480491904.0,2730491904.0
multi_turn_ultra_long,1,prefill,4.670660789484307,4.836916916118974,4.670660789484307,86016,88064,88064,2.730491904,2.795503616,2.795503616,312.0,51.871911510016,69.44407914284108,16.8144396996742,0.16625612663466666,2048,51871911510016.0,11545503616.0,2795503616.0
multi_turn_ultra_long,1,prefill,4.836916916118974,5.0057335040262565,4.836916916118974,88064,90112,90112,2.795503616,2.860515328,2.860515328,312.0,52.670775427072,68.77591516289124,16.944515722418586,0.16881658790728205,2048,52670775427072.0,11610515328.0,2860515328.0
multi_turn_ultra_long,1,prefill,5.0057335040262565,5.177110553206154,5.0057335040262565,90112,92160,92160,2.860515328,2.92552704,2.92552704,312.0,53.469639344128,68.1277166100812,17.070704939778864,0.17137704917989743,2048,53469639344128.0,11675527040.0,2925527040.0
multi_turn_ultra_long,1,prefill,5.177110553206154,5.351048063658666,5.177110553206154,92160,94208,94208,2.92552704,2.990538752,2.990538752,312.0,54.268503261184,67.4986017763277,17.19317899985958,0.17393751045251282,2048,54268503261184.0,11740538752.0,2990538752.0
multi_turn_ultra_long,1,prefill,5.351048063658666,5.527546035383795,5.351048063658666,94208,96256,96256,2.990538752,3.055550464,3.055550464,312.0,55.06736717824,66.887740117408,17.312099590348875,0.1764979717251282,2048,55067367178240.0,11805550464.0,3055550464.0
multi_turn_ultra_long,1,prefill,5.527546035383795,5.7066044683815385,5.527546035383795,96256,98304,98304,3.055550464,3.120562176,3.120562176,312.0,55.866231095296,66.29434859484996,17.427619150667557,0.1790584329977436,2048,55866231095296.0,11870562176.0,3120562176.0
multi_turn_ultra_long,1,prefill,5.7066044683815385,5.888223362651898,5.7066044683815385,98304,100352,100352,3.120562176,3.185573888,3.185573888,312.0,56.665095012352,65.71768832725428,17.539881523878982,0.181618894270359,2048,56665095012352.0,11935573888.0,3185573888.0
multi_turn_ultra_long,1,prefill,5.888223362651898,6.072402718194872,5.888223362651898,100352,102400,102400,3.185573888,3.2505856,3.2505856,312.0,57.463958929408,65.15706152093641,17.649022554221855,0.18417935554297435,2048,57463958929408.0,12000585600.0,3250585600.0
multi_turn_ultra_long,1,prefill,6.072402718194872,6.2591425350104615,6.072402718194872,102400,104448,104448,3.2505856,3.315597312,3.315597312,312.0,58.262822846464,64.61180865307949,17.755170635484962,0.18673981681558974,2048,58262822846464.0,12065597312.0,3315597312.0
multi_turn_ultra_long,1,prefill,6.2591425350104615,6.448442813098667,6.2591425350104615,104448,106496,106496,3.315597312,3.380609024,3.380609024,312.0,59.06168676352,64.08130588349005,17.858447214878332,0.18930027808820513,2048,59061686763520.0,12130609024.0,3380609024.0
multi_turn_ultra_long,1,prefill,6.448442813098667,6.640303552459487,6.448442813098667,106496,108544,108544,3.380609024,3.445620736,3.445620736,312.0,59.860550680576,63.56496267360076,17.958967256558083,0.19186073936082051,2048,59860550680576.0,12195620736.0,3445620736.0
multi_turn_ultra_long,1,prefill,6.640303552459487,6.834724753092924,6.640303552459487,108544,110592,110592,3.445620736,3.510632448,3.510632448,312.0,60.659414597632,63.06221959361492,18.05683966852457,0.1944212006334359,2048,60659414597632.0,12260632448.0,3510632448.0
multi_turn_ultra_long,1,prefill,6.834724753092924,7.0317064149989745,6.834724753092924,110592,112640,112640,3.510632448,3.57564416,3.57564416,312.0,61.458278514688,62.57254630067346,18.152167696226325,0.1969816619060513,2048,61458278514688.0,12325644160.0,3575644160.0
multi_turn_ultra_long,1,prefill,7.0317064149989745,7.231248538177641,7.0317064149989745,112640,114688,114688,3.57564416,3.640655872,3.640655872,312.0,62.257142431744,62.09543967268311,18.245049285860397,0.19954212317866668,2048,62257142431744.0,12390655872.0,3640655872.0
multi_turn_ultra_long,1,prefill,7.231248538177641,7.433351122628923,7.231248538177641,114688,116736,116736,3.640655872,3.705667584,3.705667584,312.0,63.0560063488,61.630422084001154,18.335577420056556,0.20210258445128204,2048,63056006348800.0,12455667584.0,3705667584.0
multi_turn_ultra_long,1,prefill,7.433351122628923,7.638014168352821,7.433351122628923,116736,118784,118784,3.705667584,3.770679296,3.770679296,312.0,63.854870265856,61.17703981055348,18.42384042836375,0.20466304572389743,2048,63854870265856.0,12520679296.0,3770679296.0
multi_turn_ultra_long,1,prefill,7.638014168352821,7.845237675349334,7.638014168352821,118784,120832,120832,3.770679296,3.835691008,3.835691008,312.0,64.653734182912,60.73486155319142,18.50992227471832,0.20722350699651282,2048,64653734182912.0,12585691008.0,3835691008.0
multi_turn_ultra_long,1,prefill,7.845237675349334,8.055021643618462,7.845237675349334,120832,122880,122880,3.835691008,3.90070272,3.90070272,312.0,65.452598099968,60.303477069184964,18.59390282386048,0.2097839682691282,2048,65452598099968.0,12650702720.0,3900702720.0
multi_turn_ultra_long,1,prefill,8.055021643618462,8.267366073160206,8.055021643618462,122880,124928,124928,3.90070272,3.965714432,3.965714432,312.0,66.251462017024,59.88249590272529,18.67585808847603,0.2123444295417436,2048,66251462017024.0,12715714432.0,3965714432.0
multi_turn_ultra_long,1,prefill,8.267366073160206,8.482270963974566,8.267366073160206,124928,126976,126976,3.965714432,4.030726144,4.030726144,312.0,67.05032593408,59.471546206178985,18.755860458670796,0.21490489081435898,2048,67050325934080.0,12780726144.0,4030726144.0
multi_turn_ultra_long,1,prefill,8.482270963974566,8.590683582358976,8.482270963974566,126976,128000,128000,4.030726144,4.063232,4.063232,312.0,33.824736935936,118.18948929511829,37.47932722732111,0.10841261838441026,1024,33824736935936.0,12813232000.0,4063232000.0
multi_turn_ultra_long,1,decode,8.590683582358976,10.413301109541198,8.590683582358976,128000,128128,128128,4.063232,4.067295232,4.067295232,2.3274824279509305,4.242110267392,900.0,285.49916079676524,1.8226175271822223,128,4242110267392.0,1640355774464.0,520355774464.0
multi_turn_ultra_long,1,decode,10.413301109541198,12.236496518607865,10.413301109541198,128128,128256,128256,4.067295232,4.071358464,4.071358464,2.328456296267895,4.245230829568,900.0,285.6939336122219,1.8231954090666667,128,4245230829568.0,1640875868160.0,520875868160.0
multi_turn_ultra_long,1,decode,12.236496518607865,14.060269809558976,12.236496518607865,128256,128384,128384,4.071358464,4.075421696,4.075421696,2.3294295474238766,4.248351391744,900.0,285.8885829960193,1.823773290951111,128,4248351391744.0,1641395961856.0,521395961856.0
multi_turn_ultra_long,1,decode,14.060269809558976,15.884620982394532,14.060269809558976,128384,128512,128512,4.075421696,4.079484928,4.079484928,2.330402182005351,4.25147195392,900.0,286.0831090654523,1.8243511728355555,128,4251471953920.0,1641916055552.0,521916055552.0
multi_turn_ultra_long,1,decode,15.884620982394532,17.709550037114532,15.884620982394532,128512,128640,128640,4.079484928,4.08354816,4.08354816,2.3313742005980527,4.254592516096,900.0,286.2775119376669,1.82492905472,128,4254592516096.0,1642436149248.0,522436149248.0
multi_turn_ultra_long,1,decode,17.709550037114532,19.535056973718977,17.709550037114532,128640,128768,128768,4.08354816,4.087611392,4.087611392,2.3323456037869725,4.257713078272,900.0,286.47179172966105,1.8255069366044445,128,4257713078272.0,1642956242944.0,522956242944.0
multi_turn_ultra_long,1,decode,19.535056973718977,21.361141792207867,19.535056973718977,128768,128896,128896,4.087611392,4.091674624,4.091674624,2.3333163921563624,4.260833640448,900.0,286.6659485582844,1.826084818488889,128,4260833640448.0,1643476336640.0,523476336640.0
multi_turn_ultra_long,1,decode,21.361141792207867,23.1878044925812,21.361141792207867,128896,129024,129024,4.091674624,4.095737856,4.095737856,2.3342865662897334,4.263954202624,900.0,286.8599825402389,1.8266627003733333,128,4263954202624.0,1643996430336.0,523996430336.0
multi_turn_ultra_long,1,decode,23.1878044925812,25.01504507483898,23.1878044925812,129024,129152,129152,4.095737856,4.099801088,4.099801088,2.335256126769859,4.2670747648,900.0,287.0538937920786,1.8272405822577777,128,4267074764800.0,1644516524032.0,524516524032.0
multi_turn_ultra_long,1,decode,25.01504507483898,26.842863538981202,25.01504507483898,129152,129280,129280,4.099801088,4.10386432,4.10386432,2.3362250741787762,4.270195326976,900.0,287.24768243021043,1.8278184641422222,128,4270195326976.0,1645036617728.0,525036617728.0
multi_turn_ultra_long,1,decode,26.842863538981202,28.67125988500787,26.842863538981202,129280,129408,129408,4.10386432,4.107927552,4.107927552,2.337193409097786,4.273315889152,900.0,287.441348570894,1.8283963460266666,128,4273315889152.0,1645556711424.0,525556711424.0
multi_turn_ultra_long,1,decode,28.67125988500787,30.50023411291898,28.67125988500787,129408,129536,129536,4.107927552,4.111990784,4.111990784,2.338161132107454,4.276436451328,900.0,287.634892330242,1.8289742279111112,128,4276436451328.0,1646076805120.0,526076805120.0
multi_turn_ultra_long,1,decode,30.50023411291898,32.32978622271454,30.50023411291898,129536,129664,129664,4.111990784,4.116054016,4.116054016,2.339128243787613,4.279557013504,900.0,287.8283138242206,1.8295521097955556,128,4279557013504.0,1646596898816.0,526596898816.0
multi_turn_ultra_long,1,decode,32.32978622271454,34.15991621439454,32.32978622271454,129664,129792,129792,4.116054016,4.120117248,4.120117248,2.3400947447173635,4.28267757568,900.0,288.0216131686491,1.83012999168,128,4282677575680.0,1647116992512.0,527116992512.0
multi_turn_ultra_long,1,decode,34.15991621439454,35.990624087958984,34.15991621439454,129792,129920,129920,4.120117248,4.12418048,4.12418048,2.341060635475074,4.285798137856,900.0,288.21479047920104,1.8307078735644444,128,4285798137856.0,1647637086208.0,527637086208.0
multi_turn_ultra_long,1,decode,35.990624087958984,37.82190984340787,35.990624087958984,129920,130048,130048,4.12418048,4.128243712,4.128243712,2.3420259166383843,4.288918700032,900.0,288.40784587140354,1.8312857554488888,128,4288918700032.0,1648157179904.0,528157179904.0
multi_turn_ultra_long,2,prefill,37.82190984340787,38.04321588740377,37.82190984340787,130048,132096,132096,4.128243712,4.193255424,4.193255424,312.0,69.04748572672,58.48577467789331,18.947767301275036,0.22130604399589743,2048,69047485726720.0,12943255424.0,4193255424.0
multi_turn_ultra_long,2,prefill,38.04321588740377,38.26708239267228,38.04321588740377,132096,134144,134144,4.193255424,4.258267136,4.258267136,312.0,69.846349643776,58.10725065992994,19.021457144258786,0.22386650526851282,2048,69846349643776.0,13008267136.0,4258267136.0
multi_turn_ultra_long,2,prefill,38.26708239267228,38.493509359213405,38.26708239267228,134144,136192,136192,4.258267136,4.323278848,4.323278848,312.0,70.645213560832,57.73728742519442,19.09348040139344,0.2264269665411282,2048,70645213560832.0,13073278848.0,4323278848.0
multi_turn_ultra_long,2,prefill,38.493509359213405,38.72249678702715,38.493509359213405,136192,138240,138240,4.323278848,4.38829056,4.38829056,312.0,71.444077477888,57.37559780219276,19.16389297830533,0.2289874278137436,2048,71444077477888.0,13138290560.0,4388290560.0
multi_turn_ultra_long,2,prefill,38.72249678702715,38.954044676113504,38.72249678702715,138240,140288,140288,4.38829056,4.453302272,4.453302272,312.0,72.242941394944,57.02190732162385,19.232748307798563,0.23154788908635898,2048,72242941394944.0,13203302272.0,4453302272.0
multi_turn_ultra_long,2,prefill,38.954044676113504,39.18815302647248,38.954044676113504,140288,142336,142336,4.453302272,4.518313984,4.518313984,312.0,73.041805312,56.67595352175514,19.30009748508227,0.23410835035897437,2048,73041805312000.0,13268313984.0,4518313984.0
multi_turn_ultra_long,2,prefill,39.18815302647248,39.424821838104066,39.18815302647248,142336,144384,144384,4.518313984,4.583325696,4.583325696,312.0,73.840669229056,56.33748529888808,19.365989394219923,0.23666881163158973,2048,73840669229056.0,13333325696.0,4583325696.0
multi_turn_ultra_long,2,prefill,39.424821838104066,39.66405111100827,39.424821838104066,144384,146432,146432,4.583325696,4.648337408,4.648337408,312.0,74.639533146112,56.006262299535194,19.430470826458347,0.23922927290420512,2048,74639533146112.0,13398337408.0,4648337408.0
multi_turn_ultra_long,2,prefill,39.66405111100827,39.90584084518509,39.66405111100827,146432,148480,148480,4.648337408,4.71334912,4.71334912,312.0,75.438397063168,55.68205435121687,19.49358659103837,0.2417897341768205,2048,75438397063168.0,13463349120.0,4713349120.0
multi_turn_ultra_long,2,prefill,39.90584084518509,40.150191040634525,39.90584084518509,148480,150528,150528,4.71334912,4.778360832,4.778360832,312.0,76.237260980224,55.364640929045066,19.55537961903861,0.2443501954494359,2048,76237260980224.0,13528360832.0,4778360832.0
multi_turn_ultra_long,2,prefill,40.150191040634525,40.397101697356575,40.150191040634525,150528,152576,152576,4.778360832,4.843372544,4.843372544,312.0,77.03612489728,55.05381065549607,19.61589106075811,0.24691065672205129,2048,77036124897280.0,13593372544.0,4843372544.0
multi_turn_ultra_long,2,prefill,40.397101697356575,40.64657281535124,40.397101697356575,152576,154624,154624,4.843372544,4.908384256,4.908384256,312.0,77.834988814336,54.749360830988046,19.675160377101985,0.24947111799466667,2048,77834988814336.0,13658384256.0,4908384256.0
multi_turn_ultra_long,2,prefill,40.64657281535124,40.89860439461852,40.64657281535124,154624,156672,156672,4.908384256,4.973395968,4.973395968,312.0,78.633852731392,54.45109699307244,19.733225425396643,0.25203157926728204,2048,78633852731392.0,13723395968.0,4973395968.0
multi_turn_ultra_long,2,prefill,40.89860439461852,41.15319643515842,40.89860439461852,156672,158720,158720,4.973395968,5.03840768,5.03840768,312.0,79.432716648448,54.158832502225074,19.790122540026637,0.2545920405398974,2048,79432716648448.0,13788407680.0,5038407680.0
multi_turn_ultra_long,2,prefill,41.15319643515842,41.410348936970934,41.15319643515842,158720,160768,160768,5.03840768,5.103419392,5.103419392,312.0,80.231580565504,53.872388152382754,19.845886608254155,0.2571525018125128,2048,80231580565504.0,13853419392.0,5103419392.0
multi_turn_ultra_long,2,prefill,41.410348936970934,41.67006190005606,41.410348936970934,160768,162816,162816,5.103419392,5.168431104,5.168431104,312.0,81.03044448256,53.59159180451784,19.90055114155354,0.2597129630851282,2048,81030444482560.0,13918431104.0,5168431104.0
multi_turn_ultra_long,2,prefill,41.67006190005606,41.932335324413806,41.67006190005606,162816,164864,164864,5.168431104,5.233442816,5.233442816,312.0,81.829308399616,53.31627804167625,19.9541483427674,0.2622734243577436,2048,81829308399616.0,13983442816.0,5233442816.0
multi_turn_ultra_long,2,prefill,41.932335324413806,42.197169210044166,41.932335324413806,164864,166912,166912,5.233442816,5.298454528,5.298454528,312.0,82.628172316672,53.046287844026445,20.00670916936702,0.264833885630359,2048,82628172316672.0,14048454528.0,5298454528.0
multi_turn_ultra_long,2,prefill,42.197169210044166,42.46456355694714,42.197169210044166,166912,168960,168960,5.298454528,5.36346624,5.36346624,312.0,83.427036233728,52.781468282578,20.05826339307826,0.26739434690297437,2048,83427036233728.0,14113466240.0,5363466240.0
multi_turn_ultra_long,2,prefill,42.46456355694714,42.73451836512273,42.46456355694714,168960,171008,171008,5.36346624,5.428477952,5.428477952,312.0,84.225900150784,52.521672230330246,20.108839656114196,0.26995480817558976,2048,84225900150784.0,14178477952.0,5428477952.0
multi_turn_ultra_long,2,prefill,42.73451836512273,43.00703363457094,42.73451836512273,171008,173056,173056,5.428477952,5.493489664,5.493489664,312.0,85.02476406784,52.26675808970458,20.15846552423773,0.27251526944820514,2048,85024764067840.0,14243489664.0,5493489664.0
multi_turn_ultra_long,2,prefill,43.00703363457094,43.28210936529176,43.00703363457094,173056,175104,175104,5.493489664,5.558501376,5.558501376,312.0,85.823627984896,52.016589535199536,20.207167536860698,0.27507573072082053,2048,85823627984896.0,14308501376.0,5558501376.0
multi_turn_ultra_long,2,prefill,43.28210936529176,43.5597455572852,43.28210936529176,175104,177152,177152,5.558501376,5.623513088,5.623513088,312.0,86.622491901952,51.77103527028576,20.25497125437074,0.2776361919934359,2048,86622491901952.0,14373513088.0,5623513088.0
multi_turn_ultra_long,2,prefill,43.5597455572852,43.83994221055125,43.5597455572852,177152,179200,179200,5.623513088,5.6885248,5.6885248,312.0,87.421355819008,51.5299687976301,20.30190130286336,0.28019665326605125,2048,87421355819008.0,14438524800.0,5688524800.0
multi_turn_ultra_long,2,prefill,43.83994221055125,44.12269932508992,43.83994221055125,179200,181248,181248,5.6885248,5.753536512,5.753536512,312.0,88.220219736064,51.293268201803855,20.347981416443588,0.28275711453866664,2048,88220219736064.0,14503536512.0,5753536512.0
multi_turn_ultra_long,2,prefill,44.12269932508992,44.4080169009012,44.12269932508992,181248,183296,183296,5.753536512,5.818548224,5.818548224,312.0,89.01908365312,51.06081594369108,20.393234477249905,0.28531757581128203,2048,89019083653120.0,14568548224.0,5818548224.0
multi_turn_ultra_long,2,prefill,44.4080169009012,44.6958949379851,44.4080169009012,183296,185344,185344,5.818548224,5.883559936,5.883559936,312.0,89.817947570176,50.8324986658683,20.43768255334231,0.2878780370838974,2048,89817947570176.0,14633559936.0,5883559936.0
multi_turn_ultra_long,2,prefill,44.6958949379851,44.98633343634162,44.6958949379851,185344,187392,187392,5.883559936,5.948571648,5.948571648,312.0,90.616811487232,50.608207008278654,20.48134693458626,0.2904384983565128,2048,90616811487232.0,14698571648.0,5948571648.0
multi_turn_ultra_long,2,prefill,44.98633343634162,45.27933239597075,44.98633343634162,187392,189440,189440,5.948571648,6.01358336,6.01358336,312.0,91.415675404288,50.38783543357091,20.52424816665515,0.2929989596291282,2048,91415675404288.0,14763583360.0,6013583360.0
multi_turn_ultra_long,2,prefill,45.27933239597075,45.574891816872494,45.27933239597075,189440,191488,191488,6.01358336,6.078595072,6.078595072,312.0,92.214539321344,50.171282061517,20.56640608326534,0.2955594209017436,2048,92214539321344.0,14828595072.0,6078595072.0
multi_turn_ultra_long,2,prefill,45.574891816872494,45.873011699046856,45.574891816872494,191488,193536,193536,6.078595072,6.143606784,6.143606784,312.0,93.0134032384,49.95844851196237,20.607839836750095,0.298119882174359,2048,93013403238400.0,14893606784.0,6143606784.0
multi_turn_ultra_long,2,prefill,45.873011699046856,45.947941741664295,45.873011699046856,193536,194048,194048,6.143606784,6.159859712,6.159859712,312.0,23.37817329664,198.9837345765841,82.20814371412926,0.0749300426174359,512,23378173296640.0,14909859712.0,6159859712.0
multi_turn_ultra_long,2,decode,45.947941741664295,48.06874632121985,45.947941741664295,194048,194176,194176,6.159859712,6.163922944,6.163922944,2.759481192479524,5.852320350208,900.0,371.89853756600627,2.1208045795555557,128,5852320350208.0,1908724121600.0,788724121600.0
multi_turn_ultra_long,2,decode,48.06874632121985,50.19012878265985,48.06874632121985,194176,194304,194304,6.163922944,6.167986176,6.167986176,2.760200491338705,5.855440912384,900.0,372.0423967115571,2.12138246144,128,5855440912384.0,1909244215296.0,789244215296.0
multi_turn_ultra_long,2,decode,50.19012878265985,52.31208912598429,50.19012878265985,194304,194432,194432,6.167986176,6.172049408,6.172049408,2.7609193984188583,5.85856147456,900.0,372.18617750164344,2.1219603433244445,128,5858561474560.0,1909764308992.0,789764308992.0
multi_turn_ultra_long,2,decode,52.31208912598429,54.434627351193186,52.31208912598429,194432,194560,194560,6.172049408,6.17611264,6.17611264,2.7616379140399814,5.861682036736,900.0,372.32988000026455,2.122538225208889,128,5861682036736.0,1910284402688.0,790284402688.0
multi_turn_ultra_long,2,decode,54.434627351193186,56.55774345828652,54.434627351193186,194560,194688,194688,6.17611264,6.180175872,6.180175872,2.762356038521722,5.864802598912,900.0,372.47350427134967,2.1231161070933333,128,5864802598912.0,1910804496384.0,790804496384.0
multi_turn_ultra_long,2,decode,56.55774345828652,58.681437447264294,56.55774345828652,194688,194816,194816,6.180175872,6.184239104,6.184239104,2.7630737721833807,5.867923161088,900.0,372.61705037875885,2.1236939889777777,128,5867923161088.0,1911324590080.0,791324590080.0
multi_turn_ultra_long,2,decode,58.681437447264294,60.80570931812652,58.681437447264294,194816,194944,194944,6.184239104,6.188302336,6.188302336,2.763791115343912,5.871043723264,900.0,372.76051838628246,2.124271870862222,128,5871043723264.0,1911844683776.0,791844683776.0
multi_turn_ultra_long,2,decode,60.80570931812652,62.93055907087319,60.80570931812652,194944,195072,195072,6.188302336,6.192365568,6.192365568,2.764508068321922,5.87416428544,900.0,372.9039083576414,2.1248497527466665,128,5874164285440.0,1912364777472.0,792364777472.0
multi_turn_ultra_long,2,decode,62.93055907087319,65.0559867055043,62.93055907087319,195072,195200,195200,6.192365568,6.1964288,6.1964288,2.7652246314356694,5.877284847616,900.0000000000001,373.0472203564875,2.125427634631111,128,5877284847616.0,1912884871168.0,792884871168.0
multi_turn_ultra_long,2,decode,65.0559867055043,67.18199222201986,65.0559867055043,195200,195328,195328,6.1964288,6.200492032,6.200492032,2.7659408050030687,5.880405409792,900.0000000000001,373.19045444640307,2.1260055165155554,128,5880405409792.0,1913404964864.0,793404964864.0
multi_turn_ultra_long,2,decode,67.18199222201986,69.30857562041986,67.18199222201986,195328,195456,195456,6.200492032,6.204555264,6.204555264,2.7666565893416877,5.883525971968,899.9999999999999,373.3336106909015,2.1265833984,128,5883525971968.0,1913925058560.0,793925058560.0
multi_turn_ultra_long,2,decode,69.30857562041986,71.4357369007043,69.30857562041986,195456,195584,195584,6.204555264,6.208618496,6.208618496,2.7673719847687503,5.886646534144,899.9999999999999,373.4766891534273,2.1271612802844446,128,5886646534144.0,1914445152256.0,794445152256.0
multi_turn_ultra_long,2,decode,71.4357369007043,73.56347606287319,71.4357369007043,195584,195712,195712,6.208618496,6.212681728,6.212681728,2.7680869916011352,5.88976709632,900.0,373.61968989735584,2.127739162168889,128,5889767096320.0,1914965245952.0,794965245952.0
multi_turn_ultra_long,2,decode,73.56347606287319,75.69179310692653,73.56347606287319,195712,195840,195840,6.212681728,6.21674496,6.21674496,2.768801610155376,5.892887658496,900.0,373.7626129859936,2.1283170440533334,128,5892887658496.0,1915485339648.0,795485339648.0
multi_turn_ultra_long,2,decode,75.69179310692653,77.8206880328643,75.69179310692653,195840,195968,195968,6.21674496,6.220808192,6.220808192,2.7695158407476637,5.896008220672,900.0,373.9054584825785,2.128894925937778,128,5896008220672.0,1916005433344.0,796005433344.0
multi_turn_ultra_long,2,decode,77.8206880328643,79.95016084068652,77.8206880328643,195968,196096,196096,6.220808192,6.224871424,6.224871424,2.7702296836938456,5.899128782848,900.0,374.0482264502799,2.1294728078222223,128,5899128782848.0,1916525527040.0,796525527040.0
multi_turn_ultra_long,3,prefill,79.95016084068652,80.25404176072426,79.95016084068652,196096,198144,198144,6.224871424,6.289883136,6.289883136,312.0,94.810847051776,49.49268658964166,20.698512875434112,0.3038809200377436,2048,94810847051776.0,15039883136.0,6289883136.0
multi_turn_ultra_long,3,prefill,80.25404176072426,80.56048314203463,80.25404176072426,198144,200192,200192,6.289883136,6.354894848,6.354894848,312.0,95.609710968832,49.291302576077356,20.73771766993787,0.306441381310359,2048,95609710968832.0,15104894848.0,6354894848.0
multi_turn_ultra_long,3,prefill,80.56048314203463,80.8694849846176,80.56048314203463,200192,202240,202240,6.354894848,6.41990656,6.41990656,312.0,96.408574885888,49.09325599224062,20.77627274431576,0.30900184258297436,2048,96408574885888.0,15169906560.0,6419906560.0
multi_turn_ultra_long,3,prefill,80.8694849846176,81.1810472884732,80.8694849846176,202240,204288,204288,6.41990656,6.484918272,6.484918272,312.0,97.207438802944,48.89846455578092,20.81419411703215,0.31156230385558975,2048,97207438802944.0,15234918272.0,6484918272.0
multi_turn_ultra_long,3,prefill,81.1810472884732,81.4951700536014,81.1810472884732,204288,206336,206336,6.484918272,6.549929984,6.549929984,312.0,98.00630272,48.706848667130295,20.851497284275883,0.31412276512820514,2048,98006302720000.0,15299929984.0,6549929984.0
multi_turn_ultra_long,3,prefill,81.4951700536014,81.81185328000223,81.4951700536014,206336,208384,208384,6.549929984,6.614941696,6.614941696,312.0,98.805166637056,48.51833130104863,20.888197241073897,0.31668322640082053,2048,98805166637056.0,15364941696.0,6614941696.0
multi_turn_ultra_long,3,prefill,81.81185328000223,82.13109696767566,81.81185328000223,208384,210432,210432,6.614941696,6.679953408,6.679953408,312.0,99.604030554112,48.33283790338798,20.924308501388843,0.3192436876734359,2048,99604030554112.0,15429953408.0,6679953408.0
multi_turn_ultra_long,3,prefill,82.13109696767566,82.45290111662172,82.13109696767566,210432,212480,212480,6.679953408,6.74496512,6.74496512,312.0,100.402894471168,48.150296292785356,20.959845117257196,0.3218041489460513,2048,100402894471168.0,15494965120.0,6744965120.0
multi_turn_ultra_long,3,prefill,82.45290111662172,82.77726572684038,82.45290111662172,212480,214528,214528,6.74496512,6.809976832,6.809976832,312.0,101.201758388224,47.97063656701148,20.994820697020963,0.3243646102186667,2048,101201758388224.0,15559976832.0,6809976832.0
multi_turn_ultra_long,3,prefill,82.77726572684038,83.10419079833167,82.77726572684038,214528,216576,216576,6.809976832,6.874988544,6.874988544,312.0,102.00062230528,47.79379101372061,21.029248422702672,0.326925071491282,2048,102000622305280.0,15624988544.0,6874988544.0
multi_turn_ultra_long,3,prefill,83.10419079833167,83.43367633109557,83.10419079833167,216576,218624,218624,6.874988544,6.940000256,6.940000256,312.0,102.799486222336,47.61969402536145,21.063141066570175,0.3294855327638974,2048,102799486222336.0,15690000256.0,6940000256.0
multi_turn_ultra_long,3,prefill,83.43367633109557,83.76572232513209,83.43367633109557,218624,220672,220672,6.940000256,7.005011968,7.005011968,312.0,103.598350139392,47.44828201802528,21.096511006935103,0.3320459940365128,2048,103598350139392.0,15755011968.0,7005011968.0
multi_turn_ultra_long,3,prefill,83.76572232513209,84.10032878044122,83.76572232513209,220672,222720,222720,7.005011968,7.07002368,7.07002368,312.0,104.397214056448,47.27949335401966,21.129370243225928,0.3346064553091282,2048,104397214056448.0,15820023680.0,7070023680.0
multi_turn_ultra_long,3,prefill,84.10032878044122,84.43749569702295,84.10032878044122,222720,224768,224768,7.07002368,7.135035392,7.135035392,312.0,105.196077973504,47.113268267970156,21.161730410374247,0.3371669165817436,2048,105196077973504.0,15885035392.0,7135035392.0
multi_turn_ultra_long,3,prefill,84.43749569702295,84.77722307487731,84.43749569702295,224768,226816,226816,7.135035392,7.200047104,7.200047104,312.0,105.99494189056,46.94954879626387,21.193602792550497,0.33972737785435897,2048,105994941890560.0,15950047104.0,7200047104.0
multi_turn_ultra_long,3,prefill,84.77722307487731,85.11951091400428,84.77722307487731,226816,228864,228864,7.200047104,7.265058816,7.265058816,312.0,106.793805807616,46.788278709659586,21.224998336283193,0.34228783912697436,2048,106793805807616.0,16015058816.0,7265058816.0
multi_turn_ultra_long,3,prefill,85.11951091400428,85.46435921440387,85.11951091400428,228864,230912,230912,7.265058816,7.330070528,7.330070528,312.0,107.592669724672,46.62940344890019,21.2559276629937,0.34484830039958975,2048,107592669724672.0,16080070528.0,7330070528.0
multi_turn_ultra_long,3,prefill,85.46435921440387,85.81176797607607,85.46435921440387,230912,232960,232960,7.330070528,7.39508224,7.39508224,312.0,108.391533641728,46.47287006317235,21.286401080976688,0.34740876167220514,2048,108391533641728.0,16145082240.0,7395082240.0
multi_turn_ultra_long,3,prefill,85.81176797607607,86.16173719902089,85.81176797607607,232960,235008,235008,7.39508224,7.460093952,7.460093952,312.0,109.190397558784,46.318627151267634,21.316428596854728,0.3499692229448205,2048,109190397558784.0,16210093952.0,7460093952.0
multi_turn_ultra_long,3,prefill,86.16173719902089,86.51426688323832,86.16173719902089,235008,237056,237056,7.460093952,7.525105664,7.525105664,312.0,109.98926147584,46.16662480530779,21.346019926533646,0.3525296842174359,2048,109989261475840.0,16275105664.0,7525105664.0
multi_turn_ultra_long,3,prefill,86.51426688323832,86.86935702872837,86.51426688323832,237056,239104,239104,7.525105664,7.590117376,7.590117376,312.0,110.788125392896,46.0168145569047,21.375184505683936,0.3550901454900513,2048,110788125392896.0,16340117376.0,7590117376.0
multi_turn_ultra_long,3,prefill,86.86935702872837,87.22700763549103,86.86935702872837,239104,241152,241152,7.590117376,7.655129088,7.655129088,312.0,111.586989309952,45.86914932563298,21.40393149977197,0.3576506067626667,2048,111586989309952.0,16405129088.0,7655129088.0
multi_turn_ultra_long,3,prefill,87.22700763549103,87.58721870352632,87.22700763549103,241152,243200,243200,7.655129088,7.7201408,7.7201408,312.0,112.385853227008,45.72358336970028,21.432269813663318,0.3602110680352821,2048,112385853227008.0,16470140800.0,7720140800.0
multi_turn_ultra_long,3,prefill,87.58721870352632,87.94999023283421,87.58721870352632,243200,245248,245248,7.7201408,7.785152512,7.785152512,312.0,113.184717144064,45.580072238706514,21.46020810081945,0.3627715293078974,2048,113184717144064.0,16535152512.0,7785152512.0
multi_turn_ultra_long,3,prefill,87.94999023283421,88.31532222341473,87.94999023283421,245248,247296,247296,7.785152512,7.850164224,7.850164224,312.0,113.98358106112,45.43857272838967,21.487754772107646,0.3653319905805128,2048,113983581061120.0,16600164224.0,7850164224.0
multi_turn_ultra_long,3,prefill,88.31532222341473,88.68321467526785,88.31532222341473,247296,249344,249344,7.850164224,7.915175936,7.915175936,312.0,114.782444978176,45.29904283726145,21.514918004243086,0.3678924518531282,2048,114782444978176.0,16665175936.0,7915175936.0
multi_turn_ultra_long,3,prefill,88.68321467526785,89.0536675883936,88.68321467526785,249344,251392,251392,7.915175936,7.980187648,7.980187648,312.0,115.581308895232,45.16144172504115,21.54170574788075,0.3704529131257436,2048,115581308895232.0,16730187648.0,7980187648.0
multi_turn_ultra_long,3,prefill,89.0536675883936,89.42668096279195,89.0536675883936,251392,253440,253440,7.980187648,8.04519936,8.04519936,312.0,116.380172812288,45.02572967280148,21.568125735374153,0.37301337439835897,2048,116380172812288.0,16795199360.0,8045199360.0
multi_turn_ultra_long,3,prefill,89.42668096279195,89.80225479846293,89.42668096279195,253440,255488,255488,8.04519936,8.110211072,8.110211072,312.0,117.179036729344,44.891868044744676,21.5941854882166,0.37557383567097435,2048,117179036729344.0,16860211072.0,8110211072.0
multi_turn_ultra_long,3,prefill,89.80225479846293,90.18038909540651,89.80225479846293,255488,257536,257536,8.110211072,8.175222784,8.175222784,312.0,117.9779006464,44.759819251531454,21.61989232418022,0.37813429694358974,2048,117977900646400.0,16925222784.0,8175222784.0
multi_turn_ultra_long,3,prefill,90.18038909540651,90.56108385362272,90.18038909540651,257536,259584,259584,8.175222784,8.240234496,8.240234496,312.0,118.776764563456,44.62954671508995,21.64525336416685,0.38069475821620513,2048,118776764563456.0,16990234496.0,8240234496.0
multi_turn_ultra_long,3,prefill,90.56108385362272,90.65665761525062,90.56108385362272,259584,260096,260096,8.240234496,8.256487424,8.256487424,312.0,29.819013627904,177.94096553625556,86.38864143639584,0.09557376162789744,512,29819013627904.0,17006487424.0,8256487424.0
multi_turn_ultra_long,3,decode,90.65665761525062,93.07564924717951,90.65665761525062,260096,260224,260224,8.256487424,8.260550656,8.260550656,3.0849757124101433,7.462530433024,900.0,436.9971581477035,2.418991631928889,128,7462530433024.0,2177092468736.0,1057092468736.0
multi_turn_ultra_long,3,decode,93.07564924717951,95.49521876099284,93.07564924717951,260224,260352,260352,8.260550656,8.264613888,8.264613888,3.085528625062667,7.4656509952,900.0,437.1077401967933,2.4195695138133333,128,7465650995200.0,2177612562432.0,1057612562432.0
multi_turn_ultra_long,3,decode,95.49521876099284,97.91536615669062,95.49521876099284,260352,260480,260480,8.264613888,8.26867712,8.26867712,3.08608127366664,7.468771557376,900.0,437.21826943640303,2.4201473956977777,128,7468771557376.0,2178132656128.0,1058132656128.0
multi_turn_ultra_long,3,decode,97.91536615669062,100.33609143427284,97.91536615669062,260480,260608,260608,8.26867712,8.272740352,8.272740352,3.086633658411166,7.471892119552,900.0,437.328745904353,2.420725277582222,128,7471892119552.0,2178652749824.0,1058652749824.0
multi_turn_ultra_long,3,decode,100.33609143427284,102.7573945937395,100.33609143427284,260608,260736,260736,8.272740352,8.276803584,8.276803584,3.0871857794851674,7.475012681728,900.0,437.4391696384277,2.4213031594666665,128,7475012681728.0,2179172843520.0,1059172843520.0
multi_turn_ultra_long,3,decode,102.7573945937395,105.17927563509062,102.7573945937395,260736,260864,260864,8.276803584,8.280866816,8.280866816,3.0877376370773866,7.478133243904,900.0000000000001,437.5495406763752,2.421881041351111,128,7478133243904.0,2179692937216.0,1059692937216.0
multi_turn_ultra_long,3,decode,105.17927563509062,107.60173455832617,105.17927563509062,260864,260992,260992,8.280866816,8.284930048,8.284930048,3.0882892313763857,7.48125380608,900.0000000000001,437.6598590559081,2.4224589232355553,128,7481253806080.0,2180213030912.0,1060213030912.0
multi_turn_ultra_long,3,decode,107.60173455832617,110.02477136344618,107.60173455832617,260992,261120,261120,8.284930048,8.28899328,8.28899328,3.088840562570546,7.484374368256,899.9999999999999,437.77012481470234,2.42303680512,128,7484374368256.0,2180733124608.0,1060733124608.0
multi_turn_ultra_long,3,decode,110.02477136344618,112.44838605045062,110.02477136344618,261120,261248,261248,8.28899328,8.293056512,8.293056512,3.0893916308480716,7.487494930432,900.0,437.8803379903985,2.4236146870044446,128,7487494930432.0,2181253218304.0,1061253218304.0
multi_turn_ultra_long,3,decode,112.44838605045062,114.8725786193395,112.44838605045062,261248,261376,261376,8.293056512,8.297119744,8.297119744,3.0899424363969854,7.490615492608,900.0,437.99049862060093,2.424192568888889,128,7490615492608.0,2181773312000.0,1061773312000.0
multi_turn_ultra_long,3,decode,114.8725786193395,117.29734907011284,114.8725786193395,261376,261504,261504,8.297119744,8.301182976,8.301182976,3.0904929794051306,7.493736054784,900.0,438.10060674287837,2.4247704507733334,128,7493736054784.0,2182293405696.0,1062293405696.0
multi_turn_ultra_long,3,decode,117.29734907011284,119.72269740277062,117.29734907011284,261504,261632,261632,8.301182976,8.305246208,8.305246208,3.091043260060172,7.49685661696,900.0,438.2106623947635,2.425348332657778,128,7496856616960.0,2182813499392.0,1062813499392.0
multi_turn_ultra_long,3,decode,119.72269740277062,122.14862361731284,119.72269740277062,261632,261760,261760,8.305246208,8.30930944,8.30930944,3.0915932785495963,7.499977179136,900.0,438.3206656137534,2.4259262145422222,128,7499977179136.0,2183333593088.0,1063333593088.0
multi_turn_ultra_long,3,decode,122.14862361731284,124.5751277137395,122.14862361731284,261760,261888,261888,8.30930944,8.313372672,8.313372672,3.0921430350607104,7.503097741312,900.0,438.4306164373094,2.4265040964266666,128,7503097741312.0,2183853686784.0,1063853686784.0
multi_turn_ultra_long,3,decode,124.5751277137395,127.00220969205061,124.5751277137395,261888,262016,262016,8.313372672,8.317435904,8.317435904,3.0926925297806442,7.506218303488,900.0,438.54051490285724,2.427081978311111,128,7506218303488.0,2184373780480.0,1064373780480.0
multi_turn_ultra_long,3,decode,127.00220969205061,129.42986955224617,127.00220969205061,262016,262144,262144,8.317435904,8.321499136,8.321499136,3.0932417628963473,7.509338865664,900.0,438.6503610477868,2.4276598601955555,128,7509338865664.0,2184893874176.0,1064893874176.0
multi_turn_ultra_long,4,prefill,129.42986955224617,129.81632534832576,129.42986955224617,262144,264192,264192,8.321499136,8.386510848,8.386510848,312.0,120.574208376832,44.342745074188954,21.701086988672866,0.38645579607958974,2048,120574208376832.0,17136510848.0,8386510848.0
multi_turn_ultra_long,4,prefill,129.81632534832576,130.20534160567797,129.81632534832576,264192,266240,266240,8.386510848,8.45152256,8.45152256,312.0,121.373072293888,44.21800435046136,21.725371113084904,0.38901625735220513,2048,121373072293888.0,17201522560.0,8451522560.0
multi_turn_ultra_long,4,prefill,130.20534160567797,130.5969183243028,130.20534160567797,266240,268288,268288,8.45152256,8.516534272,8.516534272,312.0,122.171936210944,44.09489494839835,21.749337657022213,0.3915767186248205,2048,122171936210944.0,17266534272.0,8516534272.0
multi_turn_ultra_long,4,prefill,130.5969183243028,130.99105550420023,130.5969183243028,268288,270336,270336,8.516534272,8.581545984,8.581545984,312.0,122.970800128,43.973385074988585,21.77299280984638,0.3941371798974359,2048,122970800128000.0,17331545984.0,8581545984.0
multi_turn_ultra_long,4,prefill,130.99105550420023,131.38775314537028,130.99105550420023,270336,272384,272384,8.581545984,8.646557696,8.646557696,312.0,123.769664045056,43.853443758045096,21.79634260112352,0.3966976411700513,2048,123769664045056.0,17396557696.0,8646557696.0
multi_turn_ultra_long,4,prefill,131.38775314537028,131.78701124781296,131.38775314537028,272384,274432,274432,8.646557696,8.711569408,8.711569408,312.0,124.568527962112,43.73504081988536,21.819392905748177,0.3992581024426667,2048,124568527962112.0,17461569408.0,8711569408.0
multi_turn_ultra_long,4,prefill,131.78701124781296,132.18882981152825,131.78701124781296,274432,276480,276480,8.711569408,8.77658112,8.77658112,312.0,125.367391879168,43.618146852017695,21.842149448871286,0.4018185637152821,2048,125367391879168.0,17526581120.0,8776581120.0
multi_turn_ultra_long,4,prefill,132.18882981152825,132.59320883651614,132.18882981152825,276480,278528,278528,8.77658112,8.841592832,8.841592832,312.0,126.166255796224,43.50273319078924,21.864617810640937,0.40437902498789746,2048,126166255796224.0,17591592832.0,8841592832.0
multi_turn_ultra_long,4,prefill,132.59320883651614,133.00014832277665,132.59320883651614,278528,280576,280576,8.841592832,8.906604544,8.906604544,312.0,126.96511971328,43.38877189395347,21.886803430764168,0.4069394862605128,2048,126965119713280.0,17656604544.0,8906604544.0
multi_turn_ultra_long,4,prefill,133.00014832277665,133.4096482703098,133.00014832277665,280576,282624,282624,8.906604544,8.971616256,8.971616256,312.0,127.763983630336,43.27623571811652,21.90871161289759,0.4094999475331282,2048,127763983630336.0,17721616256.0,8971616256.0
multi_turn_ultra_long,4,prefill,133.4096482703098,133.82170867911555,133.4096482703098,282624,284672,284672,8.971616256,9.036627968,9.036627968,312.0,128.562847547392,43.165098097024654,21.930347528874368,0.41206040880574357,2048,128562847547392.0,17786627968.0,9036627968.0
multi_turn_ultra_long,4,prefill,133.82170867911555,134.2363295491939,133.82170867911555,284672,286720,286720,9.036627968,9.10163968,9.10163968,312.0,129.361711464448,43.05533312065606,21.95171622277452,0.41462087007835896,2048,129361711464448.0,17851639680.0,9101639680.0
multi_turn_ultra_long,4,prefill,134.2363295491939,134.65351088054487,134.2363295491939,286720,288768,288768,9.10163968,9.166651392,9.166651392,312.0,130.160575381504,42.94691551508266,21.9728226148454,0.41718133135097435,2048,130160575381504.0,17916651392.0,9166651392.0
multi_turn_ultra_long,4,prefill,134.65351088054487,135.07325267316847,134.65351088054487,288768,290816,290816,9.166651392,9.231663104,9.231663104,312.0,130.95943929856,42.83982062306897,21.993671505278588,0.41974179262358974,2048,130959439298560.0,17981663104.0,9231663104.0
multi_turn_ultra_long,4,prefill,135.07325267316847,135.49555492706466,135.07325267316847,290816,292864,292864,9.231663104,9.296674816,9.296674816,312.0,131.758303215616,42.73402438537676,22.01426757784951,0.4223022538962051,2048,131758303215616.0,18046674816.0,9296674816.0
multi_turn_ultra_long,4,prefill,135.49555492706466,135.92041764223347,135.49555492706466,292864,294912,294912,9.296674816,9.361686528,9.361686528,312.0,132.557167132672,42.62950332274571,22.034615403425327,0.4248627151688205,2048,132557167132672.0,18111686528.0,9361686528.0
multi_turn_ultra_long,4,prefill,135.92041764223347,136.3478408186749,135.92041764223347,294912,296960,296960,9.361686528,9.42669824,9.42669824,312.0,133.356031049728,42.52623451852175,22.054719443346833,0.4274231764414359,2048,133356031049728.0,18176698240.0,9426698240.0
multi_turn_ultra_long,4,prefill,136.3478408186749,136.77782445638897,136.3478408186749,296960,299008,299008,9.42669824,9.491709952,9.491709952,312.0,134.154894966784,42.42419560190601,22.07458405268946,0.4299836377140513,2048,134154894966784.0,18241709952.0,9491709952.0
multi_turn_ultra_long,4,prefill,136.77782445638897,137.21036855537562,136.77782445638897,299008,301056,301056,9.491709952,9.556721664,9.556721664,312.0,134.95375888384,42.323364731798854,22.09421348340852,0.4325440989866667,2048,134953758883840.0,18306721664.0,9556721664.0
multi_turn_ultra_long,4,prefill,137.21036855537562,137.6454731156349,137.21036855537562,301056,303104,303104,9.556721664,9.621733376,9.621733376,312.0,135.752622800896,42.223720581214195,22.113611887373317,0.43510456025928207,2048,135752622800896.0,18371733376.0,9621733376.0
multi_turn_ultra_long,4,prefill,137.6454731156349,138.0831381371668,137.6454731156349,303104,305152,305152,9.621733376,9.686745088,9.686745088,312.0,136.551486717952,42.12524232224099,22.132783319294845,0.43766502153189746,2048,136551486717952.0,18436745088.0,9686745088.0
multi_turn_ultra_long,4,prefill,138.0831381371668,138.52336361997132,138.0831381371668,305152,307200,307200,9.686745088,9.7517568,9.7517568,312.0,137.350350635008,42.0279096115295,22.151731739551252,0.44022548280451285,2048,137350350635008.0,18501756800.0,9751756800.0
multi_turn_ultra_long,4,prefill,138.52336361997132,138.96614956404844,138.52336361997132,307200,309248,309248,9.7517568,9.816768512,9.816768512,312.0,138.149214552064,41.93170257628116,22.17046101691528,0.4427859440771282,2048,138149214552064.0,18566768512.0,9816768512.0
multi_turn_ultra_long,4,prefill,138.96614956404844,139.41149596939817,138.96614956404844,309248,311296,311296,9.816768512,9.881780224,9.881780224,312.0,138.94807846912,41.83660180072166,22.188974931187666,0.44534640534974357,2048,138948078469120.0,18631780224.0,9881780224.0
multi_turn_ultra_long,4,prefill,139.41149596939817,139.85940283602054,139.41149596939817,311296,313344,313344,9.881780224,9.946791936,9.946791936,312.0,139.746942386176,41.74258831303811,22.20727717574015,0.44790686662235896,2048,139746942386176.0,18696791936.0,9946791936.0
multi_turn_ultra_long,4,prefill,139.85940283602054,140.30987016391552,139.85940283602054,313344,315392,315392,9.946791936,10.011803648,10.011803648,312.0,140.545806303232,41.649643572761576,22.225371359971824,0.45046732789497435,2048,140545806303232.0,18761803648.0,10011803648.0
multi_turn_ultra_long,4,prefill,140.30987016391552,140.7628979530831,140.30987016391552,315392,317440,317440,10.011803648,10.07681536,10.07681536,312.0,141.344670220288,41.557749458577575,22.24326101168213,0.45302778916758973,2048,141344670220288.0,18826815360.0,10076815360.0
multi_turn_ultra_long,4,prefill,140.7628979530831,141.2184862035233,140.7628979530831,317440,319488,319488,10.07681536,10.141827072,10.141827072,312.0,142.143534137344,41.466888256547584,22.260949579363857,0.4555882504402051,2048,142143534137344.0,18891827072.0,10141827072.0
multi_turn_ultra_long,4,prefill,141.2184862035233,141.67663491523612,141.2184862035233,319488,321536,321536,10.141827072,10.206838784,10.206838784,312.0,142.9423980544,41.37704264872546,22.278440434419274,0.4581487117128205,2048,142942398054400.0,18956838784.0,10206838784.0
multi_turn_ultra_long,4,prefill,141.67663491523612,142.13734408822157,141.67663491523612,321536,323584,323584,10.206838784,10.271850496,10.271850496,312.0,143.741261971456,41.28819570215357,22.295736873302317,0.4607091729854359,2048,143741261971456.0,19021850496.0,10271850496.0
multi_turn_ultra_long,4,prefill,142.13734408822157,142.6006137224796,142.13734408822157,323584,325632,325632,10.271850496,10.336862208,10.336862208,312.0,144.540125888512,41.2003308582237,22.31284211958978,0.4632696342580513,2048,144540125888512.0,19086862208.0,10336862208.0
multi_turn_ultra_long,4,prefill,142.6006137224796,142.71683120311798,142.6006137224796,325632,326144,326144,10.336862208,10.353115136,10.353115136,312.0,36.259853959168,164.37385349493445,89.08397496772814,0.11621748063835897,512,36259853959168.0,19103115136.0,10353115136.0
multi_turn_ultra_long,4,decode,142.71683120311798,145.4340098874202,142.71683120311798,326144,326272,326272,10.353115136,10.357178368,10.357178368,3.339029769464683,9.07274051584,900.0,487.8077483565942,2.717178684302222,128,9072740515840.0,2445460815872.0,1325460815872.0
multi_turn_ultra_long,4,decode,145.4340098874202,148.15176645360685,145.4340098874202,326272,326400,326400,10.357178368,10.3612416,10.3612416,3.3394679975883585,9.075861078016,900.0,487.89539359976885,2.7177565661866665,128,9075861078016.0,2445980909568.0,1325980909568.0
multi_turn_ultra_long,4,decode,148.15176645360685,150.87010090167797,148.15176645360685,326400,326528,326528,10.3612416,10.365304832,10.365304832,3.339906039389049,9.078981640192,900.0000000000001,487.9830015785089,2.718334448071111,128,9078981640192.0,2446501003264.0,1326501003264.0
multi_turn_ultra_long,4,decode,150.87010090167797,153.58901323163352,150.87010090167797,326528,326656,326656,10.365304832,10.369368064,10.369368064,3.340343894985558,9.082102202368,899.9999999999999,488.07057231657484,2.7189123299555558,128,9082102202368.0,2447021096960.0,1327021096960.0
multi_turn_ultra_long,4,decode,153.58901323163352,156.3085034434735,153.58901323163352,326656,326784,326784,10.369368064,10.373431296,10.373431296,3.34078156449659,9.085222764544,900.0,488.15810583770735,2.71949021184,128,9085222764544.0,2447541190656.0,1327541190656.0
multi_turn_ultra_long,4,decode,156.3085034434735,159.02857153719796,156.3085034434735,326784,326912,326912,10.373431296,10.377494528,10.377494528,3.3412190480407475,9.08834332672,900.0,488.2456021656268,2.7200680937244446,128,9088343326720.0,2448061284352.0,1328061284352.0
multi_turn_ultra_long,4,decode,159.02857153719796,161.74921751280687,159.02857153719796,326912,327040,327040,10.377494528,10.38155776,10.38155776,3.3416563457365314,9.091463888896,900.0,488.33306132403334,2.720645975608889,128,9091463888896.0,2448581378048.0,1328581378048.0
multi_turn_ultra_long,4,decode,161.74921751280687,164.4704413703002,161.74921751280687,327040,327168,327168,10.38155776,10.385620992,10.385620992,3.3420934577023425,9.094584451072,900.0,488.420483336607,2.7212238574933334,128,9094584451072.0,2449101471744.0,1329101471744.0
multi_turn_ultra_long,4,decode,164.4704413703002,167.19224310967797,164.4704413703002,327168,327296,327296,10.385620992,10.389684224,10.389684224,3.3425303840564804,9.097705013248,900.0,488.50786822700775,2.721801739377778,128,9097705013248.0,2449621565440.0,1329621565440.0
multi_turn_ultra_long,4,decode,167.19224310967797,169.9146227309402,167.19224310967797,327296,327424,327424,10.389684224,10.393747456,10.393747456,3.342967124917146,9.100825575424,900.0,488.59521601887553,2.722379621262222,128,9100825575424.0,2450141659136.0,1330141659136.0
multi_turn_ultra_long,4,decode,169.9146227309402,172.63758023408687,169.9146227309402,327424,327552,327552,10.393747456,10.397810688,10.397810688,3.3434036804024383,9.1039461376,900.0,488.6825267358301,2.7229575031466666,128,9103946137600.0,2450661752832.0,1330661752832.0
multi_turn_ultra_long,4,decode,172.63758023408687,175.36111561911798,172.63758023408687,327552,327680,327680,10.397810688,10.40187392,10.40187392,3.3438400506303574,9.107066699776,900.0,488.7698004014711,2.723535385031111,128,9107066699776.0,2451181846528.0,1331181846528.0
multi_turn_ultra_long,4,decode,175.36111561911798,178.08522888603355,175.36111561911798,327680,327808,327808,10.40187392,10.405937152,10.405937152,3.344276235718801,9.110187261952,900.0,488.8570370393785,2.7241132669155554,128,9110187261952.0,2451701940224.0,1331701940224.0
multi_turn_ultra_long,4,decode,178.08522888603355,180.80992003483354,178.08522888603355,327808,327936,327936,10.405937152,10.410000384,10.410000384,3.3447122357855696,9.113307824128,900.0,488.9442366731118,2.7246911488,128,9113307824128.0,2452222033920.0,1332222033920.0
multi_turn_ultra_long,4,decode,180.80992003483354,183.53518906551798,180.80992003483354,327936,328064,328064,10.410000384,10.414063616,10.414063616,3.345148050948362,9.116428386304,900.0,489.0313993262108,2.7252690306844443,128,9116428386304.0,2452742127616.0,1332742127616.0
multi_turn_ultra_long,4,decode,183.53518906551798,186.26103597808688,183.53518906551798,328064,328192,328192,10.414063616,10.418126848,10.418126848,3.345583681324777,9.11954894848,900.0000000000001,489.1185250221954,2.7258469125688887,128,9119548948480.0,2453262221312.0,1333262221312.0
multi_turn_ultra_long,5,prefill,186.26103597808688,186.73006665020833,186.26103597808688,328192,330240,330240,10.418126848,10.48313856,10.48313856,312.0,146.337569701888,41.00614246187376,22.350646094389813,0.4690306721214359,2048,146337569701888.0,19233138560.0,10483138560.0
multi_turn_ultra_long,5,prefill,186.73006665020833,187.20165778360237,186.73006665020833,330240,332288,332288,10.48313856,10.548150272,10.548150272,312.0,147.136433618944,40.92135942656684,22.36715138404902,0.4715911333940513,2048,147136433618944.0,19298150272.0,10548150272.0
multi_turn_ultra_long,5,prefill,187.20165778360237,187.67580937826904,187.20165778360237,332288,334336,334336,10.548150272,10.613161984,10.613161984,312.0,147.935297536,40.83749206329781,22.383478413609804,0.4741515946666667,2048,147935297536000.0,19363161984.0,10613161984.0
multi_turn_ultra_long,5,prefill,187.67580937826904,188.15252143420832,187.67580937826904,334336,336384,336384,10.613161984,10.678173696,10.678173696,312.0,148.734161453056,40.7545256176079,22.399630055422932,0.47671205593928206,2048,148734161453056.0,19428173696.0,10678173696.0
multi_turn_ultra_long,5,prefill,188.15252143420832,188.63179395142024,188.15252143420832,336384,338432,338432,10.678173696,10.743185408,10.743185408,312.0,149.533025370112,40.672445650334694,22.415609120458267,0.47927251721189745,2048,149533025370112.0,19493185408.0,10743185408.0
multi_turn_ultra_long,5,prefill,188.63179395142024,189.11362692990474,188.63179395142024,338432,340480,340480,10.743185408,10.80819712,10.80819712,312.0,150.331889287168,40.59123802923473,22.43141835993569,0.48183297848451284,2048,150331889287168.0,19558197120.0,10808197120.0
multi_turn_ultra_long,5,prefill,189.11362692990474,189.59802036966187,189.11362692990474,340480,342528,342528,10.80819712,10.873208832,10.873208832,312.0,151.130753204224,40.51088892087174,22.447060466904254,0.48439343975712823,2048,151130753204224.0,19623208832.0,10873208832.0
multi_turn_ultra_long,5,prefill,189.59802036966187,190.08497427069162,189.59802036966187,342528,344576,344576,10.873208832,10.938220544,10.938220544,312.0,151.92961712128,40.43138478276084,22.462538077771523,0.48695390102974356,2048,151929617121280.0,19688220544.0,10938220544.0
multi_turn_ultra_long,5,prefill,190.08497427069162,190.574488632994,190.08497427069162,344576,346624,346624,10.938220544,11.003232256,11.003232256,312.0,152.728481038336,40.35271235575923,22.477853773784922,0.48951436230235895,2048,152728481038336.0,19753232256.0,11003232256.0
multi_turn_ultra_long,5,prefill,190.574488632994,191.06656345656896,190.574488632994,346624,348672,348672,11.003232256,11.068243968,11.068243968,312.0,153.527344955392,40.27485865669455,22.49301008246686,0.49207482357497434,2048,153527344955392.0,19818243968.0,11068243968.0
multi_turn_ultra_long,5,prefill,191.06656345656896,191.56119874141655,191.06656345656896,348672,350720,350720,11.068243968,11.13325568,11.13325568,312.0,154.326208872448,40.197810971222076,22.508009479005228,0.49463528484758973,2048,154326208872448.0,19883255680.0,11133255680.0
multi_turn_ultra_long,5,prefill,191.56119874141655,192.05839448753676,191.56119874141655,350720,352768,352768,11.13325568,11.198267392,11.198267392,312.0,155.125072789504,40.12155684690267,22.522854387600972,0.4971957461202051,2048,155125072789504.0,19948267392.0,11198267392.0
multi_turn_ultra_long,5,prefill,192.05839448753676,192.55815069492957,192.05839448753676,352768,354816,354816,11.198267392,11.263279104,11.263279104,312.0,155.92393670656,40.04608408649355,22.53754718277424,0.4997562073928205,2048,155923936706560.0,20013279104.0,11263279104.0
multi_turn_ultra_long,5,prefill,192.55815069492957,193.060467363595,192.55815069492957,354816,356864,356864,11.263279104,11.328290816,11.328290816,312.0,156.722800623616,39.97138074144418,22.552090190630565,0.5023166686654359,2048,156722800623616.0,20078290816.0,11328290816.0
multi_turn_ultra_long,5,prefill,193.060467363595,193.56534449353305,193.060467363595,356864,358912,358912,11.328290816,11.393302528,11.393302528,312.00000000000006,157.521664540672,39.89743510559014,22.566485690088527,0.5048771299380512,2048,157521664540672.0,20143302528.0,11393302528.0
multi_turn_ultra_long,5,prefill,193.56534449353305,194.07278208474372,193.56534449353305,358912,360960,360960,11.393302528,11.45831424,11.45831424,312.0,158.320528457728,39.824235709037886,22.580735914070253,0.5074375912106667,2048,158320528457728.0,20208314240.0,11458314240.0
multi_turn_ultra_long,5,prefill,194.07278208474372,194.582780137227,194.07278208474372,360960,363008,363008,11.45831424,11.523325952,11.523325952,312.0,159.119392374784,39.75177131223373,22.594843050656046,0.509998052483282,2048,159119392374784.0,20273325952.0,11523325952.0
multi_turn_ultra_long,5,prefill,194.582780137227,195.09533865098288,194.582780137227,363008,365056,365056,11.523325952,11.588337664,11.588337664,312.0,159.91825629184,39.68003090021054,22.608809244204394,0.5125585137558974,2048,159918256291840.0,20338337664.0,11588337664.0
multi_turn_ultra_long,5,prefill,195.09533865098288,195.6104576260114,195.09533865098288,365056,367104,367104,11.588337664,11.653349376,11.653349376,312.0,160.717120208896,39.60900367700615,22.62263659643865,0.5151189750285128,2048,160717120208896.0,20403349376.0,11653349376.0
multi_turn_ultra_long,5,prefill,195.6104576260114,196.12813706231253,195.6104576260114,367104,369152,369152,11.653349376,11.718361088,11.718361088,312.0,161.515984125952,39.53867906024721,22.636327167501324,0.5176794363011282,2048,161515984125952.0,20468361088.0,11718361088.0
multi_turn_ultra_long,5,prefill,196.12813706231253,196.64837695988626,196.12813706231253,369152,371200,371200,11.718361088,11.7833728,11.7833728,312.0,162.314848043008,39.46904667589323,22.6498829769774,0.5202398975737436,2048,162314848043008.0,20533372800.0,11783372800.0
multi_turn_ultra_long,5,prefill,196.64837695988626,197.17117731873262,196.64837695988626,371200,373248,373248,11.7833728,11.848384512,11.848384512,312.0,163.113711960064,39.40009635313481,22.66330600488745,0.522800358846359,2048,163113711960064.0,20598384512.0,11848384512.0
multi_turn_ultra_long,5,prefill,197.17117731873262,197.6965381388516,197.17117731873262,373248,375296,375296,11.848384512,11.913396224,11.913396224,312.0,163.91257587712,39.331818119441266,22.6765981926518,0.5253608201189743,2048,163912575877120.0,20663396224.0,11913396224.0
multi_turn_ultra_long,5,prefill,197.6965381388516,198.2244594202432,197.6965381388516,375296,377344,377344,11.913396224,11.978407936,11.978407936,312.0,164.711439794176,39.26420219575225,22.689761444026576,0.5279212813915898,2048,164711439794176.0,20728407936.0,11978407936.0
multi_turn_ultra_long,5,prefill,198.2244594202432,198.7549411629074,198.2244594202432,377344,379392,379392,11.978407936,12.043419648,12.043419648,312.0,165.510303711232,39.19723899180868,22.702797626012707,0.5304817426642051,2048,165510303711232.0,20793419648.0,12043419648.0
multi_turn_ultra_long,5,prefill,198.7549411629074,199.2879833668442,198.7549411629074,379392,381440,381440,12.043419648,12.10843136,12.10843136,312.0,166.309167628288,39.13091910161821,22.715708569738627,0.5330422039368206,2048,166309167628288.0,20858431360.0,12108431360.0
multi_turn_ultra_long,5,prefill,199.2879833668442,199.82358603205364,199.2879833668442,381440,383488,383488,12.10843136,12.173443072,12.173443072,312.0,167.108031545344,39.065233299050774,22.72849607131779,0.5356026652094359,2048,167108031545344.0,20923443072.0,12173443072.0
multi_turn_ultra_long,5,prefill,199.82358603205364,200.3617491585357,199.82358603205364,383488,385536,385536,12.173443072,12.238454784,12.238454784,312.0,167.9068954624,39.00017253355986,22.741161892681575,0.5381631264820513,2048,167906895462400.0,20988454784.0,12238454784.0
multi_turn_ultra_long,5,prefill,200.3617491585357,200.90247274629036,200.3617491585357,385536,387584,387584,12.238454784,12.303466496,12.303466496,312.0,168.705759379456,38.93572792602536,22.753707762388654,0.5407235877546667,2048,168705759379456.0,21053466496.0,12303466496.0
multi_turn_ultra_long,5,prefill,200.90247274629036,201.44575679531764,200.90247274629036,387584,389632,389632,12.303466496,12.368478208,12.368478208,312.0,169.504623296512,38.871890764713946,22.76613537641134,0.543284049027282,2048,169504623296512.0,21118478208.0,12368478208.0
multi_turn_ultra_long,5,prefill,201.44575679531764,201.99160130561754,201.44575679531764,389632,391680,391680,12.368478208,12.43348992,12.43348992,312.0,170.303487213568,38.80865250135315,22.77844639889994,0.5458445102998974,2048,170303487213568.0,21183489920.0,12433489920.0
multi_turn_ultra_long,5,prefill,201.99160130561754,202.12846250526636,201.99160130561754,391680,392192,392192,12.43348992,12.449742848,12.449742848,312.0,42.700694290432,154.8995836833051,90.96619699334407,0.13686119964882051,512,42700694290432.0,21199742848.0,12449742848.0
multi_turn_ultra_long,5,decode,202.12846250526636,205.14382824194192,202.12846250526636,392192,392320,392320,12.449742848,12.45380608,12.45380608,3.542837430538017,10.682950598656,900.0,528.569103118217,3.0153657366755557,128,10682950598656.0,2713829163008.0,1593829163008.0
multi_turn_ultra_long,5,decode,205.14382824194192,208.1597718605019,205.14382824194192,392320,392448,392448,12.45380608,12.457869312,12.457869312,3.543193279566081,10.686071160832,900.0,528.640272613996,3.01594361856,128,10686071160832.0,2714349256704.0,1594349256704.0
multi_turn_ultra_long,5,decode,208.1597718605019,211.17629336094635,208.1597718605019,392448,392576,392576,12.457869312,12.461932544,12.461932544,3.54354899225253,10.689191723008,900.0,528.7114148415707,3.0165215004444446,128,10689191723008.0,2714869350400.0,1594869350400.0
multi_turn_ultra_long,5,decode,211.17629336094635,214.19339274327524,211.17629336094635,392576,392704,392704,12.461932544,12.465995776,12.465995776,3.543904568675706,10.692312285184,900.0,528.7825298166096,3.017099382328889,128,10692312285184.0,2715389444096.0,1595389444096.0
multi_turn_ultra_long,5,decode,214.19339274327524,217.2110700074886,214.19339274327524,392704,392832,392832,12.465995776,12.470059008,12.470059008,3.5442600089138927,10.69543284736,900.0,528.853617554769,3.0176772642133334,128,10695432847360.0,2715909537792.0,1595909537792.0
multi_turn_ultra_long,5,decode,217.2110700074886,220.22932515358636,217.2110700074886,392832,392960,392960,12.470059008,12.47412224,12.47412224,3.5446153130453126,10.698553409536,900.0,528.9246780716937,3.018255146097778,128,10698553409536.0,2716429631488.0,1596429631488.0
multi_turn_ultra_long,5,decode,220.22932515358636,223.24815818156858,220.22932515358636,392960,393088,393088,12.47412224,12.478185472,12.478185472,3.5449704811481286,10.701673971712,900.0,528.9957113830161,3.018833027982222,128,10701673971712.0,2716949725184.0,1596949725184.0
multi_turn_ultra_long,5,decode,223.24815818156858,226.26756909143526,223.24815818156858,393088,393216,393216,12.478185472,12.482248704,12.482248704,3.545325513300444,10.704794533888,900.0,529.0667175043566,3.0194109098666666,128,10704794533888.0,2717469818880.0,1597469818880.0
multi_turn_ultra_long,5,decode,226.26756909143526,229.28755788318637,226.26756909143526,393216,393344,393344,12.482248704,12.486311936,12.486311936,3.5456804095803016,10.707915096064,900.0,529.137696451324,3.019988791751111,128,10707915096064.0,2717989912576.0,1597989912576.0
multi_turn_ultra_long,5,decode,229.28755788318637,232.30812455682192,229.28755788318637,393344,393472,393472,12.486311936,12.490375168,12.490375168,3.5460351700656862,10.71103565824,900.0,529.2086482395148,3.0205666736355554,128,10711035658240.0,2718510006272.0,1598510006272.0
multi_turn_ultra_long,5,decode,232.30812455682192,235.32926911234193,232.30812455682192,393472,393600,393600,12.490375168,12.4944384,12.4944384,3.54638979483452,10.714156220416,900.0,529.2795728845139,3.02114455552,128,10714156220416.0,2719030099968.0,1599030099968.0
multi_turn_ultra_long,5,decode,235.32926911234193,238.35099154974637,235.32926911234193,393600,393728,393728,12.4944384,12.498501632,12.498501632,3.546744283964669,10.717276782592,900.0000000000001,529.350470401894,3.0217224374044442,128,10717276782592.0,2719550193664.0,1599550193664.0
multi_turn_ultra_long,5,decode,238.35099154974637,241.37329186903526,238.35099154974637,393728,393856,393856,12.498501632,12.502564864,12.502564864,3.5470986375339364,10.720397344768,900.0,529.4213408072158,3.022300319288889,128,10720397344768.0,2720070287360.0,1600070287360.0
multi_turn_ultra_long,5,decode,241.37329186903526,244.3961700702086,241.37329186903526,393856,393984,393984,12.502564864,12.506628096,12.506628096,3.5474528556200693,10.723517906944,900.0,529.4921841160285,3.0228782011733335,128,10723517906944.0,2720590381056.0,1600590381056.0
multi_turn_ultra_long,5,decode,244.3961700702086,247.41962615326636,244.3961700702086,393984,394112,394112,12.506628096,12.510691328,12.510691328,3.547806938300752,10.72663846912,900.0,529.5630003438694,3.023456083057778,128,10726638469120.0,2721110474752.0,1601110474752.0
multi_turn_ultra_long,5,decode,247.41962615326636,250.44366011820858,247.41962615326636,394112,394240,394240,12.510691328,12.51475456,12.51475456,3.5481608856536124,10.729759031296,900.0,529.6337895062634,3.0240339649422223,128,10729759031296.0,2721630568448.0,1601630568448.0
few_turn_lower_accumulated_context,1,prefill,0.0,0.05871675318482051,0.0,0,2048,2048,0.0,0.065011712,0.065011712,312.0,18.319626993664,150.12771030191877,1.1072089050183869,0.05871675318482051,2048,18319626993664.0,8815011712.0,65011712.0
few_turn_lower_accumulated_context,1,prefill,0.05871675318482051,0.11999396764225641,0.05871675318482051,2048,4096,4096,0.065011712,0.130023424,0.130023424,312.0,19.11849091072,144.9155857136457,2.1218886196322826,0.0612772144574359,2048,19118490910720.0,8880023424.0,130023424.0
few_turn_lower_accumulated_context,1,prefill,0.11999396764225641,0.18383164337230767,0.11999396764225641,4096,6144,6144,0.130023424,0.195035136,0.195035136,312.0,19.917354827776,140.1215666720956,3.055172886067156,0.06383767573005128,2048,19917354827776.0,8945035136.0,195035136.0
few_turn_lower_accumulated_context,1,prefill,0.18383164337230767,0.25022978037497434,0.18383164337230767,6144,8192,8192,0.195035136,0.260046848,0.260046848,312.0,20.716218744832,135.69728391081426,3.9164780781357775,0.06639813700266667,2048,20716218744832.0,9010046848.0,260046848.0
few_turn_lower_accumulated_context,1,prefill,0.25022978037497434,0.3191883786502564,0.25022978037497434,8192,10240,10240,0.260046848,0.32505856,0.32505856,312.0,21.515082661888,131.6015520468159,4.713822034235228,0.06895859827528206,2048,21515082661888.0,9075058560.0,325058560.0
few_turn_lower_accumulated_context,1,prefill,0.3191883786502564,0.39070743819815384,0.3191883786502564,10240,12288,12288,0.32505856,0.390070272,0.390070272,312.0,22.313946578944,127.7990836257956,5.454074402904639,0.07151905954789743,2048,22313946578944.0,9140070272.0,390070272.0
few_turn_lower_accumulated_context,1,prefill,0.39070743819815384,0.4647869590186667,0.39070743819815384,12288,14336,14336,0.390070272,0.455081984,0.455081984,312.0,23.112810496,124.25946985136393,6.143155071191909,0.07407952082051282,2048,23112810496000.0,9205081984.0,455081984.0
few_turn_lower_accumulated_context,1,prefill,0.4647869590186667,0.5414269411117949,0.4647869590186667,14336,16384,16384,0.455081984,0.520093696,0.520093696,312.0,23.911674413056,120.95636563087332,6.786192817321043,0.07663998209312821,2048,23911674413056.0,9270093696.0,520093696.0
few_turn_lower_accumulated_context,1,prefill,0.5414269411117949,0.6206273844775385,0.5414269411117949,16384,18432,18432,0.520093696,0.585105408,0.585105408,312.0,24.710538330112,117.86683270055651,7.387653188985486,0.07920044336574358,2048,24710538330112.0,9335105408.0,585105408.0
few_turn_lower_accumulated_context,1,prefill,0.6206273844775385,0.7023882891158975,0.6206273844775385,18432,20480,20480,0.585105408,0.65011712,0.65011712,312.0,25.509402247168,114.970806176597,7.951442353476491,0.08176090463835897,2048,25509402247168.0,9400117120.0,650117120.0
few_turn_lower_accumulated_context,1,prefill,0.7023882891158975,0.7867096550268718,0.7023882891158975,20480,22528,22528,0.65011712,0.715128832,0.715128832,312.0,26.308266164224,112.25065829689223,8.48099202703886,0.08432136591097436,2048,26308266164224.0,9465128832.0,715128832.0
few_turn_lower_accumulated_context,1,prefill,0.7867096550268718,0.8735914822104616,0.7867096550268718,22528,24576,24576,0.715128832,0.780140544,0.780140544,312.0,27.10713008128,109.6908393036197,8.979329386702322,0.08688182718358975,2048,27107130081280.0,9530140544.0,780140544.0
few_turn_lower_accumulated_context,1,prefill,0.8735914822104616,0.9630337706666667,0.8735914822104616,24576,26624,26624,0.780140544,0.845152256,0.845152256,312.0,27.905993998336,107.27758000845661,9.449134973931528,0.08944228845620512,2048,27905993998336.0,9595152256.0,845152256.0
few_turn_lower_accumulated_context,1,prefill,0.9630337706666667,1.0550365203954872,0.9630337706666667,26624,28672,28672,0.845152256,0.910163968,0.910163968,312.0,28.704857915392,104.99864402393926,9.892790929431152,0.09200274972882051,2048,28704857915392.0,9660163968.0,910163968.0
few_turn_lower_accumulated_context,1,prefill,1.0550365203954872,1.149599731396923,1.0550365203954872,28672,30720,30720,0.910163968,0.97517568,0.97517568,312.0,29.503721832448,102.84312024739015,10.312421391710064,0.0945632110014359,2048,29503721832448.0,9725175680.0,975175680.0
few_turn_lower_accumulated_context,1,prefill,1.149599731396923,1.2467234036709742,1.149599731396923,30720,32768,32768,0.97517568,1.040187392,1.040187392,312.0,30.302585749504,100.80124816919287,10.709926505506619,0.09712367227405128,2048,30302585749504.0,9790187392.0,1040187392.0
few_turn_lower_accumulated_context,1,prefill,1.2467234036709742,1.346407537217641,1.2467234036709742,32768,34816,34816,1.040187392,1.105199104,1.105199104,312.0,31.10144966656,98.8642701035901,11.087011189023437,0.09968413354666666,2048,31101449666560.0,9855199104.0,1105199104.0
few_turn_lower_accumulated_context,1,prefill,1.346407537217641,1.448652132036923,1.346407537217641,34816,36864,36864,1.105199104,1.170210816,1.170210816,312.0,31.900313583616,97.02430562255182,11.445209578739638,0.10224459481928205,2048,31900313583616.0,9920210816.0,1170210816.0
few_turn_lower_accumulated_context,1,prefill,1.448652132036923,1.5534571881288204,1.448652132036923,36864,38912,38912,1.170210816,1.235222528,1.235222528,312.0,32.699177500672,95.2742443956572,11.78590589099924,0.10480505609189744,2048,32699177500672.0,9985222528.0,1235222528.0
few_turn_lower_accumulated_context,1,prefill,1.5534571881288204,1.660822705493333,1.5534571881288204,38912,40960,40960,1.235222528,1.30023424,1.30023424,312.0,33.498041417728,93.60765436335402,12.110352298546854,0.10736551736451282,2048,33498041417728.0,10050234240.0,1300234240.0
few_turn_lower_accumulated_context,1,prefill,1.660822705493333,1.7707486841304614,1.660822705493333,40960,43008,43008,1.30023424,1.365245952,1.365245952,312.0,34.296905334784,92.01870274351609,12.419684308717898,0.1099259786371282,2048,34296905334784.0,10115245952.0,1365245952.0
few_turn_lower_accumulated_context,1,prefill,1.7707486841304614,1.883235124040205,1.7707486841304614,43008,45056,45056,1.365245952,1.430257664,1.430257664,312.0,35.09576925184,90.50208782648285,12.714934041361824,0.1124864399097436,2048,35095769251840.0,10180257664.0,1430257664.0
few_turn_lower_accumulated_context,1,prefill,1.883235124040205,1.998282025222564,1.883235124040205,45056,47104,47104,1.430257664,1.495269376,1.495269376,312.0,35.894633168896,89.052979877836,12.997041733700181,0.11504690118235897,2048,35894633168896.0,10245269376.0,1495269376.0
few_turn_lower_accumulated_context,1,prefill,1.998282025222564,2.115889387677538,1.998282025222564,47104,49152,49152,1.495269376,1.560281088,1.560281088,312.0,36.693497085952,87.66696976090473,13.266865742332664,0.11760736245497436,2048,36693497085952.0,10310281088.0,1560281088.0
few_turn_lower_accumulated_context,1,prefill,2.115889387677538,2.236057211405128,2.115889387677538,49152,51200,51200,1.560281088,1.6252928,1.6252928,312.0,37.492361003008,86.34002412758933,13.525191266544036,0.12016782372758975,2048,37492361003008.0,10375292800.0,1625292800.0
few_turn_lower_accumulated_context,1,prefill,2.236057211405128,2.358785496405333,2.236057211405128,51200,53248,53248,1.6252928,1.690304512,1.690304512,312.0,38.291224920064,85.06844621826622,13.772737979652977,0.12272828500020513,2048,38291224920064.0,10440304512.0,1690304512.0
few_turn_lower_accumulated_context,1,prefill,2.358785496405333,2.4840742426781537,2.358785496405333,53248,55296,55296,1.690304512,1.755316224,1.755316224,312.0,39.09008883712,83.84884146836552,14.01016672461339,0.12528874627282052,2048,39090088837120.0,10505316224.0,1755316224.0
few_turn_lower_accumulated_context,1,prefill,2.4840742426781537,2.6119234502235895,2.4840742426781537,55296,57344,57344,1.755316224,1.820327936,1.820327936,311.99999999999994,39.888952754176,82.67808724777153,14.238085405050944,0.1278492075454359,2048,39888952754176.0,10570327936.0,1820327936.0
few_turn_lower_accumulated_context,1,prefill,2.6119234502235895,2.742333119041641,2.6119234502235895,57344,59392,59392,1.820327936,1.885339648,1.885339648,312.0,40.687816671232,81.55330616503996,14.457054182312529,0.13040966881805127,2048,40687816671232.0,10635339648.0,1885339648.0
few_turn_lower_accumulated_context,1,prefill,2.742333119041641,2.8753032491323074,2.742333119041641,59392,61440,61440,1.885339648,1.95035136,1.95035136,312.0,41.486680588288,80.47184245592516,14.667590072072114,0.13297013009066666,2048,41486680588288.0,10700351360.0,1950351360.0
few_turn_lower_accumulated_context,1,prefill,2.8753032491323074,3.0108338404955894,2.8753032491323074,61440,63488,63488,1.95035136,2.015363072,2.015363072,312.0,42.285544505344,79.43124104833319,14.870171019898628,0.13553059136328205,2048,42285544505344.0,10765363072.0,2015363072.0
few_turn_lower_accumulated_context,1,prefill,3.0108338404955894,3.148924893131487,3.0108338404955894,63488,65536,65536,2.015363072,2.080374784,2.080374784,312.0,43.0844084224,78.42922895631973,15.065239523412803,0.13809105263589744,2048,43084408422400.0,10830374784.0,2080374784.0
few_turn_lower_accumulated_context,1,prefill,3.148924893131487,3.2895764070399998,3.148924893131487,65536,67584,67584,2.080374784,2.145386496,2.145386496,312.0,43.883272339456,77.46369870634265,15.253205858811251,0.14065151390851283,2048,43883272339456.0,10895386496.0,2145386496.0
few_turn_lower_accumulated_context,1,prefill,3.2895764070399998,3.432788382221128,3.2895764070399998,67584,69632,69632,2.145386496,2.210398208,2.210398208,312.0,44.682136256512,76.53269354142884,15.434450961271816,0.14321197518112821,2048,44682136256512.0,10960398208.0,2210398208.0
few_turn_lower_accumulated_context,1,prefill,3.432788382221128,3.5785608186748714,3.432788382221128,69632,71680,71680,2.210398208,2.27540992,2.27540992,312.0,45.481000173568,75.6343941846549,15.609329001796793,0.1457724364537436,2048,45481000173568.0,11025409920.0,2275409920.0
few_turn_lower_accumulated_context,1,prefill,3.5785608186748714,3.7268937164012303,3.5785608186748714,71680,73728,73728,2.27540992,2.340421632,2.340421632,312.0,46.279864090624,74.76710697352755,15.778169697173682,0.14833289772635896,2048,46279864090624.0,11090421632.0,2340421632.0
few_turn_lower_accumulated_context,1,prefill,3.7268937164012303,3.877787075400205,3.7268937164012303,73728,75776,75776,2.340421632,2.405433344,2.405433344,312.0,47.07872800768,73.92925320242772,15.941280384754043,0.15089335899897435,2048,47078728007680.0,11155433344.0,2405433344.0
few_turn_lower_accumulated_context,1,prefill,3.877787075400205,4.031240895671795,3.877787075400205,75776,77824,77824,2.405433344,2.470445056,2.470445056,312.0,47.877591924736,73.11935953201773,16.09894788951941,0.15345382027158974,2048,47877591924736.0,11220445056.0,2470445056.0
few_turn_lower_accumulated_context,1,prefill,4.031240895671795,4.187255177216,4.031240895671795,77824,79872,79872,2.470445056,2.535456768,2.535456768,312.0,48.676455841792,72.33604934303642,16.25144020729668,0.15601428154420513,2048,48676455841792.0,11285456768.0,2535456768.0
few_turn_lower_accumulated_context,1,prefill,4.187255177216,4.34582992003282,4.187255177216,79872,81920,81920,2.535456768,2.60046848,2.60046848,312.0,49.475319758848,71.57803492774147,16.399008024903196,0.15857474281682052,2048,49475319758848.0,11350468480.0,2600468480.0
few_turn_lower_accumulated_context,1,prefill,4.34582992003282,4.506965124122256,4.34582992003282,81920,83968,83968,2.60046848,2.665480192,2.665480192,312.0,50.274183675904,70.84411042582596,16.54188609535978,0.1611352040894359,2048,50274183675904.0,11415480192.0,2665480192.0
few_turn_lower_accumulated_context,1,prefill,4.506965124122256,4.670660789484307,4.506965124122256,83968,86016,86016,2.665480192,2.730491904,2.730491904,312.0,51.07304759296,70.13314542329636,16.680294484040722,0.1636956653620513,2048,51073047592960.0,11480491904.0,2730491904.0
few_turn_lower_accumulated_context,1,prefill,4.670660789484307,4.836916916118974,4.670660789484307,86016,88064,88064,2.730491904,2.795503616,2.795503616,312.0,51.871911510016,69.44407914284108,16.8144396996742,0.16625612663466666,2048,51871911510016.0,11545503616.0,2795503616.0
few_turn_lower_accumulated_context,1,prefill,4.836916916118974,5.0057335040262565,4.836916916118974,88064,90112,90112,2.795503616,2.860515328,2.860515328,312.0,52.670775427072,68.77591516289124,16.944515722418586,0.16881658790728205,2048,52670775427072.0,11610515328.0,2860515328.0
few_turn_lower_accumulated_context,1,prefill,5.0057335040262565,5.177110553206154,5.0057335040262565,90112,92160,92160,2.860515328,2.92552704,2.92552704,312.0,53.469639344128,68.1277166100812,17.070704939778864,0.17137704917989743,2048,53469639344128.0,11675527040.0,2925527040.0
few_turn_lower_accumulated_context,1,prefill,5.177110553206154,5.351048063658666,5.177110553206154,92160,94208,94208,2.92552704,2.990538752,2.990538752,312.0,54.268503261184,67.4986017763277,17.19317899985958,0.17393751045251282,2048,54268503261184.0,11740538752.0,2990538752.0
few_turn_lower_accumulated_context,1,prefill,5.351048063658666,5.527546035383795,5.351048063658666,94208,96256,96256,2.990538752,3.055550464,3.055550464,312.0,55.06736717824,66.887740117408,17.312099590348875,0.1764979717251282,2048,55067367178240.0,11805550464.0,3055550464.0
few_turn_lower_accumulated_context,1,prefill,5.527546035383795,5.7066044683815385,5.527546035383795,96256,98304,98304,3.055550464,3.120562176,3.120562176,312.0,55.866231095296,66.29434859484996,17.427619150667557,0.1790584329977436,2048,55866231095296.0,11870562176.0,3120562176.0
few_turn_lower_accumulated_context,1,prefill,5.7066044683815385,5.888223362651898,5.7066044683815385,98304,100352,100352,3.120562176,3.185573888,3.185573888,312.0,56.665095012352,65.71768832725428,17.539881523878982,0.181618894270359,2048,56665095012352.0,11935573888.0,3185573888.0
few_turn_lower_accumulated_context,1,prefill,5.888223362651898,6.072402718194872,5.888223362651898,100352,102400,102400,3.185573888,3.2505856,3.2505856,312.0,57.463958929408,65.15706152093641,17.649022554221855,0.18417935554297435,2048,57463958929408.0,12000585600.0,3250585600.0
few_turn_lower_accumulated_context,1,prefill,6.072402718194872,6.2591425350104615,6.072402718194872,102400,104448,104448,3.2505856,3.315597312,3.315597312,312.0,58.262822846464,64.61180865307949,17.755170635484962,0.18673981681558974,2048,58262822846464.0,12065597312.0,3315597312.0
few_turn_lower_accumulated_context,1,prefill,6.2591425350104615,6.448442813098667,6.2591425350104615,104448,106496,106496,3.315597312,3.380609024,3.380609024,312.0,59.06168676352,64.08130588349005,17.858447214878332,0.18930027808820513,2048,59061686763520.0,12130609024.0,3380609024.0
few_turn_lower_accumulated_context,1,prefill,6.448442813098667,6.640303552459487,6.448442813098667,106496,108544,108544,3.380609024,3.445620736,3.445620736,312.0,59.860550680576,63.56496267360076,17.958967256558083,0.19186073936082051,2048,59860550680576.0,12195620736.0,3445620736.0
few_turn_lower_accumulated_context,1,prefill,6.640303552459487,6.834724753092924,6.640303552459487,108544,110592,110592,3.445620736,3.510632448,3.510632448,312.0,60.659414597632,63.06221959361492,18.05683966852457,0.1944212006334359,2048,60659414597632.0,12260632448.0,3510632448.0
few_turn_lower_accumulated_context,1,prefill,6.834724753092924,7.0317064149989745,6.834724753092924,110592,112640,112640,3.510632448,3.57564416,3.57564416,312.0,61.458278514688,62.57254630067346,18.152167696226325,0.1969816619060513,2048,61458278514688.0,12325644160.0,3575644160.0
few_turn_lower_accumulated_context,1,prefill,7.0317064149989745,7.231248538177641,7.0317064149989745,112640,114688,114688,3.57564416,3.640655872,3.640655872,312.0,62.257142431744,62.09543967268311,18.245049285860397,0.19954212317866668,2048,62257142431744.0,12390655872.0,3640655872.0
few_turn_lower_accumulated_context,1,prefill,7.231248538177641,7.433351122628923,7.231248538177641,114688,116736,116736,3.640655872,3.705667584,3.705667584,312.0,63.0560063488,61.630422084001154,18.335577420056556,0.20210258445128204,2048,63056006348800.0,12455667584.0,3705667584.0
few_turn_lower_accumulated_context,1,prefill,7.433351122628923,7.638014168352821,7.433351122628923,116736,118784,118784,3.705667584,3.770679296,3.770679296,312.0,63.854870265856,61.17703981055348,18.42384042836375,0.20466304572389743,2048,63854870265856.0,12520679296.0,3770679296.0
few_turn_lower_accumulated_context,1,prefill,7.638014168352821,7.845237675349334,7.638014168352821,118784,120832,120832,3.770679296,3.835691008,3.835691008,312.0,64.653734182912,60.73486155319142,18.50992227471832,0.20722350699651282,2048,64653734182912.0,12585691008.0,3835691008.0
few_turn_lower_accumulated_context,1,prefill,7.845237675349334,8.055021643618462,7.845237675349334,120832,122880,122880,3.835691008,3.90070272,3.90070272,312.0,65.452598099968,60.303477069184964,18.59390282386048,0.2097839682691282,2048,65452598099968.0,12650702720.0,3900702720.0
few_turn_lower_accumulated_context,1,prefill,8.055021643618462,8.267366073160206,8.055021643618462,122880,124928,124928,3.90070272,3.965714432,3.965714432,312.0,66.251462017024,59.88249590272529,18.67585808847603,0.2123444295417436,2048,66251462017024.0,12715714432.0,3965714432.0
few_turn_lower_accumulated_context,1,prefill,8.267366073160206,8.482270963974566,8.267366073160206,124928,126976,126976,3.965714432,4.030726144,4.030726144,312.0,67.05032593408,59.471546206178985,18.755860458670796,0.21490489081435898,2048,67050325934080.0,12780726144.0,4030726144.0
few_turn_lower_accumulated_context,1,prefill,8.482270963974566,8.590683582358976,8.482270963974566,126976,128000,128000,4.030726144,4.063232,4.063232,312.0,33.824736935936,118.18948929511829,37.47932722732111,0.10841261838441026,1024,33824736935936.0,12813232000.0,4063232000.0
few_turn_lower_accumulated_context,1,decode,8.590683582358976,10.413301109541198,8.590683582358976,128000,128128,128128,4.063232,4.067295232,4.067295232,2.3274824279509305,4.242110267392,900.0,285.49916079676524,1.8226175271822223,128,4242110267392.0,1640355774464.0,520355774464.0
few_turn_lower_accumulated_context,1,decode,10.413301109541198,12.236496518607865,10.413301109541198,128128,128256,128256,4.067295232,4.071358464,4.071358464,2.328456296267895,4.245230829568,900.0,285.6939336122219,1.8231954090666667,128,4245230829568.0,1640875868160.0,520875868160.0
few_turn_lower_accumulated_context,1,decode,12.236496518607865,14.060269809558976,12.236496518607865,128256,128384,128384,4.071358464,4.075421696,4.075421696,2.3294295474238766,4.248351391744,900.0,285.8885829960193,1.823773290951111,128,4248351391744.0,1641395961856.0,521395961856.0
few_turn_lower_accumulated_context,1,decode,14.060269809558976,15.884620982394532,14.060269809558976,128384,128512,128512,4.075421696,4.079484928,4.079484928,2.330402182005351,4.25147195392,900.0,286.0831090654523,1.8243511728355555,128,4251471953920.0,1641916055552.0,521916055552.0
few_turn_lower_accumulated_context,1,decode,15.884620982394532,17.709550037114532,15.884620982394532,128512,128640,128640,4.079484928,4.08354816,4.08354816,2.3313742005980527,4.254592516096,900.0,286.2775119376669,1.82492905472,128,4254592516096.0,1642436149248.0,522436149248.0
few_turn_lower_accumulated_context,1,decode,17.709550037114532,19.535056973718977,17.709550037114532,128640,128768,128768,4.08354816,4.087611392,4.087611392,2.3323456037869725,4.257713078272,900.0,286.47179172966105,1.8255069366044445,128,4257713078272.0,1642956242944.0,522956242944.0
few_turn_lower_accumulated_context,1,decode,19.535056973718977,21.361141792207867,19.535056973718977,128768,128896,128896,4.087611392,4.091674624,4.091674624,2.3333163921563624,4.260833640448,900.0,286.6659485582844,1.826084818488889,128,4260833640448.0,1643476336640.0,523476336640.0
few_turn_lower_accumulated_context,1,decode,21.361141792207867,23.1878044925812,21.361141792207867,128896,129024,129024,4.091674624,4.095737856,4.095737856,2.3342865662897334,4.263954202624,900.0,286.8599825402389,1.8266627003733333,128,4263954202624.0,1643996430336.0,523996430336.0
few_turn_lower_accumulated_context,1,decode,23.1878044925812,25.01504507483898,23.1878044925812,129024,129152,129152,4.095737856,4.099801088,4.099801088,2.335256126769859,4.2670747648,900.0,287.0538937920786,1.8272405822577777,128,4267074764800.0,1644516524032.0,524516524032.0
few_turn_lower_accumulated_context,1,decode,25.01504507483898,26.842863538981202,25.01504507483898,129152,129280,129280,4.099801088,4.10386432,4.10386432,2.3362250741787762,4.270195326976,900.0,287.24768243021043,1.8278184641422222,128,4270195326976.0,1645036617728.0,525036617728.0
few_turn_lower_accumulated_context,1,decode,26.842863538981202,28.67125988500787,26.842863538981202,129280,129408,129408,4.10386432,4.107927552,4.107927552,2.337193409097786,4.273315889152,900.0,287.441348570894,1.8283963460266666,128,4273315889152.0,1645556711424.0,525556711424.0
few_turn_lower_accumulated_context,1,decode,28.67125988500787,30.50023411291898,28.67125988500787,129408,129536,129536,4.107927552,4.111990784,4.111990784,2.338161132107454,4.276436451328,900.0,287.634892330242,1.8289742279111112,128,4276436451328.0,1646076805120.0,526076805120.0
few_turn_lower_accumulated_context,1,decode,30.50023411291898,32.32978622271454,30.50023411291898,129536,129664,129664,4.111990784,4.116054016,4.116054016,2.339128243787613,4.279557013504,900.0,287.8283138242206,1.8295521097955556,128,4279557013504.0,1646596898816.0,526596898816.0
few_turn_lower_accumulated_context,1,decode,32.32978622271454,34.15991621439454,32.32978622271454,129664,129792,129792,4.116054016,4.120117248,4.120117248,2.3400947447173635,4.28267757568,900.0,288.0216131686491,1.83012999168,128,4282677575680.0,1647116992512.0,527116992512.0
few_turn_lower_accumulated_context,1,decode,34.15991621439454,35.990624087958984,34.15991621439454,129792,129920,129920,4.120117248,4.12418048,4.12418048,2.341060635475074,4.285798137856,900.0,288.21479047920104,1.8307078735644444,128,4285798137856.0,1647637086208.0,527637086208.0
few_turn_lower_accumulated_context,1,decode,35.990624087958984,37.82190984340787,35.990624087958984,129920,130048,130048,4.12418048,4.128243712,4.128243712,2.3420259166383843,4.288918700032,900.0,288.40784587140354,1.8312857554488888,128,4288918700032.0,1648157179904.0,528157179904.0
few_turn_lower_accumulated_context,2,prefill,37.82190984340787,38.04321588740377,37.82190984340787,130048,132096,132096,4.128243712,4.193255424,4.193255424,312.0,69.04748572672,58.48577467789331,18.947767301275036,0.22130604399589743,2048,69047485726720.0,12943255424.0,4193255424.0
few_turn_lower_accumulated_context,2,prefill,38.04321588740377,38.26708239267228,38.04321588740377,132096,134144,134144,4.193255424,4.258267136,4.258267136,312.0,69.846349643776,58.10725065992994,19.021457144258786,0.22386650526851282,2048,69846349643776.0,13008267136.0,4258267136.0
few_turn_lower_accumulated_context,2,prefill,38.26708239267228,38.493509359213405,38.26708239267228,134144,136192,136192,4.258267136,4.323278848,4.323278848,312.0,70.645213560832,57.73728742519442,19.09348040139344,0.2264269665411282,2048,70645213560832.0,13073278848.0,4323278848.0
few_turn_lower_accumulated_context,2,prefill,38.493509359213405,38.72249678702715,38.493509359213405,136192,138240,138240,4.323278848,4.38829056,4.38829056,312.0,71.444077477888,57.37559780219276,19.16389297830533,0.2289874278137436,2048,71444077477888.0,13138290560.0,4388290560.0
few_turn_lower_accumulated_context,2,prefill,38.72249678702715,38.954044676113504,38.72249678702715,138240,140288,140288,4.38829056,4.453302272,4.453302272,312.0,72.242941394944,57.02190732162385,19.232748307798563,0.23154788908635898,2048,72242941394944.0,13203302272.0,4453302272.0
few_turn_lower_accumulated_context,2,prefill,38.954044676113504,39.18815302647248,38.954044676113504,140288,142336,142336,4.453302272,4.518313984,4.518313984,312.0,73.041805312,56.67595352175514,19.30009748508227,0.23410835035897437,2048,73041805312000.0,13268313984.0,4518313984.0
few_turn_lower_accumulated_context,2,prefill,39.18815302647248,39.424821838104066,39.18815302647248,142336,144384,144384,4.518313984,4.583325696,4.583325696,312.0,73.840669229056,56.33748529888808,19.365989394219923,0.23666881163158973,2048,73840669229056.0,13333325696.0,4583325696.0
few_turn_lower_accumulated_context,2,prefill,39.424821838104066,39.66405111100827,39.424821838104066,144384,146432,146432,4.583325696,4.648337408,4.648337408,312.0,74.639533146112,56.006262299535194,19.430470826458347,0.23922927290420512,2048,74639533146112.0,13398337408.0,4648337408.0
few_turn_lower_accumulated_context,2,prefill,39.66405111100827,39.90584084518509,39.66405111100827,146432,148480,148480,4.648337408,4.71334912,4.71334912,312.0,75.438397063168,55.68205435121687,19.49358659103837,0.2417897341768205,2048,75438397063168.0,13463349120.0,4713349120.0
few_turn_lower_accumulated_context,2,prefill,39.90584084518509,40.150191040634525,39.90584084518509,148480,150528,150528,4.71334912,4.778360832,4.778360832,312.0,76.237260980224,55.364640929045066,19.55537961903861,0.2443501954494359,2048,76237260980224.0,13528360832.0,4778360832.0
few_turn_lower_accumulated_context,2,prefill,40.150191040634525,40.397101697356575,40.150191040634525,150528,152576,152576,4.778360832,4.843372544,4.843372544,312.0,77.03612489728,55.05381065549607,19.61589106075811,0.24691065672205129,2048,77036124897280.0,13593372544.0,4843372544.0
few_turn_lower_accumulated_context,2,prefill,40.397101697356575,40.64657281535124,40.397101697356575,152576,154624,154624,4.843372544,4.908384256,4.908384256,312.0,77.834988814336,54.749360830988046,19.675160377101985,0.24947111799466667,2048,77834988814336.0,13658384256.0,4908384256.0
few_turn_lower_accumulated_context,2,prefill,40.64657281535124,40.89860439461852,40.64657281535124,154624,156672,156672,4.908384256,4.973395968,4.973395968,312.0,78.633852731392,54.45109699307244,19.733225425396643,0.25203157926728204,2048,78633852731392.0,13723395968.0,4973395968.0
few_turn_lower_accumulated_context,2,prefill,40.89860439461852,41.15319643515842,40.89860439461852,156672,158720,158720,4.973395968,5.03840768,5.03840768,312.0,79.432716648448,54.158832502225074,19.790122540026637,0.2545920405398974,2048,79432716648448.0,13788407680.0,5038407680.0
few_turn_lower_accumulated_context,2,prefill,41.15319643515842,41.410348936970934,41.15319643515842,158720,160768,160768,5.03840768,5.103419392,5.103419392,312.0,80.231580565504,53.872388152382754,19.845886608254155,0.2571525018125128,2048,80231580565504.0,13853419392.0,5103419392.0
few_turn_lower_accumulated_context,2,prefill,41.410348936970934,41.67006190005606,41.410348936970934,160768,162816,162816,5.103419392,5.168431104,5.168431104,312.0,81.03044448256,53.59159180451784,19.90055114155354,0.2597129630851282,2048,81030444482560.0,13918431104.0,5168431104.0
few_turn_lower_accumulated_context,2,prefill,41.67006190005606,41.932335324413806,41.67006190005606,162816,164864,164864,5.168431104,5.233442816,5.233442816,312.0,81.829308399616,53.31627804167625,19.9541483427674,0.2622734243577436,2048,81829308399616.0,13983442816.0,5233442816.0
few_turn_lower_accumulated_context,2,prefill,41.932335324413806,42.197169210044166,41.932335324413806,164864,166912,166912,5.233442816,5.298454528,5.298454528,312.0,82.628172316672,53.046287844026445,20.00670916936702,0.264833885630359,2048,82628172316672.0,14048454528.0,5298454528.0
few_turn_lower_accumulated_context,2,prefill,42.197169210044166,42.46456355694714,42.197169210044166,166912,168960,168960,5.298454528,5.36346624,5.36346624,312.0,83.427036233728,52.781468282578,20.05826339307826,0.26739434690297437,2048,83427036233728.0,14113466240.0,5363466240.0
few_turn_lower_accumulated_context,2,prefill,42.46456355694714,42.73451836512273,42.46456355694714,168960,171008,171008,5.36346624,5.428477952,5.428477952,312.0,84.225900150784,52.521672230330246,20.108839656114196,0.26995480817558976,2048,84225900150784.0,14178477952.0,5428477952.0
few_turn_lower_accumulated_context,2,prefill,42.73451836512273,43.00703363457094,42.73451836512273,171008,173056,173056,5.428477952,5.493489664,5.493489664,312.0,85.02476406784,52.26675808970458,20.15846552423773,0.27251526944820514,2048,85024764067840.0,14243489664.0,5493489664.0
few_turn_lower_accumulated_context,2,prefill,43.00703363457094,43.28210936529176,43.00703363457094,173056,175104,175104,5.493489664,5.558501376,5.558501376,312.0,85.823627984896,52.016589535199536,20.207167536860698,0.27507573072082053,2048,85823627984896.0,14308501376.0,5558501376.0
few_turn_lower_accumulated_context,2,prefill,43.28210936529176,43.5597455572852,43.28210936529176,175104,177152,177152,5.558501376,5.623513088,5.623513088,312.0,86.622491901952,51.77103527028576,20.25497125437074,0.2776361919934359,2048,86622491901952.0,14373513088.0,5623513088.0
few_turn_lower_accumulated_context,2,prefill,43.5597455572852,43.83994221055125,43.5597455572852,177152,179200,179200,5.623513088,5.6885248,5.6885248,312.0,87.421355819008,51.5299687976301,20.30190130286336,0.28019665326605125,2048,87421355819008.0,14438524800.0,5688524800.0
few_turn_lower_accumulated_context,2,prefill,43.83994221055125,44.12269932508992,43.83994221055125,179200,181248,181248,5.6885248,5.753536512,5.753536512,312.0,88.220219736064,51.293268201803855,20.347981416443588,0.28275711453866664,2048,88220219736064.0,14503536512.0,5753536512.0
few_turn_lower_accumulated_context,2,prefill,44.12269932508992,44.4080169009012,44.12269932508992,181248,183296,183296,5.753536512,5.818548224,5.818548224,312.0,89.01908365312,51.06081594369108,20.393234477249905,0.28531757581128203,2048,89019083653120.0,14568548224.0,5818548224.0
few_turn_lower_accumulated_context,2,prefill,44.4080169009012,44.6958949379851,44.4080169009012,183296,185344,185344,5.818548224,5.883559936,5.883559936,312.0,89.817947570176,50.8324986658683,20.43768255334231,0.2878780370838974,2048,89817947570176.0,14633559936.0,5883559936.0
few_turn_lower_accumulated_context,2,prefill,44.6958949379851,44.98633343634162,44.6958949379851,185344,187392,187392,5.883559936,5.948571648,5.948571648,312.0,90.616811487232,50.608207008278654,20.48134693458626,0.2904384983565128,2048,90616811487232.0,14698571648.0,5948571648.0
few_turn_lower_accumulated_context,2,prefill,44.98633343634162,45.27933239597075,44.98633343634162,187392,189440,189440,5.948571648,6.01358336,6.01358336,312.0,91.415675404288,50.38783543357091,20.52424816665515,0.2929989596291282,2048,91415675404288.0,14763583360.0,6013583360.0
few_turn_lower_accumulated_context,2,prefill,45.27933239597075,45.574891816872494,45.27933239597075,189440,191488,191488,6.01358336,6.078595072,6.078595072,312.0,92.214539321344,50.171282061517,20.56640608326534,0.2955594209017436,2048,92214539321344.0,14828595072.0,6078595072.0
few_turn_lower_accumulated_context,2,prefill,45.574891816872494,45.873011699046856,45.574891816872494,191488,193536,193536,6.078595072,6.143606784,6.143606784,312.0,93.0134032384,49.95844851196237,20.607839836750095,0.298119882174359,2048,93013403238400.0,14893606784.0,6143606784.0
few_turn_lower_accumulated_context,2,prefill,45.873011699046856,45.947941741664295,45.873011699046856,193536,194048,194048,6.143606784,6.159859712,6.159859712,312.0,23.37817329664,198.9837345765841,82.20814371412926,0.0749300426174359,512,23378173296640.0,14909859712.0,6159859712.0
few_turn_lower_accumulated_context,2,decode,45.947941741664295,48.06874632121985,45.947941741664295,194048,194176,194176,6.159859712,6.163922944,6.163922944,2.759481192479524,5.852320350208,900.0,371.89853756600627,2.1208045795555557,128,5852320350208.0,1908724121600.0,788724121600.0
few_turn_lower_accumulated_context,2,decode,48.06874632121985,50.19012878265985,48.06874632121985,194176,194304,194304,6.163922944,6.167986176,6.167986176,2.760200491338705,5.855440912384,900.0,372.0423967115571,2.12138246144,128,5855440912384.0,1909244215296.0,789244215296.0
few_turn_lower_accumulated_context,2,decode,50.19012878265985,52.31208912598429,50.19012878265985,194304,194432,194432,6.167986176,6.172049408,6.172049408,2.7609193984188583,5.85856147456,900.0,372.18617750164344,2.1219603433244445,128,5858561474560.0,1909764308992.0,789764308992.0
few_turn_lower_accumulated_context,2,decode,52.31208912598429,54.434627351193186,52.31208912598429,194432,194560,194560,6.172049408,6.17611264,6.17611264,2.7616379140399814,5.861682036736,900.0,372.32988000026455,2.122538225208889,128,5861682036736.0,1910284402688.0,790284402688.0
few_turn_lower_accumulated_context,2,decode,54.434627351193186,56.55774345828652,54.434627351193186,194560,194688,194688,6.17611264,6.180175872,6.180175872,2.762356038521722,5.864802598912,900.0,372.47350427134967,2.1231161070933333,128,5864802598912.0,1910804496384.0,790804496384.0
few_turn_lower_accumulated_context,2,decode,56.55774345828652,58.681437447264294,56.55774345828652,194688,194816,194816,6.180175872,6.184239104,6.184239104,2.7630737721833807,5.867923161088,900.0,372.61705037875885,2.1236939889777777,128,5867923161088.0,1911324590080.0,791324590080.0
few_turn_lower_accumulated_context,2,decode,58.681437447264294,60.80570931812652,58.681437447264294,194816,194944,194944,6.184239104,6.188302336,6.188302336,2.763791115343912,5.871043723264,900.0,372.76051838628246,2.124271870862222,128,5871043723264.0,1911844683776.0,791844683776.0
few_turn_lower_accumulated_context,2,decode,60.80570931812652,62.93055907087319,60.80570931812652,194944,195072,195072,6.188302336,6.192365568,6.192365568,2.764508068321922,5.87416428544,900.0,372.9039083576414,2.1248497527466665,128,5874164285440.0,1912364777472.0,792364777472.0
few_turn_lower_accumulated_context,2,decode,62.93055907087319,65.0559867055043,62.93055907087319,195072,195200,195200,6.192365568,6.1964288,6.1964288,2.7652246314356694,5.877284847616,900.0000000000001,373.0472203564875,2.125427634631111,128,5877284847616.0,1912884871168.0,792884871168.0
few_turn_lower_accumulated_context,2,decode,65.0559867055043,67.18199222201986,65.0559867055043,195200,195328,195328,6.1964288,6.200492032,6.200492032,2.7659408050030687,5.880405409792,900.0000000000001,373.19045444640307,2.1260055165155554,128,5880405409792.0,1913404964864.0,793404964864.0
few_turn_lower_accumulated_context,2,decode,67.18199222201986,69.30857562041986,67.18199222201986,195328,195456,195456,6.200492032,6.204555264,6.204555264,2.7666565893416877,5.883525971968,899.9999999999999,373.3336106909015,2.1265833984,128,5883525971968.0,1913925058560.0,793925058560.0
few_turn_lower_accumulated_context,2,decode,69.30857562041986,71.4357369007043,69.30857562041986,195456,195584,195584,6.204555264,6.208618496,6.208618496,2.7673719847687503,5.886646534144,899.9999999999999,373.4766891534273,2.1271612802844446,128,5886646534144.0,1914445152256.0,794445152256.0
few_turn_lower_accumulated_context,2,decode,71.4357369007043,73.56347606287319,71.4357369007043,195584,195712,195712,6.208618496,6.212681728,6.212681728,2.7680869916011352,5.88976709632,900.0,373.61968989735584,2.127739162168889,128,5889767096320.0,1914965245952.0,794965245952.0
few_turn_lower_accumulated_context,2,decode,73.56347606287319,75.69179310692653,73.56347606287319,195712,195840,195840,6.212681728,6.21674496,6.21674496,2.768801610155376,5.892887658496,900.0,373.7626129859936,2.1283170440533334,128,5892887658496.0,1915485339648.0,795485339648.0
few_turn_lower_accumulated_context,2,decode,75.69179310692653,77.8206880328643,75.69179310692653,195840,195968,195968,6.21674496,6.220808192,6.220808192,2.7695158407476637,5.896008220672,900.0,373.9054584825785,2.128894925937778,128,5896008220672.0,1916005433344.0,796005433344.0
few_turn_lower_accumulated_context,2,decode,77.8206880328643,79.95016084068652,77.8206880328643,195968,196096,196096,6.220808192,6.224871424,6.224871424,2.7702296836938456,5.899128782848,900.0,374.0482264502799,2.1294728078222223,128,5899128782848.0,1916525527040.0,796525527040.0
