context_tokens,gpu_model,deployment,model,tp_size,dp_size,ep_size,parallelism,target_fraction,sweet_total_concurrency,sweet_batch_per_dp_group,peak_throughput_tokens_per_s,sweet_throughput_tokens_per_s,sweet_normalized_throughput,dominant_time_at_sweet
8192,A100,A100x72,Qwen3-30B-A3B,1,72,72,TP1/DP72/EP72,0.9,4896,68,178813.9343261719,162270.1643304416,0.9074805324424379,weight
8192,A100,A100x72,Qwen3-30B-A3B,1,72,72,TP1/DP72/EP72,0.95,5184,72,178813.9343261719,171350.28988746763,0.9582602750348865,weight
16384,A100,A100x72,Qwen3-30B-A3B,1,72,72,TP1/DP72/EP72,0.9,2160,30,89406.96716308595,81974.24546351882,0.9168664150523167,weight
16384,A100,A100x72,Qwen3-30B-A3B,1,72,72,TP1/DP72/EP72,0.95,2304,32,89406.96716308595,85790.3280338705,0.9595485760900669,weight
32768,A100,A100x72,Qwen3-30B-A3B,1,72,72,TP1/DP72/EP72,0.9,504,7,44703.48358154297,41724.96578507272,0.9333716847583662,weight
32768,A100,A100x72,Qwen3-30B-A3B,1,72,72,TP1/DP72/EP72,0.95,576,8,44703.48358154297,43529.51858217472,0.9737388475055454,weight
65536,A100,A100x72,Qwen3-30B-A3B,1,72,72,TP1/DP72/EP72,0.9,72,1,22351.741790771484,21474.449032447224,0.9607505863956216,weight
65536,A100,A100x72,Qwen3-30B-A3B,1,72,72,TP1/DP72/EP72,0.95,72,1,22351.741790771484,21474.449032447224,0.9607505863956216,weight
131072,A100,A100x72,Qwen3-30B-A3B,1,72,72,TP1/DP72/EP72,0.9,72,1,11175.870895385742,11175.870895385742,1.0,kv
131072,A100,A100x72,Qwen3-30B-A3B,1,72,72,TP1/DP72/EP72,0.95,72,1,11175.870895385742,11175.870895385742,1.0,kv
262144,A100,A100x72,Qwen3-30B-A3B,1,72,72,TP1/DP72/EP72,0.9,72,1,5587.935447692871,5587.935447692871,1.0,kv
262144,A100,A100x72,Qwen3-30B-A3B,1,72,72,TP1/DP72/EP72,0.95,72,1,5587.935447692871,5587.935447692871,1.0,kv
524288,A100,A100x72,Qwen3-30B-A3B,1,72,72,TP1/DP72/EP72,0.9,72,1,2793.9677238464355,2793.9677238464355,1.0,kv
524288,A100,A100x72,Qwen3-30B-A3B,1,72,72,TP1/DP72/EP72,0.95,72,1,2793.9677238464355,2793.9677238464355,1.0,kv
8192,A100,A100x72,Qwen3-30B-A3B,2,36,72,TP2/DP36/EP72,0.9,2448,68,178659.15357929736,161948.11350945893,0.9064641260464649,weight
8192,A100,A100x72,Qwen3-30B-A3B,2,36,72,TP2/DP36/EP72,0.95,2592,72,178659.15357929736,171011.13701823083,0.9571921370506663,weight
16384,A100,A100x72,Qwen3-30B-A3B,2,36,72,TP2/DP36/EP72,0.9,1080,30,89329.57678964868,81788.00906543263,0.9155759156681693,weight
16384,A100,A100x72,Qwen3-30B-A3B,2,36,72,TP2/DP36/EP72,0.95,1152,32,89329.57678964868,85599.0891292923,0.9582390536883338,weight
32768,A100,A100x72,Qwen3-30B-A3B,2,36,72,TP2/DP36/EP72,0.9,252,7,44664.78839482434,41518.73154067105,0.9295629293853802,weight
32768,A100,A100x72,Qwen3-30B-A3B,2,36,72,TP2/DP36/EP72,0.95,288,8,44664.78839482434,43333.0325358216,0.9701833165035869,weight
65536,A100,A100x72,Qwen3-30B-A3B,2,36,72,TP2/DP36/EP72,0.9,36,1,22331.93394865605,21096.911899670962,0.9446970400403046,weight
65536,A100,A100x72,Qwen3-30B-A3B,2,36,72,TP2/DP36/EP72,0.95,72,2,22331.93394865605,22145.4957892259,0.9916514996032679,kv
131072,A100,A100x72,Qwen3-30B-A3B,2,36,72,TP2/DP36/EP72,0.9,36,1,11165.472239033288,11072.74789461295,0.9916954390790401,kv
131072,A100,A100x72,Qwen3-30B-A3B,2,36,72,TP2/DP36/EP72,0.95,36,1,11165.472239033288,11072.74789461295,0.9916954390790401,kv
262144,A100,A100x72,Qwen3-30B-A3B,2,36,72,TP2/DP36/EP72,0.9,36,1,5582.736119516644,5562.035202966229,0.9962919765313558,kv
262144,A100,A100x72,Qwen3-30B-A3B,2,36,72,TP2/DP36/EP72,0.95,36,1,5582.736119516644,5562.035202966229,0.9962919765313558,kv
524288,A100,A100x72,Qwen3-30B-A3B,2,36,72,TP2/DP36/EP72,0.9,36,1,2790.718899458346,2787.477621757989,0.9988385509909341,kv
524288,A100,A100x72,Qwen3-30B-A3B,2,36,72,TP2/DP36/EP72,0.95,36,1,2790.718899458346,2787.477621757989,0.9988385509909341,kv
1048576,A100,A100x72,Qwen3-30B-A3B,2,36,72,TP2/DP36/EP72,0.9,36,1,1395.359449729173,1395.359449729173,1.0,kv
1048576,A100,A100x72,Qwen3-30B-A3B,2,36,72,TP2/DP36/EP72,0.95,36,1,1395.359449729173,1395.359449729173,1.0,kv
8192,A100,A100x72,Qwen3-30B-A3B,4,18,72,TP4/DP18/EP72,0.9,1224,68,178509.06414400882,160989.58558007062,0.9018566443785471,weight
8192,A100,A100x72,Qwen3-30B-A3B,4,18,72,TP4/DP18/EP72,0.95,1296,72,178509.06414400882,170001.68626603048,0.9523420397794748,weight
16384,A100,A100x72,Qwen3-30B-A3B,4,18,72,TP4/DP18/EP72,0.9,540,30,89254.09478910165,81234.34280164221,0.9101469573310972,weight
16384,A100,A100x72,Qwen3-30B-A3B,4,18,72,TP4/DP18/EP72,0.95,576,32,89254.09478910165,85030.45401895847,0.9526784650035024,weight
32768,A100,A100x72,Qwen3-30B-A3B,4,18,72,TP4/DP18/EP72,0.9,126,7,44627.04739455083,40912.08233944911,0.9167553026249428,weight
32768,A100,A100x72,Qwen3-30B-A3B,4,18,72,TP4/DP18/EP72,0.95,144,8,44627.04739455083,42754.07512074466,0.9580305580773227,weight
65536,A100,A100x72,Qwen3-30B-A3B,4,18,72,TP4/DP18/EP72,0.9,36,2,22313.080069510208,21548.979739132075,0.9657554973137823,kv
65536,A100,A100x72,Qwen3-30B-A3B,4,18,72,TP4/DP18/EP72,0.95,36,2,22313.080069510208,21548.979739132075,0.9657554973137823,kv
131072,A100,A100x72,Qwen3-30B-A3B,4,18,72,TP4/DP18/EP72,0.9,18,1,11156.08059119753,10774.489869566038,0.965795270255346,kv
131072,A100,A100x72,Qwen3-30B-A3B,4,18,72,TP4/DP18/EP72,0.95,18,1,11156.08059119753,10774.489869566038,0.965795270255346,kv
262144,A100,A100x72,Qwen3-30B-A3B,4,18,72,TP4/DP18/EP72,0.9,18,1,5577.546457838568,5485.75529283225,0.9835427341215031,kv
262144,A100,A100x72,Qwen3-30B-A3B,4,18,72,TP4/DP18/EP72,0.95,18,1,5577.546457838568,5485.75529283225,0.9835427341215031,kv
524288,A100,A100x72,Qwen3-30B-A3B,4,18,72,TP4/DP18/EP72,0.9,18,1,2788.773228919284,2768.1869736532376,0.9926181680702578,kv
524288,A100,A100x72,Qwen3-30B-A3B,4,18,72,TP4/DP18/EP72,0.95,18,1,2788.773228919284,2768.1869736532376,0.9926181680702578,kv
1048576,A100,A100x72,Qwen3-30B-A3B,4,18,72,TP4/DP18/EP72,0.9,18,1,1393.7388108789944,1390.5088007415573,0.9976824853320975,kv
1048576,A100,A100x72,Qwen3-30B-A3B,4,18,72,TP4/DP18/EP72,0.95,18,1,1393.7388108789944,1390.5088007415573,0.9976824853320975,kv
8192,A100,A100x72,Qwen3-30B-A3B,8,9,72,TP8/DP9/EP72,0.9,621,69,178360.26007536796,160701.78017888128,0.9009954353675819,weight
8192,A100,A100x72,Qwen3-30B-A3B,8,9,72,TP8/DP9/EP72,0.95,657,73,178360.26007536796,169596.55140041205,0.9508651272920733,weight
16384,A100,A100x72,Qwen3-30B-A3B,8,9,72,TP8/DP9/EP72,0.9,279,31,89179.80772886302,81665.13421730271,0.9157357062889452,weight
16384,A100,A100x72,Qwen3-30B-A3B,8,9,72,TP8/DP9/EP72,0.95,297,33,89179.80772886302,85449.46679883717,0.9581705654561696,weight
32768,A100,A100x72,Qwen3-30B-A3B,8,9,72,TP8/DP9/EP72,0.9,72,8,44589.580177806594,41283.220205822996,0.9258490445794944,weight
32768,A100,A100x72,Qwen3-30B-A3B,8,9,72,TP8/DP9/EP72,0.95,81,9,44589.580177806594,42588.10930902629,0.9551134847917565,kv
65536,A100,A100x72,Qwen3-30B-A3B,8,9,72,TP8/DP9/EP72,0.9,18,2,22294.46361902709,20104.849740105947,0.9017866535684479,kv
65536,A100,A100x72,Qwen3-30B-A3B,8,9,72,TP8/DP9/EP72,0.95,45,5,22294.46361902709,21395.29746195859,0.9596686346694113,kv
131072,A100,A100x72,Qwen3-30B-A3B,8,9,72,TP8/DP9/EP72,0.9,9,1,11146.899660156503,10052.424870052973,0.9018135245250639,kv
131072,A100,A100x72,Qwen3-30B-A3B,8,9,72,TP8/DP9/EP72,0.95,27,3,11146.899660156503,10774.489869566038,0.966590729086617,kv
262144,A100,A100x72,Qwen3-30B-A3B,8,9,72,TP8/DP9/EP72,0.9,9,1,5573.105849725525,5292.210160185464,0.9495979984744242,kv
262144,A100,A100x72,Qwen3-30B-A3B,8,9,72,TP8/DP9/EP72,0.95,18,2,5573.105849725525,5436.053857464407,0.9754083277876612,kv
524288,A100,A100x72,Qwen3-30B-A3B,8,9,72,TP8/DP9/EP72,0.9,9,1,2786.183217863004,2718.0269287322035,0.9755377576414103,kv
524288,A100,A100x72,Qwen3-30B-A3B,8,9,72,TP8/DP9/EP72,0.95,9,1,2786.183217863004,2718.0269287322035,0.9755377576414103,kv
1048576,A100,A100x72,Qwen3-30B-A3B,8,9,72,TP8/DP9/EP72,0.9,9,1,1393.091608931502,1377.7370970181448,0.9889781032238547,kv
1048576,A100,A100x72,Qwen3-30B-A3B,8,9,72,TP8/DP9/EP72,0.95,9,1,1393.091608931502,1377.7370970181448,0.9889781032238547,kv
8192,A100,A100x72,Qwen3-30B-A3B,12,6,72,TP12/DP6/EP72,0.9,426,71,178273.34507442417,162152.584925931,0.9095727959681061,weight
8192,A100,A100x72,Qwen3-30B-A3B,12,6,72,TP12/DP6/EP72,0.95,450,75,178273.34507442417,170922.02518339598,0.9587637743154523,weight
16384,A100,A100x72,Qwen3-30B-A3B,12,6,72,TP12/DP6/EP72,0.9,192,32,89136.41735094195,81856.66617723634,0.9183302247268448,weight
16384,A100,A100x72,Qwen3-30B-A3B,12,6,72,TP12/DP6/EP72,0.95,204,34,89136.41735094195,85382.43321844179,0.9578849560699728,kv
32768,A100,A100x72,Qwen3-30B-A3B,12,6,72,TP12/DP6/EP72,0.9,54,9,44568.208675470974,41048.76783059325,0.9210324814599353,kv
32768,A100,A100x72,Qwen3-30B-A3B,12,6,72,TP12/DP6/EP72,0.95,90,15,44568.208675470974,42436.520252152375,0.9521702018844698,kv
65536,A100,A100x72,Qwen3-30B-A3B,12,6,72,TP12/DP6/EP72,0.9,24,4,22284.104337735487,20316.76031977329,0.9117153649908768,kv
65536,A100,A100x72,Qwen3-30B-A3B,12,6,72,TP12/DP6/EP72,0.95,48,8,22284.104337735487,21285.7240460915,0.9551976477711358,kv
131072,A100,A100x72,Qwen3-30B-A3B,12,6,72,TP12/DP6/EP72,0.9,12,2,11142.052168867744,10158.380159886645,0.9117153649908768,kv
131072,A100,A100x72,Qwen3-30B-A3B,12,6,72,TP12/DP6/EP72,0.95,24,4,11142.052168867744,10642.86202304575,0.9551976477711358,kv
262144,A100,A100x72,Qwen3-30B-A3B,12,6,72,TP12/DP6/EP72,0.9,6,1,5571.026084433872,5079.190079943322,0.9117153649908768,kv
262144,A100,A100x72,Qwen3-30B-A3B,12,6,72,TP12/DP6/EP72,0.95,12,2,5571.026084433872,5321.431011522875,0.9551976477711358,kv
524288,A100,A100x72,Qwen3-30B-A3B,12,6,72,TP12/DP6/EP72,0.9,6,1,2785.249657831325,2660.7155057614377,0.9552879750941777,kv
524288,A100,A100x72,Qwen3-30B-A3B,12,6,72,TP12/DP6/EP72,0.95,6,1,2785.249657831325,2660.7155057614377,0.9552879750941777,kv
1048576,A100,A100x72,Qwen3-30B-A3B,12,6,72,TP12/DP6/EP72,0.9,6,1,1392.6248289156624,1362.8570042498352,0.9786246632633965,kv
1048576,A100,A100x72,Qwen3-30B-A3B,12,6,72,TP12/DP6/EP72,0.95,6,1,1392.6248289156624,1362.8570042498352,0.9786246632633965,kv
8192,A100,A100x72,Qwen3-30B-A3B,18,4,72,TP18/DP4/EP72,0.9,292,73,178186.03847724764,161608.9277888405,0.9069673986240855,weight
8192,A100,A100x72,Qwen3-30B-A3B,18,4,72,TP18/DP4/EP72,0.95,400,100,178186.03847724764,169343.71681897985,0.9503759007505134,kv
16384,A100,A100x72,Qwen3-30B-A3B,18,4,72,TP18/DP4/EP72,0.9,132,33,89092.82198463897,80988.03395818769,0.9090298427425649,weight
16384,A100,A100x72,Qwen3-30B-A3B,18,4,72,TP18/DP4/EP72,0.95,200,50,89092.82198463897,84671.85840948993,0.9503780049091801,kv
32768,A100,A100x72,Qwen3-30B-A3B,18,4,72,TP18/DP4/EP72,0.9,52,13,44546.21336606185,40362.70362084499,0.9060860749074551,kv
32768,A100,A100x72,Qwen3-30B-A3B,18,4,72,TP18/DP4/EP72,0.95,100,25,44546.21336606185,42335.92920474496,0.9503822211968117,kv
65536,A100,A100x72,Qwen3-30B-A3B,18,4,72,TP18/DP4/EP72,0.9,28,7,22273.106683030925,20322.30383180034,0.912414425208279,kv
65536,A100,A100x72,Qwen3-30B-A3B,18,4,72,TP18/DP4/EP72,0.95,52,13,22273.106683030925,21211.17118283723,0.9523220754380554,kv
131072,A100,A100x72,Qwen3-30B-A3B,18,4,72,TP18/DP4/EP72,0.9,16,4,11136.553341515462,10277.799177559174,0.9228886947674397,kv
131072,A100,A100x72,Qwen3-30B-A3B,18,4,72,TP18/DP4/EP72,0.95,28,7,11136.553341515462,10644.383048645004,0.9558058693944635,kv
262144,A100,A100x72,Qwen3-30B-A3B,18,4,72,TP18/DP4/EP72,0.9,8,2,5568.076783893822,5138.899588779587,0.9229218252960035,kv
262144,A100,A100x72,Qwen3-30B-A3B,18,4,72,TP18/DP4/EP72,0.95,16,4,5568.076783893822,5354.018977012074,0.9615562401185038,kv
524288,A100,A100x72,Qwen3-30B-A3B,18,4,72,TP18/DP4/EP72,0.9,4,1,2783.8322812782794,2569.4497943897936,0.9229901570111667,kv
524288,A100,A100x72,Qwen3-30B-A3B,18,4,72,TP18/DP4/EP72,0.95,8,2,2783.8322812782794,2677.009488506037,0.9616274322664325,kv
1048576,A100,A100x72,Qwen3-30B-A3B,18,4,72,TP18/DP4/EP72,0.9,4,1,1391.9161406391397,1338.5047442530185,0.9616274322664325,kv
1048576,A100,A100x72,Qwen3-30B-A3B,18,4,72,TP18/DP4/EP72,0.95,4,1,1391.9161406391397,1338.5047442530185,0.9616274322664325,kv
8192,A100,A100x72,Qwen3-30B-A3B,24,3,72,TP24/DP3/EP72,0.9,225,75,178124.1092234241,160695.4412117633,0.902154356938848,weight
8192,A100,A100x72,Qwen3-30B-A3B,24,3,72,TP24/DP3/EP72,0.95,435,145,178124.1092234241,169244.55333777543,0.9501496124002456,kv
16384,A100,A100x72,Qwen3-30B-A3B,24,3,72,TP24/DP3/EP72,0.9,108,36,89061.89223868384,80267.05580660288,0.9012502854923518,kv
16384,A100,A100x72,Qwen3-30B-A3B,24,3,72,TP24/DP3/EP72,0.95,219,73,89061.89223868384,84653.30608153304,0.9504997474639784,kv
32768,A100,A100x72,Qwen3-30B-A3B,24,3,72,TP24/DP3/EP72,0.9,54,18,44530.94611934192,40133.52790330144,0.9012502854923518,kv
32768,A100,A100x72,Qwen3-30B-A3B,24,3,72,TP24/DP3/EP72,0.95,111,37,44530.94611934192,42357.08649245804,0.9511831699901909,kv
65536,A100,A100x72,Qwen3-30B-A3B,24,3,72,TP24/DP3/EP72,0.9,27,9,22265.31030372336,20066.76395165072,0.9012568734914517,kv
65536,A100,A100x72,Qwen3-30B-A3B,24,3,72,TP24/DP3/EP72,0.95,57,19,22265.31030372336,21207.83685796532,0.9525057844991632,kv
131072,A100,A100x72,Qwen3-30B-A3B,24,3,72,TP24/DP3/EP72,0.9,15,5,11132.65515186168,10137.010790203063,0.9105654178561241,kv
131072,A100,A100x72,Qwen3-30B-A3B,24,3,72,TP24/DP3/EP72,0.95,30,10,11132.65515186168,10631.122109878293,0.9549493777412555,kv
262144,A100,A100x72,Qwen3-30B-A3B,24,3,72,TP24/DP3/EP72,0.9,9,3,5566.32757593084,5148.265436821001,0.9248944419085993,kv
262144,A100,A100x72,Qwen3-30B-A3B,24,3,72,TP24/DP3/EP72,0.95,15,5,5566.32757593084,5315.561054939147,0.9549493777412555,kv
524288,A100,A100x72,Qwen3-30B-A3B,24,3,72,TP24/DP3/EP72,0.9,6,2,2783.16378796542,2625.7831954469702,0.9434526299893045,kv
524288,A100,A100x72,Qwen3-30B-A3B,24,3,72,TP24/DP3/EP72,0.95,9,3,2783.16378796542,2679.548868169925,0.9627708149108821,kv
1048576,A100,A100x72,Qwen3-30B-A3B,24,3,72,TP24/DP3/EP72,0.9,3,1,1391.4137555760938,1312.8915977234851,0.9435666367836807,kv
1048576,A100,A100x72,Qwen3-30B-A3B,24,3,72,TP24/DP3/EP72,0.95,6,2,1391.4137555760938,1353.6329634229135,0.9728471908504759,kv
8192,A100,A100x72,Qwen3-30B-A3B,36,2,72,TP36/DP2/EP72,0.9,240,120,178037.09096714488,160291.19245584717,0.9003247109077257,kv
8192,A100,A100x72,Qwen3-30B-A3B,36,2,72,TP36/DP2/EP72,0.95,486,243,178037.09096714488,169160.7586184636,0.9501433532728338,kv
16384,A100,A100x72,Qwen3-30B-A3B,36,2,72,TP36/DP2/EP72,0.9,120,60,89018.54548357244,80145.59622792358,0.9003247109077257,kv
16384,A100,A100x72,Qwen3-30B-A3B,36,2,72,TP36/DP2/EP72,0.95,244,122,89018.54548357244,84599.09667606572,0.9503536169513993,kv
32768,A100,A100x72,Qwen3-30B-A3B,36,2,72,TP36/DP2/EP72,0.9,60,30,44509.150974420525,40072.79811396179,0.9003271740005035,kv
32768,A100,A100x72,Qwen3-30B-A3B,36,2,72,TP36/DP2/EP72,0.95,122,61,44509.150974420525,42299.54833803286,0.9503562169123934,kv
65536,A100,A100x72,Qwen3-30B-A3B,36,2,72,TP36/DP2/EP72,0.9,30,15,22254.575487210263,20036.399056980896,0.9003271740005035,kv
65536,A100,A100x72,Qwen3-30B-A3B,36,2,72,TP36/DP2/EP72,0.95,62,31,22254.575487210263,21168.134152527156,0.951181215058113,kv
131072,A100,A100x72,Qwen3-30B-A3B,36,2,72,TP36/DP2/EP72,0.9,16,8,11127.165593547854,10083.481678124743,0.906203973810878,kv
131072,A100,A100x72,Qwen3-30B-A3B,36,2,72,TP36/DP2/EP72,0.95,32,16,11127.165593547854,10601.610657807656,0.9527683010267284,kv
262144,A100,A100x72,Qwen3-30B-A3B,36,2,72,TP36/DP2/EP72,0.9,8,4,5563.582796773927,5041.740839062371,0.906203973810878,kv
262144,A100,A100x72,Qwen3-30B-A3B,36,2,72,TP36/DP2/EP72,0.95,16,8,5563.582796773927,5300.805328903828,0.9527683010267284,kv
524288,A100,A100x72,Qwen3-30B-A3B,36,2,72,TP36/DP2/EP72,0.9,4,2,2781.6676971522647,2520.8704195311857,0.9062442728554275,kv
524288,A100,A100x72,Qwen3-30B-A3B,36,2,72,TP36/DP2/EP72,0.95,8,4,2781.6676971522647,2650.402664451914,0.9528106707948136,kv
1048576,A100,A100x72,Qwen3-30B-A3B,36,2,72,TP36/DP2/EP72,0.9,2,1,1390.7062990488057,1260.4352097655928,0.906327389634811,kv
1048576,A100,A100x72,Qwen3-30B-A3B,36,2,72,TP36/DP2/EP72,0.95,4,2,1390.7062990488057,1325.201332225957,0.9528980584414899,kv
8192,A100,A100x72,Qwen3-30B-A3B,72,1,72,TP72/DP1/EP72,0.9,276,276,177380.59617462897,159666.63254299047,0.9001358434143534,kv
8192,A100,A100x72,Qwen3-30B-A3B,72,1,72,TP72/DP1/EP72,0.95,542,542,177380.59617462897,168522.83056529285,0.9500635029965975,kv
16384,A100,A100x72,Qwen3-30B-A3B,72,1,72,TP72/DP1/EP72,0.9,142,142,88944.09347307276,80074.84789069406,0.9002829166496165,kv
16384,A100,A100x72,Qwen3-30B-A3B,72,1,72,TP72/DP1/EP72,0.95,285,285,88944.09347307276,84500.30753407907,0.9500384368936312,kv
32768,A100,A100x72,Qwen3-30B-A3B,72,1,72,TP72/DP1/EP72,0.9,71,71,44472.04673653638,40037.42394534703,0.9002829166496165,kv
32768,A100,A100x72,Qwen3-30B-A3B,72,1,72,TP72/DP1/EP72,0.95,143,143,44472.04673653638,42258.26263397919,0.9502207731595488,kv
65536,A100,A100x72,Qwen3-30B-A3B,72,1,72,TP72/DP1/EP72,0.9,36,36,22236.02336826819,20047.775117315065,0.9015899464255891,kv
65536,A100,A100x72,Qwen3-30B-A3B,72,1,72,TP72/DP1/EP72,0.95,72,72,22236.02336826819,21137.160306475875,0.9505818534369574,kv
131072,A100,A100x72,Qwen3-30B-A3B,72,1,72,TP72/DP1/EP72,0.9,18,18,11117.9391913257,10023.887558657532,0.9015958251038326,kv
131072,A100,A100x72,Qwen3-30B-A3B,72,1,72,TP72/DP1/EP72,0.95,36,36,11117.9391913257,10568.580153237937,0.9505880515593774,kv
262144,A100,A100x72,Qwen3-30B-A3B,72,1,72,TP72/DP1/EP72,0.9,9,9,5558.896829687458,5011.943779328766,0.9016076269957606,kv
262144,A100,A100x72,Qwen3-30B-A3B,72,1,72,TP72/DP1/EP72,0.95,18,18,5558.896829687458,5284.290076618969,0.9506004947596898,kv
524288,A100,A100x72,Qwen3-30B-A3B,72,1,72,TP72/DP1/EP72,0.9,5,5,2779.448414843729,2532.0719106449847,0.910997986910776,kv
524288,A100,A100x72,Qwen3-30B-A3B,72,1,72,TP72/DP1/EP72,0.95,9,9,2779.448414843729,2642.1450383094843,0.9506004947596898,kv
1048576,A100,A100x72,Qwen3-30B-A3B,72,1,72,TP72/DP1/EP72,0.9,3,3,1389.6505181812072,1286.1287509694657,0.9255051785630015,kv
1048576,A100,A100x72,Qwen3-30B-A3B,72,1,72,TP72/DP1/EP72,0.95,5,5,1389.6505181812072,1328.2903767718217,0.9558449116475022,kv
8192,A100,A100x72,Qwen3-32B,1,72,1,TP1/DP72/EP1,0.9,288,4,8780.48780487805,8780.48780487805,1.0,weight
8192,A100,A100x72,Qwen3-32B,1,72,1,TP1/DP72/EP1,0.95,288,4,8780.48780487805,8780.48780487805,1.0,weight
16384,A100,A100x72,Qwen3-32B,1,72,1,TP1/DP72/EP1,0.9,144,2,4390.243902439025,4390.243902439025,1.0,weight
16384,A100,A100x72,Qwen3-32B,1,72,1,TP1/DP72/EP1,0.95,144,2,4390.243902439025,4390.243902439025,1.0,weight
32768,A100,A100x72,Qwen3-32B,1,72,1,TP1/DP72/EP1,0.9,72,1,2195.1219512195125,2195.1219512195125,1.0,weight
32768,A100,A100x72,Qwen3-32B,1,72,1,TP1/DP72/EP1,0.95,72,1,2195.1219512195125,2195.1219512195125,1.0,weight
8192,A100,A100x72,Qwen3-32B,2,36,1,TP2/DP36/EP1,0.9,1620,45,107123.23019700267,98600.12172854536,0.9204364127856948,weight
8192,A100,A100x72,Qwen3-32B,2,36,1,TP2/DP36/EP1,0.95,1692,47,107123.23019700267,102982.34936092516,0.9613446977983924,weight
16384,A100,A100x72,Qwen3-32B,2,36,1,TP2/DP36/EP1,0.9,828,23,53561.61509850134,50395.61777236763,0.9408905552920436,weight
16384,A100,A100x72,Qwen3-32B,2,36,1,TP2/DP36/EP1,0.95,864,24,53561.61509850134,52586.73158855753,0.9817988403047412,weight
32768,A100,A100x72,Qwen3-32B,2,36,1,TP2/DP36/EP1,0.9,396,11,26779.335520862158,24102.251978088865,0.9000317412398923,weight
32768,A100,A100x72,Qwen3-32B,2,36,1,TP2/DP36/EP1,0.95,432,12,26779.335520862158,26293.365794278765,0.9818528086253371,weight
65536,A100,A100x72,Qwen3-32B,2,36,1,TP2/DP36/EP1,0.9,216,6,13389.667760431079,13146.682897139382,0.9818528086253371,weight
65536,A100,A100x72,Qwen3-32B,2,36,1,TP2/DP36/EP1,0.95,216,6,13389.667760431079,13146.682897139382,0.9818528086253371,weight
131072,A100,A100x72,Qwen3-32B,2,36,1,TP2/DP36/EP1,0.9,108,3,6573.341448569691,6573.341448569691,1.0,weight
131072,A100,A100x72,Qwen3-32B,2,36,1,TP2/DP36/EP1,0.95,108,3,6573.341448569691,6573.341448569691,1.0,weight
262144,A100,A100x72,Qwen3-32B,2,36,1,TP2/DP36/EP1,0.9,36,1,2191.113816189897,2191.113816189897,1.0,weight
262144,A100,A100x72,Qwen3-32B,2,36,1,TP2/DP36/EP1,0.95,36,1,2191.113816189897,2191.113816189897,1.0,weight
8192,A100,A100x72,Qwen3-32B,4,18,1,TP4/DP18/EP1,0.9,810,45,107056.32226626165,98062.95399515741,0.9159940479859128,weight
8192,A100,A100x72,Qwen3-32B,4,18,1,TP4/DP18/EP1,0.95,846,47,107056.32226626165,102421.30750605329,0.9567048945630644,weight
16384,A100,A100x72,Qwen3-32B,4,18,1,TP4/DP18/EP1,0.9,414,23,53527.455238514165,50121.06537530267,0.9363618194058939,weight
16384,A100,A100x72,Qwen3-32B,4,18,1,TP4/DP18/EP1,0.95,432,24,53527.455238514165,52300.242130750616,0.9770732028583241,weight
32768,A100,A100x72,Qwen3-32B,4,18,1,TP4/DP18/EP1,0.9,216,12,26763.727619257083,26150.121065375308,0.9770732028583241,weight
32768,A100,A100x72,Qwen3-32B,4,18,1,TP4/DP18/EP1,0.95,216,12,26763.727619257083,26150.121065375308,0.9770732028583241,weight
65536,A100,A100x72,Qwen3-32B,4,18,1,TP4/DP18/EP1,0.9,108,6,13381.135905001309,13075.060532687654,0.9771263535108962,weight
65536,A100,A100x72,Qwen3-32B,4,18,1,TP4/DP18/EP1,0.95,108,6,13381.135905001309,13075.060532687654,0.9771263535108962,weight
131072,A100,A100x72,Qwen3-32B,4,18,1,TP4/DP18/EP1,0.9,54,3,6690.567952500654,6537.530266343827,0.9771263535108962,weight
131072,A100,A100x72,Qwen3-32B,4,18,1,TP4/DP18/EP1,0.95,54,3,6690.567952500654,6537.530266343827,0.9771263535108962,weight
262144,A100,A100x72,Qwen3-32B,4,18,1,TP4/DP18/EP1,0.9,36,2,3345.283976250327,3334.130363371013,0.9966658696366292,kv
262144,A100,A100x72,Qwen3-32B,4,18,1,TP4/DP18/EP1,0.95,36,2,3345.283976250327,3334.130363371013,0.9966658696366292,kv
524288,A100,A100x72,Qwen3-32B,4,18,1,TP4/DP18/EP1,0.9,18,1,1671.7099307178023,1667.0651816855066,0.9972215580305243,kv
524288,A100,A100x72,Qwen3-32B,4,18,1,TP4/DP18/EP1,0.95,18,1,1671.7099307178023,1667.0651816855066,0.9972215580305243,kv
1048576,A100,A100x72,Qwen3-32B,4,18,1,TP4/DP18/EP1,0.9,18,1,835.8549653589012,835.8549653589012,1.0,kv
1048576,A100,A100x72,Qwen3-32B,4,18,1,TP4/DP18/EP1,0.95,18,1,835.8549653589012,835.8549653589012,1.0,kv
8192,A100,A100x72,Qwen3-32B,8,9,1,TP8/DP9/EP1,0.9,405,45,106986.29784564882,96658.7112171838,0.9034681371686977,weight
8192,A100,A100x72,Qwen3-32B,8,9,1,TP8/DP9/EP1,0.95,432,48,106986.29784564882,103102.62529832937,0.9636993463132774,weight
16384,A100,A100x72,Qwen3-32B,8,9,1,TP8/DP9/EP1,0.9,207,23,53493.14892282441,49403.34128878282,0.9235452068835576,weight
16384,A100,A100x72,Qwen3-32B,8,9,1,TP8/DP9/EP1,0.95,216,24,53493.14892282441,51551.31264916468,0.9636993463132774,weight
32768,A100,A100x72,Qwen3-32B,8,9,1,TP8/DP9/EP1,0.9,108,12,26746.574461412205,25775.65632458234,0.9636993463132774,weight
32768,A100,A100x72,Qwen3-32B,8,9,1,TP8/DP9/EP1,0.95,108,12,26746.574461412205,25775.65632458234,0.9636993463132774,weight
65536,A100,A100x72,Qwen3-32B,8,9,1,TP8/DP9/EP1,0.9,54,6,13372.886694413006,12887.82816229117,0.9637282104301022,weight
65536,A100,A100x72,Qwen3-32B,8,9,1,TP8/DP9/EP1,0.95,54,6,13372.886694413006,12887.82816229117,0.9637282104301022,weight
131072,A100,A100x72,Qwen3-32B,8,9,1,TP8/DP9/EP1,0.9,27,3,6686.029787915156,6443.914081145585,0.9637878211061535,weight
131072,A100,A100x72,Qwen3-32B,8,9,1,TP8/DP9/EP1,0.95,27,3,6686.029787915156,6443.914081145585,0.9637878211061535,weight
262144,A100,A100x72,Qwen3-32B,8,9,1,TP8/DP9/EP1,0.9,18,2,3342.5732231248094,3297.48290379686,0.9865102972117401,kv
262144,A100,A100x72,Qwen3-32B,8,9,1,TP8/DP9/EP1,0.95,18,2,3342.5732231248094,3297.48290379686,0.9865102972117401,kv
524288,A100,A100x72,Qwen3-32B,8,9,1,TP8/DP9/EP1,0.9,9,1,1670.7789114850143,1648.74145189843,0.9868100683848127,kv
524288,A100,A100x72,Qwen3-32B,8,9,1,TP8/DP9/EP1,0.95,9,1,1670.7789114850143,1648.74145189843,0.9868100683848127,kv
1048576,A100,A100x72,Qwen3-32B,8,9,1,TP8/DP9/EP1,0.9,9,1,834.6921627109876,831.223085735349,0.9958438845713232,kv
1048576,A100,A100x72,Qwen3-32B,8,9,1,TP8/DP9/EP1,0.95,9,1,834.6921627109876,831.223085735349,0.9958438845713232,kv
8192,A100,A100x72,Qwen3-32B,12,6,1,TP12/DP6/EP1,0.9,276,46,106942.12668419766,97152.91932495142,0.9084625707121575,weight
8192,A100,A100x72,Qwen3-32B,12,6,1,TP12/DP6/EP1,0.95,294,49,106942.12668419766,103236.59041925587,0.9653500787778018,kv
16384,A100,A100x72,Qwen3-32B,12,6,1,TP12/DP6/EP1,0.9,138,23,53471.06334209883,48576.45966247571,0.9084625707121575,weight
16384,A100,A100x72,Qwen3-32B,12,6,1,TP12/DP6/EP1,0.95,150,25,53471.06334209883,51657.312220585816,0.9660797633682925,kv
32768,A100,A100x72,Qwen3-32B,12,6,1,TP12/DP6/EP1,0.9,72,12,26735.240190639193,25344.23982390037,0.9479712784766432,weight
32768,A100,A100x72,Qwen3-32B,12,6,1,TP12/DP6/EP1,0.95,78,13,26735.240190639193,25865.502419245066,0.9674684885868858,kv
65536,A100,A100x72,Qwen3-32B,12,6,1,TP12/DP6/EP1,0.9,36,6,13367.620095319597,12672.119911950185,0.9479712784766432,weight
65536,A100,A100x72,Qwen3-32B,12,6,1,TP12/DP6/EP1,0.95,42,7,13367.620095319597,12965.780772525623,0.9699393519617848,kv
131072,A100,A100x72,Qwen3-32B,12,6,1,TP12/DP6/EP1,0.9,18,3,6683.810047659798,6336.059955975093,0.9479712784766432,weight
131072,A100,A100x72,Qwen3-32B,12,6,1,TP12/DP6/EP1,0.95,24,4,6683.810047659798,6509.9075709243125,0.9739815351580234,kv
262144,A100,A100x72,Qwen3-32B,12,6,1,TP12/DP6/EP1,0.9,12,2,3341.604464967594,3254.9537854621562,0.9740691394167508,kv
262144,A100,A100x72,Qwen3-32B,12,6,1,TP12/DP6/EP1,0.95,12,2,3341.604464967594,3254.9537854621562,0.9740691394167508,kv
524288,A100,A100x72,Qwen3-32B,12,6,1,TP12/DP6/EP1,0.9,6,1,1670.802232483797,1627.4768927310781,0.9740691394167508,kv
524288,A100,A100x72,Qwen3-32B,12,6,1,TP12/DP6/EP1,0.95,6,1,1670.802232483797,1627.4768927310781,0.9740691394167508,kv
1048576,A100,A100x72,Qwen3-32B,12,6,1,TP12/DP6/EP1,0.9,6,1,835.0537707925085,825.7834133069009,0.9888984903609146,kv
1048576,A100,A100x72,Qwen3-32B,12,6,1,TP12/DP6/EP1,0.95,6,1,835.0537707925085,825.7834133069009,0.9888984903609146,kv
8192,A100,A100x72,Qwen3-32B,18,4,1,TP18/DP4/EP1,0.9,188,47,106896.78889046644,96542.94244272696,0.9031416513516722,weight
8192,A100,A100x72,Qwen3-32B,18,4,1,TP18/DP4/EP1,0.95,240,60,106896.78889046644,101606.2300913879,0.9505077855565933,kv
16384,A100,A100x72,Qwen3-32B,18,4,1,TP18/DP4/EP1,0.9,96,24,53448.39444523322,49298.52380054142,0.9223574311676652,weight
16384,A100,A100x72,Qwen3-32B,18,4,1,TP18/DP4/EP1,0.95,120,30,53448.39444523322,50803.11504569395,0.9505077855565933,kv
32768,A100,A100x72,Qwen3-32B,18,4,1,TP18/DP4/EP1,0.9,48,12,26724.19722261661,24649.26190027071,0.9223574311676652,weight
32768,A100,A100x72,Qwen3-32B,18,4,1,TP18/DP4/EP1,0.95,60,15,26724.19722261661,25401.557522846975,0.9505077855565933,kv
65536,A100,A100x72,Qwen3-32B,18,4,1,TP18/DP4/EP1,0.9,24,6,13361.884720773302,12324.630950135355,0.9223721958156577,weight
65536,A100,A100x72,Qwen3-32B,18,4,1,TP18/DP4/EP1,0.95,32,8,13361.884720773302,12742.958986970014,0.9536797580029213,kv
131072,A100,A100x72,Qwen3-32B,18,4,1,TP18/DP4/EP1,0.9,12,3,6680.942360386651,6162.315475067678,0.9223721958156577,weight
131072,A100,A100x72,Qwen3-32B,18,4,1,TP18/DP4/EP1,0.95,16,4,6680.942360386651,6371.479493485007,0.9536797580029213,kv
262144,A100,A100x72,Qwen3-32B,18,4,1,TP18/DP4/EP1,0.9,8,2,3340.2525331284974,3185.7397467425035,0.9537421842050737,kv
262144,A100,A100x72,Qwen3-32B,18,4,1,TP18/DP4/EP1,0.95,8,2,3340.2525331284974,3185.7397467425035,0.9537421842050737,kv
524288,A100,A100x72,Qwen3-32B,18,4,1,TP18/DP4/EP1,0.9,4,1,1670.1262665642487,1592.8698733712517,0.9537421842050737,kv
524288,A100,A100x72,Qwen3-32B,18,4,1,TP18/DP4/EP1,0.95,4,1,1670.1262665642487,1592.8698733712517,0.9537421842050737,kv
1048576,A100,A100x72,Qwen3-32B,18,4,1,TP18/DP4/EP1,0.9,4,1,835.0631332821243,816.7793206485221,0.978104873865357,kv
1048576,A100,A100x72,Qwen3-32B,18,4,1,TP18/DP4/EP1,0.95,4,1,835.0631332821243,816.7793206485221,0.978104873865357,kv
8192,A100,A100x72,Qwen3-32B,24,3,1,TP24/DP3/EP1,0.9,147,49,106863.74285656757,97500.26682267294,0.9123792992496784,kv
8192,A100,A100x72,Qwen3-32B,24,3,1,TP24/DP3/EP1,0.95,261,87,106863.74285656757,101546.73200266526,0.9502449501414264,kv
16384,A100,A100x72,Qwen3-32B,24,3,1,TP24/DP3/EP1,0.9,75,25,53431.87142828378,48839.24710975823,0.9140470996848806,kv
16384,A100,A100x72,Qwen3-32B,24,3,1,TP24/DP3/EP1,0.95,132,44,53431.87142828378,50804.26183798654,0.950823178749709,kv
32768,A100,A100x72,Qwen3-32B,24,3,1,TP24/DP3/EP1,0.9,39,13,26715.76462412946,24504.040394967054,0.9172127670579642,kv
32768,A100,A100x72,Qwen3-32B,24,3,1,TP24/DP3/EP1,0.95,66,22,26715.76462412946,25402.13091899327,0.9508292679016296,kv
65536,A100,A100x72,Qwen3-32B,24,3,1,TP24/DP3/EP1,0.9,21,7,13357.710392135412,12328.122719370038,0.9229218449464541,kv
65536,A100,A100x72,Qwen3-32B,24,3,1,TP24/DP3/EP1,0.95,33,11,13357.710392135412,12701.065459496635,0.9508415055153921,kv
131072,A100,A100x72,Qwen3-32B,24,3,1,TP24/DP3/EP1,0.9,12,4,6678.855196067706,6226.913130320759,0.9323324054078854,kv
131072,A100,A100x72,Qwen3-32B,24,3,1,TP24/DP3/EP1,0.95,18,6,6678.855196067706,6378.673265926976,0.9550548827114163,kv
262144,A100,A100x72,Qwen3-32B,24,3,1,TP24/DP3/EP1,0.9,6,2,3339.2528618667507,3113.4565651603793,0.932381192426337,kv
262144,A100,A100x72,Qwen3-32B,24,3,1,TP24/DP3/EP1,0.95,9,3,3339.2528618667507,3189.336632963488,0.9551048587499137,kv
524288,A100,A100x72,Qwen3-32B,24,3,1,TP24/DP3/EP1,0.9,3,1,1669.6264309333753,1556.7282825801897,0.932381192426337,kv
524288,A100,A100x72,Qwen3-32B,24,3,1,TP24/DP3/EP1,0.95,6,2,1669.6264309333753,1614.3403843682684,0.9668871757533208,kv
1048576,A100,A100x72,Qwen3-32B,24,3,1,TP24/DP3/EP1,0.9,3,1,834.6263964383103,807.1701921841342,0.9671035994412076,kv
1048576,A100,A100x72,Qwen3-32B,24,3,1,TP24/DP3/EP1,0.95,3,1,834.6263964383103,807.1701921841342,0.9671035994412076,kv
8192,A100,A100x72,Qwen3-32B,36,2,1,TP36/DP2/EP1,0.9,144,72,106816.13951584187,96174.71547350829,0.9003762531526862,kv
8192,A100,A100x72,Qwen3-32B,36,2,1,TP36/DP2/EP1,0.95,292,146,106816.13951584187,101503.96152409034,0.9502680211452157,kv
16384,A100,A100x72,Qwen3-32B,36,2,1,TP36/DP2/EP1,0.9,72,36,53408.06975792094,48087.357736754144,0.9003762531526862,kv
16384,A100,A100x72,Qwen3-32B,36,2,1,TP36/DP2/EP1,0.95,146,73,53408.06975792094,50751.98076204517,0.9502680211452157,kv
32768,A100,A100x72,Qwen3-32B,36,2,1,TP36/DP2/EP1,0.9,36,18,26703.90984161062,24043.678868377072,0.9003804690394693,kv
32768,A100,A100x72,Qwen3-32B,36,2,1,TP36/DP2/EP1,0.95,74,37,26703.90984161062,25394.49215840105,0.9509653196488401,kv
65536,A100,A100x72,Qwen3-32B,36,2,1,TP36/DP2/EP1,0.9,18,9,13351.95492080531,12021.839434188536,0.9003804690394693,kv
65536,A100,A100x72,Qwen3-32B,36,2,1,TP36/DP2/EP1,0.95,38,19,13351.95492080531,12715.05542518679,0.9522991577341166,kv
131072,A100,A100x72,Qwen3-32B,36,2,1,TP36/DP2/EP1,0.9,10,5,6675.85175807374,6073.83657390689,0.9098219663972054,kv
131072,A100,A100x72,Qwen3-32B,36,2,1,TP36/DP2/EP1,0.95,20,10,6675.85175807374,6374.067381562982,0.9547946258474386,kv
262144,A100,A100x72,Qwen3-32B,36,2,1,TP36/DP2/EP1,0.9,6,3,3337.798558500915,3085.360419488396,0.9243698699642632,kv
262144,A100,A100x72,Qwen3-32B,36,2,1,TP36/DP2/EP1,0.95,10,5,3337.798558500915,3187.033690781491,0.9548310465484963,kv
524288,A100,A100x72,Qwen3-32B,36,2,1,TP36/DP2/EP1,0.9,4,2,1668.8992792504575,1574.0652648282635,0.9431757113198669,kv
524288,A100,A100x72,Qwen3-32B,36,2,1,TP36/DP2/EP1,0.95,6,3,1668.8992792504575,1606.7538663170046,0.9627626342068025,kv
1048576,A100,A100x72,Qwen3-32B,36,2,1,TP36/DP2/EP1,0.9,2,1,834.3166614048862,787.0326324141317,0.9433260401258989,kv
1048576,A100,A100x72,Qwen3-32B,36,2,1,TP36/DP2/EP1,0.95,4,2,834.3166614048862,811.8063210330852,0.9730194284578995,kv
8192,A100,A100x72,Qwen3-32B,72,1,1,TP72/DP1/EP1,0.9,170,170,106732.47741510285,96066.22405917798,0.9000655319332486,kv
8192,A100,A100x72,Qwen3-32B,72,1,1,TP72/DP1/EP1,0.95,342,342,106732.47741510285,101400.36904089489,0.9500423066779348,kv
16384,A100,A100x72,Qwen3-32B,72,1,1,TP72/DP1/EP1,0.9,85,85,53366.166173149104,48033.11202958899,0.9000667552872964,kv
16384,A100,A100x72,Qwen3-32B,72,1,1,TP72/DP1/EP1,0.95,171,171,53366.166173149104,50700.184520447445,0.9500435979595807,kv
32768,A100,A100x72,Qwen3-32B,72,1,1,TP72/DP1/EP1,0.9,43,43,26683.083086574552,24045.80183135051,0.9011627986665838,kv
32768,A100,A100x72,Qwen3-32B,72,1,1,TP72/DP1/EP1,0.95,86,86,26683.083086574552,25358.183298563534,0.9503468252258438,kv
65536,A100,A100x72,Qwen3-32B,72,1,1,TP72/DP1/EP1,0.9,22,22,13341.468914139561,12051.250806856771,0.9032926497384864,kv
65536,A100,A100x72,Qwen3-32B,72,1,1,TP72/DP1/EP1,0.95,43,43,13341.468914139561,12679.091649281767,0.9503519987850968,kv
131072,A100,A100x72,Qwen3-32B,72,1,1,TP72/DP1/EP1,0.9,11,11,6670.734457069781,6025.625403428386,0.9032926497384864,kv
131072,A100,A100x72,Qwen3-32B,72,1,1,TP72/DP1/EP1,0.95,22,22,6670.734457069781,6347.419279381848,0.9515322968154915,kv
262144,A100,A100x72,Qwen3-32B,72,1,1,TP72/DP1/EP1,0.9,6,6,3335.3672285348903,3038.486292773982,0.910990030356772,kv
262144,A100,A100x72,Qwen3-32B,72,1,1,TP72/DP1/EP1,0.95,11,11,3335.3672285348903,3173.709639690924,0.9515322968154915,kv
524288,A100,A100x72,Qwen3-32B,72,1,1,TP72/DP1/EP1,0.9,3,3,1667.6102963034602,1519.243146386991,0.9110300828404873,kv
524288,A100,A100x72,Qwen3-32B,72,1,1,TP72/DP1/EP1,0.95,6,6,1667.6102963034602,1593.9484521261859,0.9558279027536839,kv
1048576,A100,A100x72,Qwen3-32B,72,1,1,TP72/DP1/EP1,0.9,2,2,833.7299441237609,777.8497355393691,0.9329756487958206,kv
1048576,A100,A100x72,Qwen3-32B,72,1,1,TP72/DP1/EP1,0.95,3,3,833.7299441237609,796.9742260630929,0.9559141202499357,kv
8192,A100,A100x72,Llama-3.3-70B,2,36,1,TP2/DP36/EP1,0.9,36,1,1018.9640532125673,1018.9640532125673,1.0,weight
8192,A100,A100x72,Llama-3.3-70B,2,36,1,TP2/DP36/EP1,0.95,36,1,1018.9640532125673,1018.9640532125673,1.0,weight
8192,A100,A100x72,Llama-3.3-70B,4,18,1,TP4/DP18/EP1,0.9,864,48,53467.13088985992,48785.99661208357,0.9124483734236778,weight
8192,A100,A100x72,Llama-3.3-70B,4,18,1,TP4/DP18/EP1,0.95,900,50,53467.13088985992,50818.746470920385,0.9504670556496645,weight
16384,A100,A100x72,Llama-3.3-70B,4,18,1,TP4/DP18/EP1,0.9,432,24,26733.56544492996,24392.998306041784,0.9124483734236778,weight
16384,A100,A100x72,Llama-3.3-70B,4,18,1,TP4/DP18/EP1,0.95,450,25,26733.56544492996,25409.373235460193,0.9504670556496645,weight
32768,A100,A100x72,Llama-3.3-70B,4,18,1,TP4/DP18/EP1,0.9,216,12,13212.874082439299,12196.499153020892,0.9230769230769231,weight
32768,A100,A100x72,Llama-3.3-70B,4,18,1,TP4/DP18/EP1,0.95,234,13,13212.874082439299,13212.874082439299,1.0,weight
65536,A100,A100x72,Llama-3.3-70B,4,18,1,TP4/DP18/EP1,0.9,108,6,6098.249576510446,6098.249576510446,1.0,weight
65536,A100,A100x72,Llama-3.3-70B,4,18,1,TP4/DP18/EP1,0.95,108,6,6098.249576510446,6098.249576510446,1.0,weight
131072,A100,A100x72,Llama-3.3-70B,4,18,1,TP4/DP18/EP1,0.9,54,3,3049.124788255223,3049.124788255223,1.0,weight
131072,A100,A100x72,Llama-3.3-70B,4,18,1,TP4/DP18/EP1,0.95,54,3,3049.124788255223,3049.124788255223,1.0,weight
262144,A100,A100x72,Llama-3.3-70B,4,18,1,TP4/DP18/EP1,0.9,18,1,1016.3749294184076,1016.3749294184076,1.0,weight
262144,A100,A100x72,Llama-3.3-70B,4,18,1,TP4/DP18/EP1,0.95,18,1,1016.3749294184076,1016.3749294184076,1.0,weight
8192,A100,A100x72,Llama-3.3-70B,8,9,1,TP8/DP9/EP1,0.9,432,48,53466.03485601137,48457.655636567586,0.906325965018132,weight
8192,A100,A100x72,Llama-3.3-70B,8,9,1,TP8/DP9/EP1,0.95,459,51,53466.03485601137,51486.25911385306,0.9629713378317653,weight
16384,A100,A100x72,Llama-3.3-70B,8,9,1,TP8/DP9/EP1,0.9,216,24,26732.46258376023,24228.827818283793,0.9063447762198543,weight
16384,A100,A100x72,Llama-3.3-70B,8,9,1,TP8/DP9/EP1,0.95,234,26,26732.46258376023,26247.896803140775,0.9818735075715088,weight
32768,A100,A100x72,Llama-3.3-70B,8,9,1,TP8/DP9/EP1,0.9,108,12,13366.231291880114,12114.413909141897,0.9063447762198543,weight
32768,A100,A100x72,Llama-3.3-70B,8,9,1,TP8/DP9/EP1,0.95,117,13,13366.231291880114,13123.948401570387,0.9818735075715088,weight
65536,A100,A100x72,Llama-3.3-70B,8,9,1,TP8/DP9/EP1,0.9,54,6,6683.115645940057,6057.206954570948,0.9063447762198543,weight
65536,A100,A100x72,Llama-3.3-70B,8,9,1,TP8/DP9/EP1,0.95,63,7,6683.115645940057,6641.897687752573,0.9938325235756583,kv
131072,A100,A100x72,Llama-3.3-70B,8,9,1,TP8/DP9/EP1,0.9,27,3,3341.5578229700286,3028.603477285474,0.9063447762198543,weight
131072,A100,A100x72,Llama-3.3-70B,8,9,1,TP8/DP9/EP1,0.95,36,4,3341.5578229700286,3324.892342941396,0.9950126614855881,kv
262144,A100,A100x72,Llama-3.3-70B,8,9,1,TP8/DP9/EP1,0.9,18,2,1670.7789114850143,1662.446171470698,0.9950126614855881,kv
262144,A100,A100x72,Llama-3.3-70B,8,9,1,TP8/DP9/EP1,0.95,18,2,1670.7789114850143,1662.446171470698,0.9950126614855881,kv
524288,A100,A100x72,Llama-3.3-70B,8,9,1,TP8/DP9/EP1,0.9,9,1,834.6921627109876,831.223085735349,0.9958438845713232,kv
524288,A100,A100x72,Llama-3.3-70B,8,9,1,TP8/DP9/EP1,0.95,9,1,834.6921627109876,831.223085735349,0.9958438845713232,kv
1048576,A100,A100x72,Llama-3.3-70B,8,9,1,TP8/DP9/EP1,0.9,9,1,417.3460813554938,417.3460813554938,1.0,kv
1048576,A100,A100x72,Llama-3.3-70B,8,9,1,TP8/DP9/EP1,0.95,9,1,417.3460813554938,417.3460813554938,1.0,kv
8192,A100,A100x72,Llama-3.3-70B,12,6,1,TP12/DP6/EP1,0.9,294,49,53453.10791641737,49074.57529209696,0.9180864725178008,weight
8192,A100,A100x72,Llama-3.3-70B,12,6,1,TP12/DP6/EP1,0.95,306,51,53453.10791641737,51077.619181570306,0.9555593897634254,weight
16384,A100,A100x72,Llama-3.3-70B,12,6,1,TP12/DP6/EP1,0.9,150,25,26726.198754327317,25038.04861841682,0.9368353819625335,weight
16384,A100,A100x72,Llama-3.3-70B,12,6,1,TP12/DP6/EP1,0.95,156,26,26726.198754327317,26039.57056315349,0.9743087972410348,weight
32768,A100,A100x72,Llama-3.3-70B,12,6,1,TP12/DP6/EP1,0.9,78,13,13363.099377163659,13019.785281576746,0.9743087972410348,weight
32768,A100,A100x72,Llama-3.3-70B,12,6,1,TP12/DP6/EP1,0.95,78,13,13363.099377163659,13019.785281576746,0.9743087972410348,weight
65536,A100,A100x72,Llama-3.3-70B,12,6,1,TP12/DP6/EP1,0.9,42,7,6681.187781768175,6592.327347295206,0.9866999046613456,kv
65536,A100,A100x72,Llama-3.3-70B,12,6,1,TP12/DP6/EP1,0.95,42,7,6681.187781768175,6592.327347295206,0.9866999046613456,kv
131072,A100,A100x72,Llama-3.3-70B,12,6,1,TP12/DP6/EP1,0.9,24,4,3340.215083170034,3303.1336532276036,0.9888984903609146,kv
131072,A100,A100x72,Llama-3.3-70B,12,6,1,TP12/DP6/EP1,0.95,24,4,3340.215083170034,3303.1336532276036,0.9888984903609146,kv
262144,A100,A100x72,Llama-3.3-70B,12,6,1,TP12/DP6/EP1,0.9,12,2,1670.107541585017,1651.5668266138018,0.9888984903609146,kv
262144,A100,A100x72,Llama-3.3-70B,12,6,1,TP12/DP6/EP1,0.95,12,2,1670.107541585017,1651.5668266138018,0.9888984903609146,kv
524288,A100,A100x72,Llama-3.3-70B,12,6,1,TP12/DP6/EP1,0.9,6,1,835.0537707925085,825.7834133069009,0.9888984903609146,kv
524288,A100,A100x72,Llama-3.3-70B,12,6,1,TP12/DP6/EP1,0.95,6,1,835.0537707925085,825.7834133069009,0.9888984903609146,kv
1048576,A100,A100x72,Llama-3.3-70B,12,6,1,TP12/DP6/EP1,0.9,6,1,417.5268853962543,415.97030555793356,0.9962719051329031,kv
1048576,A100,A100x72,Llama-3.3-70B,12,6,1,TP12/DP6/EP1,0.95,6,1,417.5268853962543,415.97030555793356,0.9962719051329031,kv
8192,A100,A100x72,Llama-3.3-70B,18,4,1,TP18/DP4/EP1,0.9,196,49,53435.69514670464,48427.107652249404,0.9062688811158076,weight
8192,A100,A100x72,Llama-3.3-70B,18,4,1,TP18/DP4/EP1,0.95,208,52,53435.69514670464,51392.032610550385,0.9617547309800407,weight
16384,A100,A100x72,Llama-3.3-70B,18,4,1,TP18/DP4/EP1,0.9,100,25,26717.84757335232,24707.70798584153,0.9247641644038853,weight
16384,A100,A100x72,Llama-3.3-70B,18,4,1,TP18/DP4/EP1,0.95,104,26,26717.84757335232,25696.016305275192,0.9617547309800407,weight
32768,A100,A100x72,Llama-3.3-70B,18,4,1,TP18/DP4/EP1,0.9,52,13,13358.68118023505,12848.008152637596,0.9617721973668311,weight
32768,A100,A100x72,Llama-3.3-70B,18,4,1,TP18/DP4/EP1,0.95,52,13,13358.68118023505,12848.008152637596,0.9617721973668311,weight
65536,A100,A100x72,Llama-3.3-70B,18,4,1,TP18/DP4/EP1,0.9,28,7,6679.094564097062,6510.476614077864,0.9747543700121285,kv
65536,A100,A100x72,Llama-3.3-70B,18,4,1,TP18/DP4/EP1,0.95,28,7,6679.094564097062,6510.476614077864,0.9747543700121285,kv
131072,A100,A100x72,Llama-3.3-70B,18,4,1,TP18/DP4/EP1,0.9,16,4,3339.2941876298623,3267.1172825940885,0.978385580610673,kv
131072,A100,A100x72,Llama-3.3-70B,18,4,1,TP18/DP4/EP1,0.95,16,4,3339.2941876298623,3267.1172825940885,0.978385580610673,kv
262144,A100,A100x72,Llama-3.3-70B,18,4,1,TP18/DP4/EP1,0.9,8,2,1669.6470938149312,1633.5586412970442,0.978385580610673,kv
262144,A100,A100x72,Llama-3.3-70B,18,4,1,TP18/DP4/EP1,0.95,8,2,1669.6470938149312,1633.5586412970442,0.978385580610673,kv
524288,A100,A100x72,Llama-3.3-70B,18,4,1,TP18/DP4/EP1,0.9,4,1,834.5442031698233,816.7793206485221,0.9787130718135416,kv
524288,A100,A100x72,Llama-3.3-70B,18,4,1,TP18/DP4/EP1,0.95,4,1,834.5442031698233,816.7793206485221,0.9787130718135416,kv
1048576,A100,A100x72,Llama-3.3-70B,18,4,1,TP18/DP4/EP1,0.9,4,1,417.27210158491164,413.67315881892733,0.9913750697630765,kv
1048576,A100,A100x72,Llama-3.3-70B,18,4,1,TP18/DP4/EP1,0.95,4,1,417.27210158491164,413.67315881892733,0.9913750697630765,kv
8192,A100,A100x72,Llama-3.3-70B,24,3,1,TP24/DP3/EP1,0.9,150,50,53421.85448914761,48713.70580240596,0.911868490306751,weight
8192,A100,A100x72,Llama-3.3-70B,24,3,1,TP24/DP3/EP1,0.95,159,53,53421.85448914761,51265.124916971945,0.959628328278761,kv
16384,A100,A100x72,Llama-3.3-70B,24,3,1,TP24/DP3/EP1,0.9,75,25,26710.73961505305,24356.85290120298,0.9118748957245826,weight
16384,A100,A100x72,Llama-3.3-70B,24,3,1,TP24/DP3/EP1,0.95,81,27,26710.73961505305,25653.631123801446,0.9604238405043691,kv
32768,A100,A100x72,Llama-3.3-70B,24,3,1,TP24/DP3/EP1,0.9,39,13,13355.181224699912,12665.56350862555,0.9483632827985187,weight
32768,A100,A100x72,Llama-3.3-70B,24,3,1,TP24/DP3/EP1,0.95,42,14,13355.181224699912,12846.80303553522,0.9619340104330096,kv
65536,A100,A100x72,Llama-3.3-70B,24,3,1,TP24/DP3/EP1,0.9,21,7,6677.40010015425,6423.40151776761,0.9619614552704768,kv
65536,A100,A100x72,Llama-3.3-70B,24,3,1,TP24/DP3/EP1,0.95,21,7,6677.40010015425,6423.40151776761,0.9619614552704768,kv
131072,A100,A100x72,Llama-3.3-70B,24,3,1,TP24/DP3/EP1,0.9,12,4,3338.505585753241,3228.6807687365367,0.9671035994412076,kv
131072,A100,A100x72,Llama-3.3-70B,24,3,1,TP24/DP3/EP1,0.95,12,4,3338.505585753241,3228.6807687365367,0.9671035994412076,kv
262144,A100,A100x72,Llama-3.3-70B,24,3,1,TP24/DP3/EP1,0.9,6,2,1669.2527928766206,1614.3403843682684,0.9671035994412076,kv
262144,A100,A100x72,Llama-3.3-70B,24,3,1,TP24/DP3/EP1,0.95,6,2,1669.2527928766206,1614.3403843682684,0.9671035994412076,kv
524288,A100,A100x72,Llama-3.3-70B,24,3,1,TP24/DP3/EP1,0.9,3,1,834.6263964383103,807.1701921841342,0.9671035994412076,kv
524288,A100,A100x72,Llama-3.3-70B,24,3,1,TP24/DP3/EP1,0.95,3,1,834.6263964383103,807.1701921841342,0.9671035994412076,kv
1048576,A100,A100x72,Llama-3.3-70B,24,3,1,TP24/DP3/EP1,0.9,3,1,417.09151809007085,411.1939210551506,0.9858601846857824,kv
1048576,A100,A100x72,Llama-3.3-70B,24,3,1,TP24/DP3/EP1,0.95,3,1,417.09151809007085,411.1939210551506,0.9858601846857824,kv
8192,A100,A100x72,Llama-3.3-70B,36,2,1,TP36/DP2/EP1,0.9,102,51,53400.59594841667,48199.40123696465,0.902600436959988,weight
8192,A100,A100x72,Llama-3.3-70B,36,2,1,TP36/DP2/EP1,0.95,146,73,53400.59594841667,50751.98076204517,0.9504010182034301,kv
16384,A100,A100x72,Llama-3.3-70B,36,2,1,TP36/DP2/EP1,0.9,52,26,26700.297974208333,24572.243767864333,0.9202984847435173,weight
16384,A100,A100x72,Llama-3.3-70B,36,2,1,TP36/DP2/EP1,0.95,74,37,26700.297974208333,25394.49215840105,0.951093960933745,kv
32768,A100,A100x72,Llama-3.3-70B,36,2,1,TP36/DP2/EP1,0.9,26,13,13350.148987104167,12286.121883932166,0.9202984847435173,weight
32768,A100,A100x72,Llama-3.3-70B,36,2,1,TP36/DP2/EP1,0.95,38,19,13350.148987104167,12715.05542518679,0.9524279794531988,kv
65536,A100,A100x72,Llama-3.3-70B,36,2,1,TP36/DP2/EP1,0.9,14,7,6675.074493552083,6241.838031903709,0.9350963855059793,kv
65536,A100,A100x72,Llama-3.3-70B,36,2,1,TP36/DP2/EP1,0.95,20,10,6675.074493552083,6374.067381562982,0.9549058048296142,kv
131072,A100,A100x72,Llama-3.3-70B,36,2,1,TP36/DP2/EP1,0.9,8,4,3337.5372467760417,3148.130529656527,0.9432495570491458,kv
131072,A100,A100x72,Llama-3.3-70B,36,2,1,TP36/DP2/EP1,0.95,10,5,3337.5372467760417,3187.033690781491,0.9549058048296142,kv
262144,A100,A100x72,Llama-3.3-70B,36,2,1,TP36/DP2/EP1,0.9,4,2,1668.6333228097724,1574.0652648282635,0.9433260401258989,kv
262144,A100,A100x72,Llama-3.3-70B,36,2,1,TP36/DP2/EP1,0.95,6,3,1668.6333228097724,1606.7538663170046,0.9629160848900162,kv
524288,A100,A100x72,Llama-3.3-70B,36,2,1,TP36/DP2/EP1,0.9,2,1,834.3166614048862,787.0326324141317,0.9433260401258989,kv
524288,A100,A100x72,Llama-3.3-70B,36,2,1,TP36/DP2/EP1,0.95,4,2,834.3166614048862,811.8063210330852,0.9730194284578995,kv
1048576,A100,A100x72,Llama-3.3-70B,36,2,1,TP36/DP2/EP1,0.9,2,1,417.1583307024431,405.9031605165426,0.9730194284578995,kv
1048576,A100,A100x72,Llama-3.3-70B,36,2,1,TP36/DP2/EP1,0.95,2,1,417.1583307024431,405.9031605165426,0.9730194284578995,kv
8192,A100,A100x72,Llama-3.3-70B,72,1,1,TP72/DP1/EP1,0.9,85,85,53362.04292816905,48033.11202958899,0.9001363027694917,kv
8192,A100,A100x72,Llama-3.3-70B,72,1,1,TP72/DP1/EP1,0.95,171,171,53362.04292816905,50700.184520447445,0.9501170071148747,kv
16384,A100,A100x72,Llama-3.3-70B,72,1,1,TP72/DP1/EP1,0.9,43,43,26681.021464084526,24045.80183135051,0.9012324308392278,kv
16384,A100,A100x72,Llama-3.3-70B,72,1,1,TP72/DP1/EP1,0.95,86,86,26681.021464084526,25358.183298563534,0.9504202578112808,kv
32768,A100,A100x72,Llama-3.3-70B,72,1,1,TP72/DP1/EP1,0.9,22,22,13340.435931424823,12051.250806856771,0.9033625939066026,kv
32768,A100,A100x72,Llama-3.3-70B,72,1,1,TP72/DP1/EP1,0.95,43,43,13340.435931424823,12679.091649281767,0.9504255868741749,kv
65536,A100,A100x72,Llama-3.3-70B,72,1,1,TP72/DP1/EP1,0.9,11,11,6670.142926614349,6025.625403428386,0.9033727567344484,kv
65536,A100,A100x72,Llama-3.3-70B,72,1,1,TP72/DP1/EP1,0.95,22,22,6670.142926614349,6347.419279381848,0.9516166818637709,kv
131072,A100,A100x72,Llama-3.3-70B,72,1,1,TP72/DP1/EP1,0.9,6,6,3335.0714633071743,3038.486292773982,0.9110708199820438,kv
131072,A100,A100x72,Llama-3.3-70B,72,1,1,TP72/DP1/EP1,0.95,11,11,3335.0714633071743,3173.709639690924,0.9516166818637709,kv
262144,A100,A100x72,Llama-3.3-70B,72,1,1,TP72/DP1/EP1,0.9,3,3,1667.4598882475218,1519.243146386991,0.9111122594881099,kv
262144,A100,A100x72,Llama-3.3-70B,72,1,1,TP72/DP1/EP1,0.95,6,6,1667.4598882475218,1593.9484521261859,0.9559141202499357,kv
524288,A100,A100x72,Llama-3.3-70B,72,1,1,TP72/DP1/EP1,0.9,2,2,833.7299441237609,777.8497355393691,0.9329756487958206,kv
524288,A100,A100x72,Llama-3.3-70B,72,1,1,TP72/DP1/EP1,0.95,3,3,833.7299441237609,796.9742260630929,0.9559141202499357,kv
1048576,A100,A100x72,Llama-3.3-70B,72,1,1,TP72/DP1/EP1,0.9,1,1,416.78576144707347,388.92486776968457,0.9331529618942443,kv
1048576,A100,A100x72,Llama-3.3-70B,72,1,1,TP72/DP1/EP1,0.95,2,2,416.78576144707347,403.4467558172471,0.9679955342439877,kv
8192,A100,A100x72,Qwen3-235B-A22B,1,72,72,TP1/DP72/EP72,0.9,1944,27,10920.833303968198,9952.18931116339,0.9113031061052053,weight
8192,A100,A100x72,Qwen3-235B-A22B,1,72,72,TP1/DP72/EP72,0.95,2088,29,10920.833303968198,10432.25598170269,0.9552619009313165,weight
16384,A100,A100x72,Qwen3-235B-A22B,1,72,72,TP1/DP72/EP72,0.9,864,12,7256.172063525134,6625.137291459942,0.9130347562680828,weight
16384,A100,A100x72,Qwen3-235B-A22B,1,72,72,TP1/DP72/EP72,0.95,1008,14,7256.172063525134,7044.589346714724,0.9708410006049911,weight
32768,A100,A100x72,Qwen3-235B-A22B,1,72,72,TP1/DP72/EP72,0.9,360,5,5566.243509925646,5096.95279533419,0.9156898698817931,weight
32768,A100,A100x72,Qwen3-235B-A22B,1,72,72,TP1/DP72/EP72,0.95,432,6,5566.243509925646,5339.309645558864,0.9592303383849238,weight
65536,A100,A100x72,Qwen3-235B-A22B,1,72,72,TP1/DP72/EP72,0.9,144,2,4502.704216087281,4056.750016616448,0.9009585844263264,weight
65536,A100,A100x72,Qwen3-235B-A22B,1,72,72,TP1/DP72/EP72,0.95,216,3,4502.704216087281,4502.704216087281,1.0,weight
131072,A100,A100x72,Qwen3-235B-A22B,1,72,72,TP1/DP72/EP72,0.9,72,1,3244.709894208959,3244.709894208959,1.0,weight
131072,A100,A100x72,Qwen3-235B-A22B,1,72,72,TP1/DP72/EP72,0.95,72,1,3244.709894208959,3244.709894208959,1.0,weight
8192,A100,A100x72,Qwen3-235B-A22B,2,36,72,TP2/DP36/EP72,0.9,2376,66,22547.240607434298,20487.682336808204,0.9086558614207091,weight
8192,A100,A100x72,Qwen3-235B-A22B,2,36,72,TP2/DP36/EP72,0.95,2520,70,22547.240607434298,21661.182739820702,0.9607021593887882,weight
16384,A100,A100x72,Qwen3-235B-A22B,2,36,72,TP2/DP36/EP72,0.9,1152,32,12174.11717085471,11164.978257654107,0.9171078363187994,weight
16384,A100,A100x72,Qwen3-235B-A22B,2,36,72,TP2/DP36/EP72,0.95,1224,34,12174.11717085471,11665.684040123986,0.958236550248758,weight
32768,A100,A100x72,Qwen3-235B-A22B,2,36,72,TP2/DP36/EP72,0.9,540,15,7898.5038853398155,7253.248129278162,0.9183065849648698,weight
32768,A100,A100x72,Qwen3-235B-A22B,2,36,72,TP2/DP36/EP72,0.95,612,17,7898.5038853398155,7681.51188176,0.9725274549801047,weight
65536,A100,A100x72,Qwen3-235B-A22B,2,36,72,TP2/DP36/EP72,0.9,252,7,5993.920213137511,5562.55749212337,0.9280332894540909,weight
65536,A100,A100x72,Qwen3-235B-A22B,2,36,72,TP2/DP36/EP72,0.95,288,8,5993.920213137511,5780.811235204682,0.9644458100283457,weight
131072,A100,A100x72,Qwen3-235B-A22B,2,36,72,TP2/DP36/EP72,0.9,108,3,4821.998249190299,4497.0794886501635,0.932617403875106,weight
131072,A100,A100x72,Qwen3-235B-A22B,2,36,72,TP2/DP36/EP72,0.95,144,4,4821.998249190299,4821.998249190299,1.0,weight
262144,A100,A100x72,Qwen3-235B-A22B,2,36,72,TP2/DP36/EP72,0.9,36,1,2850.0253865061295,2846.6449654986122,0.9988138979310421,kv
262144,A100,A100x72,Qwen3-235B-A22B,2,36,72,TP2/DP36/EP72,0.95,36,1,2850.0253865061295,2846.6449654986122,0.9988138979310421,kv
524288,A100,A100x72,Qwen3-235B-A22B,2,36,72,TP2/DP36/EP72,0.9,36,1,1425.0126932530648,1425.0126932530648,1.0,kv
524288,A100,A100x72,Qwen3-235B-A22B,2,36,72,TP2/DP36/EP72,0.95,36,1,1425.0126932530648,1425.0126932530648,1.0,kv
8192,A100,A100x72,Qwen3-235B-A22B,4,18,72,TP4/DP18/EP72,0.9,2538,141,47730.09973483184,43143.55066405738,0.9039065684703075,weight
8192,A100,A100x72,Qwen3-235B-A22B,4,18,72,TP4/DP18/EP72,0.95,2682,149,47730.09973483184,45589.430186303885,0.9551505326739184,weight
16384,A100,A100x72,Qwen3-235B-A22B,4,18,72,TP4/DP18/EP72,0.9,1260,70,24015.00108210241,21644.438306482934,0.9012882503100872,weight
16384,A100,A100x72,Qwen3-235B-A22B,4,18,72,TP4/DP18/EP72,0.95,1332,74,24015.00108210241,22825.982885977122,0.9504885220675078,weight
32768,A100,A100x72,Qwen3-235B-A22B,4,18,72,TP4/DP18/EP72,0.9,612,34,12939.740724602896,11655.6861319118,0.9007665903034929,weight
32768,A100,A100x72,Qwen3-235B-A22B,4,18,72,TP4/DP18/EP72,0.95,666,37,12939.740724602896,12420.689407559805,0.9598870388448977,weight
65536,A100,A100x72,Qwen3-235B-A22B,4,18,72,TP4/DP18/EP72,0.9,288,16,8108.893786742435,7457.774010850638,0.9197030084477935,weight
65536,A100,A100x72,Qwen3-235B-A22B,4,18,72,TP4/DP18/EP72,0.95,324,18,8108.893786742435,7889.848607578469,0.972987045468262,weight
131072,A100,A100x72,Qwen3-235B-A22B,4,18,72,TP4/DP18/EP72,0.9,108,6,5694.790953960063,5323.518582162169,0.9348049164930773,weight
131072,A100,A100x72,Qwen3-235B-A22B,4,18,72,TP4/DP18/EP72,0.95,126,7,5694.790953960063,5551.5286716215605,0.9748432763385493,weight
262144,A100,A100x72,Qwen3-235B-A22B,4,18,72,TP4/DP18/EP72,0.9,18,1,2846.6449654986122,2826.5296495071075,0.9929336758762323,kv
262144,A100,A100x72,Qwen3-235B-A22B,4,18,72,TP4/DP18/EP72,0.95,18,1,2846.6449654986122,2826.5296495071075,0.9929336758762323,kv
524288,A100,A100x72,Qwen3-235B-A22B,4,18,72,TP4/DP18/EP72,0.9,18,1,1423.3224827493061,1419.95406184814,0.9976334098969198,kv
524288,A100,A100x72,Qwen3-235B-A22B,4,18,72,TP4/DP18/EP72,0.95,18,1,1423.3224827493061,1419.95406184814,0.9976334098969198,kv
1048576,A100,A100x72,Qwen3-235B-A22B,4,18,72,TP4/DP18/EP72,0.9,18,1,711.6612413746531,711.6612413746531,1.0,kv
1048576,A100,A100x72,Qwen3-235B-A22B,4,18,72,TP4/DP18/EP72,0.95,18,1,711.6612413746531,711.6612413746531,1.0,kv
8192,A100,A100x72,Qwen3-235B-A22B,8,9,72,TP8/DP9/EP72,0.9,2421,269,91051.84754072478,82132.93575486346,0.9020457900991833,weight
8192,A100,A100x72,Qwen3-235B-A22B,8,9,72,TP8/DP9/EP72,0.95,2556,284,91051.84754072478,86712.83774102599,0.9523457248052207,weight
16384,A100,A100x72,Qwen3-235B-A22B,8,9,72,TP8/DP9/EP72,0.9,1215,135,45525.525218049894,41225.6604752637,0.9055504637850638,weight
16384,A100,A100x72,Qwen3-235B-A22B,8,9,72,TP8/DP9/EP72,0.95,1278,142,45525.525218049894,43360.790222430616,0.952450081899088,weight
32768,A100,A100x72,Qwen3-235B-A22B,8,9,72,TP8/DP9/EP72,0.9,603,67,22762.360330915755,20721.223895043495,0.9103284366735906,weight
32768,A100,A100x72,Qwen3-235B-A22B,8,9,72,TP8/DP9/EP72,0.95,639,71,22762.360330915755,21893.947628982896,0.9618487411099725,weight
65536,A100,A100x72,Qwen3-235B-A22B,8,9,72,TP8/DP9/EP72,0.9,261,29,11381.180165457878,10394.862235586768,0.9133378159793476,weight
65536,A100,A100x72,Qwen3-235B-A22B,8,9,72,TP8/DP9/EP72,0.95,279,31,11381.180165457878,10882.495909208335,0.9561834318585818,weight
131072,A100,A100x72,Qwen3-235B-A22B,8,9,72,TP8/DP9/EP72,0.9,54,6,5690.590082728939,5292.215021045135,0.9299940681208297,weight
131072,A100,A100x72,Qwen3-235B-A22B,8,9,72,TP8/DP9/EP72,0.95,63,7,5690.590082728939,5522.331167042489,0.9704320794082288,weight
262144,A100,A100x72,Qwen3-235B-A22B,8,9,72,TP8/DP9/EP72,0.9,9,1,2845.2950413644694,2774.2529284570032,0.9750317236438869,kv
262144,A100,A100x72,Qwen3-235B-A22B,8,9,72,TP8/DP9/EP72,0.95,9,1,2845.2950413644694,2774.2529284570032,0.9750317236438869,kv
524288,A100,A100x72,Qwen3-235B-A22B,8,9,72,TP8/DP9/EP72,0.9,9,1,1422.6475206822347,1406.6383165736734,0.9887468934674106,kv
524288,A100,A100x72,Qwen3-235B-A22B,8,9,72,TP8/DP9/EP72,0.95,9,1,1422.6475206822347,1406.6383165736734,0.9887468934674106,kv
1048576,A100,A100x72,Qwen3-235B-A22B,8,9,72,TP8/DP9/EP72,0.9,9,1,710.8181385099139,708.3007733239176,0.9964584961333803,kv
1048576,A100,A100x72,Qwen3-235B-A22B,8,9,72,TP8/DP9/EP72,0.95,9,1,710.8181385099139,708.3007733239176,0.9964584961333803,kv
8192,A100,A100x72,Qwen3-235B-A22B,12,6,72,TP12/DP6/EP72,0.9,1614,269,91004.64714483226,81934.68181174753,0.9003351409225285,weight
8192,A100,A100x72,Qwen3-235B-A22B,12,6,72,TP12/DP6/EP72,0.95,1704,284,91004.64714483226,86503.52875252659,0.950539686339949,weight
16384,A100,A100x72,Qwen3-235B-A22B,12,6,72,TP12/DP6/EP72,0.9,810,135,45502.01252964229,41126.133517160786,0.9038310885780967,weight
16384,A100,A100x72,Qwen3-235B-A22B,12,6,72,TP12/DP6/EP72,0.95,852,142,45502.01252964229,43256.114649298084,0.9506417902091447,weight
32768,A100,A100x72,Qwen3-235B-A22B,12,6,72,TP12/DP6/EP72,0.9,402,67,22751.006264821146,20670.561947607257,0.9085559428450078,weight
32768,A100,A100x72,Qwen3-235B-A22B,12,6,72,TP12/DP6/EP72,0.95,426,71,22751.006264821146,21840.574976151733,0.9599828122733555,weight
65536,A100,A100x72,Qwen3-235B-A22B,12,6,72,TP12/DP6/EP72,0.9,174,29,11375.503132410573,10365.418252012503,0.9112052567134212,weight
65536,A100,A100x72,Qwen3-235B-A22B,12,6,72,TP12/DP6/EP72,0.95,186,31,11375.503132410573,10852.304888150751,0.9540065843092997,weight
131072,A100,A100x72,Qwen3-235B-A22B,12,6,72,TP12/DP6/EP72,0.9,36,6,5687.434711197959,5255.479385016535,0.9240509389354485,weight
131072,A100,A100x72,Qwen3-235B-A22B,12,6,72,TP12/DP6/EP72,0.95,42,7,5687.434711197959,5488.020502621743,0.9649377586377228,weight
262144,A100,A100x72,Qwen3-235B-A22B,12,6,72,TP12/DP6/EP72,0.9,6,1,2843.7173555989793,2714.571886603398,0.9545856873780696,kv
262144,A100,A100x72,Qwen3-235B-A22B,12,6,72,TP12/DP6/EP72,0.95,6,1,2843.7173555989793,2714.571886603398,0.9545856873780696,kv
524288,A100,A100x72,Qwen3-235B-A22B,12,6,72,TP12/DP6/EP72,0.9,6,1,1421.513635145862,1391.1309005969147,0.9786264909475667,kv
524288,A100,A100x72,Qwen3-235B-A22B,12,6,72,TP12/DP6/EP72,0.95,6,1,1421.513635145862,1391.1309005969147,0.9786264909475667,kv
1048576,A100,A100x72,Qwen3-235B-A22B,12,6,72,TP12/DP6/EP72,0.9,6,1,710.3258803593274,704.3471664456721,0.9915831394026768,kv
1048576,A100,A100x72,Qwen3-235B-A22B,12,6,72,TP12/DP6/EP72,0.95,6,1,710.3258803593274,704.3471664456721,0.9915831394026768,kv
8192,A100,A100x72,Qwen3-235B-A22B,18,4,72,TP18/DP4/EP72,0.9,1080,270,90957.76389461666,81906.22766609961,0.9004863813604288,weight
8192,A100,A100x72,Qwen3-235B-A22B,18,4,72,TP18/DP4/EP72,0.95,1140,285,90957.76389461666,86456.57225952673,0.950513387287038,weight
16384,A100,A100x72,Qwen3-235B-A22B,18,4,72,TP18/DP4/EP72,0.9,540,135,45478.644735668095,40959.55904274313,0.9006327976748013,weight
16384,A100,A100x72,Qwen3-235B-A22B,18,4,72,TP18/DP4/EP72,0.95,572,143,45478.644735668095,43384.038203845645,0.9539430749531618,weight
32768,A100,A100x72,Qwen3-235B-A22B,18,4,72,TP18/DP4/EP72,0.9,268,67,22739.084193035553,20585.777961421994,0.9053037398809111,weight
32768,A100,A100x72,Qwen3-235B-A22B,18,4,72,TP18/DP4/EP72,0.95,284,71,22739.084193035553,21751.252847948013,0.9565579978198907,weight
65536,A100,A100x72,Qwen3-235B-A22B,18,4,72,TP18/DP4/EP72,0.9,116,29,11369.542096517776,10316.19419463981,0.9073535334197335,weight
65536,A100,A100x72,Qwen3-235B-A22B,18,4,72,TP18/DP4/EP72,0.95,124,31,11369.542096517776,10801.82406146588,0.9500667634428501,weight
131072,A100,A100x72,Qwen3-235B-A22B,18,4,72,TP18/DP4/EP72,0.9,24,6,5684.771048258888,5194.736740419765,0.9137987609915778,weight
131072,A100,A100x72,Qwen3-235B-A22B,18,4,72,TP18/DP4/EP72,0.95,28,7,5684.771048258888,5431.177015877285,0.955390633988809,weight
262144,A100,A100x72,Qwen3-235B-A22B,18,4,72,TP18/DP4/EP72,0.9,4,1,2842.385524129444,2619.640017956567,0.9216343088289901,kv
262144,A100,A100x72,Qwen3-235B-A22B,18,4,72,TP18/DP4/EP72,0.95,8,2,2842.385524129444,2731.534271035213,0.9610006270601936,kv
524288,A100,A100x72,Qwen3-235B-A22B,18,4,72,TP18/DP4/EP72,0.9,4,1,1420.9431309763809,1365.7671355176064,0.9611694555144786,kv
524288,A100,A100x72,Qwen3-235B-A22B,18,4,72,TP18/DP4/EP72,0.95,4,1,1420.9431309763809,1365.7671355176064,0.9611694555144786,kv
1048576,A100,A100x72,Qwen3-235B-A22B,18,4,72,TP18/DP4/EP72,0.9,4,1,710.1846560704778,697.7860443795133,0.982541707167306,kv
1048576,A100,A100x72,Qwen3-235B-A22B,18,4,72,TP18/DP4/EP72,0.95,4,1,710.1846560704778,697.7860443795133,0.982541707167306,kv
8192,A100,A100x72,Qwen3-235B-A22B,24,3,72,TP24/DP3/EP72,0.9,813,271,90924.35497430232,81847.69627576429,0.9001735156537175,weight
8192,A100,A100x72,Qwen3-235B-A22B,24,3,72,TP24/DP3/EP72,0.95,861,287,90924.35497430232,86680.03123864047,0.953320276653473,weight
16384,A100,A100x72,Qwen3-235B-A22B,24,3,72,TP24/DP3/EP72,0.9,408,136,45461.98352760424,41080.89225341211,0.9036317614357507,weight
16384,A100,A100x72,Qwen3-235B-A22B,24,3,72,TP24/DP3/EP72,0.95,429,143,45461.98352760424,43193.043251019626,0.9500914808257996,weight
32768,A100,A100x72,Qwen3-235B-A22B,24,3,72,TP24/DP3/EP72,0.9,201,67,22730.99176380212,20494.001061024665,0.9015885128980714,weight
32768,A100,A100x72,Qwen3-235B-A22B,24,3,72,TP24/DP3/EP72,0.95,213,71,22730.99176380212,21654.561088268103,0.9526447993682274,weight
65536,A100,A100x72,Qwen3-235B-A22B,24,3,72,TP24/DP3/EP72,0.9,87,29,11365.300940962741,10262.98223678893,0.9030101613762956,weight
65536,A100,A100x72,Qwen3-235B-A22B,24,3,72,TP24/DP3/EP72,0.95,96,32,11365.300940962741,10992.327973600975,0.9671831859711256,weight
131072,A100,A100x72,Qwen3-235B-A22B,24,3,72,TP24/DP3/EP72,0.9,18,6,5682.4531429653225,5130.001033381427,0.902779293434595,weight
131072,A100,A100x72,Qwen3-235B-A22B,24,3,72,TP24/DP3/EP72,0.95,24,8,5682.4531429653225,5526.086057021259,0.9724824680450483,kv
262144,A100,A100x72,Qwen3-235B-A22B,24,3,72,TP24/DP3/EP72,0.9,6,2,2841.0243321985954,2678.2207725272992,0.9426954715501128,kv
262144,A100,A100x72,Qwen3-235B-A22B,24,3,72,TP24/DP3/EP72,0.95,9,3,2841.0243321985954,2734.178198368539,0.9623916864705728,kv
524288,A100,A100x72,Qwen3-235B-A22B,24,3,72,TP24/DP3/EP72,0.9,3,1,1420.5121660992977,1339.1103862636496,0.9426954715501128,kv
524288,A100,A100x72,Qwen3-235B-A22B,24,3,72,TP24/DP3/EP72,0.95,6,2,1420.5121660992977,1381.5215142553147,0.9725516945405328,kv
1048576,A100,A100x72,Qwen3-235B-A22B,24,3,72,TP24/DP3/EP72,0.9,3,1,710.0358706646507,690.7607571276574,0.9728533242708565,kv
1048576,A100,A100x72,Qwen3-235B-A22B,24,3,72,TP24/DP3/EP72,0.95,3,1,710.0358706646507,690.7607571276574,0.9728533242708565,kv
8192,A100,A100x72,Qwen3-235B-A22B,36,2,72,TP36/DP2/EP72,0.9,548,274,90877.07775297311,81969.00090187536,0.9019766362282009,weight
8192,A100,A100x72,Qwen3-235B-A22B,36,2,72,TP36/DP2/EP72,0.95,578,289,90877.07775297311,86456.3539084777,0.9513549075982388,weight
16384,A100,A100x72,Qwen3-235B-A22B,36,2,72,TP36/DP2/EP72,0.9,274,137,45438.39434741833,40990.091042762746,0.9021025419462622,weight
16384,A100,A100x72,Qwen3-235B-A22B,36,2,72,TP36/DP2/EP72,0.95,290,145,45438.39434741833,43381.286231283826,0.9547275350355467,weight
32768,A100,A100x72,Qwen3-235B-A22B,36,2,72,TP36/DP2/EP72,0.9,136,68,22719.197173709166,20583.856388577384,0.906011609089655,weight
32768,A100,A100x72,Qwen3-235B-A22B,36,2,72,TP36/DP2/EP72,0.95,144,72,22719.197173709166,21736.037461930893,0.9567255962320714,weight
65536,A100,A100x72,Qwen3-235B-A22B,36,2,72,TP36/DP2/EP72,0.9,60,30,11359.598586854583,10388.81060092118,0.9145402913218424,weight
65536,A100,A100x72,Qwen3-235B-A22B,36,2,72,TP36/DP2/EP72,0.95,64,32,11359.598586854583,10873.921652917592,0.957245238005239,weight
131072,A100,A100x72,Qwen3-235B-A22B,36,2,72,TP36/DP2/EP72,0.9,14,7,5679.799293427292,5242.937102699832,0.9230849246322842,weight
131072,A100,A100x72,Qwen3-235B-A22B,36,2,72,TP36/DP2/EP72,0.95,16,8,5679.799293427292,5407.67634236108,0.9520893367867568,kv
262144,A100,A100x72,Qwen3-235B-A22B,36,2,72,TP36/DP2/EP72,0.9,4,2,2839.7534564826606,2569.1629033005506,0.9047133642660425,kv
262144,A100,A100x72,Qwen3-235B-A22B,36,2,72,TP36/DP2/EP72,0.95,8,4,2839.7534564826606,2703.83817118054,0.9521383502529596,kv
524288,A100,A100x72,Qwen3-235B-A22B,36,2,72,TP36/DP2/EP72,0.9,2,1,1419.8767282413303,1284.5814516502753,0.9047133642660425,kv
524288,A100,A100x72,Qwen3-235B-A22B,36,2,72,TP36/DP2/EP72,0.95,4,2,1419.8767282413303,1351.91908559027,0.9521383502529596,kv
1048576,A100,A100x72,Qwen3-235B-A22B,36,2,72,TP36/DP2/EP72,0.9,2,1,709.7839091902985,675.959542795135,0.9523455435419079,kv
1048576,A100,A100x72,Qwen3-235B-A22B,36,2,72,TP36/DP2/EP72,0.95,2,1,709.7839091902985,675.959542795135,0.9523455435419079,kv
8192,A100,A100x72,Qwen3-235B-A22B,72,1,72,TP72/DP1/EP72,0.9,282,282,90795.67212552113,81732.5919843725,0.900181584331252,weight
8192,A100,A100x72,Qwen3-235B-A22B,72,1,72,TP72/DP1/EP72,0.95,298,298,90795.67212552113,86369.90153383497,0.9512557097923376,weight
16384,A100,A100x72,Qwen3-235B-A22B,72,1,72,TP72/DP1/EP72,0.9,141,141,45397.836062760565,40870.467902744625,0.9002734810144465,weight
16384,A100,A100x72,Qwen3-235B-A22B,72,1,72,TP72/DP1/EP72,0.95,149,149,45397.836062760565,43187.5814833157,0.951313657849478,weight
32768,A100,A100x72,Qwen3-235B-A22B,72,1,72,TP72/DP1/EP72,0.9,70,70,22698.918031380283,20492.69367821028,0.9028048671694399,weight
32768,A100,A100x72,Qwen3-235B-A22B,72,1,72,TP72/DP1/EP72,0.95,74,74,22698.918031380283,21594.3095788571,0.9513365152032309,kv
65536,A100,A100x72,Qwen3-235B-A22B,72,1,72,TP72/DP1/EP72,0.9,31,31,11349.373446237587,10252.309418227274,0.9033370403038418,weight
65536,A100,A100x72,Qwen3-235B-A22B,72,1,72,TP72/DP1/EP72,0.95,37,37,11349.373446237587,10797.15478942855,0.9513436878762588,kv
131072,A100,A100x72,Qwen3-235B-A22B,72,1,72,TP72/DP1/EP72,0.9,9,9,5674.600810576582,5107.379666715378,0.900042106432581,kv
131072,A100,A100x72,Qwen3-235B-A22B,72,1,72,TP72/DP1/EP72,0.95,19,19,5674.600810576582,5406.262011875024,0.9527123038855145,kv
262144,A100,A100x72,Qwen3-235B-A22B,72,1,72,TP72/DP1/EP72,0.9,5,5,2837.300405288291,2580.798671207727,0.9095965539628851,kv
262144,A100,A100x72,Qwen3-235B-A22B,72,1,72,TP72/DP1/EP72,0.95,10,10,2837.300405288291,2710.268190060933,0.9552277880091268,kv
524288,A100,A100x72,Qwen3-235B-A22B,72,1,72,TP72/DP1/EP72,0.9,3,3,1418.563129474972,1311.2792737688535,0.9243714618849388,kv
524288,A100,A100x72,Qwen3-235B-A22B,72,1,72,TP72/DP1/EP72,0.95,5,5,1418.563129474972,1355.1340950304666,0.9552864210787847,kv
1048576,A100,A100x72,Qwen3-235B-A22B,72,1,72,TP72/DP1/EP72,0.9,2,2,709.281564737486,669.1745192637597,0.9434539857403874,kv
1048576,A100,A100x72,Qwen3-235B-A22B,72,1,72,TP72/DP1/EP72,0.95,3,3,709.281564737486,683.2800033704186,0.9633409880366892,kv
8192,A100,A100x72,GLM-4.5-355B-A32B,1,72,72,TP1/DP72/EP72,0.9,864,12,4840.974693504858,4432.658831952944,0.9156542044932083,weight
8192,A100,A100x72,GLM-4.5-355B-A32B,1,72,72,TP1/DP72/EP72,0.95,1008,14,4840.974693504858,4703.643852429556,0.9716315721997971,weight
16384,A100,A100x72,GLM-4.5-355B-A32B,1,72,72,TP1/DP72/EP72,0.9,360,5,3762.5787825655866,3478.4289096091597,0.924480020385733,weight
16384,A100,A100x72,GLM-4.5-355B-A32B,1,72,72,TP1/DP72/EP72,0.95,432,6,3762.5787825655866,3623.7335675059308,0.9630983899385672,weight
32768,A100,A100x72,GLM-4.5-355B-A32B,1,72,72,TP1/DP72/EP72,0.9,144,2,3137.5647849025036,2893.537124081302,0.9222238654655271,weight
32768,A100,A100x72,GLM-4.5-355B-A32B,1,72,72,TP1/DP72/EP72,0.95,216,3,3137.5647849025036,3137.5647849025036,1.0,weight
65536,A100,A100x72,GLM-4.5-355B-A32B,1,72,72,TP1/DP72/EP72,0.9,72,1,2447.551686852623,2447.551686852623,1.0,weight
65536,A100,A100x72,GLM-4.5-355B-A32B,1,72,72,TP1/DP72/EP72,0.95,72,1,2447.551686852623,2447.551686852623,1.0,weight
8192,A100,A100x72,GLM-4.5-355B-A32B,2,36,72,TP2/DP36/EP72,0.9,1116,31,7905.1748772515375,7244.583537446095,0.9164355817470395,weight
8192,A100,A100x72,GLM-4.5-355B-A32B,2,36,72,TP2/DP36/EP72,0.95,1188,33,7905.1748772515375,7572.19046647749,0.9578776667253415,weight
16384,A100,A100x72,GLM-4.5-355B-A32B,2,36,72,TP2/DP36/EP72,0.9,504,14,5118.589640358449,4702.327300471284,0.9186763602604379,weight
16384,A100,A100x72,GLM-4.5-355B-A32B,2,36,72,TP2/DP36/EP72,0.95,576,16,5118.589640358449,4978.401102905173,0.9726118819238927,weight
32768,A100,A100x72,GLM-4.5-355B-A32B,2,36,72,TP2/DP36/EP72,0.9,216,6,3896.4658723767607,3621.910673160814,0.9295373786891469,weight
32768,A100,A100x72,GLM-4.5-355B-A32B,2,36,72,TP2/DP36/EP72,0.95,252,7,3896.4658723767607,3760.894180107783,0.9652064982193,weight
65536,A100,A100x72,GLM-4.5-355B-A32B,2,36,72,TP2/DP36/EP72,0.9,108,3,3318.4311195096093,3134.832634768777,0.9446731066191412,weight
65536,A100,A100x72,GLM-4.5-355B-A32B,2,36,72,TP2/DP36/EP72,0.95,144,4,3318.4311195096093,3318.4311195096093,1.0,weight
131072,A100,A100x72,GLM-4.5-355B-A32B,2,36,72,TP2/DP36/EP72,0.9,72,2,2890.05275951871,2890.05275951871,1.0,weight
131072,A100,A100x72,GLM-4.5-355B-A32B,2,36,72,TP2/DP36/EP72,0.95,72,2,2890.05275951871,2890.05275951871,1.0,weight
262144,A100,A100x72,GLM-4.5-355B-A32B,2,36,72,TP2/DP36/EP72,0.9,36,1,1455.9536439682863,1455.9536439682863,1.0,kv
262144,A100,A100x72,GLM-4.5-355B-A32B,2,36,72,TP2/DP36/EP72,0.95,36,1,1455.9536439682863,1455.9536439682863,1.0,kv
8192,A100,A100x72,GLM-4.5-355B-A32B,4,18,72,TP4/DP18/EP72,0.9,1224,68,15319.364480334716,13951.602819407926,0.9107168144812685,weight
8192,A100,A100x72,GLM-4.5-355B-A32B,4,18,72,TP4/DP18/EP72,0.95,1296,72,15319.364480334716,14731.096301059362,0.9615997008211074,weight
16384,A100,A100x72,GLM-4.5-355B-A32B,4,18,72,TP4/DP18/EP72,0.9,594,33,8238.699970980248,7567.849163804013,0.9185732203455376,weight
16384,A100,A100x72,GLM-4.5-355B-A32B,4,18,72,TP4/DP18/EP72,0.95,630,35,8238.699970980248,7900.713697006542,0.9589757758913156,weight
32768,A100,A100x72,GLM-4.5-355B-A32B,4,18,72,TP4/DP18/EP72,0.9,270,15,5256.452899875315,4835.772504101325,0.919968769094465,weight
32768,A100,A100x72,GLM-4.5-355B-A32B,4,18,72,TP4/DP18/EP72,0.95,306,17,5256.452899875315,5114.739603131138,0.9730401281161412,weight
65536,A100,A100x72,GLM-4.5-355B-A32B,4,18,72,TP4/DP18/EP72,0.9,126,7,4025.885593154608,3755.8494114674445,0.9329250234665589,weight
65536,A100,A100x72,GLM-4.5-355B-A32B,4,18,72,TP4/DP18/EP72,0.95,144,8,4025.885593154608,3891.7271280208433,0.9666760363578437,weight
131072,A100,A100x72,GLM-4.5-355B-A32B,4,18,72,TP4/DP18/EP72,0.9,36,2,2908.3785676252614,2879.6498345801156,0.9901220792351653,weight
131072,A100,A100x72,GLM-4.5-355B-A32B,4,18,72,TP4/DP18/EP72,0.95,36,2,2908.3785676252614,2879.6498345801156,0.9901220792351653,weight
262144,A100,A100x72,GLM-4.5-355B-A32B,4,18,72,TP4/DP18/EP72,0.9,18,1,1454.1892838126307,1450.6733610527053,0.9975822110649122,kv
262144,A100,A100x72,GLM-4.5-355B-A32B,4,18,72,TP4/DP18/EP72,0.95,18,1,1454.1892838126307,1450.6733610527053,0.9975822110649122,kv
524288,A100,A100x72,GLM-4.5-355B-A32B,4,18,72,TP4/DP18/EP72,0.9,18,1,727.0946419063154,727.0946419063154,1.0,kv
524288,A100,A100x72,GLM-4.5-355B-A32B,4,18,72,TP4/DP18/EP72,0.95,18,1,727.0946419063154,727.0946419063154,1.0,kv
8192,A100,A100x72,GLM-4.5-355B-A32B,8,9,72,TP8/DP9/EP72,0.9,1269,141,31576.70395797738,28542.412451810287,0.9039072757497058,weight
8192,A100,A100x72,GLM-4.5-355B-A32B,8,9,72,TP8/DP9/EP72,0.95,1341,149,31576.70395797738,30160.513859038474,0.9551507940529959,weight
16384,A100,A100x72,GLM-4.5-355B-A32B,8,9,72,TP8/DP9/EP72,0.9,630,70,15888.72357743857,14321.044090375412,0.9013338309133146,weight
16384,A100,A100x72,GLM-4.5-355B-A32B,8,9,72,TP8/DP9/EP72,0.95,666,74,15888.72357743857,15102.381433416938,0.9505094200809051,weight
32768,A100,A100x72,GLM-4.5-355B-A32B,8,9,72,TP8/DP9/EP72,0.9,306,34,8568.984855892768,7721.916093501695,0.9011471280861751,weight
32768,A100,A100x72,GLM-4.5-355B-A32B,8,9,72,TP8/DP9/EP72,0.95,333,37,8568.984855892768,8226.488156973019,0.9600306565270426,weight
65536,A100,A100x72,GLM-4.5-355B-A32B,8,9,72,TP8/DP9/EP72,0.9,144,16,5389.498287428965,4964.242047232602,0.9210953937608115,weight
65536,A100,A100x72,GLM-4.5-355B-A32B,8,9,72,TP8/DP9/EP72,0.95,162,18,5389.498287428965,5246.239340617748,0.9734188714475762,weight
131072,A100,A100x72,GLM-4.5-355B-A32B,8,9,72,TP8/DP9/EP72,0.9,18,2,2906.030834903847,2852.271358758692,0.9815007206738968,weight
131072,A100,A100x72,GLM-4.5-355B-A32B,8,9,72,TP8/DP9/EP72,0.95,18,2,2906.030834903847,2852.271358758692,0.9815007206738968,weight
262144,A100,A100x72,GLM-4.5-355B-A32B,8,9,72,TP8/DP9/EP72,0.9,9,1,1452.429194670642,1436.7780567020206,0.9892241645747348,kv
262144,A100,A100x72,GLM-4.5-355B-A32B,8,9,72,TP8/DP9/EP72,0.95,9,1,1452.429194670642,1436.7780567020206,0.9892241645747348,kv
524288,A100,A100x72,GLM-4.5-355B-A32B,8,9,72,TP8/DP9/EP72,0.9,9,1,726.214597335321,723.5871994020671,0.9963820640029896,kv
524288,A100,A100x72,GLM-4.5-355B-A32B,8,9,72,TP8/DP9/EP72,0.95,9,1,726.214597335321,723.5871994020671,0.9963820640029896,kv
1048576,A100,A100x72,GLM-4.5-355B-A32B,8,9,72,TP8/DP9/EP72,0.9,9,1,363.1072986676605,363.1072986676605,1.0,kv
1048576,A100,A100x72,GLM-4.5-355B-A32B,8,9,72,TP8/DP9/EP72,0.95,9,1,363.1072986676605,363.1072986676605,1.0,kv
8192,A100,A100x72,GLM-4.5-355B-A32B,12,6,72,TP12/DP6/EP72,0.9,1248,208,46483.11992185317,42033.16663471094,0.9042673276960878,weight
8192,A100,A100x72,GLM-4.5-355B-A32B,12,6,72,TP12/DP6/EP72,0.95,1314,219,46483.11992185317,44256.04205010498,0.9520884597356563,weight
16384,A100,A100x72,GLM-4.5-355B-A32B,12,6,72,TP12/DP6/EP72,0.9,624,104,23241.213743959655,21041.497542855683,0.9053527829769358,weight
16384,A100,A100x72,GLM-4.5-355B-A32B,12,6,72,TP12/DP6/EP72,0.95,660,110,23241.213743959655,22246.95238592242,0.9572199038746141,weight
32768,A100,A100x72,GLM-4.5-355B-A32B,12,6,72,TP12/DP6/EP72,0.9,300,50,11620.606871979828,10510.628743465597,0.9044819138326877,weight
32768,A100,A100x72,GLM-4.5-355B-A32B,12,6,72,TP12/DP6/EP72,0.95,318,53,11620.606871979828,11062.91893908074,0.9520087084054266,weight
65536,A100,A100x72,GLM-4.5-355B-A32B,12,6,72,TP12/DP6/EP72,0.9,108,18,5809.949784245767,5234.149773900673,0.9008941502547181,weight
65536,A100,A100x72,GLM-4.5-355B-A32B,12,6,72,TP12/DP6/EP72,0.95,120,20,5809.949784245767,5522.1951189084575,0.9504720908057444,weight
131072,A100,A100x72,GLM-4.5-355B-A32B,12,6,72,TP12/DP6/EP72,0.9,12,2,2904.602365206287,2820.395648025077,0.9710092100075705,weight
131072,A100,A100x72,GLM-4.5-355B-A32B,12,6,72,TP12/DP6/EP72,0.95,12,2,2904.602365206287,2820.395648025077,0.9710092100075705,weight
262144,A100,A100x72,GLM-4.5-355B-A32B,12,6,72,TP12/DP6/EP72,0.9,6,1,1452.3011826031434,1420.6027938464156,0.9781736810956039,kv
262144,A100,A100x72,GLM-4.5-355B-A32B,12,6,72,TP12/DP6/EP72,0.95,6,1,1452.3011826031434,1420.6027938464156,0.9781736810956039,kv
524288,A100,A100x72,GLM-4.5-355B-A32B,12,6,72,TP12/DP6/EP72,0.9,6,1,725.7007911279748,719.4615958915211,0.9914025238600666,kv
524288,A100,A100x72,GLM-4.5-355B-A32B,12,6,72,TP12/DP6/EP72,0.95,6,1,725.7007911279748,719.4615958915211,0.9914025238600666,kv
1048576,A100,A100x72,GLM-4.5-355B-A32B,12,6,72,TP12/DP6/EP72,0.9,6,1,362.0654346473671,362.0654346473671,1.0,kv
1048576,A100,A100x72,GLM-4.5-355B-A32B,12,6,72,TP12/DP6/EP72,0.95,6,1,362.0654346473671,362.0654346473671,1.0,kv
8192,A100,A100x72,GLM-4.5-355B-A32B,18,4,72,TP18/DP4/EP72,0.9,832,208,46457.79619588466,41920.07775014771,0.9023260073163155,weight
8192,A100,A100x72,GLM-4.5-355B-A32B,18,4,72,TP18/DP4/EP72,0.95,876,219,46457.79619588466,44136.97267767573,0.9500444767456595,weight
16384,A100,A100x72,GLM-4.5-355B-A32B,18,4,72,TP18/DP4/EP72,0.9,416,104,23228.89809794233,20984.819140036954,0.9033927933885009,weight
16384,A100,A100x72,GLM-4.5-355B-A32B,18,4,72,TP18/DP4/EP72,0.95,440,110,23228.89809794233,22187.049677016377,0.9551486077155661,weight
32768,A100,A100x72,GLM-4.5-355B-A32B,18,4,72,TP18/DP4/EP72,0.9,200,50,11614.184239329274,10481.215736987397,0.9024495841468323,weight
32768,A100,A100x72,GLM-4.5-355B-A32B,18,4,72,TP18/DP4/EP72,0.95,216,54,11614.184239329274,11217.31791608261,0.9658291693098211,weight
65536,A100,A100x72,GLM-4.5-355B-A32B,18,4,72,TP18/DP4/EP72,0.9,76,19,5806.822814852244,5357.169589118872,0.9225646726152409,weight
65536,A100,A100x72,GLM-4.5-355B-A32B,18,4,72,TP18/DP4/EP72,0.95,84,21,5806.822814852244,5648.169781683145,0.9726781687288083,weight
131072,A100,A100x72,GLM-4.5-355B-A32B,18,4,72,TP18/DP4/EP72,0.9,8,2,2903.411407426122,2768.281062458273,0.9534580787888954,weight
131072,A100,A100x72,GLM-4.5-355B-A32B,18,4,72,TP18/DP4/EP72,0.95,8,2,2903.411407426122,2768.281062458273,0.9534580787888954,weight
262144,A100,A100x72,GLM-4.5-355B-A32B,18,4,72,TP18/DP4/EP72,0.9,4,1,1451.705703713061,1394.16316615217,0.9603621192548097,kv
262144,A100,A100x72,GLM-4.5-355B-A32B,18,4,72,TP18/DP4/EP72,0.95,4,1,1451.705703713061,1394.16316615217,0.9603621192548097,kv
524288,A100,A100x72,GLM-4.5-355B-A32B,18,4,72,TP18/DP4/EP72,0.9,4,1,725.5533877473035,712.6172333785803,0.9821706374924561,kv
524288,A100,A100x72,GLM-4.5-355B-A32B,18,4,72,TP18/DP4/EP72,0.95,4,1,725.5533877473035,712.6172333785803,0.9821706374924561,kv
1048576,A100,A100x72,GLM-4.5-355B-A32B,18,4,72,TP18/DP4/EP72,0.9,4,1,362.36556705358714,360.3238318253662,0.9943655374189595,kv
1048576,A100,A100x72,GLM-4.5-355B-A32B,18,4,72,TP18/DP4/EP72,0.95,4,1,362.36556705358714,360.3238318253662,0.9943655374189595,kv
8192,A100,A100x72,GLM-4.5-355B-A32B,24,3,72,TP24/DP3/EP72,0.9,624,208,46439.75807124704,41797.29959063233,0.9000326730063423,weight
8192,A100,A100x72,GLM-4.5-355B-A32B,24,3,72,TP24/DP3/EP72,0.95,660,220,46439.75807124704,44208.64809261518,0.9519568991895063,weight
16384,A100,A100x72,GLM-4.5-355B-A32B,24,3,72,TP24/DP3/EP72,0.9,312,104,23219.6631030102,20923.285031549964,0.9011020073257422,weight
16384,A100,A100x72,GLM-4.5-355B-A32B,24,3,72,TP24/DP3/EP72,0.95,330,110,23219.6631030102,22122.01489315445,0.9527276427316703,weight
32768,A100,A100x72,GLM-4.5-355B-A32B,24,3,72,TP24/DP3/EP72,0.9,150,50,11609.614264059452,10449.289878558797,0.9000548718407693,weight
32768,A100,A100x72,GLM-4.5-355B-A32B,24,3,72,TP24/DP3/EP72,0.95,162,54,11609.614264059452,11183.458026994927,0.9632928168523394,weight
65536,A100,A100x72,GLM-4.5-355B-A32B,24,3,72,TP24/DP3/EP72,0.9,57,19,5804.587094914984,5335.244052342711,0.9191427340312572,weight
65536,A100,A100x72,GLM-4.5-355B-A32B,24,3,72,TP24/DP3/EP72,0.95,63,21,5804.587094914984,5626.114573038866,0.9692531925255345,weight
131072,A100,A100x72,GLM-4.5-355B-A32B,24,3,72,TP24/DP3/EP72,0.9,6,2,2902.0678458375746,2713.53785730328,0.9350359817380898,weight
131072,A100,A100x72,GLM-4.5-355B-A32B,24,3,72,TP24/DP3/EP72,0.95,9,3,2902.0678458375746,2791.081399194255,0.96175608133955,kv
262144,A100,A100x72,GLM-4.5-355B-A32B,24,3,72,TP24/DP3/EP72,0.9,3,1,1450.7961875896058,1366.3977057739378,0.941826093466726,kv
262144,A100,A100x72,GLM-4.5-355B-A32B,24,3,72,TP24/DP3/EP72,0.95,6,2,1450.7961875896058,1410.5834002496754,0.9722822628816381,kv
524288,A100,A100x72,GLM-4.5-355B-A32B,24,3,72,TP24/DP3/EP72,0.9,3,1,725.3980937948029,705.2917001248377,0.9722822628816381,kv
524288,A100,A100x72,GLM-4.5-355B-A32B,24,3,72,TP24/DP3/EP72,0.95,3,1,725.3980937948029,705.2917001248377,0.9722822628816381,kv
1048576,A100,A100x72,GLM-4.5-355B-A32B,24,3,72,TP24/DP3/EP72,0.9,3,1,362.41205770233915,358.4413739311503,0.989043731612125,kv
1048576,A100,A100x72,GLM-4.5-355B-A32B,24,3,72,TP24/DP3/EP72,0.95,3,1,362.41205770233915,358.4413739311503,0.989043731612125,kv
8192,A100,A100x72,GLM-4.5-355B-A32B,36,2,72,TP36/DP2/EP72,0.9,420,210,46414.56276838238,41932.08545478309,0.9034251957522962,weight
8192,A100,A100x72,GLM-4.5-355B-A32B,36,2,72,TP36/DP2/EP72,0.95,442,221,46414.56276838238,44128.499939061396,0.9507468627738911,weight
16384,A100,A100x72,GLM-4.5-355B-A32B,36,2,72,TP36/DP2/EP72,0.9,210,105,23207.28138419119,20989.06597469905,0.9044172657378478,weight
16384,A100,A100x72,GLM-4.5-355B-A32B,36,2,72,TP36/DP2/EP72,0.95,222,111,23207.28138419119,22180.612048533043,0.9557608959592521,weight
32768,A100,A100x72,GLM-4.5-355B-A32B,36,2,72,TP36/DP2/EP72,0.9,102,51,11603.480005989868,10561.90287092105,0.9102357969737405,weight
32768,A100,A100x72,GLM-4.5-355B-A32B,36,2,72,TP36/DP2/EP72,0.95,108,54,11603.480005989868,11110.518045538058,0.9575160244859873,weight
65536,A100,A100x72,GLM-4.5-355B-A32B,36,2,72,TP36/DP2/EP72,0.9,38,19,5801.740002994934,5288.172847096097,0.9114804945354795,weight
65536,A100,A100x72,GLM-4.5-355B-A32B,36,2,72,TP36/DP2/EP72,0.95,42,21,5801.740002994934,5578.736854769986,0.9615627125466101,weight
131072,A100,A100x72,GLM-4.5-355B-A32B,36,2,72,TP36/DP2/EP72,0.9,6,3,2900.870001497467,2711.1256171331966,0.9345905248196845,kv
131072,A100,A100x72,GLM-4.5-355B-A32B,36,2,72,TP36/DP2/EP72,0.95,8,4,2900.870001497467,2759.472668659475,0.9512569219699605,kv
262144,A100,A100x72,GLM-4.5-355B-A32B,36,2,72,TP36/DP2/EP72,0.9,2,1,1450.2702271943724,1309.6709050531401,0.9030530176343553,kv
262144,A100,A100x72,GLM-4.5-355B-A32B,36,2,72,TP36/DP2/EP72,0.95,4,2,1450.2702271943724,1379.7363343297375,0.9513649997482975,kv
524288,A100,A100x72,GLM-4.5-355B-A32B,36,2,72,TP36/DP2/EP72,0.9,2,1,725.1351135971862,689.8681671648687,0.9513649997482975,kv
524288,A100,A100x72,GLM-4.5-355B-A32B,36,2,72,TP36/DP2/EP72,0.95,2,1,725.1351135971862,689.8681671648687,0.9513649997482975,kv
1048576,A100,A100x72,GLM-4.5-355B-A32B,36,2,72,TP36/DP2/EP72,0.9,2,1,362.38230231299747,354.4144031037204,0.9780124493982738,kv
1048576,A100,A100x72,GLM-4.5-355B-A32B,36,2,72,TP36/DP2/EP72,0.95,2,1,362.38230231299747,354.4144031037204,0.9780124493982738,kv
8192,A100,A100x72,GLM-4.5-355B-A32B,72,1,72,TP72/DP1/EP72,0.9,214,214,46370.799796118066,41832.42879364534,0.9021286882601353,weight
8192,A100,A100x72,GLM-4.5-355B-A32B,72,1,72,TP72/DP1/EP72,0.95,226,226,46370.799796118066,44178.14991437156,0.9527148573803538,weight
16384,A100,A100x72,GLM-4.5-355B-A32B,72,1,72,TP72/DP1/EP72,0.9,107,107,23185.30505149701,20935.976875599183,0.9029847495686673,weight
16384,A100,A100x72,GLM-4.5-355B-A32B,72,1,72,TP72/DP1/EP72,0.95,113,113,23185.30505149701,22103.245011460847,0.9533299200664908,weight
32768,A100,A100x72,GLM-4.5-355B-A32B,72,1,72,TP72/DP1/EP72,0.9,52,52,11592.652525748505,10510.489335400061,0.9066509422287226,weight
32768,A100,A100x72,GLM-4.5-355B-A32B,72,1,72,TP72/DP1/EP72,0.95,55,55,11592.652525748505,11050.72590651981,0.9532525780424266,weight
65536,A100,A100x72,GLM-4.5-355B-A32B,72,1,72,TP72/DP1/EP72,0.9,20,20,5796.326262874252,5278.547506192823,0.9106712194588101,weight
65536,A100,A100x72,GLM-4.5-355B-A32B,72,1,72,TP72/DP1/EP72,0.95,22,22,5796.326262874252,5558.212247764258,0.9589198391686254,kv
131072,A100,A100x72,GLM-4.5-355B-A32B,72,1,72,TP72/DP1/EP72,0.9,5,5,2898.067695617292,2631.437608331879,0.9079972880934997,kv
131072,A100,A100x72,GLM-4.5-355B-A32B,72,1,72,TP72/DP1/EP72,0.95,10,10,2898.067695617292,2766.1703472668846,0.954487830443066,kv
262144,A100,A100x72,GLM-4.5-355B-A32B,72,1,72,TP72/DP1/EP72,0.9,3,3,1449.033847808646,1337.4330633700806,0.9229826241758688,kv
262144,A100,A100x72,GLM-4.5-355B-A32B,72,1,72,TP72/DP1/EP72,0.95,5,5,1449.033847808646,1383.0851736334423,0.954487830443066,kv
524288,A100,A100x72,GLM-4.5-355B-A32B,72,1,72,TP72/DP1/EP72,0.9,2,2,724.418793364434,682.802511408653,0.9425521779156203,kv
524288,A100,A100x72,GLM-4.5-355B-A32B,72,1,72,TP72/DP1/EP72,0.95,3,3,724.418793364434,697.4946798418503,0.9628334966331568,kv
1048576,A100,A100x72,GLM-4.5-355B-A32B,72,1,72,TP72/DP1/EP72,0.9,1,1,362.209396682217,341.4012557043265,0.9425521779156203,kv
1048576,A100,A100x72,GLM-4.5-355B-A32B,72,1,72,TP72/DP1/EP72,0.95,2,2,362.209396682217,352.5402231125531,0.9733050173235922,kv
8192,A100,A100x72,Llama-3.1-405B,12,6,1,TP12/DP6/EP1,0.9,66,11,2126.556776622359,1949.3437119038292,0.9166666666666667,weight
8192,A100,A100x72,Llama-3.1-405B,12,6,1,TP12/DP6/EP1,0.95,72,12,2126.556776622359,2126.556776622359,1.0,weight
16384,A100,A100x72,Llama-3.1-405B,12,6,1,TP12/DP6/EP1,0.9,36,6,1063.2783883111795,1063.2783883111795,1.0,weight
16384,A100,A100x72,Llama-3.1-405B,12,6,1,TP12/DP6/EP1,0.95,36,6,1063.2783883111795,1063.2783883111795,1.0,weight
32768,A100,A100x72,Llama-3.1-405B,12,6,1,TP12/DP6/EP1,0.9,18,3,531.6391941555897,531.6391941555897,1.0,weight
32768,A100,A100x72,Llama-3.1-405B,12,6,1,TP12/DP6/EP1,0.95,18,3,531.6391941555897,531.6391941555897,1.0,weight
65536,A100,A100x72,Llama-3.1-405B,12,6,1,TP12/DP6/EP1,0.9,6,1,177.21306471852992,177.21306471852992,1.0,weight
65536,A100,A100x72,Llama-3.1-405B,12,6,1,TP12/DP6/EP1,0.95,6,1,177.21306471852992,177.21306471852992,1.0,weight
8192,A100,A100x72,Llama-3.1-405B,18,4,1,TP18/DP4/EP1,0.9,408,102,19843.31757464554,18033.07126039797,0.9087730009138903,weight
8192,A100,A100x72,Llama-3.1-405B,18,4,1,TP18/DP4/EP1,0.95,428,107,19843.31757464554,18917.045341790028,0.9533206970371203,weight
16384,A100,A100x72,Llama-3.1-405B,18,4,1,TP18/DP4/EP1,0.9,208,52,10077.304527869454,9193.330446477396,0.9122807017543859,weight
16384,A100,A100x72,Llama-3.1-405B,18,4,1,TP18/DP4/EP1,0.95,220,55,10077.304527869454,9723.71489531263,0.9649122807017544,weight
32768,A100,A100x72,Llama-3.1-405B,18,4,1,TP18/DP4/EP1,0.9,104,26,4950.254855795521,4596.665223238698,0.9285714285714286,weight
32768,A100,A100x72,Llama-3.1-405B,18,4,1,TP18/DP4/EP1,0.95,108,27,4950.254855795521,4773.460039517109,0.9642857142857143,weight
65536,A100,A100x72,Llama-3.1-405B,18,4,1,TP18/DP4/EP1,0.9,52,13,2475.1274278977603,2298.332611619349,0.9285714285714286,weight
65536,A100,A100x72,Llama-3.1-405B,18,4,1,TP18/DP4/EP1,0.95,56,14,2475.1274278977603,2475.1274278977603,1.0,weight
131072,A100,A100x72,Llama-3.1-405B,18,4,1,TP18/DP4/EP1,0.9,28,7,1237.5637139488801,1237.5637139488801,1.0,weight
131072,A100,A100x72,Llama-3.1-405B,18,4,1,TP18/DP4/EP1,0.95,28,7,1237.5637139488801,1237.5637139488801,1.0,weight
262144,A100,A100x72,Llama-3.1-405B,18,4,1,TP18/DP4/EP1,0.9,12,3,530.3844488352344,530.3844488352344,1.0,weight
262144,A100,A100x72,Llama-3.1-405B,18,4,1,TP18/DP4/EP1,0.95,12,3,530.3844488352344,530.3844488352344,1.0,weight
524288,A100,A100x72,Llama-3.1-405B,18,4,1,TP18/DP4/EP1,0.9,4,1,176.79481627841147,176.79481627841147,1.0,weight
524288,A100,A100x72,Llama-3.1-405B,18,4,1,TP18/DP4/EP1,0.95,4,1,176.79481627841147,176.79481627841147,1.0,weight
8192,A100,A100x72,Llama-3.1-405B,24,3,1,TP24/DP3/EP1,0.9,306,102,19884.083232295587,17986.722756710424,0.9045789311270089,weight
8192,A100,A100x72,Llama-3.1-405B,24,3,1,TP24/DP3/EP1,0.95,324,108,19884.083232295587,19044.765271811037,0.9577894564874213,weight
16384,A100,A100x72,Llama-3.1-405B,24,3,1,TP24/DP3/EP1,0.9,261,87,16907.66012284149,15341.616468958891,0.9073766776416954,weight
16384,A100,A100x72,Llama-3.1-405B,24,3,1,TP24/DP3/EP1,0.95,276,92,16907.66012284149,16223.318564876068,0.9595247625636318,weight
32768,A100,A100x72,Llama-3.1-405B,24,3,1,TP24/DP3/EP1,0.9,132,44,8453.830061420746,7758.978444071163,0.9178062946260827,weight
32768,A100,A100x72,Llama-3.1-405B,24,3,1,TP24/DP3/EP1,0.95,138,46,8453.830061420746,8111.659282438034,0.9595247625636318,weight
65536,A100,A100x72,Llama-3.1-405B,24,3,1,TP24/DP3/EP1,0.9,66,22,4226.915030710373,3879.4892220355814,0.9178062946260827,weight
65536,A100,A100x72,Llama-3.1-405B,24,3,1,TP24/DP3/EP1,0.95,69,23,4226.915030710373,4055.829641219017,0.9595247625636318,weight
131072,A100,A100x72,Llama-3.1-405B,24,3,1,TP24/DP3/EP1,0.9,33,11,2112.874210171683,1939.7446110177907,0.9180596751475212,weight
131072,A100,A100x72,Llama-3.1-405B,24,3,1,TP24/DP3/EP1,0.95,36,12,2112.874210171683,2111.5629500155405,0.9993793950677092,kv
262144,A100,A100x72,Llama-3.1-405B,24,3,1,TP24/DP3/EP1,0.9,18,6,1055.7814750077703,1055.7814750077703,1.0,kv
262144,A100,A100x72,Llama-3.1-405B,24,3,1,TP24/DP3/EP1,0.95,18,6,1055.7814750077703,1055.7814750077703,1.0,kv
524288,A100,A100x72,Llama-3.1-405B,24,3,1,TP24/DP3/EP1,0.9,9,3,527.8907375038851,527.8907375038851,1.0,kv
524288,A100,A100x72,Llama-3.1-405B,24,3,1,TP24/DP3/EP1,0.95,9,3,527.8907375038851,527.8907375038851,1.0,kv
1048576,A100,A100x72,Llama-3.1-405B,24,3,1,TP24/DP3/EP1,0.9,3,1,176.34041918343553,176.34041918343553,1.0,weight
1048576,A100,A100x72,Llama-3.1-405B,24,3,1,TP24/DP3/EP1,0.95,3,1,176.34041918343553,176.34041918343553,1.0,weight
8192,A100,A100x72,Llama-3.1-405B,36,2,1,TP36/DP2/EP1,0.9,206,103,19894.82409903872,18062.098590888316,0.907879280609525,weight
8192,A100,A100x72,Llama-3.1-405B,36,2,1,TP36/DP2/EP1,0.95,216,108,19894.82409903872,18938.899493358622,0.9519510903478515,weight
16384,A100,A100x72,Llama-3.1-405B,36,2,1,TP36/DP2/EP1,0.9,174,87,16923.47007013492,15256.335702983333,0.9014898031997821,weight
16384,A100,A100x72,Llama-3.1-405B,36,2,1,TP36/DP2/EP1,0.95,184,92,16923.47007013492,16133.13660545364,0.9532995620043673,weight
32768,A100,A100x72,Llama-3.1-405B,36,2,1,TP36/DP2/EP1,0.9,88,44,8461.73503506746,7715.847941738697,0.9118517549606991,weight
32768,A100,A100x72,Llama-3.1-405B,36,2,1,TP36/DP2/EP1,0.95,92,46,8461.73503506746,8066.56830272682,0.9532995620043673,weight
65536,A100,A100x72,Llama-3.1-405B,36,2,1,TP36/DP2/EP1,0.9,44,22,4230.613294079455,3857.9239708693485,0.9119065494046295,weight
65536,A100,A100x72,Llama-3.1-405B,36,2,1,TP36/DP2/EP1,0.95,46,23,4230.613294079455,4033.28415136341,0.9533568471048398,weight
131072,A100,A100x72,Llama-3.1-405B,36,2,1,TP36/DP2/EP1,0.9,22,11,2115.3066470397275,1928.9619854346743,0.9119065494046295,weight
131072,A100,A100x72,Llama-3.1-405B,36,2,1,TP36/DP2/EP1,0.95,24,12,2115.3066470397275,2099.850167440691,0.9926930312346596,kv
262144,A100,A100x72,Llama-3.1-405B,36,2,1,TP36/DP2/EP1,0.9,12,6,1057.6533235198638,1049.9250837203456,0.9926930312346596,kv
262144,A100,A100x72,Llama-3.1-405B,36,2,1,TP36/DP2/EP1,0.95,12,6,1057.6533235198638,1049.9250837203456,0.9926930312346596,kv
524288,A100,A100x72,Llama-3.1-405B,36,2,1,TP36/DP2/EP1,0.9,6,3,528.5487676724904,524.9625418601728,0.9932149575750411,kv
524288,A100,A100x72,Llama-3.1-405B,36,2,1,TP36/DP2/EP1,0.95,6,3,528.5487676724904,524.9625418601728,0.9932149575750411,kv
1048576,A100,A100x72,Llama-3.1-405B,36,2,1,TP36/DP2/EP1,0.9,4,2,264.2743838362452,263.3747754426075,0.9965959304092251,kv
1048576,A100,A100x72,Llama-3.1-405B,36,2,1,TP36/DP2/EP1,0.95,4,2,264.2743838362452,263.3747754426075,0.9965959304092251,kv
8192,A100,A100x72,Llama-3.1-405B,72,1,1,TP72/DP1/EP1,0.9,105,105,19896.87862902959,18071.985105451633,0.9082824217002845,weight
8192,A100,A100x72,Llama-3.1-405B,72,1,1,TP72/DP1/EP1,0.95,110,110,19896.87862902959,18932.555824758852,0.9515339655907742,weight
16384,A100,A100x72,Llama-3.1-405B,72,1,1,TP72/DP1/EP1,0.9,89,89,16926.69491294685,15318.158803668526,0.9049704553930378,weight
16384,A100,A100x72,Llama-3.1-405B,72,1,1,TP72/DP1/EP1,0.95,94,94,16926.69491294685,16178.729522975747,0.9558114922128714,weight
32768,A100,A100x72,Llama-3.1-405B,72,1,1,TP72/DP1/EP1,0.9,45,45,8463.248060193178,7745.136473764986,0.9151494105666328,weight
32768,A100,A100x72,Llama-3.1-405B,72,1,1,TP72/DP1/EP1,0.95,47,47,8463.248060193178,8089.364761487874,0.9558227177029276,weight
65536,A100,A100x72,Llama-3.1-405B,72,1,1,TP72/DP1/EP1,0.9,23,23,4231.624030096589,3958.625308813215,0.9354860641347802,weight
65536,A100,A100x72,Llama-3.1-405B,72,1,1,TP72/DP1/EP1,0.95,24,24,4231.624030096589,4122.123171109942,0.9741232070222108,kv
131072,A100,A100x72,Llama-3.1-405B,72,1,1,TP72/DP1/EP1,0.9,12,12,2115.711654040721,2061.061585554971,0.9741694155810997,kv
131072,A100,A100x72,Llama-3.1-405B,72,1,1,TP72/DP1/EP1,0.95,12,12,2115.711654040721,2061.061585554971,0.9741694155810997,kv
262144,A100,A100x72,Llama-3.1-405B,72,1,1,TP72/DP1/EP1,0.9,6,6,1057.8558270203605,1030.5307927774854,0.9741694155810997,kv
262144,A100,A100x72,Llama-3.1-405B,72,1,1,TP72/DP1/EP1,0.95,6,6,1057.8558270203605,1030.5307927774854,0.9741694155810997,kv
524288,A100,A100x72,Llama-3.1-405B,72,1,1,TP72/DP1/EP1,0.9,3,3,528.9279135101802,515.2653963887427,0.9741694155810997,kv
524288,A100,A100x72,Llama-3.1-405B,72,1,1,TP72/DP1/EP1,0.95,3,3,528.9279135101802,515.2653963887427,0.9741694155810997,kv
1048576,A100,A100x72,Llama-3.1-405B,72,1,1,TP72/DP1/EP1,0.9,2,2,264.4639567550901,259.6967346335295,0.981974019522156,kv
1048576,A100,A100x72,Llama-3.1-405B,72,1,1,TP72/DP1/EP1,0.95,2,2,264.4639567550901,259.6967346335295,0.981974019522156,kv
8192,A100,A100x72,Qwen3-Coder-480B-A35B,1,72,72,TP1/DP72/EP72,0.9,864,12,4202.267749294838,3802.482111051077,0.9048643108686145,weight
8192,A100,A100x72,Qwen3-Coder-480B-A35B,1,72,72,TP1/DP72/EP72,0.95,1008,14,4202.267749294838,4001.888551258324,0.9523164134245995,weight
16384,A100,A100x72,Qwen3-Coder-480B-A35B,1,72,72,TP1/DP72/EP72,0.9,432,6,3395.8783011256182,3174.8575025572322,0.9349149825259859,weight
16384,A100,A100x72,Qwen3-Coder-480B-A35B,1,72,72,TP1/DP72/EP72,0.95,504,7,3395.8783011256182,3288.2428964147343,0.9683041042209297,weight
32768,A100,A100x72,Qwen3-Coder-480B-A35B,1,72,72,TP1/DP72/EP72,0.9,216,3,2912.1359402029575,2740.063420372931,0.9409119205410328,weight
32768,A100,A100x72,Qwen3-Coder-480B-A35B,1,72,72,TP1/DP72/EP72,0.95,288,4,2912.1359402029575,2912.1359402029575,1.0,weight
65536,A100,A100x72,Qwen3-Coder-480B-A35B,1,72,72,TP1/DP72/EP72,0.9,144,2,2495.3218371616044,2495.3218371616044,1.0,weight
65536,A100,A100x72,Qwen3-Coder-480B-A35B,1,72,72,TP1/DP72/EP72,0.95,144,2,2495.3218371616044,2495.3218371616044,1.0,weight
131072,A100,A100x72,Qwen3-Coder-480B-A35B,1,72,72,TP1/DP72/EP72,0.9,72,1,2029.6565842709074,2029.6565842709074,1.0,weight
131072,A100,A100x72,Qwen3-Coder-480B-A35B,1,72,72,TP1/DP72/EP72,0.95,72,1,2029.6565842709074,2029.6565842709074,1.0,weight
8192,A100,A100x72,Qwen3-Coder-480B-A35B,2,36,72,TP2/DP36/EP72,0.9,1404,39,7471.158805302533,6735.532568527282,0.901537866354393,weight
8192,A100,A100x72,Qwen3-Coder-480B-A35B,2,36,72,TP2/DP36/EP72,0.95,1512,42,7471.158805302533,7099.847662537202,0.9503007294528663,weight
16384,A100,A100x72,Qwen3-Coder-480B-A35B,2,36,72,TP2/DP36/EP72,0.9,648,18,4817.912267045795,4403.904736938993,0.9140691014781265,weight
16384,A100,A100x72,Qwen3-Coder-480B-A35B,2,36,72,TP2/DP36/EP72,0.95,720,20,4817.912267045795,4609.291338980184,0.9566988943546018,weight
32768,A100,A100x72,Qwen3-Coder-480B-A35B,2,36,72,TP2/DP36/EP72,0.9,288,8,3701.4935487168395,3394.67747700234,0.917110196822885,weight
32768,A100,A100x72,Qwen3-Coder-480B-A35B,2,36,72,TP2/DP36/EP72,0.95,360,10,3701.4935487168395,3600.815321346157,0.972800647618153,weight
65536,A100,A100x72,Qwen3-Coder-480B-A35B,2,36,72,TP2/DP36/EP72,0.9,144,4,3050.3469264803743,2910.3702331706004,0.9541112218762325,weight
65536,A100,A100x72,Qwen3-Coder-480B-A35B,2,36,72,TP2/DP36/EP72,0.95,144,4,3050.3469264803743,2910.3702331706004,0.9541112218762325,weight
131072,A100,A100x72,Qwen3-Coder-480B-A35B,2,36,72,TP2/DP36/EP72,0.9,72,2,2492.730102220679,2492.730102220679,1.0,weight
131072,A100,A100x72,Qwen3-Coder-480B-A35B,2,36,72,TP2/DP36/EP72,0.95,72,2,2492.730102220679,2492.730102220679,1.0,weight
262144,A100,A100x72,Qwen3-Coder-480B-A35B,2,36,72,TP2/DP36/EP72,0.9,36,1,2026.2294593014785,2026.2294593014785,1.0,weight
262144,A100,A100x72,Qwen3-Coder-480B-A35B,2,36,72,TP2/DP36/EP72,0.95,36,1,2026.2294593014785,2026.2294593014785,1.0,weight
8192,A100,A100x72,Qwen3-Coder-480B-A35B,4,18,72,TP4/DP18/EP72,0.9,1638,91,15220.988472583453,13764.794589733681,0.9043298741423583,weight
8192,A100,A100x72,Qwen3-Coder-480B-A35B,4,18,72,TP4/DP18/EP72,0.95,1728,96,15220.988472583453,14490.819592951393,0.9520288133095125,weight
16384,A100,A100x72,Qwen3-Coder-480B-A35B,4,18,72,TP4/DP18/EP72,0.9,792,44,8101.222897055224,7343.569216042655,0.9064766282028884,weight
16384,A100,A100x72,Qwen3-Coder-480B-A35B,4,18,72,TP4/DP18/EP72,0.95,846,47,8101.222897055224,7719.225625960169,0.9528469620020071,weight
32768,A100,A100x72,Qwen3-Coder-480B-A35B,4,18,72,TP4/DP18/EP72,0.9,378,21,5134.753327936,4710.536708014128,0.9173832523533525,weight
32768,A100,A100x72,Qwen3-Coder-480B-A35B,4,18,72,TP4/DP18/EP72,0.95,414,23,5134.753327936,4920.880222739655,0.9583479299710949,weight
65536,A100,A100x72,Qwen3-Coder-480B-A35B,4,18,72,TP4/DP18/EP72,0.9,162,9,3798.4699959929862,3495.443118822789,0.9202239645199618,weight
65536,A100,A100x72,Qwen3-Coder-480B-A35B,4,18,72,TP4/DP18/EP72,0.95,198,11,3798.4699959929862,3698.3822900379164,0.9736505208516448,weight
131072,A100,A100x72,Qwen3-Coder-480B-A35B,4,18,72,TP4/DP18/EP72,0.9,72,4,3169.2675176927005,2905.0859359001965,0.9166427004606937,weight
131072,A100,A100x72,Qwen3-Coder-480B-A35B,4,18,72,TP4/DP18/EP72,0.95,90,5,3169.2675176927005,3045.701703065913,0.9610112387367205,weight
262144,A100,A100x72,Qwen3-Coder-480B-A35B,4,18,72,TP4/DP18/EP72,0.9,18,1,2157.8854959435434,2016.0171758212116,0.9342558627929888,weight
262144,A100,A100x72,Qwen3-Coder-480B-A35B,4,18,72,TP4/DP18/EP72,0.95,36,2,2157.8854959435434,2155.3016658301667,0.9988026101856499,kv
524288,A100,A100x72,Qwen3-Coder-480B-A35B,4,18,72,TP4/DP18/EP72,0.9,18,1,1077.6508329150834,1077.6508329150834,1.0,kv
524288,A100,A100x72,Qwen3-Coder-480B-A35B,4,18,72,TP4/DP18/EP72,0.95,18,1,1077.6508329150834,1077.6508329150834,1.0,kv
8192,A100,A100x72,Qwen3-Coder-480B-A35B,8,9,72,TP8/DP9/EP72,0.9,1746,194,32191.887605477285,29048.452852284943,0.9023532017843682,weight
8192,A100,A100x72,Qwen3-Coder-480B-A35B,8,9,72,TP8/DP9/EP72,0.95,1845,205,32191.887605477285,30694.91569538734,0.953498473639202,weight
16384,A100,A100x72,Qwen3-Coder-480B-A35B,8,9,72,TP8/DP9/EP72,0.9,873,97,16085.563017313683,14621.836610549328,0.9090037193482831,weight
16384,A100,A100x72,Qwen3-Coder-480B-A35B,8,9,72,TP8/DP9/EP72,0.95,918,102,16085.563017313683,15352.03742553194,0.9543985130646523,weight
32768,A100,A100x72,Qwen3-Coder-480B-A35B,8,9,72,TP8/DP9/EP72,0.9,423,47,8480.108513329014,7710.782892215799,0.909278799922903,weight
32768,A100,A100x72,Qwen3-Coder-480B-A35B,8,9,72,TP8/DP9/EP72,0.95,450,50,8480.108513329014,8092.481697319181,0.9542898754891447,weight
65536,A100,A100x72,Qwen3-Coder-480B-A35B,8,9,72,TP8/DP9/EP72,0.9,198,22,5236.005308924932,4808.259861142402,0.9183069109854749,weight
65536,A100,A100x72,Qwen3-Coder-480B-A35B,8,9,72,TP8/DP9/EP72,0.95,216,24,5236.005308924932,5020.357349367662,0.9588144115916591,weight
131072,A100,A100x72,Qwen3-Coder-480B-A35B,8,9,72,TP8/DP9/EP72,0.9,90,10,3890.489241020752,3588.969041194069,0.922498127832485,weight
131072,A100,A100x72,Qwen3-Coder-480B-A35B,8,9,72,TP8/DP9/EP72,0.95,108,12,3890.489241020752,3790.471112220515,0.9742916320791584,weight
262144,A100,A100x72,Qwen3-Coder-480B-A35B,8,9,72,TP8/DP9/EP72,0.9,9,1,2155.3016658301667,1989.2810112464922,0.922971035927016,weight
262144,A100,A100x72,Qwen3-Coder-480B-A35B,8,9,72,TP8/DP9/EP72,0.95,18,2,2155.3016658301667,2139.9277000413163,0.992866907666529,kv
524288,A100,A100x72,Qwen3-Coder-480B-A35B,8,9,72,TP8/DP9/EP72,0.9,9,1,1077.6508329150834,1069.9638500206581,0.992866907666529,kv
524288,A100,A100x72,Qwen3-Coder-480B-A35B,8,9,72,TP8/DP9/EP72,0.95,9,1,1077.6508329150834,1069.9638500206581,0.992866907666529,kv
1048576,A100,A100x72,Qwen3-Coder-480B-A35B,8,9,72,TP8/DP9/EP72,0.9,9,1,537.8593754509652,537.8593754509652,1.0,kv
1048576,A100,A100x72,Qwen3-Coder-480B-A35B,8,9,72,TP8/DP9/EP72,0.95,9,1,537.8593754509652,537.8593754509652,1.0,kv
8192,A100,A100x72,Qwen3-Coder-480B-A35B,12,6,72,TP12/DP6/EP72,0.9,1776,296,49052.36720107331,44266.77924261809,0.9024392046394346,weight
8192,A100,A100x72,Qwen3-Coder-480B-A35B,12,6,72,TP12/DP6/EP72,0.95,1872,312,49052.36720107331,46659.57164923818,0.9512195702599492,weight
16384,A100,A100x72,Qwen3-Coder-480B-A35B,12,6,72,TP12/DP6/EP72,0.9,888,148,24531.48116528195,22144.251704741222,0.902687104604216,weight
16384,A100,A100x72,Qwen3-Coder-480B-A35B,12,6,72,TP12/DP6/EP72,0.95,936,156,24531.48116528195,23337.381507918257,0.9513237847597381,weight
32768,A100,A100x72,Qwen3-Coder-480B-A35B,12,6,72,TP12/DP6/EP72,0.9,444,74,12443.414960296328,11313.826941636835,0.909222024479316,weight
32768,A100,A100x72,Qwen3-Coder-480B-A35B,12,6,72,TP12/DP6/EP72,0.95,468,78,12443.414960296328,11876.189966904014,0.9544156491443724,weight
65536,A100,A100x72,Qwen3-Coder-480B-A35B,12,6,72,TP12/DP6/EP72,0.9,216,36,6957.376297220212,6359.320751250195,0.914040074818295,weight
65536,A100,A100x72,Qwen3-Coder-480B-A35B,12,6,72,TP12/DP6/EP72,0.95,234,39,6957.376297220212,6715.709135786924,0.9652646125336292,weight
131072,A100,A100x72,Qwen3-Coder-480B-A35B,12,6,72,TP12/DP6/EP72,0.9,78,13,4309.434749212825,3881.284208916783,0.9006480976712201,weight
131072,A100,A100x72,Qwen3-Coder-480B-A35B,12,6,72,TP12/DP6/EP72,0.95,96,16,4309.434749212825,4182.57699723152,0.9705627862205183,weight
262144,A100,A100x72,Qwen3-Coder-480B-A35B,12,6,72,TP12/DP6/EP72,0.9,6,1,2154.7173746064127,1958.4073479932083,0.908892911466376,weight
262144,A100,A100x72,Qwen3-Coder-480B-A35B,12,6,72,TP12/DP6/EP72,0.95,12,2,2154.7173746064127,2121.935253179093,0.9847858833767895,kv
524288,A100,A100x72,Qwen3-Coder-480B-A35B,12,6,72,TP12/DP6/EP72,0.9,6,1,1077.3586873032064,1060.9676265895464,0.9847858833767895,kv
524288,A100,A100x72,Qwen3-Coder-480B-A35B,12,6,72,TP12/DP6/EP72,0.95,6,1,1077.3586873032064,1060.9676265895464,0.9847858833767895,kv
1048576,A100,A100x72,Qwen3-Coder-480B-A35B,12,6,72,TP12/DP6/EP72,0.9,6,1,538.1597113672622,535.5765155246764,0.9951999456889428,kv
1048576,A100,A100x72,Qwen3-Coder-480B-A35B,12,6,72,TP12/DP6/EP72,0.95,6,1,538.1597113672622,535.5765155246764,0.9951999456889428,kv
8192,A100,A100x72,Qwen3-Coder-480B-A35B,18,4,72,TP18/DP4/EP72,0.9,1664,416,68918.7134193218,62088.799197475775,0.9008989883445617,weight
8192,A100,A100x72,Qwen3-Coder-480B-A35B,18,4,72,TP18/DP4/EP72,0.95,1756,439,68918.7134193218,65521.59336006106,0.950708307066157,weight
16384,A100,A100x72,Qwen3-Coder-480B-A35B,18,4,72,TP18/DP4/EP72,0.9,832,208,34459.3567096609,31045.100092702465,0.9009193164653239,weight
16384,A100,A100x72,Qwen3-Coder-480B-A35B,18,4,72,TP18/DP4/EP72,0.95,880,220,34459.3567096609,32835.82299705299,0.9528855478560706,weight
32768,A100,A100x72,Qwen3-Coder-480B-A35B,18,4,72,TP18/DP4/EP72,0.9,416,104,17229.37766742614,15595.171858125492,0.9051500384491381,weight
32768,A100,A100x72,Qwen3-Coder-480B-A35B,18,4,72,TP18/DP4/EP72,0.95,440,110,17229.37766742614,16474.37660612544,0.9561794351557976,weight
65536,A100,A100x72,Qwen3-Coder-480B-A35B,18,4,72,TP18/DP4/EP72,0.9,192,48,8614.68883371307,7810.202863089823,0.9066146222861888,weight
65536,A100,A100x72,Qwen3-Coder-480B-A35B,18,4,72,TP18/DP4/EP72,0.95,204,51,8614.68883371307,8192.954777903236,0.9510447720224784,weight
131072,A100,A100x72,Qwen3-Coder-480B-A35B,18,4,72,TP18/DP4/EP72,0.9,56,14,4307.344416856535,3966.429573679548,0.9208526622940025,weight
131072,A100,A100x72,Qwen3-Coder-480B-A35B,18,4,72,TP18/DP4/EP72,0.95,64,16,4307.344416856535,4168.031651893438,0.9676569246661807,weight
262144,A100,A100x72,Qwen3-Coder-480B-A35B,18,4,72,TP18/DP4/EP72,0.9,8,2,2153.3602958708775,2092.3009075136947,0.9716446019394591,kv
262144,A100,A100x72,Qwen3-Coder-480B-A35B,18,4,72,TP18/DP4/EP72,0.95,8,2,2153.3602958708775,2092.3009075136947,0.9716446019394591,kv
524288,A100,A100x72,Qwen3-Coder-480B-A35B,18,4,72,TP18/DP4/EP72,0.9,4,1,1076.3349768825497,1046.1504537568474,0.9719561997203441,kv
524288,A100,A100x72,Qwen3-Coder-480B-A35B,18,4,72,TP18/DP4/EP72,0.95,4,1,1076.3349768825497,1046.1504537568474,0.9719561997203441,kv
1048576,A100,A100x72,Qwen3-Coder-480B-A35B,18,4,72,TP18/DP4/EP72,0.9,4,1,537.7365083653318,531.7744633711073,0.9889127018503011,kv
1048576,A100,A100x72,Qwen3-Coder-480B-A35B,18,4,72,TP18/DP4/EP72,0.95,4,1,537.7365083653318,531.7744633711073,0.9889127018503011,kv
8192,A100,A100x72,Qwen3-Coder-480B-A35B,24,3,72,TP24/DP3/EP72,0.9,1251,417,68891.48655616585,62102.9539200722,0.9014605000494641,weight
8192,A100,A100x72,Qwen3-Coder-480B-A35B,24,3,72,TP24/DP3/EP72,0.95,1320,440,68891.48655616585,65528.29667965832,0.9511813426501461,weight
16384,A100,A100x72,Qwen3-Coder-480B-A35B,24,3,72,TP24/DP3/EP72,0.9,627,209,34445.499816043965,31126.6067016728,0.9036479908233094,weight
16384,A100,A100x72,Qwen3-Coder-480B-A35B,24,3,72,TP24/DP3/EP72,0.95,660,220,34445.499816043965,32764.546960374533,0.951199638134254,weight
32768,A100,A100x72,Qwen3-Coder-480B-A35B,24,3,72,TP24/DP3/EP72,0.9,312,104,17222.749908021982,15561.161360832115,0.9035236210208257,weight
32768,A100,A100x72,Qwen3-Coder-480B-A35B,24,3,72,TP24/DP3/EP72,0.95,330,110,17222.749908021982,16438.493298868485,0.9544639146859929,weight
65536,A100,A100x72,Qwen3-Coder-480B-A35B,24,3,72,TP24/DP3/EP72,0.9,144,48,8611.129667394242,7791.724274214166,0.904843449718017,weight
65536,A100,A100x72,Qwen3-Coder-480B-A35B,24,3,72,TP24/DP3/EP72,0.95,156,52,8611.129667394242,8302.469622322584,0.964155684910844,weight
131072,A100,A100x72,Qwen3-Coder-480B-A35B,24,3,72,TP24/DP3/EP72,0.9,42,14,4305.3150817327705,3950.117997409832,0.9174980047732112,weight
131072,A100,A100x72,Qwen3-Coder-480B-A35B,24,3,72,TP24/DP3/EP72,0.95,48,16,4305.3150817327705,4152.266057497913,0.9644511443809916,weight
262144,A100,A100x72,Qwen3-Coder-480B-A35B,24,3,72,TP24/DP3/EP72,0.9,6,2,2152.3984694168485,2060.876986990582,0.9574793033322205,kv
262144,A100,A100x72,Qwen3-Coder-480B-A35B,24,3,72,TP24/DP3/EP72,0.95,6,2,2152.3984694168485,2060.876986990582,0.9574793033322205,kv
524288,A100,A100x72,Qwen3-Coder-480B-A35B,24,3,72,TP24/DP3/EP72,0.9,3,1,1076.1992347084242,1030.438493495291,0.9574793033322205,kv
524288,A100,A100x72,Qwen3-Coder-480B-A35B,24,3,72,TP24/DP3/EP72,0.95,3,1,1076.1992347084242,1030.438493495291,0.9574793033322205,kv
1048576,A100,A100x72,Qwen3-Coder-480B-A35B,24,3,72,TP24/DP3/EP72,0.9,3,1,538.0996173542121,527.6845322658427,0.9806446896588042,kv
1048576,A100,A100x72,Qwen3-Coder-480B-A35B,24,3,72,TP24/DP3/EP72,0.95,3,1,538.0996173542121,527.6845322658427,0.9806446896588042,kv
8192,A100,A100x72,Qwen3-Coder-480B-A35B,36,2,72,TP36/DP2/EP72,0.9,838,419,68852.00985174273,62107.60575259214,0.9020449204943598,weight
8192,A100,A100x72,Qwen3-Coder-480B-A35B,36,2,72,TP36/DP2/EP72,0.95,884,442,68852.00985174273,65516.8537807881,0.9515605124943174,weight
16384,A100,A100x72,Qwen3-Coder-480B-A35B,36,2,72,TP36/DP2/EP72,0.9,420,210,34425.8241981502,31128.546512128785,0.904220806245836,weight
16384,A100,A100x72,Qwen3-Coder-480B-A35B,36,2,72,TP36/DP2/EP72,0.95,442,221,34425.8241981502,32758.803734724395,0.9515764545292897,weight
32768,A100,A100x72,Qwen3-Coder-480B-A35B,36,2,72,TP36/DP2/EP72,0.9,210,105,17212.9120990751,15632.973318958962,0.9082119997463397,weight
32768,A100,A100x72,Qwen3-Coder-480B-A35B,36,2,72,TP36/DP2/EP72,0.95,220,110,17212.9120990751,16360.98863200971,0.950506720643094,weight
65536,A100,A100x72,Qwen3-Coder-480B-A35B,36,2,72,TP36/DP2/EP72,0.9,96,48,8606.45604953755,7751.8359401572025,0.9007001134425977,weight
65536,A100,A100x72,Qwen3-Coder-480B-A35B,36,2,72,TP36/DP2/EP72,0.95,104,52,8606.45604953755,8260.660819746807,0.9598214145520068,weight
131072,A100,A100x72,Qwen3-Coder-480B-A35B,36,2,72,TP36/DP2/EP72,0.9,28,14,4303.228024768775,3915.1013926401924,0.9098057016977533,weight
131072,A100,A100x72,Qwen3-Coder-480B-A35B,36,2,72,TP36/DP2/EP72,0.95,32,16,4303.228024768775,4118.386225317207,0.957045780891079,weight
262144,A100,A100x72,Qwen3-Coder-480B-A35B,36,2,72,TP36/DP2/EP72,0.9,4,2,2151.43020418353,1995.689529876396,0.9276106312887628,kv
262144,A100,A100x72,Qwen3-Coder-480B-A35B,36,2,72,TP36/DP2/EP72,0.95,6,3,2151.43020418353,2048.5291115348864,0.9521708431681638,kv
524288,A100,A100x72,Qwen3-Coder-480B-A35B,36,2,72,TP36/DP2/EP72,0.9,2,1,1075.5221545829345,997.844764938198,0.9277770436306277,kv
524288,A100,A100x72,Qwen3-Coder-480B-A35B,36,2,72,TP36/DP2/EP72,0.95,4,2,1075.5221545829345,1038.0061244213541,0.9651183102070748,kv
1048576,A100,A100x72,Qwen3-Coder-480B-A35B,36,2,72,TP36/DP2/EP72,0.9,2,1,537.5475799462376,519.0030622106771,0.9655016254795245,kv
1048576,A100,A100x72,Qwen3-Coder-480B-A35B,36,2,72,TP36/DP2/EP72,0.95,2,1,537.5475799462376,519.0030622106771,0.9655016254795245,kv
8192,A100,A100x72,Qwen3-Coder-480B-A35B,72,1,72,TP72/DP1/EP72,0.9,425,425,68784.17242548561,62008.45012951842,0.901493002575449,weight
8192,A100,A100x72,Qwen3-Coder-480B-A35B,72,1,72,TP72/DP1/EP72,0.95,448,448,68784.17242548561,65364.20153365594,0.9502796825020385,weight
16384,A100,A100x72,Qwen3-Coder-480B-A35B,72,1,72,TP72/DP1/EP72,0.9,213,213,34392.086212742804,31077.70660539316,0.9036295853980031,weight
16384,A100,A100x72,Qwen3-Coder-480B-A35B,72,1,72,TP72/DP1/EP72,0.95,224,224,34392.086212742804,32682.41805279883,0.9502889080537802,weight
32768,A100,A100x72,Qwen3-Coder-480B-A35B,72,1,72,TP72/DP1/EP72,0.9,106,106,17195.936745594197,15529.746125424537,0.9031055623883615,weight
32768,A100,A100x72,Qwen3-Coder-480B-A35B,72,1,72,TP72/DP1/EP72,0.95,112,112,17195.936745594197,16390.789400357182,0.9531780468171759,weight
65536,A100,A100x72,Qwen3-Coder-480B-A35B,72,1,72,TP72/DP1/EP72,0.9,49,49,8597.86169870447,7744.165523682914,0.9007083150511491,weight
65536,A100,A100x72,Qwen3-Coder-480B-A35B,72,1,72,TP72/DP1/EP72,0.95,53,53,8597.86169870447,8249.004417883367,0.9594251113769754,weight
131072,A100,A100x72,Qwen3-Coder-480B-A35B,72,1,72,TP72/DP1/EP72,0.9,15,15,4298.823544304635,3904.24808257893,0.9082131523522372,weight
131072,A100,A100x72,Qwen3-Coder-480B-A35B,72,1,72,TP72/DP1/EP72,0.95,17,17,4298.823544304635,4110.616501202069,0.9562189419586866,weight
262144,A100,A100x72,Qwen3-Coder-480B-A35B,72,1,72,TP72/DP1/EP72,0.9,4,4,2149.4117721523176,1966.2592080179127,0.9147894477422515,kv
262144,A100,A100x72,Qwen3-Coder-480B-A35B,72,1,72,TP72/DP1/EP72,0.95,7,7,2149.4117721523176,2046.0439970196376,0.9519088075761433,kv
524288,A100,A100x72,Qwen3-Coder-480B-A35B,72,1,72,TP72/DP1/EP72,0.9,2,2,1074.5964315014232,983.1296040089563,0.9148826249453763,kv
524288,A100,A100x72,Qwen3-Coder-480B-A35B,72,1,72,TP72/DP1/EP72,0.95,4,4,1074.5964315014232,1029.9876234621152,0.9584878501997436,kv
1048576,A100,A100x72,Qwen3-Coder-480B-A35B,72,1,72,TP72/DP1/EP72,0.9,1,1,537.1833247246534,491.56480200447817,0.9150782970719388,kv
1048576,A100,A100x72,Qwen3-Coder-480B-A35B,72,1,72,TP72/DP1/EP72,0.95,2,2,537.1833247246534,514.9938117310576,0.9586928484703623,kv
8192,A100,A100x72,DeepSeek-V3/R1-671B,1,72,72,TP1/DP72/EP72,0.9,1944,27,5454.057690422485,4939.722484596471,0.9056967793484831,weight
8192,A100,A100x72,DeepSeek-V3/R1-671B,1,72,72,TP1/DP72/EP72,0.95,2232,31,5454.057690422485,5231.610568435681,0.9592143804460613,weight
16384,A100,A100x72,DeepSeek-V3/R1-671B,1,72,72,TP1/DP72/EP72,0.9,864,12,4222.762934406785,3852.2839839699172,0.9122662209099568,weight
16384,A100,A100x72,DeepSeek-V3/R1-671B,1,72,72,TP1/DP72/EP72,0.95,1080,15,4222.762934406785,4077.4796315498006,0.9655952026875045,weight
32768,A100,A100x72,DeepSeek-V3/R1-671B,1,72,72,TP1/DP72/EP72,0.9,360,5,3516.728961758132,3183.0061986923715,0.9051042128367718,weight
32768,A100,A100x72,DeepSeek-V3/R1-671B,1,72,72,TP1/DP72/EP72,0.95,504,7,3516.728961758132,3418.662298964611,0.9721142391523702,weight
65536,A100,A100x72,DeepSeek-V3/R1-671B,1,72,72,TP1/DP72/EP72,0.9,216,3,3028.294021303448,2822.610440057061,0.9320793886592769,weight
65536,A100,A100x72,DeepSeek-V3/R1-671B,1,72,72,TP1/DP72/EP72,0.95,288,4,3028.294021303448,3028.294021303448,1.0,weight
131072,A100,A100x72,DeepSeek-V3/R1-671B,1,72,72,TP1/DP72/EP72,0.9,144,2,2511.0088879268833,2511.0088879268833,1.0,weight
131072,A100,A100x72,DeepSeek-V3/R1-671B,1,72,72,TP1/DP72/EP72,0.95,144,2,2511.0088879268833,2511.0088879268833,1.0,weight
262144,A100,A100x72,DeepSeek-V3/R1-671B,1,72,72,TP1/DP72/EP72,0.9,72,1,1917.371873201079,1917.371873201079,1.0,weight
262144,A100,A100x72,DeepSeek-V3/R1-671B,1,72,72,TP1/DP72/EP72,0.95,72,1,1917.371873201079,1917.371873201079,1.0,weight
8192,A100,A100x72,DeepSeek-V3/R1-671B,2,36,72,TP2/DP36/EP72,0.9,4104,114,13865.323914817895,12558.893983675385,0.9057771791579766,weight
8192,A100,A100x72,DeepSeek-V3/R1-671B,2,36,72,TP2/DP36/EP72,0.95,4356,121,13865.323914817895,13259.203695735061,0.9562851742370713,weight
16384,A100,A100x72,DeepSeek-V3/R1-671B,2,36,72,TP2/DP36/EP72,0.9,1944,54,7785.741613331195,7026.439953793451,0.9024753585146438,weight
16384,A100,A100x72,DeepSeek-V3/R1-671B,2,36,72,TP2/DP36/EP72,0.95,2124,59,7785.741613331195,7444.507849163244,0.9561719639419228,weight
32768,A100,A100x72,DeepSeek-V3/R1-671B,2,36,72,TP2/DP36/EP72,0.9,864,24,5230.874925947918,4722.913902640296,0.9028917665785,weight
32768,A100,A100x72,DeepSeek-V3/R1-671B,2,36,72,TP2/DP36/EP72,0.95,1008,28,5230.874925947918,5011.488872019477,0.9580593959836107,weight
65536,A100,A100x72,DeepSeek-V3/R1-671B,2,36,72,TP2/DP36/EP72,0.9,360,10,4076.5561829496423,3691.256556931257,0.9054840387997309,weight
65536,A100,A100x72,DeepSeek-V3/R1-671B,2,36,72,TP2/DP36/EP72,0.95,468,13,4076.5561829496423,3927.7685219672835,0.9635016287510842,weight
131072,A100,A100x72,DeepSeek-V3/R1-671B,2,36,72,TP2/DP36/EP72,0.9,180,5,3417.2715254730088,3181.318505938302,0.9309528032010723,weight
131072,A100,A100x72,DeepSeek-V3/R1-671B,2,36,72,TP2/DP36/EP72,0.95,216,6,3417.2715254730088,3307.9169696578833,0.9679994536576988,weight
262144,A100,A100x72,DeepSeek-V3/R1-671B,2,36,72,TP2/DP36/EP72,0.9,108,3,2820.399082308491,2820.399082308491,1.0,weight
262144,A100,A100x72,DeepSeek-V3/R1-671B,2,36,72,TP2/DP36/EP72,0.95,108,3,2820.399082308491,2820.399082308491,1.0,weight
524288,A100,A100x72,DeepSeek-V3/R1-671B,2,36,72,TP2/DP36/EP72,0.9,36,1,1914.31316468569,1914.31316468569,1.0,weight
524288,A100,A100x72,DeepSeek-V3/R1-671B,2,36,72,TP2/DP36/EP72,0.95,36,1,1914.31316468569,1914.31316468569,1.0,weight
8192,A100,A100x72,DeepSeek-V3/R1-671B,4,18,72,TP4/DP18/EP72,0.9,5094,283,33681.20442971048,30358.310547190606,0.9013427833480705,weight
8192,A100,A100x72,DeepSeek-V3/R1-671B,4,18,72,TP4/DP18/EP72,0.95,5382,299,33681.20442971048,32073.122154512545,0.9522557965955804,weight
16384,A100,A100x72,DeepSeek-V3/R1-671B,4,18,72,TP4/DP18/EP72,0.9,2538,141,16952.840858534237,15293.094720977997,0.902096282776069,weight
16384,A100,A100x72,DeepSeek-V3/R1-671B,4,18,72,TP4/DP18/EP72,0.95,2682,149,16952.840858534237,16120.282447516956,0.9508897406656087,weight
32768,A100,A100x72,DeepSeek-V3/R1-671B,4,18,72,TP4/DP18/EP72,0.9,1224,68,9112.334109667003,8217.918759099186,0.9018456369352219,weight
32768,A100,A100x72,DeepSeek-V3/R1-671B,4,18,72,TP4/DP18/EP72,0.95,1314,73,9112.334109667003,8661.08049308447,0.9504788113394775,weight
65536,A100,A100x72,DeepSeek-V3/R1-671B,4,18,72,TP4/DP18/EP72,0.9,576,32,5829.432100195956,5302.471067343822,0.909603367224327,weight
65536,A100,A100x72,DeepSeek-V3/R1-671B,4,18,72,TP4/DP18/EP72,0.95,648,36,5829.432100195956,5601.299676731597,0.9608654120087118,weight
131072,A100,A100x72,DeepSeek-V3/R1-671B,4,18,72,TP4/DP18/EP72,0.9,252,14,4362.963110017582,3999.877860445205,0.9167801238706981,weight
131072,A100,A100x72,DeepSeek-V3/R1-671B,4,18,72,TP4/DP18/EP72,0.95,288,16,4362.963110017582,4146.840220058409,0.9504641949726909,weight
262144,A100,A100x72,DeepSeek-V3/R1-671B,4,18,72,TP4/DP18/EP72,0.9,108,6,3602.40715560369,3303.3639473002872,0.9169879485059791,weight
262144,A100,A100x72,DeepSeek-V3/R1-671B,4,18,72,TP4/DP18/EP72,0.95,144,8,3602.40715560369,3511.583425452333,0.9747880441526224,weight
524288,A100,A100x72,DeepSeek-V3/R1-671B,4,18,72,TP4/DP18/EP72,0.9,54,3,3020.671121056598,2813.7857500191853,0.9315101304490749,weight
524288,A100,A100x72,DeepSeek-V3/R1-671B,4,18,72,TP4/DP18/EP72,0.95,72,4,3020.671121056598,3020.671121056598,1.0,weight
1048576,A100,A100x72,DeepSeek-V3/R1-671B,4,18,72,TP4/DP18/EP72,0.9,18,1,1947.9061536007216,1905.195313510812,0.9780734610797557,weight
1048576,A100,A100x72,DeepSeek-V3/R1-671B,4,18,72,TP4/DP18/EP72,0.95,18,1,1947.9061536007216,1905.195313510812,0.9780734610797557,weight
8192,A100,A100x72,DeepSeek-V3/R1-671B,8,9,72,TP8/DP9/EP72,0.9,5580,620,73742.21091570049,66453.73674274916,0.9011627928909908,weight
8192,A100,A100x72,DeepSeek-V3/R1-671B,8,9,72,TP8/DP9/EP72,0.95,5886,654,73742.21091570049,70097.97379162296,0.9505813959355858,weight
16384,A100,A100x72,DeepSeek-V3/R1-671B,8,9,72,TP8/DP9/EP72,0.9,2790,310,36871.753836147254,33228.58799336188,0.9011935841464151,weight
16384,A100,A100x72,DeepSeek-V3/R1-671B,8,9,72,TP8/DP9/EP72,0.95,2943,327,36871.753836147254,35050.04424507456,0.9505933566608167,weight
32768,A100,A100x72,DeepSeek-V3/R1-671B,8,9,72,TP8/DP9/EP72,0.9,1395,155,18512.14486071332,16732.197167553986,0.9038497318084,weight
32768,A100,A100x72,DeepSeek-V3/R1-671B,8,9,72,TP8/DP9/EP72,0.95,1476,164,18512.14486071332,17672.345258436937,0.95463520793538,weight
65536,A100,A100x72,DeepSeek-V3/R1-671B,8,9,72,TP8/DP9/EP72,0.9,684,76,9842.403857002788,8923.902452399738,0.9066791590806809,weight
65536,A100,A100x72,DeepSeek-V3/R1-671B,8,9,72,TP8/DP9/EP72,0.95,729,81,9842.403857002788,9379.51581411728,0.9529700213879999,weight
131072,A100,A100x72,DeepSeek-V3/R1-671B,8,9,72,TP8/DP9/EP72,0.9,315,35,6133.337602039212,5520.221390855423,0.9000354699242482,weight
131072,A100,A100x72,DeepSeek-V3/R1-671B,8,9,72,TP8/DP9/EP72,0.95,360,40,6133.337602039212,5900.45804032949,0.9620305326691468,weight
262144,A100,A100x72,DeepSeek-V3/R1-671B,8,9,72,TP8/DP9/EP72,0.9,135,15,4499.5130212815275,4066.4257860060347,0.9037479760082696,weight
262144,A100,A100x72,DeepSeek-V3/R1-671B,8,9,72,TP8/DP9/EP72,0.95,162,18,4499.5130212815275,4284.451707820636,0.9522034245831256,weight
524288,A100,A100x72,DeepSeek-V3/R1-671B,8,9,72,TP8/DP9/EP72,0.9,63,7,3678.8087489247728,3402.047368851491,0.9247687501683329,weight
524288,A100,A100x72,DeepSeek-V3/R1-671B,8,9,72,TP8/DP9/EP72,0.95,72,8,3678.8087489247728,3501.337393487427,0.9517584719539399,weight
1048576,A100,A100x72,DeepSeek-V3/R1-671B,8,9,72,TP8/DP9/EP72,0.9,9,1,1946.6421948306652,1881.3003494502857,0.9664335615687898,weight
1048576,A100,A100x72,DeepSeek-V3/R1-671B,8,9,72,TP8/DP9/EP72,0.95,9,1,1946.6421948306652,1881.3003494502857,0.9664335615687898,weight
8192,A100,A100x72,DeepSeek-V3/R1-671B,12,6,72,TP12/DP6/EP72,0.9,5736,956,113732.2145862624,102380.4116237981,0.9001883239171933,weight
8192,A100,A100x72,DeepSeek-V3/R1-671B,12,6,72,TP12/DP6/EP72,0.95,6054,1009,113732.2145862624,108056.31310502811,0.9500941619585778,weight
16384,A100,A100x72,DeepSeek-V3/R1-671B,12,6,72,TP12/DP6/EP72,0.9,2868,478,56866.109930786755,51190.21858600558,0.9001885067979953,weight
16384,A100,A100x72,DeepSeek-V3/R1-671B,12,6,72,TP12/DP6/EP72,0.95,3030,505,56866.109930786755,54081.7085196809,0.9510358381381314,weight
32768,A100,A100x72,DeepSeek-V3/R1-671B,12,6,72,TP12/DP6/EP72,0.9,1434,239,28385.632980866067,25607.71869862968,0.9021366095972249,weight
32768,A100,A100x72,DeepSeek-V3/R1-671B,12,6,72,TP12/DP6/EP72,0.95,1512,252,28385.632980866067,26996.107475056022,0.9510482818281106,weight
65536,A100,A100x72,DeepSeek-V3/R1-671B,12,6,72,TP12/DP6/EP72,0.9,708,118,14347.392464353416,12933.842433310834,0.9014768687373267,weight
65536,A100,A100x72,DeepSeek-V3/R1-671B,12,6,72,TP12/DP6/EP72,0.95,750,125,14347.392464353416,13637.2488502091,0.9505036461567012,weight
131072,A100,A100x72,DeepSeek-V3/R1-671B,12,6,72,TP12/DP6/EP72,0.9,342,57,8028.75327625298,7260.291828333987,0.904286329212294,weight
131072,A100,A100x72,DeepSeek-V3/R1-671B,12,6,72,TP12/DP6/EP72,0.95,372,62,8028.75327625298,7683.571971062881,0.9570068610513842,weight
262144,A100,A100x72,DeepSeek-V3/R1-671B,12,6,72,TP12/DP6/EP72,0.9,156,26,5363.873667069957,4851.199344171739,0.9044208803712803,weight
262144,A100,A100x72,DeepSeek-V3/R1-671B,12,6,72,TP12/DP6/EP72,0.95,180,30,5363.873667069957,5142.314084002817,0.9586941086201667,weight
524288,A100,A100x72,DeepSeek-V3/R1-671B,12,6,72,TP12/DP6/EP72,0.9,54,9,3891.4617645704175,3581.48948656294,0.9203455419170241,weight
524288,A100,A100x72,DeepSeek-V3/R1-671B,12,6,72,TP12/DP6/EP72,0.95,66,11,3891.4617645704175,3750.6739012417806,0.9638213422497346,weight
1048576,A100,A100x72,DeepSeek-V3/R1-671B,12,6,72,TP12/DP6/EP72,0.9,6,1,1945.7308822852087,1853.6641585002653,0.9526827041585455,weight
1048576,A100,A100x72,DeepSeek-V3/R1-671B,12,6,72,TP12/DP6/EP72,0.95,6,1,1945.7308822852087,1853.6641585002653,0.9526827041585455,weight
8192,A100,A100x72,DeepSeek-V3/R1-671B,18,4,72,TP18/DP4/EP72,0.9,5844,1461,173562.962974347,156238.74855546578,0.9001848428835489,weight
8192,A100,A100x72,DeepSeek-V3/R1-671B,18,4,72,TP18/DP4/EP72,0.95,6168,1542,173562.962974347,164900.8557649064,0.9500924214417744,weight
16384,A100,A100x72,DeepSeek-V3/R1-671B,18,4,72,TP18/DP4/EP72,0.9,2920,730,86728.01169013795,78065.90448666511,0.9001233046317164,weight
16384,A100,A100x72,DeepSeek-V3/R1-671B,18,4,72,TP18/DP4/EP72,0.95,3084,771,86728.01169013795,82450.42788432712,0.950678175108017,weight
32768,A100,A100x72,DeepSeek-V3/R1-671B,18,4,72,TP18/DP4/EP72,0.9,1460,365,43310.64560988199,39033.30382858422,0.9012404058848333,weight
32768,A100,A100x72,DeepSeek-V3/R1-671B,18,4,72,TP18/DP4/EP72,0.95,1540,385,43310.64560988199,41171.94067642463,0.950619416927616,weight
65536,A100,A100x72,DeepSeek-V3/R1-671B,18,4,72,TP18/DP4/EP72,0.9,728,182,21636.254778514438,19521.670421042465,0.902266617808003,weight
65536,A100,A100x72,DeepSeek-V3/R1-671B,18,4,72,TP18/DP4/EP72,0.95,768,192,21636.254778514438,20577.417917295905,0.9510619156569557,weight
131072,A100,A100x72,DeepSeek-V3/R1-671B,18,4,72,TP18/DP4/EP72,0.9,360,90,11243.071312750768,10192.996834113796,0.9066025243968627,weight
131072,A100,A100x72,DeepSeek-V3/R1-671B,18,4,72,TP18/DP4/EP72,0.95,384,96,11243.071312750768,10762.281742543264,0.957236812181184,weight
262144,A100,A100x72,DeepSeek-V3/R1-671B,18,4,72,TP18/DP4/EP72,0.9,168,42,6671.781127553658,6036.794440687315,0.9048250122828634,weight
262144,A100,A100x72,DeepSeek-V3/R1-671B,18,4,72,TP18/DP4/EP72,0.95,184,46,6671.781127553658,6351.120693647438,0.9519378067451988,weight
524288,A100,A100x72,DeepSeek-V3/R1-671B,18,4,72,TP18/DP4/EP72,0.9,36,9,3889.483870792945,3562.5637460305065,0.9159476846742163,weight
524288,A100,A100x72,DeepSeek-V3/R1-671B,18,4,72,TP18/DP4/EP72,0.95,44,11,3889.483870792945,3733.6788434130317,0.959941978793153,weight
1048576,A100,A100x72,DeepSeek-V3/R1-671B,18,4,72,TP18/DP4/EP72,0.9,4,1,1944.3477466941397,1808.9015838565683,0.9303385091129596,weight
1048576,A100,A100x72,DeepSeek-V3/R1-671B,18,4,72,TP18/DP4/EP72,0.95,8,2,1944.3477466941397,1896.3014861309412,0.9752892656959699,kv
8192,A100,A100x72,DeepSeek-V3/R1-671B,24,3,72,TP24/DP3/EP72,0.9,5502,1834,217570.32654988635,195821.9967328637,0.9000400001144642,weight
8192,A100,A100x72,DeepSeek-V3/R1-671B,24,3,72,TP24/DP3/EP72,0.95,5808,1936,217570.32654988635,206712.8602370906,0.9500967503934583,weight
16384,A100,A100x72,DeepSeek-V3/R1-671B,24,3,72,TP24/DP3/EP72,0.9,2949,983,116596.30339819376,104958.02769269915,0.9001831501831737,weight
16384,A100,A100x72,DeepSeek-V3/R1-671B,24,3,72,TP24/DP3/EP72,0.95,3114,1038,116596.30339819376,110830.55213125053,0.9505494505494541,weight
32768,A100,A100x72,DeepSeek-V3/R1-671B,24,3,72,TP24/DP3/EP72,0.9,1476,492,58298.153373647445,52532.4088120401,0.9010990189577147,weight
32768,A100,A100x72,DeepSeek-V3/R1-671B,24,3,72,TP24/DP3/EP72,0.95,1557,519,58298.153373647445,55415.279816708164,0.9505494875890456,weight
65536,A100,A100x72,DeepSeek-V3/R1-671B,24,3,72,TP24/DP3/EP72,0.9,738,246,29153.941516996743,26276.534893364977,0.901302998019865,weight
65536,A100,A100x72,DeepSeek-V3/R1-671B,24,3,72,TP24/DP3/EP72,0.95,780,260,29153.941516996743,27768.026872678198,0.9524621861675013,weight
131072,A100,A100x72,DeepSeek-V3/R1-671B,24,3,72,TP24/DP3/EP72,0.9,366,122,14711.299068371387,13294.331762505344,0.9036817007607127,weight
131072,A100,A100x72,DeepSeek-V3/R1-671B,24,3,72,TP24/DP3/EP72,0.95,387,129,14711.299068371387,13999.723066957504,0.9516306481088581,weight
262144,A100,A100x72,DeepSeek-V3/R1-671B,24,3,72,TP24/DP3/EP72,0.9,165,55,7776.01764733447,7068.155728769633,0.9089685812624816,weight
262144,A100,A100x72,DeepSeek-V3/R1-671B,24,3,72,TP24/DP3/EP72,0.95,177,59,7776.01764733447,7402.4613496833235,0.9519604616922137,weight
524288,A100,A100x72,DeepSeek-V3/R1-671B,24,3,72,TP24/DP3/EP72,0.9,27,9,3888.008823667235,3542.127623885139,0.9110389879578887,weight
524288,A100,A100x72,DeepSeek-V3/R1-671B,24,3,72,TP24/DP3/EP72,0.95,33,11,3888.008823667235,3715.2985625446927,0.955578737354912,weight
1048576,A100,A100x72,DeepSeek-V3/R1-671B,24,3,72,TP24/DP3/EP72,0.9,3,1,1944.0044118336175,1762.4348485258795,0.9066002308418227,weight
1048576,A100,A100x72,DeepSeek-V3/R1-671B,24,3,72,TP24/DP3/EP72,0.95,6,2,1944.0044118336175,1870.452810548062,0.9621649000188326,kv
8192,A100,A100x72,DeepSeek-V3/R1-671B,36,2,72,TP36/DP2/EP72,0.9,3680,1840,217454.10575727274,195799.92556585514,0.9004195385688026,weight
8192,A100,A100x72,DeepSeek-V3/R1-671B,36,2,72,TP36/DP2/EP72,0.95,3884,1942,217454.10575727274,206654.05187439712,0.9503340999459864,weight
16384,A100,A100x72,DeepSeek-V3/R1-671B,36,2,72,TP36/DP2/EP72,0.9,2104,1052,124342.44575076315,111946.47918221753,0.9003078434423546,weight
16384,A100,A100x72,DeepSeek-V3/R1-671B,36,2,72,TP36/DP2/EP72,0.95,2222,1111,124342.44575076315,118224.84636068759,0.950800393597389,weight
32768,A100,A100x72,DeepSeek-V3/R1-671B,36,2,72,TP36/DP2/EP72,0.9,1052,526,62171.00334234369,55973.24261469367,0.9003110711673391,weight
32768,A100,A100x72,DeepSeek-V3/R1-671B,36,2,72,TP36/DP2/EP72,0.95,1112,556,62171.00334234369,59165.630914855145,0.9516595797732343,weight
65536,A100,A100x72,DeepSeek-V3/R1-671B,36,2,72,TP36/DP2/EP72,0.9,526,263,31085.501671171845,27993.01582177338,0.9005167784611827,weight
65536,A100,A100x72,DeepSeek-V3/R1-671B,36,2,72,TP36/DP2/EP72,0.95,556,278,31085.501671171845,29587.013759108962,0.9517946363576768,weight
131072,A100,A100x72,DeepSeek-V3/R1-671B,36,2,72,TP36/DP2/EP72,0.9,260,130,15542.530640386178,14052.699483580198,0.9041448788954124,weight
131072,A100,A100x72,DeepSeek-V3/R1-671B,36,2,72,TP36/DP2/EP72,0.95,276,138,15542.530640386178,14864.696099052117,0.9563884056581651,weight
262144,A100,A100x72,DeepSeek-V3/R1-671B,36,2,72,TP36/DP2/EP72,0.9,110,55,7771.265320193089,7039.4787819170315,0.9058343129304103,weight
262144,A100,A100x72,DeepSeek-V3/R1-671B,36,2,72,TP36/DP2/EP72,0.95,120,60,7771.265320193089,7457.4689983026865,0.9596209485892826,weight
524288,A100,A100x72,DeepSeek-V3/R1-671B,36,2,72,TP36/DP2/EP72,0.9,18,9,3885.4097823688385,3498.4810450555697,0.9004149474608653,weight
524288,A100,A100x72,DeepSeek-V3/R1-671B,36,2,72,TP36/DP2/EP72,0.95,24,12,3885.4097823688385,3758.7107883036742,0.9673910858411647,weight
1048576,A100,A100x72,DeepSeek-V3/R1-671B,36,2,72,TP36/DP2/EP72,0.9,4,2,1942.4753674131823,1816.5979907645979,0.935197439946836,kv
1048576,A100,A100x72,DeepSeek-V3/R1-671B,36,2,72,TP36/DP2/EP72,0.95,6,3,1942.4753674131823,1860.2757557565765,0.9576830609872433,kv
8192,A100,A100x72,DeepSeek-V3/R1-671B,72,1,72,TP72/DP1/EP72,0.9,1852,1852,216430.94053480861,194846.93659265083,0.9002730206280907,weight
8192,A100,A100x72,DeepSeek-V3/R1-671B,72,1,72,TP72/DP1/EP72,0.95,1955,1955,216430.94053480861,205683.45628435875,0.9503422005010354,weight
16384,A100,A100x72,DeepSeek-V3/R1-671B,72,1,72,TP72/DP1/EP72,0.9,1063,1063,124210.0715012002,111837.09157558763,0.9003866612741382,weight
16384,A100,A100x72,DeepSeek-V3/R1-671B,72,1,72,TP72/DP1/EP72,0.95,1122,1122,124210.0715012002,118044.41838928418,0.9503610855593425,weight
32768,A100,A100x72,DeepSeek-V3/R1-671B,72,1,72,TP72/DP1/EP72,0.9,532,532,62105.0357506001,55971.15272309708,0.9012337251984635,weight
32768,A100,A100x72,DeepSeek-V3/R1-671B,72,1,72,TP72/DP1/EP72,0.95,561,561,62105.0357506001,59022.21023223055,0.9503611022663365,weight
65536,A100,A100x72,DeepSeek-V3/R1-671B,72,1,72,TP72/DP1/EP72,0.9,266,266,31052.51787530005,27991.323923947013,0.9014188168686963,weight
65536,A100,A100x72,DeepSeek-V3/R1-671B,72,1,72,TP72/DP1/EP72,0.95,281,281,31052.51787530005,29567.480818359127,0.9521765976303597,weight
131072,A100,A100x72,DeepSeek-V3/R1-671B,72,1,72,TP72/DP1/EP72,0.9,131,131,15526.258937650025,13991.216334169045,0.9011324872498025,weight
131072,A100,A100x72,DeepSeek-V3/R1-671B,72,1,72,TP72/DP1/EP72,0.95,139,139,15526.258937650025,14795.354443355302,0.9529246229094933,weight
262144,A100,A100x72,DeepSeek-V3/R1-671B,72,1,72,TP72/DP1/EP72,0.9,56,56,7763.000860757285,7026.229136144909,0.9050918919335913,weight
262144,A100,A100x72,DeepSeek-V3/R1-671B,72,1,72,TP72/DP1/EP72,0.95,61,61,7763.000860757285,7443.185910674888,0.9588026646114272,weight
524288,A100,A100x72,DeepSeek-V3/R1-671B,72,1,72,TP72/DP1/EP72,0.9,11,11,3881.5004303786427,3548.410876781731,0.9141853621888125,weight
524288,A100,A100x72,DeepSeek-V3/R1-671B,72,1,72,TP72/DP1/EP72,0.95,13,13,3881.5004303786427,3702.4581355610394,0.9538729164071901,kv
1048576,A100,A100x72,DeepSeek-V3/R1-671B,72,1,72,TP72/DP1/EP72,0.9,4,4,1940.7502151893214,1792.1804551601124,0.9234472530950018,kv
1048576,A100,A100x72,DeepSeek-V3/R1-671B,72,1,72,TP72/DP1/EP72,0.95,7,7,1940.7502151893214,1858.2261742354835,0.957478278086504,kv
8192,A100,A100x72,Kimi-K2-1T-A32B,1,72,72,TP1/DP72/EP72,0.9,1800,25,4660.034707449634,4215.799320884642,0.9046712279084901,weight
8192,A100,A100x72,Kimi-K2-1T-A32B,1,72,72,TP1/DP72/EP72,0.95,2160,30,4660.034707449634,4436.602165103857,0.9520534596043689,weight
16384,A100,A100x72,Kimi-K2-1T-A32B,1,72,72,TP1/DP72/EP72,0.9,720,10,3861.170043766785,3523.229023360137,0.9124770428196506,weight
16384,A100,A100x72,Kimi-K2-1T-A32B,1,72,72,TP1/DP72/EP72,0.95,936,13,3861.170043766785,3675.2993978941495,0.9518615746611075,weight
32768,A100,A100x72,Kimi-K2-1T-A32B,1,72,72,TP1/DP72/EP72,0.9,288,4,3408.182579767431,3074.539317041162,0.9021052261968207,weight
32768,A100,A100x72,Kimi-K2-1T-A32B,1,72,72,TP1/DP72/EP72,0.95,432,6,3408.182579767431,3269.4655935549986,0.9592988394941276,weight
65536,A100,A100x72,Kimi-K2-1T-A32B,1,72,72,TP1/DP72/EP72,0.9,216,3,3074.539317041162,2925.752931203932,0.9516069334314393,weight
65536,A100,A100x72,Kimi-K2-1T-A32B,1,72,72,TP1/DP72/EP72,0.95,216,3,3074.539317041162,2925.752931203932,0.9516069334314393,weight
131072,A100,A100x72,Kimi-K2-1T-A32B,1,72,72,TP1/DP72/EP72,0.9,144,2,2688.5993407869846,2688.5993407869846,1.0,weight
131072,A100,A100x72,Kimi-K2-1T-A32B,1,72,72,TP1/DP72/EP72,0.95,144,2,2688.5993407869846,2688.5993407869846,1.0,weight
262144,A100,A100x72,Kimi-K2-1T-A32B,1,72,72,TP1/DP72/EP72,0.9,72,1,2191.074060531322,2191.074060531322,1.0,weight
262144,A100,A100x72,Kimi-K2-1T-A32B,1,72,72,TP1/DP72/EP72,0.95,72,1,2191.074060531322,2191.074060531322,1.0,weight
8192,A100,A100x72,Kimi-K2-1T-A32B,2,36,72,TP2/DP36/EP72,0.9,3456,96,8608.132834072872,7748.745733331549,0.9001656785151269,weight
8192,A100,A100x72,Kimi-K2-1T-A32B,2,36,72,TP2/DP36/EP72,0.95,3744,104,8608.132834072872,8202.82383612469,0.9529155734744379,weight
16384,A100,A100x72,Kimi-K2-1T-A32B,2,36,72,TP2/DP36/EP72,0.9,1584,44,5595.428909214584,5071.597465832163,0.9063822538215485,weight
16384,A100,A100x72,Kimi-K2-1T-A32B,2,36,72,TP2/DP36/EP72,0.95,1800,50,5595.428909214584,5354.454965894026,0.9569337851967487,weight
32768,A100,A100x72,Kimi-K2-1T-A32B,2,36,72,TP2/DP36/EP72,0.9,648,18,4303.342509818662,3905.4774877084433,0.9075451184277256,weight
32768,A100,A100x72,Kimi-K2-1T-A32B,2,36,72,TP2/DP36/EP72,0.95,828,23,4303.342509818662,4127.146418368481,0.959055991697578,weight
65536,A100,A100x72,Kimi-K2-1T-A32B,2,36,72,TP2/DP36/EP72,0.9,252,7,3674.4337155850153,3341.678065308085,0.9094402903866368,weight
65536,A100,A100x72,Kimi-K2-1T-A32B,2,36,72,TP2/DP36/EP72,0.95,360,10,3674.4337155850153,3522.194898419133,0.9585680872347309,weight
131072,A100,A100x72,Kimi-K2-1T-A32B,2,36,72,TP2/DP36/EP72,0.9,144,4,3267.98162779216,3072.5712459786264,0.940204565364845,weight
131072,A100,A100x72,Kimi-K2-1T-A32B,2,36,72,TP2/DP36/EP72,0.95,180,5,3267.98162779216,3181.2084092755654,0.9734474582786383,weight
262144,A100,A100x72,Kimi-K2-1T-A32B,2,36,72,TP2/DP36/EP72,0.9,72,2,2923.37707591258,2685.5908084215075,0.91866041864721,weight
262144,A100,A100x72,Kimi-K2-1T-A32B,2,36,72,TP2/DP36/EP72,0.95,108,3,2923.37707591258,2923.37707591258,1.0,weight
524288,A100,A100x72,Kimi-K2-1T-A32B,2,36,72,TP2/DP36/EP72,0.9,36,1,2187.0806807414374,2187.0806807414374,1.0,weight
524288,A100,A100x72,Kimi-K2-1T-A32B,2,36,72,TP2/DP36/EP72,0.95,36,1,2187.0806807414374,2187.0806807414374,1.0,weight
8192,A100,A100x72,Kimi-K2-1T-A32B,4,18,72,TP4/DP18/EP72,0.9,4248,236,18516.574559051605,16665.48360155405,0.9000305941255926,weight
8192,A100,A100x72,Kimi-K2-1T-A32B,4,18,72,TP4/DP18/EP72,0.95,4500,250,18516.574559051605,17622.985012899564,0.9517410985869835,weight
16384,A100,A100x72,Kimi-K2-1T-A32B,4,18,72,TP4/DP18/EP72,0.9,2070,115,9801.54505146874,8841.215691611435,0.9020226551207452,weight
16384,A100,A100x72,Kimi-K2-1T-A32B,4,18,72,TP4/DP18/EP72,0.95,2214,123,9801.54505146874,9317.27252880172,0.9505922260088522,weight
32768,A100,A100x72,Kimi-K2-1T-A32B,4,18,72,TP4/DP18/EP72,0.9,954,53,6090.465552205507,5497.033864412717,0.902563821647773,weight
32768,A100,A100x72,Kimi-K2-1T-A32B,4,18,72,TP4/DP18/EP72,0.95,1062,59,6090.465552205507,5790.272910377314,0.9507110516831531,weight
65536,A100,A100x72,Kimi-K2-1T-A32B,4,18,72,TP4/DP18/EP72,0.9,396,22,4523.447114985804,4081.178629951001,0.9022275548287932,weight
65536,A100,A100x72,Kimi-K2-1T-A32B,4,18,72,TP4/DP18/EP72,0.95,486,27,4523.447114985804,4301.62849308202,0.9509624814295017,weight
131072,A100,A100x72,Kimi-K2-1T-A32B,4,18,72,TP4/DP18/EP72,0.9,162,9,3812.693072970222,3463.248290214971,0.9083469935640475,weight
131072,A100,A100x72,Kimi-K2-1T-A32B,4,18,72,TP4/DP18/EP72,0.95,216,12,3812.693072970222,3622.743993178764,0.9501798135448964,weight
262144,A100,A100x72,Kimi-K2-1T-A32B,4,18,72,TP4/DP18/EP72,0.9,72,4,3403.3495644763866,3066.6821214118722,0.9010776187734005,weight
262144,A100,A100x72,Kimi-K2-1T-A32B,4,18,72,TP4/DP18/EP72,0.95,108,6,3403.3495644763866,3263.537802134252,0.9589193646748876,weight
524288,A100,A100x72,Kimi-K2-1T-A32B,4,18,72,TP4/DP18/EP72,0.9,54,3,3066.6821214118722,2916.2726055108615,0.9509536659013867,weight
524288,A100,A100x72,Kimi-K2-1T-A32B,4,18,72,TP4/DP18/EP72,0.95,54,3,3066.6821214118722,2916.2726055108615,0.9509536659013867,weight
1048576,A100,A100x72,Kimi-K2-1T-A32B,4,18,72,TP4/DP18/EP72,0.9,18,1,1947.9061536007216,1941.6027204556826,0.9967639954659073,kv
1048576,A100,A100x72,Kimi-K2-1T-A32B,4,18,72,TP4/DP18/EP72,0.95,18,1,1947.9061536007216,1941.6027204556826,0.9967639954659073,kv
8192,A100,A100x72,Kimi-K2-1T-A32B,8,9,72,TP8/DP9/EP72,0.9,4608,512,39816.152961469976,35891.128024763275,0.9014212914917988,weight
8192,A100,A100x72,Kimi-K2-1T-A32B,8,9,72,TP8/DP9/EP72,0.95,4860,540,39816.152961469976,37853.57722692867,0.9507090567880707,weight
16384,A100,A100x72,Kimi-K2-1T-A32B,8,9,72,TP8/DP9/EP72,0.9,2304,256,19957.85060025323,18026.46154103864,0.9032266000032045,weight
16384,A100,A100x72,Kimi-K2-1T-A32B,8,9,72,TP8/DP9/EP72,0.95,2430,270,19957.85060025323,18990.32959785936,0.9515217834939803,weight
32768,A100,A100x72,Kimi-K2-1T-A32B,8,9,72,TP8/DP9/EP72,0.9,1125,125,10474.549734568434,9432.846880459232,0.9005491519438452,weight
32768,A100,A100x72,Kimi-K2-1T-A32B,8,9,72,TP8/DP9/EP72,0.95,1206,134,10474.549734568434,9980.180971731661,0.9528028626180234,weight
65536,A100,A100x72,Kimi-K2-1T-A32B,8,9,72,TP8/DP9/EP72,0.9,531,59,6393.691708609666,5786.486996377158,0.9050306552293014,weight
65536,A100,A100x72,Kimi-K2-1T-A32B,8,9,72,TP8/DP9/EP72,0.95,585,65,6393.691708609666,6086.663437949435,0.951979500317979,weight
131072,A100,A100x72,Kimi-K2-1T-A32B,8,9,72,TP8/DP9/EP72,0.9,225,25,4653.838407877184,4208.702103496751,0.9043507175438266,weight
131072,A100,A100x72,Kimi-K2-1T-A32B,8,9,72,TP8/DP9/EP72,0.95,270,30,4653.838407877184,4430.050707583596,0.951913306677172,weight
262144,A100,A100x72,Kimi-K2-1T-A32B,8,9,72,TP8/DP9/EP72,0.9,90,10,3852.420132465914,3510.859461408763,0.9113386756084364,weight
262144,A100,A100x72,Kimi-K2-1T-A32B,8,9,72,TP8/DP9/EP72,0.95,117,13,3852.420132465914,3664.9380558710245,0.9513339484925589,weight
524288,A100,A100x72,Kimi-K2-1T-A32B,8,9,72,TP8/DP9/EP72,0.9,45,5,3393.7245387007697,3162.762497079771,0.9319443758657505,weight
524288,A100,A100x72,Kimi-K2-1T-A32B,8,9,72,TP8/DP9/EP72,0.95,54,6,3393.7245387007697,3251.7464715422134,0.958164528222756,weight
1048576,A100,A100x72,Kimi-K2-1T-A32B,8,9,72,TP8/DP9/EP72,0.9,9,1,1944.7493292792935,1916.7917334936938,0.9856240619987973,kv
1048576,A100,A100x72,Kimi-K2-1T-A32B,8,9,72,TP8/DP9/EP72,0.95,9,1,1944.7493292792935,1916.7917334936938,0.9856240619987973,kv
8192,A100,A100x72,Kimi-K2-1T-A32B,12,6,72,TP12/DP6/EP72,0.9,4710,785,61091.88292532563,54996.70956261171,0.9002294073966548,weight
8192,A100,A100x72,Kimi-K2-1T-A32B,12,6,72,TP12/DP6/EP72,0.95,4974,829,61091.88292532563,58079.32537691681,0.9506880881034365,weight
16384,A100,A100x72,Kimi-K2-1T-A32B,12,6,72,TP12/DP6/EP72,0.9,2358,393,30549.052503525,27540.31837433234,0.901511376536294,weight
16384,A100,A100x72,Kimi-K2-1T-A32B,12,6,72,TP12/DP6/EP72,0.95,2490,415,30549.052503525,29079.30005673177,0.9518887714562133,weight
32768,A100,A100x72,Kimi-K2-1T-A32B,12,6,72,TP12/DP6/EP72,0.9,1170,195,15427.677597729231,13887.615890882356,0.9001754024809572,weight
32768,A100,A100x72,Kimi-K2-1T-A32B,12,6,72,TP12/DP6/EP72,0.95,1242,207,15427.677597729231,14687.989199068501,0.9520544557678854,weight
65536,A100,A100x72,Kimi-K2-1T-A32B,12,6,72,TP12/DP6/EP72,0.9,570,95,8480.304242264583,7682.068062177802,0.9058717520877978,weight
65536,A100,A100x72,Kimi-K2-1T-A32B,12,6,72,TP12/DP6/EP72,0.95,612,102,8480.304242264583,8077.421665320641,0.9524919666282685,weight
131072,A100,A100x72,Kimi-K2-1T-A32B,12,6,72,TP12/DP6/EP72,0.9,258,43,5537.126274017438,5015.091872588633,0.9057210589763117,weight
131072,A100,A100x72,Kimi-K2-1T-A32B,12,6,72,TP12/DP6/EP72,0.95,294,49,5537.126274017438,5297.032889388223,0.9566393517598045,weight
262144,A100,A100x72,Kimi-K2-1T-A32B,12,6,72,TP12/DP6/EP72,0.9,108,18,4291.65165510426,3891.048100649321,0.9066551559517926,weight
262144,A100,A100x72,Kimi-K2-1T-A32B,12,6,72,TP12/DP6/EP72,0.95,138,23,4291.65165510426,4114.527513642567,0.9587282110254614,weight
524288,A100,A100x72,Kimi-K2-1T-A32B,12,6,72,TP12/DP6/EP72,0.9,42,7,3656.7682878642227,3314.63339326344,0.906437907007608,weight
524288,A100,A100x72,Kimi-K2-1T-A32B,12,6,72,TP12/DP6/EP72,0.95,60,10,3656.7682878642227,3501.1183338440005,0.9574351061463806,weight
1048576,A100,A100x72,Kimi-K2-1T-A32B,12,6,72,TP12/DP6/EP72,0.9,6,1,1942.907444229001,1888.1109224557308,0.9717966381074756,kv
1048576,A100,A100x72,Kimi-K2-1T-A32B,12,6,72,TP12/DP6/EP72,0.95,6,1,1942.907444229001,1888.1109224557308,0.9717966381074756,kv
8192,A100,A100x72,Kimi-K2-1T-A32B,18,4,72,TP18/DP4/EP72,0.9,4788,1197,93022.0723139315,83782.85971478272,0.9006772009124004,weight
8192,A100,A100x72,Kimi-K2-1T-A32B,18,4,72,TP18/DP4/EP72,0.95,5052,1263,93022.0723139315,88402.46601410219,0.9503386004534599,weight
16384,A100,A100x72,Kimi-K2-1T-A32B,18,4,72,TP18/DP4/EP72,0.9,2392,598,46476.07805170459,41856.57347111738,0.9006046814998456,weight
16384,A100,A100x72,Kimi-K2-1T-A32B,18,4,72,TP18/DP4/EP72,0.95,2524,631,46476.07805170459,44166.31006573853,0.9503020030348419,weight
32768,A100,A100x72,Kimi-K2-1T-A32B,18,4,72,TP18/DP4/EP72,0.9,1196,299,23259.157000981555,20966.385643570215,0.9014250018900262,weight
32768,A100,A100x72,Kimi-K2-1T-A32B,18,4,72,TP18/DP4/EP72,0.95,1264,316,23259.157000981555,22146.302315730547,0.9521541264283979,weight
65536,A100,A100x72,Kimi-K2-1T-A32B,18,4,72,TP18/DP4/EP72,0.9,592,148,11977.626042477039,10832.906228153182,0.9044284893964579,weight
65536,A100,A100x72,Kimi-K2-1T-A32B,18,4,72,TP18/DP4/EP72,0.95,628,157,11977.626042477039,11401.652267762538,0.9519125265163658,weight
131072,A100,A100x72,Kimi-K2-1T-A32B,18,4,72,TP18/DP4/EP72,0.9,280,70,7015.073543388899,6329.849066096764,0.9023211270624667,weight
131072,A100,A100x72,Kimi-K2-1T-A32B,18,4,72,TP18/DP4/EP72,0.95,308,77,7015.073543388899,6695.027011814845,0.954377309148003,weight
262144,A100,A100x72,Kimi-K2-1T-A32B,18,4,72,TP18/DP4/EP72,0.9,124,31,4914.676829041913,4460.864749843759,0.9076618677109187,weight
262144,A100,A100x72,Kimi-K2-1T-A32B,18,4,72,TP18/DP4/EP72,0.95,144,36,4914.676829041913,4685.993767273821,0.953469359283859,weight
524288,A100,A100x72,Kimi-K2-1T-A32B,18,4,72,TP18/DP4/EP72,0.9,44,11,3884.7583955067307,3539.8898236446025,0.9112252200134203,weight
524288,A100,A100x72,Kimi-K2-1T-A32B,18,4,72,TP18/DP4/EP72,0.95,56,14,3884.7583955067307,3692.2713791870597,0.950450711029466,weight
1048576,A100,A100x72,Kimi-K2-1T-A32B,18,4,72,TP18/DP4/EP72,0.9,4,1,1942.3791977533654,1841.6900693616997,0.948161961110309,kv
1048576,A100,A100x72,Kimi-K2-1T-A32B,18,4,72,TP18/DP4/EP72,0.95,8,2,1942.3791977533654,1896.3014861309412,0.9762776950681311,kv
8192,A100,A100x72,Kimi-K2-1T-A32B,24,3,72,TP24/DP3/EP72,0.9,4821,1607,124812.02195288769,112365.78110828623,0.9002801120448197,weight
8192,A100,A100x72,Kimi-K2-1T-A32B,24,3,72,TP24/DP3/EP72,0.95,5088,1696,124812.02195288769,118588.9015305869,0.9501400560224094,weight
16384,A100,A100x72,Kimi-K2-1T-A32B,24,3,72,TP24/DP3/EP72,0.9,2409,803,62371.05005500248,56147.93172007481,0.9002242494003266,weight
16384,A100,A100x72,Kimi-K2-1T-A32B,24,3,72,TP24/DP3/EP72,0.95,2544,848,62371.05005500248,59294.451795787914,0.950672655719257,weight
32768,A100,A100x72,Kimi-K2-1T-A32B,24,3,72,TP24/DP3/EP72,0.9,1206,402,31188.093191068794,28114.772687575558,0.9014585314765787,weight
32768,A100,A100x72,Kimi-K2-1T-A32B,24,3,72,TP24/DP3/EP72,0.95,1272,424,31188.093191068794,29651.1056834226,0.9507187727627306,weight
65536,A100,A100x72,Kimi-K2-1T-A32B,24,3,72,TP24/DP3/EP72,0.9,600,200,15734.50383906259,14192.024869112583,0.9019683756331333,weight
65536,A100,A100x72,Kimi-K2-1T-A32B,24,3,72,TP24/DP3/EP72,0.95,636,212,15734.50383906259,14993.881466649847,0.952930045968525,weight
131072,A100,A100x72,Kimi-K2-1T-A32B,24,3,72,TP24/DP3/EP72,0.9,288,96,8578.185983519454,7720.692292434014,0.9000378759876657,weight
131072,A100,A100x72,Kimi-K2-1T-A32B,24,3,72,TP24/DP3/EP72,0.95,312,104,8578.185983519454,8173.8020673008,0.9528590407114556,weight
262144,A100,A100x72,Kimi-K2-1T-A32B,24,3,72,TP24/DP3/EP72,0.9,132,44,5569.920147442109,5045.418108719356,0.9058331134309668,weight
262144,A100,A100x72,Kimi-K2-1T-A32B,24,3,72,TP24/DP3/EP72,0.95,150,50,5569.920147442109,5328.766293775572,0.9567042529725884,weight
524288,A100,A100x72,Kimi-K2-1T-A32B,24,3,72,TP24/DP3/EP72,0.9,33,11,3882.730990101796,3523.363787560362,0.9074447332412251,weight
524288,A100,A100x72,Kimi-K2-1T-A32B,24,3,72,TP24/DP3/EP72,0.95,45,15,3882.730990101796,3726.773143344586,0.9598329507877853,weight
1048576,A100,A100x72,Kimi-K2-1T-A32B,24,3,72,TP24/DP3/EP72,0.9,3,1,1940.873304621508,1793.5459546318386,0.9240922374279347,kv
1048576,A100,A100x72,Kimi-K2-1T-A32B,24,3,72,TP24/DP3/EP72,0.95,6,2,1940.873304621508,1870.452810548062,0.9637171092488293,kv
8192,A100,A100x72,Kimi-K2-1T-A32B,36,2,72,TP36/DP2/EP72,0.9,4860,2430,188303.99573099363,169536.3874124915,0.9003334568358652,weight
8192,A100,A100x72,Kimi-K2-1T-A32B,36,2,72,TP36/DP2/EP72,0.95,5130,2565,188303.99573099363,178955.07560207433,0.9503519822156353,weight
16384,A100,A100x72,Kimi-K2-1T-A32B,36,2,72,TP36/DP2/EP72,0.9,2430,1215,94117.11383520787,84768.1937068939,0.9006671608663729,weight
16384,A100,A100x72,Kimi-K2-1T-A32B,36,2,72,TP36/DP2/EP72,0.95,2564,1282,94117.11383520787,89442.65377087225,0.9503335804312885,weight
32768,A100,A100x72,Kimi-K2-1T-A32B,36,2,72,TP36/DP2/EP72,0.9,1214,607,47023.70468050122,42349.3301695391,0.9005953583895232,weight
32768,A100,A100x72,Kimi-K2-1T-A32B,36,2,72,TP36/DP2/EP72,0.95,1282,641,47023.70468050122,44721.387456371835,0.9510392207553128,weight
65536,A100,A100x72,Kimi-K2-1T-A32B,36,2,72,TP36/DP2/EP72,0.9,608,304,23531.022148272677,21244.18877669831,0.9028162330915899,weight
65536,A100,A100x72,Kimi-K2-1T-A32B,36,2,72,TP36/DP2/EP72,0.95,642,321,23531.022148272677,22421.1503590998,0.9528336770846841,weight
131072,A100,A100x72,Kimi-K2-1T-A32B,36,2,72,TP36/DP2/EP72,0.9,300,150,12066.29069751847,10921.707717496016,0.9051421013536622,weight
131072,A100,A100x72,Kimi-K2-1T-A32B,36,2,72,TP36/DP2/EP72,0.95,318,159,12066.29069751847,11490.493576209692,0.9522805196938281,weight
262144,A100,A100x72,Kimi-K2-1T-A32B,36,2,72,TP36/DP2/EP72,0.9,142,71,7041.609567855764,6355.034598641122,0.9024974386042663,weight
262144,A100,A100x72,Kimi-K2-1T-A32B,36,2,72,TP36/DP2/EP72,0.95,156,78,7041.609567855764,6721.0167251291705,0.954471653158666,weight
524288,A100,A100x72,Kimi-K2-1T-A32B,36,2,72,TP36/DP2/EP72,0.9,24,12,3880.497054223637,3543.353993055824,0.9131185885579124,weight
524288,A100,A100x72,Kimi-K2-1T-A32B,36,2,72,TP36/DP2/EP72,0.95,30,15,3880.497054223637,3697.65144787556,0.9528808800024566,weight
1048576,A100,A100x72,Kimi-K2-1T-A32B,36,2,72,TP36/DP2/EP72,0.9,4,2,1940.2485271118185,1816.5979907645979,0.9362707742748388,kv
1048576,A100,A100x72,Kimi-K2-1T-A32B,36,2,72,TP36/DP2/EP72,0.95,6,3,1940.2485271118185,1860.2757557565765,0.958782202260302,kv
8192,A100,A100x72,Kimi-K2-1T-A32B,72,1,72,TP72/DP1/EP72,0.9,3215,3215,247348.06511669277,222633.78765370217,0.9000829966010406,weight
8192,A100,A100x72,Kimi-K2-1T-A32B,72,1,72,TP72/DP1/EP72,0.95,3394,3394,247348.06511669277,235029.2613675475,0.9501964822593879,weight
16384,A100,A100x72,Kimi-K2-1T-A32B,72,1,72,TP72/DP1/EP72,0.9,1612,1612,124016.12318349862,111628.51188110997,0.9001128967395674,weight
16384,A100,A100x72,Kimi-K2-1T-A32B,72,1,72,TP72/DP1/EP72,0.95,1702,1702,124016.12318349862,117860.87296628342,0.9503673388652242,weight
32768,A100,A100x72,Kimi-K2-1T-A32B,72,1,72,TP72/DP1/EP72,0.9,806,806,62007.86898680264,55814.25826645259,0.9001157301234097,weight
32768,A100,A100x72,Kimi-K2-1T-A32B,72,1,72,TP72/DP1/EP72,0.95,851,851,62007.86898680264,58930.43743535236,0.9503703061928275,weight
65536,A100,A100x72,Kimi-K2-1T-A32B,72,1,72,TP72/DP1/EP72,0.9,403,403,31003.741677507907,27912.756955383295,0.9003028487891508,weight
65536,A100,A100x72,Kimi-K2-1T-A32B,72,1,72,TP72/DP1/EP72,0.95,426,426,31003.741677507907,29503.50856135282,0.9516112238400098,weight
131072,A100,A100x72,Kimi-K2-1T-A32B,72,1,72,TP72/DP1/EP72,0.9,199,199,15501.677599887355,13987.271048482724,0.9023069250636695,weight
131072,A100,A100x72,Kimi-K2-1T-A32B,72,1,72,TP72/DP1/EP72,0.95,211,211,15501.677599887355,14781.196218416258,0.9535223606071944,weight
262144,A100,A100x72,Kimi-K2-1T-A32B,72,1,72,TP72/DP1/EP72,0.9,84,84,7750.644710787973,6978.691909187325,0.9004014723412387,weight
262144,A100,A100x72,Kimi-K2-1T-A32B,72,1,72,TP72/DP1/EP72,0.95,92,92,7750.644710787973,7413.797427201855,0.9565394497934775,weight
524288,A100,A100x72,Kimi-K2-1T-A32B,72,1,72,TP72/DP1/EP72,0.9,13,13,3875.1265480969823,3492.535128824487,0.9012699547940234,weight
524288,A100,A100x72,Kimi-K2-1T-A32B,72,1,72,TP72/DP1/EP72,0.95,17,17,3875.1265480969823,3705.392323479545,0.9561990498863085,weight
1048576,A100,A100x72,Kimi-K2-1T-A32B,72,1,72,TP72/DP1/EP72,0.9,3,3,1937.5632740484912,1743.970063886832,0.9000841867955357,kv
1048576,A100,A100x72,Kimi-K2-1T-A32B,72,1,72,TP72/DP1/EP72,0.95,6,6,1937.5632740484912,1843.1320860845756,0.9512629139761697,kv
8192,A100,A100x72,DeepSeek-V4-Flash-284B,1,72,72,TP1/DP72/EP72,0.9,9072,126,35243.80470834543,31952.826103871757,0.9066224934649466,weight
8192,A100,A100x72,DeepSeek-V4-Flash-284B,1,72,72,TP1/DP72/EP72,0.95,9576,133,35243.80470834543,33724.46624855707,0.9568906231219528,weight
16384,A100,A100x72,DeepSeek-V4-Flash-284B,1,72,72,TP1/DP72/EP72,0.9,4464,62,17693.886712668907,16003.835055776923,0.9044838658494462,weight
16384,A100,A100x72,DeepSeek-V4-Flash-284B,1,72,72,TP1/DP72/EP72,0.95,4752,66,17693.886712668907,16966.219155006987,0.9588746345289468,weight
32768,A100,A100x72,DeepSeek-V4-Flash-284B,1,72,72,TP1/DP72/EP72,0.9,2160,30,9670.93730891718,8851.116120800318,0.9152283628846463,weight
32768,A100,A100x72,DeepSeek-V4-Flash-284B,1,72,72,TP1/DP72/EP72,0.95,2304,32,9670.93730891718,9257.6115965467,0.957261049351507,weight
65536,A100,A100x72,DeepSeek-V4-Flash-284B,1,72,72,TP1/DP72/EP72,0.9,1008,14,6390.85987162059,5868.3871686526745,0.9182468848537862,weight
65536,A100,A100x72,DeepSeek-V4-Flash-284B,1,72,72,TP1/DP72/EP72,0.95,1152,16,6390.85987162059,6214.985914038338,0.9724803921357684,weight
131072,A100,A100x72,DeepSeek-V4-Flash-284B,1,72,72,TP1/DP72/EP72,0.9,432,6,4852.833007794824,4503.847036009925,0.9280861362374633,weight
131072,A100,A100x72,DeepSeek-V4-Flash-284B,1,72,72,TP1/DP72/EP72,0.95,504,7,4852.833007794824,4680.8337735159075,0.9645569435415058,weight
262144,A100,A100x72,DeepSeek-V4-Flash-284B,1,72,72,TP1/DP72/EP72,0.9,216,3,4114.022416851036,3875.265814529204,0.9419651673885187,weight
262144,A100,A100x72,DeepSeek-V4-Flash-284B,1,72,72,TP1/DP72/EP72,0.95,288,4,4114.022416851036,4114.022416851036,1.0,weight
524288,A100,A100x72,DeepSeek-V4-Flash-284B,1,72,72,TP1/DP72/EP72,0.9,144,2,3553.743339495261,3553.743339495261,1.0,weight
524288,A100,A100x72,DeepSeek-V4-Flash-284B,1,72,72,TP1/DP72/EP72,0.95,144,2,3553.743339495261,3553.743339495261,1.0,weight
1048576,A100,A100x72,DeepSeek-V4-Flash-284B,1,72,72,TP1/DP72/EP72,0.9,72,1,2964.341891858278,2964.341891858278,1.0,weight
1048576,A100,A100x72,DeepSeek-V4-Flash-284B,1,72,72,TP1/DP72/EP72,0.95,72,1,2964.341891858278,2964.341891858278,1.0,weight
8192,A100,A100x72,DeepSeek-V4-Flash-284B,2,36,72,TP2/DP36/EP72,0.9,10296,286,80349.2220974437,72491.72778096473,0.9022082092226137,weight
8192,A100,A100x72,DeepSeek-V4-Flash-284B,2,36,72,TP2/DP36/EP72,0.95,10872,302,80349.2220974437,76547.20859234029,0.9526813899891589,weight
16384,A100,A100x72,DeepSeek-V4-Flash-284B,2,36,72,TP2/DP36/EP72,0.9,5148,143,40049.333226069284,36249.33333077488,0.9051170246994057,weight
16384,A100,A100x72,DeepSeek-V4-Flash-284B,2,36,72,TP2/DP36/EP72,0.95,5436,151,40049.333226069284,38275.7904008908,0.9557160461282279,weight
32768,A100,A100x72,DeepSeek-V4-Flash-284B,2,36,72,TP2/DP36/EP72,0.9,2556,71,20143.883988854108,18177.585046827888,0.9023872981439826,weight
32768,A100,A100x72,DeepSeek-V4-Flash-284B,2,36,72,TP2/DP36/EP72,0.95,2700,75,20143.883988854108,19157.740757338186,0.9510450302403664,weight
65536,A100,A100x72,DeepSeek-V4-Flash-284B,2,36,72,TP2/DP36/EP72,0.9,1224,34,10729.690422158967,9668.645523017298,0.9011113221915147,weight
65536,A100,A100x72,DeepSeek-V4-Flash-284B,2,36,72,TP2/DP36/EP72,0.95,1332,37,10729.690422158967,10300.686781533303,0.9600171464649451,weight
131072,A100,A100x72,DeepSeek-V4-Flash-284B,2,36,72,TP2/DP36/EP72,0.9,576,16,6746.166001347637,6212.974791600104,0.9209638171309422,weight
131072,A100,A100x72,DeepSeek-V4-Flash-284B,2,36,72,TP2/DP36/EP72,0.95,648,18,6746.166001347637,6566.570275382091,0.9733781045515825,weight
262144,A100,A100x72,DeepSeek-V4-Flash-284B,2,36,72,TP2/DP36/EP72,0.9,252,7,5019.9400260634375,4678.226868477082,0.931928836637054,weight
262144,A100,A100x72,DeepSeek-V4-Flash-284B,2,36,72,TP2/DP36/EP72,0.95,288,8,5019.9400260634375,4850.3811234597915,0.9662229226398524,weight
524288,A100,A100x72,DeepSeek-V4-Flash-284B,2,36,72,TP2/DP36/EP72,0.9,108,3,4110.499357163573,3871.0987210463322,0.9417587462457511,weight
524288,A100,A100x72,DeepSeek-V4-Flash-284B,2,36,72,TP2/DP36/EP72,0.95,144,4,4110.499357163573,4110.499357163573,1.0,weight
1048576,A100,A100x72,DeepSeek-V4-Flash-284B,2,36,72,TP2/DP36/EP72,0.9,36,1,3114.7999473081063,2957.0371675652814,0.9493505899538852,weight
1048576,A100,A100x72,DeepSeek-V4-Flash-284B,2,36,72,TP2/DP36/EP72,0.95,72,2,3114.7999473081063,3114.7999473081063,1.0,kv
8192,A100,A100x72,DeepSeek-V4-Flash-284B,4,18,72,TP4/DP18/EP72,0.9,10926,607,170728.96144103576,153757.3881227132,0.9005934718100889,weight
8192,A100,A100x72,DeepSeek-V4-Flash-284B,4,18,72,TP4/DP18/EP72,0.95,11538,641,170728.96144103576,162369.82831410077,0.9510385756676557,weight
16384,A100,A100x72,DeepSeek-V4-Flash-284B,4,18,72,TP4/DP18/EP72,0.9,5472,304,85364.48075033264,77005.34781985095,0.9020771536708596,weight
16384,A100,A100x72,DeepSeek-V4-Flash-284B,4,18,72,TP4/DP18/EP72,0.95,5778,321,85364.48075033264,81311.56776903322,0.9525222557945023,weight
32768,A100,A100x72,DeepSeek-V4-Flash-284B,4,18,72,TP4/DP18/EP72,0.9,2736,152,42556.39773993661,38504.734343794116,0.9047930837355566,weight
32768,A100,A100x72,DeepSeek-V4-Flash-284B,4,18,72,TP4/DP18/EP72,0.95,2880,160,42556.39773993661,40530.42456713503,0.952393217462099,weight
65536,A100,A100x72,DeepSeek-V4-Flash-284B,4,18,72,TP4/DP18/EP72,0.9,1368,76,21369.88581602007,19391.37947513621,0.9074161482229045,weight
65536,A100,A100x72,DeepSeek-V4-Flash-284B,4,18,72,TP4/DP18/EP72,0.95,1440,80,21369.88581602007,20378.250213182175,0.9535965886118817,weight
131072,A100,A100x72,DeepSeek-V4-Flash-284B,4,18,72,TP4/DP18/EP72,0.9,666,37,11376.161942417433,10293.522568569959,0.9048326334200009,weight
131072,A100,A100x72,DeepSeek-V4-Flash-284B,4,18,72,TP4/DP18/EP72,0.95,720,40,11376.161942417433,10938.882939434512,0.9615618162613815,weight
262144,A100,A100x72,DeepSeek-V4-Flash-284B,4,18,72,TP4/DP18/EP72,0.9,324,18,7105.125493101453,6560.586865007533,0.9233597452117311,weight
262144,A100,A100x72,DeepSeek-V4-Flash-284B,4,18,72,TP4/DP18/EP72,0.95,360,20,7105.125493101453,6921.688216270367,0.9741824015621976,weight
524288,A100,A100x72,DeepSeek-V4-Flash-284B,4,18,72,TP4/DP18/EP72,0.9,126,7,5181.677827160079,4670.4235467187145,0.901334220788179,weight
524288,A100,A100x72,DeepSeek-V4-Flash-284B,4,18,72,TP4/DP18/EP72,0.95,162,9,5181.677827160079,5012.949829536234,0.9674375746134877,weight
1048576,A100,A100x72,DeepSeek-V4-Flash-284B,4,18,72,TP4/DP18/EP72,0.9,18,1,3112.37633989323,2935.3374129913805,0.9431177635452906,weight
1048576,A100,A100x72,DeepSeek-V4-Flash-284B,4,18,72,TP4/DP18/EP72,0.95,36,2,3112.37633989323,3102.7195091037706,0.9968972804908963,kv
8192,A100,A100x72,DeepSeek-V4-Flash-284B,8,9,72,TP8/DP9/EP72,0.9,7389,821,230674.0092821043,207614.4984546221,0.900034204550191,weight
8192,A100,A100x72,DeepSeek-V4-Flash-284B,8,9,72,TP8/DP9/EP72,0.95,7803,867,230674.0092821043,219246.97948862042,0.9504624303836974,weight
16384,A100,A100x72,DeepSeek-V4-Flash-284B,8,9,72,TP8/DP9/EP72,0.9,5616,624,175245.8555774094,157797.13402641192,0.9004329004329004,weight
16384,A100,A100x72,DeepSeek-V4-Flash-284B,8,9,72,TP8/DP9/EP72,0.95,5931,659,175245.8555774094,166647.93481314977,0.9509379509379509,weight
32768,A100,A100x72,DeepSeek-V4-Flash-284B,8,9,72,TP8/DP9/EP72,0.9,2808,312,87496.48779453246,78898.56715131081,0.901734105448757,weight
32768,A100,A100x72,DeepSeek-V4-Flash-284B,8,9,72,TP8/DP9/EP72,0.95,2961,329,87496.48779453246,83197.52744394985,0.9508670523932591,weight
65536,A100,A100x72,DeepSeek-V4-Flash-284B,8,9,72,TP8/DP9/EP72,0.9,1404,156,43748.84658572711,39450.911594178906,0.9017588959030891,weight
65536,A100,A100x72,DeepSeek-V4-Flash-284B,8,9,72,TP8/DP9/EP72,0.95,1485,165,43748.84658572711,41726.16702917771,0.9537661055226703,weight
131072,A100,A100x72,DeepSeek-V4-Flash-284B,8,9,72,TP8/DP9/EP72,0.9,702,78,21830.22671367913,19850.42738109413,0.9093092637767051,weight
131072,A100,A100x72,DeepSeek-V4-Flash-284B,8,9,72,TP8/DP9/EP72,0.95,738,82,21830.22671367913,20838.16314147714,0.9545555075898342,weight
262144,A100,A100x72,DeepSeek-V4-Flash-284B,8,9,72,TP8/DP9/EP72,0.9,342,38,11575.981956531297,10487.849387395207,0.9060008409461839,weight
262144,A100,A100x72,DeepSeek-V4-Flash-284B,8,9,72,TP8/DP9/EP72,0.95,369,41,11575.981956531297,11136.641629724794,0.9620472519345434,weight
524288,A100,A100x72,DeepSeek-V4-Flash-284B,8,9,72,TP8/DP9/EP72,0.9,117,13,6219.222234033962,5672.532626336562,0.91209678845279,weight
524288,A100,A100x72,DeepSeek-V4-Flash-284B,8,9,72,TP8/DP9/EP72,0.95,135,15,6219.222234033962,6016.6353306026485,0.9674256851085525,weight
1048576,A100,A100x72,DeepSeek-V4-Flash-284B,8,9,72,TP8/DP9/EP72,0.9,9,1,3109.150724176201,2878.998532299344,0.9259758653425082,weight
1048576,A100,A100x72,DeepSeek-V4-Flash-284B,8,9,72,TP8/DP9/EP72,0.95,18,2,3109.150724176201,3070.9584336249213,0.9877161662655003,kv
8192,A100,A100x72,DeepSeek-V4-Flash-284B,12,6,72,TP12/DP6/EP72,0.9,4938,823,230603.48332575752,207704.0140963294,0.9006976438552767,weight
8192,A100,A100x72,DeepSeek-V4-Flash-284B,12,6,72,TP12/DP6/EP72,0.95,5214,869,230603.48332575752,219313.22995104524,0.9510404040221573,weight
16384,A100,A100x72,DeepSeek-V4-Flash-284B,12,6,72,TP12/DP6/EP72,0.9,4260,710,198928.39813772409,179185.72297496218,0.9007548678439895,weight
16384,A100,A100x72,DeepSeek-V4-Flash-284B,12,6,72,TP12/DP6/EP72,0.95,4494,749,198928.39813772409,189028.31902569954,0.9502329521340115,weight
32768,A100,A100x72,DeepSeek-V4-Flash-284B,12,6,72,TP12/DP6/EP72,0.9,2130,355,99464.19906886204,89592.86149723791,0.9007548679420833,weight
32768,A100,A100x72,DeepSeek-V4-Flash-284B,12,6,72,TP12/DP6/EP72,0.95,2250,375,99464.19906886204,94640.34664454027,0.9515016209904624,weight
65536,A100,A100x72,DeepSeek-V4-Flash-284B,12,6,72,TP12/DP6/EP72,0.9,1068,178,49731.77723109508,44923.065162107436,0.9033070536240364,weight
65536,A100,A100x72,DeepSeek-V4-Flash-284B,12,6,72,TP12/DP6/EP72,0.95,1128,188,49731.77723109508,47446.608213174935,0.9540501235799124,weight
131072,A100,A100x72,DeepSeek-V4-Flash-284B,12,6,72,TP12/DP6/EP72,0.9,534,89,24865.88861554754,22531.367832607608,0.9061155296304086,weight
131072,A100,A100x72,DeepSeek-V4-Flash-284B,12,6,72,TP12/DP6/EP72,0.95,564,94,24865.88861554754,23776.720928691455,0.956198320369895,weight
262144,A100,A100x72,DeepSeek-V4-Flash-284B,12,6,72,TP12/DP6/EP72,0.9,252,42,12432.618915992442,11331.37736323688,0.9114232037355378,weight
262144,A100,A100x72,DeepSeek-V4-Flash-284B,12,6,72,TP12/DP6/EP72,0.95,270,45,12432.618915992442,11995.017587520915,0.9648021602344276,weight
524288,A100,A100x72,DeepSeek-V4-Flash-284B,12,6,72,TP12/DP6/EP72,0.9,78,13,6215.976466399135,5652.984710663819,0.9094282678226656,weight
524288,A100,A100x72,DeepSeek-V4-Flash-284B,12,6,72,TP12/DP6/EP72,0.95,90,15,6215.976466399135,5997.570769671563,0.9648638153782952,weight
1048576,A100,A100x72,DeepSeek-V4-Flash-284B,12,6,72,TP12/DP6/EP72,0.9,6,1,3107.9882331995673,2814.7779007695117,0.9056591240282125,weight
1048576,A100,A100x72,DeepSeek-V4-Flash-284B,12,6,72,TP12/DP6/EP72,0.95,12,2,3107.9882331995673,3034.0390783290277,0.9762067455466485,kv
8192,A100,A100x72,DeepSeek-V4-Flash-284B,18,4,72,TP18/DP4/EP72,0.9,3300,825,230532.77150478493,207509.64152532443,0.9001307717372294,weight
8192,A100,A100x72,DeepSeek-V4-Flash-284B,18,4,72,TP18/DP4/EP72,0.95,3484,871,230532.77150478493,219079.8760831001,0.9503198814340931,weight
16384,A100,A100x72,DeepSeek-V4-Flash-284B,18,4,72,TP18/DP4/EP72,0.9,2848,712,198823.18080568398,179087.1088073103,0.9007355585078263,weight
16384,A100,A100x72,DeepSeek-V4-Flash-284B,18,4,72,TP18/DP4/EP72,0.95,3004,751,198823.18080568398,188896.65549759835,0.9500736017406988,weight
32768,A100,A100x72,DeepSeek-V4-Flash-284B,18,4,72,TP18/DP4/EP72,0.9,1424,356,99411.34419151593,89543.55441276646,0.9007377894444403,weight
32768,A100,A100x72,DeepSeek-V4-Flash-284B,18,4,72,TP18/DP4/EP72,0.95,1504,376,99411.34419151593,94574.09117055239,0.9513410359722672,weight
65536,A100,A100x72,DeepSeek-V4-Flash-284B,18,4,72,TP18/DP4/EP72,0.9,712,178,49705.67209575797,44772.22149255951,0.900746727784021,weight
65536,A100,A100x72,DeepSeek-V4-Flash-284B,18,4,72,TP18/DP4/EP72,0.95,752,188,49705.67209575797,47287.29168633364,0.9513459871387452,weight
131072,A100,A100x72,DeepSeek-V4-Flash-284B,18,4,72,TP18/DP4/EP72,0.9,356,89,24852.836047878984,22455.477072323443,0.9035378106974581,weight
131072,A100,A100x72,DeepSeek-V4-Flash-284B,18,4,72,TP18/DP4/EP72,0.95,376,94,24852.836047878984,23696.70413968453,0.953480886206823,weight
262144,A100,A100x72,DeepSeek-V4-Flash-284B,18,4,72,TP18/DP4/EP72,0.9,168,42,12426.418023939492,11290.712079048852,0.9086055255261248,weight
262144,A100,A100x72,DeepSeek-V4-Flash-284B,18,4,72,TP18/DP4/EP72,0.95,180,45,12426.418023939492,11952.485600668495,0.9618608980996803,weight
524288,A100,A100x72,DeepSeek-V4-Flash-284B,18,4,72,TP18/DP4/EP72,0.9,52,13,6212.960141845996,5620.358432231497,0.9046184594645693,weight
524288,A100,A100x72,DeepSeek-V4-Flash-284B,18,4,72,TP18/DP4/EP72,0.95,60,15,6212.960141845996,5965.727576883099,0.9602069610429789,weight
1048576,A100,A100x72,DeepSeek-V4-Flash-284B,18,4,72,TP18/DP4/EP72,0.9,8,2,3106.223455087809,2973.814452727961,0.9573729951259721,kv
1048576,A100,A100x72,DeepSeek-V4-Flash-284B,18,4,72,TP18/DP4/EP72,0.95,8,2,3106.223455087809,2973.814452727961,0.9573729951259721,kv
8192,A100,A100x72,DeepSeek-V4-Flash-284B,24,3,72,TP24/DP3/EP72,0.9,2484,828,230462.21591221422,207503.50364873817,0.9003797122552128,weight
8192,A100,A100x72,DeepSeek-V4-Flash-284B,24,3,72,TP24/DP3/EP72,0.95,2622,874,230462.21591221422,219031.47607366808,0.9504008073805025,weight
16384,A100,A100x72,DeepSeek-V4-Flash-284B,24,3,72,TP24/DP3/EP72,0.9,2142,714,198747.8685915108,178934.18068260758,0.9003074193986624,weight
16384,A100,A100x72,DeepSeek-V4-Flash-284B,24,3,72,TP24/DP3/EP72,0.95,2262,754,198747.8685915108,188958.5045303727,0.9507448098411646,weight
32768,A100,A100x72,DeepSeek-V4-Flash-284B,24,3,72,TP24/DP3/EP72,0.9,1071,357,99373.73252744469,89467.09034980716,0.9003092474673672,weight
32768,A100,A100x72,DeepSeek-V4-Flash-284B,24,3,72,TP24/DP3/EP72,0.95,1131,377,99373.73252744469,94479.25226765631,0.9507467402571737,weight
65536,A100,A100x72,DeepSeek-V4-Flash-284B,24,3,72,TP24/DP3/EP72,0.9,537,179,49686.66421058262,44859.26502671581,0.9028431620322253,weight
65536,A100,A100x72,DeepSeek-V4-Flash-284B,24,3,72,TP24/DP3/EP72,0.95,567,189,49686.66421058262,47365.16043747128,0.9532771255628609,weight
131072,A100,A100x72,DeepSeek-V4-Flash-284B,24,3,72,TP24/DP3/EP72,0.9,267,89,24843.129480613614,22373.200810701383,0.9005790042740128,weight
131072,A100,A100x72,DeepSeek-V4-Flash-284B,24,3,72,TP24/DP3/EP72,0.95,282,94,24843.129480613614,23609.95415899156,0.9503615145352616,weight
262144,A100,A100x72,DeepSeek-V4-Flash-284B,24,3,72,TP24/DP3/EP72,0.9,126,42,12421.564740306807,11246.645513962294,0.9054129450751071,weight
262144,A100,A100x72,DeepSeek-V4-Flash-284B,24,3,72,TP24/DP3/EP72,0.95,135,45,12421.564740306807,11906.392062630779,0.958525943514641,weight
524288,A100,A100x72,DeepSeek-V4-Flash-284B,24,3,72,TP24/DP3/EP72,0.9,42,14,6210.7823701534035,5757.730436799829,0.9270539673824725,weight
524288,A100,A100x72,DeepSeek-V4-Flash-284B,24,3,72,TP24/DP3/EP72,0.95,45,15,6210.7823701534035,5931.344915641891,0.9550076885877729,weight
1048576,A100,A100x72,DeepSeek-V4-Flash-284B,24,3,72,TP24/DP3/EP72,0.9,6,2,3105.3911850767017,2910.7331840029883,0.9373161094778771,kv
1048576,A100,A100x72,DeepSeek-V4-Flash-284B,24,3,72,TP24/DP3/EP72,0.95,9,3,3105.3911850767017,2976.9484688753373,0.9586387966776585,kv
8192,A100,A100x72,DeepSeek-V4-Flash-284B,36,2,72,TP36/DP2/EP72,0.9,1666,833,230051.9035483101,207111.23411576948,0.9002804624577985,weight
8192,A100,A100x72,DeepSeek-V4-Flash-284B,36,2,72,TP36/DP2/EP72,0.95,1760,880,230051.9035483101,218796.9820190602,0.9510765989950333,weight
16384,A100,A100x72,DeepSeek-V4-Flash-284B,36,2,72,TP36/DP2/EP72,0.9,1440,720,198642.0540613959,179015.71256104927,0.901197449890039,weight
16384,A100,A100x72,DeepSeek-V4-Flash-284B,36,2,72,TP36/DP2/EP72,0.95,1518,759,198642.0540613959,188712.39699143943,0.9500123117590829,weight
32768,A100,A100x72,DeepSeek-V4-Flash-284B,36,2,72,TP36/DP2/EP72,0.9,720,360,99320.87653835239,89507.85628747915,0.9011988154667164,weight
32768,A100,A100x72,DeepSeek-V4-Flash-284B,36,2,72,TP36/DP2/EP72,0.95,760,380,99320.87653835239,94480.51496479518,0.9512654162723975,weight
65536,A100,A100x72,DeepSeek-V4-Flash-284B,36,2,72,TP36/DP2/EP72,0.9,360,180,49660.43826917619,44754.313983053806,0.9012065850178456,weight
65536,A100,A100x72,DeepSeek-V4-Flash-284B,36,2,72,TP36/DP2/EP72,0.95,380,190,49660.43826917619,47240.471081988966,0.951269717474699,weight
131072,A100,A100x72,DeepSeek-V4-Flash-284B,36,2,72,TP36/DP2/EP72,0.9,180,90,24830.06840705997,22441.412270499703,0.9037998567945509,weight
131072,A100,A100x72,DeepSeek-V4-Flash-284B,36,2,72,TP36/DP2/EP72,0.95,190,95,24830.06840705997,23669.35574748289,0.9532537470075171,weight
262144,A100,A100x72,DeepSeek-V4-Flash-284B,36,2,72,TP36/DP2/EP72,0.9,86,43,12415.034203529985,11369.235175621106,0.9157635000625672,weight
262144,A100,A100x72,DeepSeek-V4-Flash-284B,36,2,72,TP36/DP2/EP72,0.95,90,45,12415.034203529985,11807.361439803155,0.9510534764733833,weight
524288,A100,A100x72,DeepSeek-V4-Flash-284B,36,2,72,TP36/DP2/EP72,0.9,28,14,6207.365427301034,5683.633821536754,0.9156273926679391,weight
524288,A100,A100x72,DeepSeek-V4-Flash-284B,36,2,72,TP36/DP2/EP72,0.95,32,16,6207.365427301034,6033.2474691969965,0.9719497812488632,weight
1048576,A100,A100x72,DeepSeek-V4-Flash-284B,36,2,72,TP36/DP2/EP72,0.9,6,3,3103.528729041476,2886.1622778062037,0.9299615147102551,kv
1048576,A100,A100x72,DeepSeek-V4-Flash-284B,36,2,72,TP36/DP2/EP72,0.95,10,5,3103.528729041476,2974.941938077745,0.9585675525538168,kv
8192,A100,A100x72,DeepSeek-V4-Flash-284B,72,1,72,TP72/DP1/EP72,0.9,850,850,228670.62225972977,205833.95445979838,0.9001329179312201,weight
8192,A100,A100x72,DeepSeek-V4-Flash-284B,72,1,72,TP72/DP1/EP72,0.95,898,898,228670.62225972977,217457.51894693993,0.9509639532967479,weight
16384,A100,A100x72,DeepSeek-V4-Flash-284B,72,1,72,TP72/DP1/EP72,0.9,736,736,197821.86293257785,178227.98880283718,0.9009519279655217,weight
16384,A100,A100x72,DeepSeek-V4-Flash-284B,72,1,72,TP72/DP1/EP72,0.95,777,777,197821.86293257785,188156.45013560393,0.9511408261266445,weight
32768,A100,A100x72,DeepSeek-V4-Flash-284B,72,1,72,TP72/DP1/EP72,0.9,369,369,99230.0999434363,89356.15199868349,0.9004944270903565,weight
32768,A100,A100x72,DeepSeek-V4-Flash-284B,72,1,72,TP72/DP1/EP72,0.95,390,390,99230.0999434363,94441.46145905613,0.9517420773826709,weight
65536,A100,A100x72,DeepSeek-V4-Flash-284B,72,1,72,TP72/DP1/EP72,0.9,185,185,49614.96089493551,44799.427217188655,0.902941903190366,weight
65536,A100,A100x72,DeepSeek-V4-Flash-284B,72,1,72,TP72/DP1/EP72,0.95,195,195,49614.96089493551,47220.881326649716,0.9517468214203476,weight
131072,A100,A100x72,DeepSeek-V4-Flash-284B,72,1,72,TP72/DP1/EP72,0.9,92,92,24807.391287551636,22333.40177778004,0.9002720809659238,weight
131072,A100,A100x72,DeepSeek-V4-Flash-284B,72,1,72,TP72/DP1/EP72,0.95,98,98,24807.391287551636,23771.11943140993,0.9582272942716993,weight
262144,A100,A100x72,DeepSeek-V4-Flash-284B,72,1,72,TP72/DP1/EP72,0.9,44,44,12403.606317230222,11268.539202437345,0.9084889437988595,weight
262144,A100,A100x72,DeepSeek-V4-Flash-284B,72,1,72,TP72/DP1/EP72,0.95,47,47,12403.606317230222,11891.163541211483,0.9586859851149186,kv
524288,A100,A100x72,DeepSeek-V4-Flash-284B,72,1,72,TP72/DP1/EP72,0.9,15,15,6201.713497353676,5621.797978164818,0.9064910819507686,weight
524288,A100,A100x72,DeepSeek-V4-Flash-284B,72,1,72,TP72/DP1/EP72,0.95,20,20,6201.713497353676,5897.251929898496,0.9509068634684437,kv
1048576,A100,A100x72,DeepSeek-V4-Flash-284B,72,1,72,TP72/DP1/EP72,0.9,5,5,3100.7664121013327,2796.023468761687,0.9017201224347864,kv
1048576,A100,A100x72,DeepSeek-V4-Flash-284B,72,1,72,TP72/DP1/EP72,0.95,10,10,3100.7664121013327,2948.625964949248,0.9509345668353709,kv
8192,A100,A100x72,DeepSeek-V4-Pro-1.6T,4,18,72,TP4/DP18/EP72,0.9,378,21,3398.999503825409,3094.7089433697743,0.9104764328111343,weight
8192,A100,A100x72,DeepSeek-V4-Pro-1.6T,4,18,72,TP4/DP18/EP72,0.95,450,25,3398.999503825409,3234.8307857269083,0.951700870237334,weight
16384,A100,A100x72,DeepSeek-V4-Pro-1.6T,4,18,72,TP4/DP18/EP72,0.9,180,10,2854.0338264551383,2587.009787260754,0.9064397777211903,weight
16384,A100,A100x72,DeepSeek-V4-Pro-1.6T,4,18,72,TP4/DP18/EP72,0.95,234,13,2854.0338264551383,2758.4927867392394,0.9665242090579683,weight
32768,A100,A100x72,DeepSeek-V4-Pro-1.6T,4,18,72,TP4/DP18/EP72,0.9,90,5,2351.182227646936,2117.4616318474314,0.9005944358326439,weight
32768,A100,A100x72,DeepSeek-V4-Pro-1.6T,4,18,72,TP4/DP18/EP72,0.95,108,6,2351.182227646936,2245.7639936336077,0.9551637330472547,weight
65536,A100,A100x72,DeepSeek-V4-Pro-1.6T,4,18,72,TP4/DP18/EP72,0.9,54,3,1738.422662393885,1738.422662393885,1.0,weight
65536,A100,A100x72,DeepSeek-V4-Pro-1.6T,4,18,72,TP4/DP18/EP72,0.95,54,3,1738.422662393885,1738.422662393885,1.0,weight
131072,A100,A100x72,DeepSeek-V4-Pro-1.6T,4,18,72,TP4/DP18/EP72,0.9,18,1,934.7993149232233,934.7993149232233,1.0,weight
131072,A100,A100x72,DeepSeek-V4-Pro-1.6T,4,18,72,TP4/DP18/EP72,0.95,18,1,934.7993149232233,934.7993149232233,1.0,weight
8192,A100,A100x72,DeepSeek-V4-Pro-1.6T,8,9,72,TP8/DP9/EP72,0.9,2835,315,15848.799263164376,14265.261950364003,0.9000847138949628,weight
8192,A100,A100x72,DeepSeek-V4-Pro-1.6T,8,9,72,TP8/DP9/EP72,0.95,3006,334,15848.799263164376,15099.074365980296,0.9526951610191327,weight
16384,A100,A100x72,DeepSeek-V4-Pro-1.6T,8,9,72,TP8/DP9/EP72,0.9,1386,154,8386.657754132328,7574.582249410051,0.9031705443897308,weight
16384,A100,A100x72,DeepSeek-V4-Pro-1.6T,8,9,72,TP8/DP9/EP72,0.95,1485,165,8386.657754132328,7996.691500711186,0.953501589685236,weight
32768,A100,A100x72,DeepSeek-V4-Pro-1.6T,8,9,72,TP8/DP9/EP72,0.9,639,71,5187.328679668494,4668.951238941171,0.9000685183572268,weight
32768,A100,A100x72,DeepSeek-V4-Pro-1.6T,8,9,72,TP8/DP9/EP72,0.95,720,80,5187.328679668494,4958.092310141456,0.9558083970222438,weight
65536,A100,A100x72,DeepSeek-V4-Pro-1.6T,8,9,72,TP8/DP9/EP72,0.9,279,31,3800.785491868584,3428.384609789707,0.9020200211573127,weight
65536,A100,A100x72,DeepSeek-V4-Pro-1.6T,8,9,72,TP8/DP9/EP72,0.95,333,37,3800.785491868584,3616.3117100391346,0.9514643006757121,weight
131072,A100,A100x72,DeepSeek-V4-Pro-1.6T,8,9,72,TP8/DP9/EP72,0.9,126,14,3091.671539064408,2803.912439291252,0.9069244270818508,weight
131072,A100,A100x72,DeepSeek-V4-Pro-1.6T,8,9,72,TP8/DP9/EP72,0.95,162,18,3091.671539064408,2977.4298537455065,0.9630485697217781,weight
262144,A100,A100x72,DeepSeek-V4-Pro-1.6T,8,9,72,TP8/DP9/EP72,0.9,63,7,2582.5557226403425,2345.929173380488,0.9083750460114242,weight
262144,A100,A100x72,DeepSeek-V4-Pro-1.6T,8,9,72,TP8/DP9/EP72,0.95,81,9,2582.5557226403425,2513.472693925185,0.9732501304388008,weight
524288,A100,A100x72,DeepSeek-V4-Pro-1.6T,8,9,72,TP8/DP9/EP72,0.9,36,4,2111.5002707687804,1948.6727573367257,0.9228853930609393,weight
524288,A100,A100x72,DeepSeek-V4-Pro-1.6T,8,9,72,TP8/DP9/EP72,0.95,45,5,2111.5002707687804,2111.5002707687804,1.0,weight
1048576,A100,A100x72,DeepSeek-V4-Pro-1.6T,8,9,72,TP8/DP9/EP72,0.9,18,2,1421.4898926433216,1421.4898926433216,1.0,weight
1048576,A100,A100x72,DeepSeek-V4-Pro-1.6T,8,9,72,TP8/DP9/EP72,0.95,18,2,1421.4898926433216,1421.4898926433216,1.0,weight
8192,A100,A100x72,DeepSeek-V4-Pro-1.6T,12,6,72,TP12/DP6/EP72,0.9,3636,606,30261.320908743615,27249.908439214632,0.9004864170136448,weight
8192,A100,A100x72,DeepSeek-V4-Pro-1.6T,12,6,72,TP12/DP6/EP72,0.95,3840,640,30261.320908743615,28777.95486712344,0.9509814510049501,weight
16384,A100,A100x72,DeepSeek-V4-Pro-1.6T,12,6,72,TP12/DP6/EP72,0.9,1812,302,15181.672946592422,13692.840747345643,0.9019322702784904,weight
16384,A100,A100x72,DeepSeek-V4-Pro-1.6T,12,6,72,TP12/DP6/EP72,0.95,1914,319,15181.672946592422,14435.216734340005,0.9508317551775504,weight
32768,A100,A100x72,DeepSeek-V4-Pro-1.6T,12,6,72,TP12/DP6/EP72,0.9,882,147,8109.974421684588,7307.063566677848,0.9009971162350521,weight
32768,A100,A100x72,DeepSeek-V4-Pro-1.6T,12,6,72,TP12/DP6/EP72,0.95,948,158,8109.974421684588,7724.219954873456,0.9524345643088965,weight
65536,A100,A100x72,DeepSeek-V4-Pro-1.6T,12,6,72,TP12/DP6/EP72,0.9,414,69,5086.166326969955,4603.0785491253355,0.9050192725151371,weight
65536,A100,A100x72,DeepSeek-V4-Pro-1.6T,12,6,72,TP12/DP6/EP72,0.95,462,77,5086.166326969955,4858.596692318772,0.9552571386734896,weight
131072,A100,A100x72,DeepSeek-V4-Pro-1.6T,12,6,72,TP12/DP6/EP72,0.9,180,30,3767.471017705428,3393.389503607449,0.9007075270546308,weight
131072,A100,A100x72,DeepSeek-V4-Pro-1.6T,12,6,72,TP12/DP6/EP72,0.95,216,36,3767.471017705428,3582.4977869683817,0.9509025471283641,weight
262144,A100,A100x72,DeepSeek-V4-Pro-1.6T,12,6,72,TP12/DP6/EP72,0.9,84,14,3088.0686574120855,2799.4691857159823,0.9065436997317411,weight
262144,A100,A100x72,DeepSeek-V4-Pro-1.6T,12,6,72,TP12/DP6/EP72,0.95,108,18,3088.0686574120855,2973.5319542296315,0.9629099233569373,weight
524288,A100,A100x72,DeepSeek-V4-Pro-1.6T,12,6,72,TP12/DP6/EP72,0.9,42,7,2577.280989810412,2339.715207707388,0.9078230961069946,weight
524288,A100,A100x72,DeepSeek-V4-Pro-1.6T,12,6,72,TP12/DP6/EP72,0.95,54,9,2577.280989810412,2507.922160645977,0.973088371256897,weight
1048576,A100,A100x72,DeepSeek-V4-Pro-1.6T,12,6,72,TP12/DP6/EP72,0.9,24,4,2104.457391072716,1941.1784176771896,0.9224127919680535,weight
1048576,A100,A100x72,DeepSeek-V4-Pro-1.6T,12,6,72,TP12/DP6/EP72,0.95,30,5,2104.457391072716,2104.457391072716,1.0,weight
8192,A100,A100x72,DeepSeek-V4-Pro-1.6T,18,4,72,TP18/DP4/EP72,0.9,4164,1041,51946.89317934801,46779.16878455934,0.9005190863494577,weight
8192,A100,A100x72,DeepSeek-V4-Pro-1.6T,18,4,72,TP18/DP4/EP72,0.95,4396,1099,51946.89317934801,49385.49878765336,0.9506920580822541,weight
16384,A100,A100x72,DeepSeek-V4-Pro-1.6T,18,4,72,TP18/DP4/EP72,0.9,2084,521,25976.240492603327,23418.232426632636,0.9015250853294541,weight
16384,A100,A100x72,DeepSeek-V4-Pro-1.6T,18,4,72,TP18/DP4/EP72,0.95,2200,550,25976.240492603327,24719.349655969632,0.9516138281445465,weight
32768,A100,A100x72,DeepSeek-V4-Pro-1.6T,18,4,72,TP18/DP4/EP72,0.9,1036,259,13120.4522263475,11832.04857570798,0.9018018869767123,weight
32768,A100,A100x72,DeepSeek-V4-Pro-1.6T,18,4,72,TP18/DP4/EP72,0.95,1096,274,13120.4522263475,12473.685616381708,0.9507054635916433,weight
65536,A100,A100x72,DeepSeek-V4-Pro-1.6T,18,4,72,TP18/DP4/EP72,0.9,500,125,7189.869610120316,6492.839127568771,0.903053807600291,weight
65536,A100,A100x72,DeepSeek-V4-Pro-1.6T,18,4,72,TP18/DP4/EP72,0.95,540,135,7189.869610120316,6856.506484823795,0.9536343294978138,weight
131072,A100,A100x72,DeepSeek-V4-Pro-1.6T,18,4,72,TP18/DP4/EP72,0.9,232,58,4694.258019153005,4254.693216357177,0.9063611755036978,weight
131072,A100,A100x72,DeepSeek-V4-Pro-1.6T,18,4,72,TP18/DP4/EP72,0.95,260,65,4694.258019153005,4472.914473024181,0.9528480230047598,weight
262144,A100,A100x72,DeepSeek-V4-Pro-1.6T,18,4,72,TP18/DP4/EP72,0.9,100,25,3577.744852110899,3223.1777419265973,0.9008964795309246,weight
262144,A100,A100x72,DeepSeek-V4-Pro-1.6T,18,4,72,TP18/DP4/EP72,0.95,124,31,3577.744852110899,3420.337223363335,0.9560036740309493,weight
524288,A100,A100x72,DeepSeek-V4-Pro-1.6T,18,4,72,TP18/DP4/EP72,0.9,48,12,2966.988831254479,2688.968331850052,0.9062954007525278,weight
524288,A100,A100x72,DeepSeek-V4-Pro-1.6T,18,4,72,TP18/DP4/EP72,0.95,60,15,2966.988831254479,2838.941096437461,0.9568425288736669,weight
1048576,A100,A100x72,DeepSeek-V4-Pro-1.6T,18,4,72,TP18/DP4/EP72,0.9,28,7,2498.627316890888,2329.3216677275605,0.9322405354256675,weight
1048576,A100,A100x72,DeepSeek-V4-Pro-1.6T,18,4,72,TP18/DP4/EP72,0.95,32,8,2498.627316890888,2419.899881719848,0.9684917255811473,weight
8192,A100,A100x72,DeepSeek-V4-Pro-1.6T,24,3,72,TP24/DP3/EP72,0.9,4425,1475,73558.23221909105,66238.3348785415,0.9004884005538979,weight
8192,A100,A100x72,DeepSeek-V4-Pro-1.6T,24,3,72,TP24/DP3/EP72,0.95,4671,1557,73558.23221909105,69920.7372203373,0.9505494505642879,weight
16384,A100,A100x72,DeepSeek-V4-Pro-1.6T,24,3,72,TP24/DP3/EP72,0.9,2214,738,36779.20496804424,33141.907836515085,0.9011045199402913,weight
16384,A100,A100x72,DeepSeek-V4-Pro-1.6T,24,3,72,TP24/DP3/EP72,0.95,2337,779,36779.20496804424,34982.98096565694,0.9511619676404653,weight
32768,A100,A100x72,DeepSeek-V4-Pro-1.6T,24,3,72,TP24/DP3/EP72,0.9,1104,368,18395.416437441716,16574.55738535061,0.9010156112375385,weight
32768,A100,A100x72,DeepSeek-V4-Pro-1.6T,24,3,72,TP24/DP3/EP72,0.95,1167,389,18395.416437441716,17505.875122323945,0.9516433173370724,weight
65536,A100,A100x72,DeepSeek-V4-Pro-1.6T,24,3,72,TP24/DP3/EP72,0.9,543,181,9531.351259267072,8608.608004035752,0.9031886214104047,weight
65536,A100,A100x72,DeepSeek-V4-Pro-1.6T,24,3,72,TP24/DP3/EP72,0.95,579,193,9531.351259267072,9086.86870705338,0.9533662604469084,weight
131072,A100,A100x72,DeepSeek-V4-Pro-1.6T,24,3,72,TP24/DP3/EP72,0.9,258,86,5680.432275559297,5143.290912786886,0.905440055137437,weight
131072,A100,A100x72,DeepSeek-V4-Pro-1.6T,24,3,72,TP24/DP3/EP72,0.95,282,94,5680.432275559297,5409.30581259026,0.9522701002640963,weight
262144,A100,A100x72,DeepSeek-V4-Pro-1.6T,24,3,72,TP24/DP3/EP72,0.9,114,38,4034.2374176277535,3634.700688521857,0.9009635061734083,weight
262144,A100,A100x72,DeepSeek-V4-Pro-1.6T,24,3,72,TP24/DP3/EP72,0.95,135,45,4034.2374176277535,3850.153266231266,0.9543695295194763,weight
524288,A100,A100x72,DeepSeek-V4-Pro-1.6T,24,3,72,TP24/DP3/EP72,0.9,51,17,3217.132310221926,2918.7557189845975,0.9072538638559301,weight
524288,A100,A100x72,DeepSeek-V4-Pro-1.6T,24,3,72,TP24/DP3/EP72,0.95,63,21,3217.132310221926,3075.4397684589,0.9559568808181059,weight
1048576,A100,A100x72,DeepSeek-V4-Pro-1.6T,24,3,72,TP24/DP3/EP72,0.9,27,9,2680.214702030078,2488.5575177587702,0.9284918539823915,weight
1048576,A100,A100x72,DeepSeek-V4-Pro-1.6T,24,3,72,TP24/DP3/EP72,0.95,30,10,2680.214702030078,2558.8648170989386,0.9547238193868479,weight
8192,A100,A100x72,DeepSeek-V4-Pro-1.6T,36,2,72,TP36/DP2/EP72,0.9,4688,2344,116772.4990828198,105113.18657839081,0.9001536098310293,weight
8192,A100,A100x72,DeepSeek-V4-Pro-1.6T,36,2,72,TP36/DP2/EP72,0.95,4948,2474,116772.4990828198,110942.8428306053,0.9500768049155146,weight
16384,A100,A100x72,DeepSeek-V4-Pro-1.6T,36,2,72,TP36/DP2/EP72,0.9,2344,1172,58386.24961145028,52556.593777611844,0.9001536171164664,weight
16384,A100,A100x72,DeepSeek-V4-Pro-1.6T,36,2,72,TP36/DP2/EP72,0.95,2474,1237,58386.24961145028,55471.421600514936,0.9500768069479888,weight
32768,A100,A100x72,DeepSeek-V4-Pro-1.6T,36,2,72,TP36/DP2/EP72,0.9,1172,586,29194.117426316134,26280.78380708844,0.9002081968540155,weight
32768,A100,A100x72,DeepSeek-V4-Pro-1.6T,36,2,72,TP36/DP2/EP72,0.95,1238,619,29194.117426316134,27759.6948167551,0.9508660395991962,weight
65536,A100,A100x72,DeepSeek-V4-Pro-1.6T,36,2,72,TP36/DP2/EP72,0.9,584,292,14658.717503407848,13222.589008732879,0.9020290489709554,weight
65536,A100,A100x72,DeepSeek-V4-Pro-1.6T,36,2,72,TP36/DP2/EP72,0.95,618,309,14658.717503407848,13960.273250300626,0.9523529767904424,weight
131072,A100,A100x72,DeepSeek-V4-Pro-1.6T,36,2,72,TP36/DP2/EP72,0.9,284,142,7855.025588965407,7098.847005898191,0.9037331483516131,weight
131072,A100,A100x72,DeepSeek-V4-Pro-1.6T,36,2,72,TP36/DP2/EP72,0.95,304,152,7855.025588965407,7473.741316259761,0.9514598306030643,weight
262144,A100,A100x72,DeepSeek-V4-Pro-1.6T,36,2,72,TP36/DP2/EP72,0.9,132,66,4969.91899385026,4490.151371382496,0.9034657057667489,weight
262144,A100,A100x72,DeepSeek-V4-Pro-1.6T,36,2,72,TP36/DP2/EP72,0.95,148,74,4969.91899385026,4744.019729704691,0.9545466909168749,weight
524288,A100,A100x72,DeepSeek-V4-Pro-1.6T,36,2,72,TP36/DP2/EP72,0.9,58,29,3685.6978530655765,3338.0707798307876,0.9056821565159905,weight
524288,A100,A100x72,DeepSeek-V4-Pro-1.6T,36,2,72,TP36/DP2/EP72,0.95,70,35,3685.6978530655765,3530.0170538406137,0.9577608351440215,weight
1048576,A100,A100x72,DeepSeek-V4-Pro-1.6T,36,2,72,TP36/DP2/EP72,0.9,28,14,3023.470387643905,2766.48561752906,0.9150033778517987,weight
1048576,A100,A100x72,DeepSeek-V4-Pro-1.6T,36,2,72,TP36/DP2/EP72,0.95,34,17,3023.470387643905,2902.956401435536,0.9601405104872611,weight
8192,A100,A100x72,DeepSeek-V4-Pro-1.6T,72,1,72,TP72/DP1/EP72,0.9,2534,2534,125642.55671632489,113088.0445825936,0.9000775496627564,weight
8192,A100,A100x72,DeepSeek-V4-Pro-1.6T,72,1,72,TP72/DP1/EP72,0.95,2675,2675,125642.55671632489,119380.63112014123,0.9501607913764298,weight
16384,A100,A100x72,DeepSeek-V4-Pro-1.6T,72,1,72,TP72/DP1/EP72,0.9,2476,2476,122727.75161883679,110499.60473026904,0.9003636363636363,weight
16384,A100,A100x72,DeepSeek-V4-Pro-1.6T,72,1,72,TP72/DP1/EP72,0.95,2613,2613,122727.75161883679,116613.67817455292,0.9501818181818181,weight
32768,A100,A100x72,DeepSeek-V4-Pro-1.6T,72,1,72,TP72/DP1/EP72,0.9,1238,1238,61363.875832623475,55249.80254585289,0.9003636389681875,weight
32768,A100,A100x72,DeepSeek-V4-Pro-1.6T,72,1,72,TP72/DP1/EP72,0.95,1307,1307,61363.875832623475,58329.15328829752,0.9505454552348765,weight
65536,A100,A100x72,DeepSeek-V4-Pro-1.6T,72,1,72,TP72/DP1/EP72,0.9,619,619,30660.212299419298,27626.448574701168,0.9010520966035324,weight
65536,A100,A100x72,DeepSeek-V4-Pro-1.6T,72,1,72,TP72/DP1/EP72,0.95,653,653,30660.212299419298,29143.218067072125,0.9505223832916544,weight
131072,A100,A100x72,DeepSeek-V4-Pro-1.6T,72,1,72,TP72/DP1/EP72,0.9,308,308,15373.985701355761,13849.444832330704,0.9008363284160844,weight
131072,A100,A100x72,DeepSeek-V4-Pro-1.6T,72,1,72,TP72/DP1/EP72,0.95,326,326,15373.985701355761,14631.519123832823,0.9517063049266746,weight
262144,A100,A100x72,DeepSeek-V4-Pro-1.6T,72,1,72,TP72/DP1/EP72,0.9,150,150,8161.210511974611,7359.201962646716,0.9017292167441165,weight
262144,A100,A100x72,DeepSeek-V4-Pro-1.6T,72,1,72,TP72/DP1/EP72,0.95,161,161,8161.210511974611,7776.018029869332,0.9528020406359937,weight
524288,A100,A100x72,DeepSeek-V4-Pro-1.6T,72,1,72,TP72/DP1/EP72,0.9,70,70,5067.967919008804,4584.024362047547,0.9045093487774274,weight
524288,A100,A100x72,DeepSeek-V4-Pro-1.6T,72,1,72,TP72/DP1/EP72,0.95,78,78,5067.967919008804,4840.137500386929,0.9550450156230599,weight
1048576,A100,A100x72,DeepSeek-V4-Pro-1.6T,72,1,72,TP72/DP1/EP72,0.9,16,16,3076.5602473071212,2805.7194413378106,0.9119663571658073,weight
1048576,A100,A100x72,DeepSeek-V4-Pro-1.6T,72,1,72,TP72/DP1/EP72,0.95,19,19,3076.5602473071212,2935.043758833512,0.9540017171458037,weight
8192,H100NVL,H100NVLx72,Qwen3-30B-A3B,1,72,72,TP1/DP72/EP72,0.9,4896,68,348687.1719360352,316426.8204443611,0.9074805324424378,weight
8192,H100NVL,H100NVLx72,Qwen3-30B-A3B,1,72,72,TP1/DP72/EP72,0.95,5184,72,348687.1719360352,334133.0652805619,0.9582602750348866,weight
16384,H100NVL,H100NVLx72,Qwen3-30B-A3B,1,72,72,TP1/DP72/EP72,0.9,2160,30,174343.5859680176,159849.7786538617,0.9168664150523167,weight
16384,H100NVL,H100NVLx72,Qwen3-30B-A3B,1,72,72,TP1/DP72/EP72,0.95,2304,32,174343.5859680176,167291.13966604744,0.9595485760900668,weight
32768,H100NVL,H100NVLx72,Qwen3-30B-A3B,1,72,72,TP1/DP72/EP72,0.9,504,7,87171.7929840088,81363.68328089181,0.9333716847583661,weight
32768,H100NVL,H100NVLx72,Qwen3-30B-A3B,1,72,72,TP1/DP72/EP72,0.95,576,8,87171.7929840088,84882.56123524072,0.9737388475055454,weight
65536,H100NVL,H100NVLx72,Qwen3-30B-A3B,1,72,72,TP1/DP72/EP72,0.9,72,1,43585.8964920044,41875.175613272084,0.9607505863956214,weight
65536,H100NVL,H100NVLx72,Qwen3-30B-A3B,1,72,72,TP1/DP72/EP72,0.95,72,1,43585.8964920044,41875.175613272084,0.9607505863956214,weight
131072,H100NVL,H100NVLx72,Qwen3-30B-A3B,1,72,72,TP1/DP72/EP72,0.9,72,1,21792.9482460022,21792.948246002197,0.9999999999999998,kv
131072,H100NVL,H100NVLx72,Qwen3-30B-A3B,1,72,72,TP1/DP72/EP72,0.95,72,1,21792.9482460022,21792.948246002197,0.9999999999999998,kv
262144,H100NVL,H100NVLx72,Qwen3-30B-A3B,1,72,72,TP1/DP72/EP72,0.9,72,1,10896.4741230011,10896.474123001099,0.9999999999999998,kv
262144,H100NVL,H100NVLx72,Qwen3-30B-A3B,1,72,72,TP1/DP72/EP72,0.95,72,1,10896.4741230011,10896.474123001099,0.9999999999999998,kv
524288,H100NVL,H100NVLx72,Qwen3-30B-A3B,1,72,72,TP1/DP72/EP72,0.9,72,1,5448.237061500549,5448.237061500549,1.0,kv
524288,H100NVL,H100NVLx72,Qwen3-30B-A3B,1,72,72,TP1/DP72/EP72,0.95,72,1,5448.237061500549,5448.237061500549,1.0,kv
8192,H100NVL,H100NVLx72,Qwen3-30B-A3B,2,36,72,TP2/DP36/EP72,0.9,2448,68,348191.216827014,315204.526741097,0.9052627163128436,weight
8192,H100NVL,H100NVLx72,Qwen3-30B-A3B,2,36,72,TP2/DP36/EP72,0.95,2592,72,348191.216827014,332845.85687288974,0.9559283542704984,weight
16384,H100NVL,H100NVLx72,Qwen3-30B-A3B,2,36,72,TP2/DP36/EP72,0.9,1080,30,174095.608413507,159143.1398848375,0.9141134652107087,weight
16384,H100NVL,H100NVLx72,Qwen3-30B-A3B,2,36,72,TP2/DP36/EP72,0.95,1152,32,174095.608413507,166565.49042847418,0.9567472261152763,weight
32768,H100NVL,H100NVLx72,Qwen3-30B-A3B,2,36,72,TP2/DP36/EP72,0.9,252,7,87047.8042067535,80583.14265036995,0.9257343523447316,weight
32768,H100NVL,H100NVLx72,Qwen3-30B-A3B,2,36,72,TP2/DP36/EP72,0.95,288,8,87047.8042067535,84138.61321560304,0.9665793868362189,weight
65536,H100NVL,H100NVLx72,Qwen3-30B-A3B,2,36,72,TP2/DP36/EP72,0.9,36,1,43522.66401437816,40463.173532002984,0.929703510764772,weight
65536,H100NVL,H100NVLx72,Qwen3-30B-A3B,2,36,72,TP2/DP36/EP72,0.95,72,2,43522.66401437816,42808.461012556356,0.9835900899451867,kv
131072,H100NVL,H100NVLx72,Qwen3-30B-A3B,2,36,72,TP2/DP36/EP72,0.9,36,1,21760.0166545588,21404.230506278178,0.9836495461410374,kv
131072,H100NVL,H100NVLx72,Qwen3-30B-A3B,2,36,72,TP2/DP36/EP72,0.95,36,1,21760.0166545588,21404.230506278178,0.9836495461410374,kv
262144,H100NVL,H100NVLx72,Qwen3-30B-A3B,2,36,72,TP2/DP36/EP72,0.9,36,1,10880.0083272794,10798.420201092353,0.9925010970825747,kv
262144,H100NVL,H100NVLx72,Qwen3-30B-A3B,2,36,72,TP2/DP36/EP72,0.95,36,1,10880.0083272794,10798.420201092353,0.9925010970825747,kv
524288,H100NVL,H100NVLx72,Qwen3-30B-A3B,2,36,72,TP2/DP36/EP72,0.9,36,1,5440.0041636397,5423.612788001535,0.9969868817844436,kv
524288,H100NVL,H100NVLx72,Qwen3-30B-A3B,2,36,72,TP2/DP36/EP72,0.95,36,1,5440.0041636397,5423.612788001535,0.9969868817844436,kv
1048576,H100NVL,H100NVLx72,Qwen3-30B-A3B,2,36,72,TP2/DP36/EP72,0.9,36,1,2717.9485191447516,2717.9485191447516,1.0,kv
1048576,H100NVL,H100NVLx72,Qwen3-30B-A3B,2,36,72,TP2/DP36/EP72,0.95,36,1,2717.9485191447516,2717.9485191447516,1.0,kv
8192,H100NVL,H100NVLx72,Qwen3-30B-A3B,4,18,72,TP4/DP18/EP72,0.9,1242,69,347706.2600228327,315943.9005574685,0.9086517468414906,weight
8192,H100NVL,H100NVLx72,Qwen3-30B-A3B,4,18,72,TP4/DP18/EP72,0.95,1314,73,347706.2600228327,333424.46340907045,0.9589256845337658,weight
16384,H100NVL,H100NVLx72,Qwen3-30B-A3B,4,18,72,TP4/DP18/EP72,0.9,540,30,173853.13001141636,157060.21852425838,0.9034074825914538,weight
16384,H100NVL,H100NVLx72,Qwen3-30B-A3B,4,18,72,TP4/DP18/EP72,0.95,594,33,173853.13001141636,168150.37723557523,0.9671978711256642,weight
32768,H100NVL,H100NVLx72,Qwen3-30B-A3B,4,18,72,TP4/DP18/EP72,0.9,126,7,86926.56500570818,78328.86198640856,0.9010923413488726,weight
32768,H100NVL,H100NVLx72,Qwen3-30B-A3B,4,18,72,TP4/DP18/EP72,0.95,162,9,86926.56500570818,84445.40148163523,0.9714567862665455,kv
65536,H100NVL,H100NVLx72,Qwen3-30B-A3B,4,18,72,TP4/DP18/EP72,0.9,36,2,43462.08381967164,40634.106554769,0.9349323130332132,kv
65536,H100NVL,H100NVLx72,Qwen3-30B-A3B,4,18,72,TP4/DP18/EP72,0.95,54,3,43462.08381967164,41572.58707303745,0.9565253991393073,kv
131072,H100NVL,H100NVLx72,Qwen3-30B-A3B,4,18,72,TP4/DP18/EP72,0.9,18,1,21729.80737034652,20317.0532773845,0.9349854295123698,kv
131072,H100NVL,H100NVLx72,Qwen3-30B-A3B,4,18,72,TP4/DP18/EP72,0.95,36,2,21729.80737034652,21029.13676407296,0.9677553236284216,kv
262144,H100NVL,H100NVLx72,Qwen3-30B-A3B,4,18,72,TP4/DP18/EP72,0.9,18,1,10863.592219805005,10514.56838203648,0.9678721521659996,kv
262144,H100NVL,H100NVLx72,Qwen3-30B-A3B,4,18,72,TP4/DP18/EP72,0.95,18,1,10863.592219805005,10514.56838203648,0.9678721521659996,kv
524288,H100NVL,H100NVLx72,Qwen3-30B-A3B,4,18,72,TP4/DP18/EP72,0.9,18,1,5431.796109902502,5351.0576265695445,0.9851359510373067,kv
524288,H100NVL,H100NVLx72,Qwen3-30B-A3B,4,18,72,TP4/DP18/EP72,0.95,18,1,5431.796109902502,5351.0576265695445,0.9851359510373067,kv
1048576,H100NVL,H100NVLx72,Qwen3-30B-A3B,4,18,72,TP4/DP18/EP72,0.9,18,1,2715.898054951251,2699.605050273088,0.9940008776660597,kv
1048576,H100NVL,H100NVLx72,Qwen3-30B-A3B,4,18,72,TP4/DP18/EP72,0.95,18,1,2715.898054951251,2699.605050273088,0.9940008776660597,kv
8192,H100NVL,H100NVLx72,Qwen3-30B-A3B,8,9,72,TP8/DP9/EP72,0.9,639,71,347224.9390613135,315064.1053662931,0.9073775236825906,weight
8192,H100NVL,H100NVLx72,Qwen3-30B-A3B,8,9,72,TP8/DP9/EP72,0.95,675,75,347224.9390613135,332105.7592320756,0.9564571027930452,weight
16384,H100NVL,H100NVLx72,Qwen3-30B-A3B,8,9,72,TP8/DP9/EP72,0.9,288,32,173612.46953065676,158979.91136710666,0.9157171244490232,weight
16384,H100NVL,H100NVLx72,Qwen3-30B-A3B,8,9,72,TP8/DP9/EP72,0.95,306,34,173612.46953065676,165839.73477488846,0.955229398114196,kv
32768,H100NVL,H100NVLx72,Qwen3-30B-A3B,8,9,72,TP8/DP9/EP72,0.9,81,9,86806.23476532838,79474.12420330246,0.9155347472235431,kv
32768,H100NVL,H100NVLx72,Qwen3-30B-A3B,8,9,72,TP8/DP9/EP72,0.95,144,16,86806.23476532838,82667.85241100579,0.9523262083016241,kv
65536,H100NVL,H100NVLx72,Qwen3-30B-A3B,8,9,72,TP8/DP9/EP72,0.9,36,4,43402.233844251256,39303.230185353765,0.9055577721274267,kv
65536,H100NVL,H100NVLx72,Qwen3-30B-A3B,8,9,72,TP8/DP9/EP72,0.95,72,8,43402.233844251256,41333.926205502896,0.9523455947873449,kv
131072,H100NVL,H100NVLx72,Qwen3-30B-A3B,8,9,72,TP8/DP9/EP72,0.9,18,2,21700.220445786144,19651.615092676882,0.9055951823979249,kv
131072,H100NVL,H100NVLx72,Qwen3-30B-A3B,8,9,72,TP8/DP9/EP72,0.95,36,4,21700.220445786144,20666.963102751448,0.9523849379495433,kv
262144,H100NVL,H100NVLx72,Qwen3-30B-A3B,8,9,72,TP8/DP9/EP72,0.9,9,1,10849.18696897588,9825.807546338441,0.905672247555151,kv
262144,H100NVL,H100NVLx72,Qwen3-30B-A3B,8,9,72,TP8/DP9/EP72,0.95,18,2,10849.18696897588,10333.481551375724,0.9524659848636716,kv
524288,H100NVL,H100NVLx72,Qwen3-30B-A3B,8,9,72,TP8/DP9/EP72,0.9,9,1,5423.612788001535,5166.740775687862,0.9526382095561945,kv
524288,H100NVL,H100NVLx72,Qwen3-30B-A3B,8,9,72,TP8/DP9/EP72,0.95,9,1,5423.612788001535,5166.740775687862,0.9526382095561945,kv
1048576,H100NVL,H100NVLx72,Qwen3-30B-A3B,8,9,72,TP8/DP9/EP72,0.9,9,1,2711.8063940007673,2651.8782246204573,0.9779010147948294,kv
1048576,H100NVL,H100NVLx72,Qwen3-30B-A3B,8,9,72,TP8/DP9/EP72,0.95,9,1,2711.8063940007673,2651.8782246204573,0.9779010147948294,kv
8192,H100NVL,H100NVLx72,Qwen3-30B-A3B,12,6,72,TP12/DP6/EP72,0.9,438,73,346944.04246406985,312591.49848277913,0.90098534698186,weight
8192,H100NVL,H100NVLx72,Qwen3-30B-A3B,12,6,72,TP12/DP6/EP72,0.95,648,108,346944.04246406985,329611.9423103317,0.9500435285452895,kv
16384,H100NVL,H100NVLx72,Qwen3-30B-A3B,12,6,72,TP12/DP6/EP72,0.9,198,33,173472.02123203492,156513.5355088806,0.902240801699827,weight
16384,H100NVL,H100NVLx72,Qwen3-30B-A3B,12,6,72,TP12/DP6/EP72,0.95,324,54,173472.02123203492,164805.97115516584,0.9500435285452895,kv
32768,H100NVL,H100NVLx72,Qwen3-30B-A3B,12,6,72,TP12/DP6/EP72,0.9,84,14,86736.01061601746,78419.41322550854,0.9041159798399455,kv
32768,H100NVL,H100NVLx72,Qwen3-30B-A3B,12,6,72,TP12/DP6/EP72,0.95,162,27,86736.01061601746,82402.98557758292,0.9500435285452895,kv
65536,H100NVL,H100NVLx72,Qwen3-30B-A3B,12,6,72,TP12/DP6/EP72,0.9,42,7,43367.305958255834,39209.70661275427,0.9041305597930489,kv
65536,H100NVL,H100NVLx72,Qwen3-30B-A3B,12,6,72,TP12/DP6/EP72,0.95,84,14,43367.305958255834,41282.14904704629,0.9519186893182467,kv
131072,H100NVL,H100NVLx72,Qwen3-30B-A3B,12,6,72,TP12/DP6/EP72,0.9,24,4,21682.946851910034,19854.03083801161,0.9156518702743897,kv
131072,H100NVL,H100NVLx72,Qwen3-30B-A3B,12,6,72,TP12/DP6/EP72,0.95,42,7,21682.946851910034,20641.074523523144,0.9519496895185576,kv
262144,H100NVL,H100NVLx72,Qwen3-30B-A3B,12,6,72,TP12/DP6/EP72,0.9,12,2,10840.753433283167,9927.015419005806,0.915712683633961,kv
262144,H100NVL,H100NVLx72,Qwen3-30B-A3B,12,6,72,TP12/DP6/EP72,0.95,24,4,10840.753433283167,10389.177703729345,0.9583446176197127,kv
524288,H100NVL,H100NVLx72,Qwen3-30B-A3B,12,6,72,TP12/DP6/EP72,0.9,6,1,5420.376716641584,4963.507709502903,0.915712683633961,kv
524288,H100NVL,H100NVLx72,Qwen3-30B-A3B,12,6,72,TP12/DP6/EP72,0.95,12,2,5420.376716641584,5194.5888518646725,0.9583446176197127,kv
1048576,H100NVL,H100NVLx72,Qwen3-30B-A3B,12,6,72,TP12/DP6/EP72,0.9,6,1,2709.4186359652117,2597.2944259323363,0.958616875020891,kv
1048576,H100NVL,H100NVLx72,Qwen3-30B-A3B,12,6,72,TP12/DP6/EP72,0.95,6,1,2709.4186359652117,2597.2944259323363,0.958616875020891,kv
8192,H100NVL,H100NVLx72,Qwen3-30B-A3B,18,4,72,TP18/DP4/EP72,0.9,372,93,346664.4995481153,312091.8964207649,0.9002707136946052,kv
8192,H100NVL,H100NVLx72,Qwen3-30B-A3B,18,4,72,TP18/DP4/EP72,0.95,744,186,346664.4995481153,329376.1741506915,0.9501295188288402,kv
16384,H100NVL,H100NVLx72,Qwen3-30B-A3B,18,4,72,TP18/DP4/EP72,0.9,188,47,173331.71151576543,156220.36924465315,0.9012797939772497,kv
16384,H100NVL,H100NVLx72,Qwen3-30B-A3B,18,4,72,TP18/DP4/EP72,0.95,372,93,173331.71151576543,164688.08707534574,0.9501324693281327,kv
32768,H100NVL,H100NVLx72,Qwen3-30B-A3B,18,4,72,TP18/DP4/EP72,0.9,96,24,86665.85575788272,78279.71100128225,0.9032358858830318,kv
32768,H100NVL,H100NVLx72,Qwen3-30B-A3B,18,4,72,TP18/DP4/EP72,0.95,188,47,86665.85575788272,82392.58680771213,0.9506925892232719,kv
65536,H100NVL,H100NVLx72,Qwen3-30B-A3B,18,4,72,TP18/DP4/EP72,0.9,48,12,43332.38818522095,39139.855500641126,0.9032471354530665,kv
65536,H100NVL,H100NVLx72,Qwen3-30B-A3B,18,4,72,TP18/DP4/EP72,0.95,96,24,43332.38818522095,41243.401225645306,0.9517915571455136,kv
131072,H100NVL,H100NVLx72,Qwen3-30B-A3B,18,4,72,TP18/DP4/EP72,0.9,24,6,21665.650929873347,19569.927750320563,0.9032697800617138,kv
131072,H100NVL,H100NVLx72,Qwen3-30B-A3B,18,4,72,TP18/DP4/EP72,0.95,48,12,21665.650929873347,20621.700612822653,0.9518154187737208,kv
262144,H100NVL,H100NVLx72,Qwen3-30B-A3B,18,4,72,TP18/DP4/EP72,0.9,12,3,10832.825464936674,9784.963875160282,0.9032697800617138,kv
262144,H100NVL,H100NVLx72,Qwen3-30B-A3B,18,4,72,TP18/DP4/EP72,0.95,24,6,10832.825464936674,10310.850306411327,0.9518154187737208,kv
524288,H100NVL,H100NVLx72,Qwen3-30B-A3B,18,4,72,TP18/DP4/EP72,0.9,8,2,5416.412732468337,5020.513070972767,0.9269074051313752,kv
524288,H100NVL,H100NVLx72,Qwen3-30B-A3B,18,4,72,TP18/DP4/EP72,0.95,12,3,5416.412732468337,5155.425153205663,0.9518154187737208,kv
1048576,H100NVL,H100NVLx72,Qwen3-30B-A3B,18,4,72,TP18/DP4/EP72,0.9,4,1,2707.641511995171,2510.2565354863837,0.9271007717844667,kv
1048576,H100NVL,H100NVLx72,Qwen3-30B-A3B,18,4,72,TP18/DP4/EP72,0.95,8,2,2707.641511995171,2612.8186301987357,0.9649795287240357,kv
8192,H100NVL,H100NVLx72,Qwen3-30B-A3B,24,3,72,TP24/DP3/EP72,0.9,408,136,346465.3498131229,312009.58269620873,0.9005506116686735,kv
8192,H100NVL,H100NVLx72,Qwen3-30B-A3B,24,3,72,TP24/DP3/EP72,0.95,810,270,346465.3498131229,329194.9580180543,0.9501526146716146,kv
16384,H100NVL,H100NVLx72,Qwen3-30B-A3B,24,3,72,TP24/DP3/EP72,0.9,204,68,173232.23195730234,156004.79134810437,0.900552914347694,kv
16384,H100NVL,H100NVLx72,Qwen3-30B-A3B,24,3,72,TP24/DP3/EP72,0.95,405,135,173232.23195730234,164597.47900902716,0.9501550441813654,kv
32768,H100NVL,H100NVLx72,Qwen3-30B-A3B,24,3,72,TP24/DP3/EP72,0.9,102,34,86616.11597865117,78002.39567405218,0.900552914347694,kv
32768,H100NVL,H100NVLx72,Qwen3-30B-A3B,24,3,72,TP24/DP3/EP72,0.95,204,68,86616.11597865117,82332.58166058357,0.9505457584922951,kv
65536,H100NVL,H100NVLx72,Qwen3-30B-A3B,24,3,72,TP24/DP3/EP72,0.9,51,17,43307.614155578616,39001.19783702609,0.9005621435740578,kv
65536,H100NVL,H100NVLx72,Qwen3-30B-A3B,24,3,72,TP24/DP3/EP72,0.95,102,34,43307.614155578616,41166.290830291786,0.9505555000653159,kv
131072,H100NVL,H100NVLx72,Qwen3-30B-A3B,24,3,72,TP24/DP3/EP72,0.9,27,9,21653.36111021529,19615.225572157848,0.9058744031615525,kv
131072,H100NVL,H100NVLx72,Qwen3-30B-A3B,24,3,72,TP24/DP3/EP72,0.95,51,17,21653.36111021529,20583.145415145893,0.9505750774846448,kv
262144,H100NVL,H100NVLx72,Qwen3-30B-A3B,24,3,72,TP24/DP3/EP72,0.9,15,5,10826.230271696073,9906.607393407721,0.915056039340619,kv
262144,H100NVL,H100NVLx72,Qwen3-30B-A3B,24,3,72,TP24/DP3/EP72,0.95,27,9,10826.230271696073,10323.410967238098,0.953555458193741,kv
524288,H100NVL,H100NVLx72,Qwen3-30B-A3B,24,3,72,TP24/DP3/EP72,0.9,9,3,5412.6560233037135,5029.451986094296,0.9292022187333602,kv
524288,H100NVL,H100NVLx72,Qwen3-30B-A3B,24,3,72,TP24/DP3/EP72,0.95,15,5,5412.6560233037135,5188.995246875003,0.9586781839699847,kv
1048576,H100NVL,H100NVLx72,Qwen3-30B-A3B,24,3,72,TP24/DP3/EP72,0.9,6,2,2706.3280116518567,2563.997148423799,0.9474081254691727,kv
1048576,H100NVL,H100NVLx72,Qwen3-30B-A3B,24,3,72,TP24/DP3/EP72,0.95,9,3,2706.3280116518567,2615.2376335282197,0.9663417081257499,kv
8192,H100NVL,H100NVLx72,Qwen3-30B-A3B,36,2,72,TP36/DP2/EP72,0.9,454,227,346185.5788873794,311572.5681245782,0.9000160235615666,kv
8192,H100NVL,H100NVLx72,Qwen3-30B-A3B,36,2,72,TP36/DP2/EP72,0.95,898,449,346185.5788873794,328880.8550115861,0.9500131578807827,kv
16384,H100NVL,H100NVLx72,Qwen3-30B-A3B,36,2,72,TP36/DP2/EP72,0.9,228,114,173092.7894436897,155859.04629656035,0.9004363890459123,kv
16384,H100NVL,H100NVLx72,Qwen3-30B-A3B,36,2,72,TP36/DP2/EP72,0.95,450,225,173092.7894436897,164461.18709047686,0.9501330911532808,kv
32768,H100NVL,H100NVLx72,Qwen3-30B-A3B,36,2,72,TP36/DP2/EP72,0.9,114,57,86546.06268490726,77929.52314828018,0.9004398436009994,kv
32768,H100NVL,H100NVLx72,Qwen3-30B-A3B,36,2,72,TP36/DP2/EP72,0.95,226,113,86546.06268490726,82251.22312258398,0.9503751016616466,kv
65536,H100NVL,H100NVLx72,Qwen3-30B-A3B,36,2,72,TP36/DP2/EP72,0.9,58,29,43272.69877609793,39036.11935059424,0.9020957891389062,kv
65536,H100NVL,H100NVLx72,Qwen3-30B-A3B,36,2,72,TP36/DP2/EP72,0.95,114,57,43272.69877609793,41145.9848919753,0.9508532182120949,kv
131072,H100NVL,H100NVLx72,Qwen3-30B-A3B,36,2,72,TP36/DP2/EP72,0.9,30,15,21636.0157589094,19586.210844643185,0.9052595941365897,kv
131072,H100NVL,H100NVLx72,Qwen3-30B-A3B,36,2,72,TP36/DP2/EP72,0.95,58,29,21636.0157589094,20592.867894991523,0.9517865084060901,kv
262144,H100NVL,H100NVLx72,Qwen3-30B-A3B,36,2,72,TP36/DP2/EP72,0.9,16,8,10817.672108829966,9855.477810072467,0.9110534790593159,kv
262144,H100NVL,H100NVLx72,Qwen3-30B-A3B,36,2,72,TP36/DP2/EP72,0.95,30,15,10817.672108829966,10315.368621618321,0.9535663974505534,kv
524288,H100NVL,H100NVLx72,Qwen3-30B-A3B,36,2,72,TP36/DP2/EP72,0.9,8,4,5408.836054414983,4927.7389050362335,0.9110534790593159,kv
524288,H100NVL,H100NVLx72,Qwen3-30B-A3B,36,2,72,TP36/DP2/EP72,0.95,16,8,5408.836054414983,5174.932906244481,0.9567553636646877,kv
1048576,H100NVL,H100NVLx72,Qwen3-30B-A3B,36,2,72,TP36/DP2/EP72,0.9,4,2,2704.4180272074914,2463.8694525181168,0.9110534790593159,kv
1048576,H100NVL,H100NVLx72,Qwen3-30B-A3B,36,2,72,TP36/DP2/EP72,0.95,8,4,2704.4180272074914,2587.4664531222406,0.9567553636646877,kv
8192,H100NVL,H100NVLx72,Qwen3-30B-A3B,72,1,72,TP72/DP1/EP72,0.9,502,502,343278.0938393048,308964.21463265346,0.900040579860845,kv
8192,H100NVL,H100NVLx72,Qwen3-30B-A3B,72,1,72,TP72/DP1/EP72,0.95,933,933,343278.0938393048,326127.0089203124,0.9500373451531073,kv
16384,H100NVL,H100NVLx72,Qwen3-30B-A3B,72,1,72,TP72/DP1/EP72,0.9,268,268,172853.710460806,155606.57681449727,0.9002212124904344,kv
16384,H100NVL,H100NVLx72,Qwen3-30B-A3B,72,1,72,TP72/DP1/EP72,0.95,523,523,172853.710460806,164211.27745387258,0.9500014608659901,kv
32768,H100NVL,H100NVLx72,Qwen3-30B-A3B,72,1,72,TP72/DP1/EP72,0.9,134,134,86426.855230403,77803.28840724863,0.9002212124904344,kv
32768,H100NVL,H100NVLx72,Qwen3-30B-A3B,72,1,72,TP72/DP1/EP72,0.95,262,262,86426.855230403,82114.74608261355,0.9501068373216414,kv
65536,H100NVL,H100NVLx72,Qwen3-30B-A3B,72,1,72,TP72/DP1/EP72,0.9,67,67,43213.4276152015,38901.64420362432,0.9002212124904344,kv
65536,H100NVL,H100NVLx72,Qwen3-30B-A3B,72,1,72,TP72/DP1/EP72,0.95,131,131,43213.4276152015,41057.373041306775,0.9501068373216414,kv
131072,H100NVL,H100NVLx72,Qwen3-30B-A3B,72,1,72,TP72/DP1/EP72,0.9,34,34,21606.71380760075,19481.612143332775,0.9016462344440175,kv
131072,H100NVL,H100NVLx72,Qwen3-30B-A3B,72,1,72,TP72/DP1/EP72,0.95,66,66,21606.71380760075,20537.712599929684,0.9505245815171108,kv
262144,H100NVL,H100NVLx72,Qwen3-30B-A3B,72,1,72,TP72/DP1/EP72,0.9,17,17,10803.356903800375,9740.806071666388,0.9016462344440175,kv
262144,H100NVL,H100NVLx72,Qwen3-30B-A3B,72,1,72,TP72/DP1/EP72,0.95,33,33,10803.356903800375,10268.856299964842,0.9505245815171108,kv
524288,H100NVL,H100NVLx72,Qwen3-30B-A3B,72,1,72,TP72/DP1/EP72,0.9,9,9,5401.678451900188,4899.270325718651,0.9069903677800739,kv
524288,H100NVL,H100NVLx72,Qwen3-30B-A3B,72,1,72,TP72/DP1/EP72,0.95,17,17,5401.678451900188,5143.140970897447,0.9521375655169194,kv
1048576,H100NVL,H100NVLx72,Qwen3-30B-A3B,72,1,72,TP72/DP1/EP72,0.9,5,5,2700.640271912821,2474.569028005736,0.9162897605215069,kv
1048576,H100NVL,H100NVLx72,Qwen3-30B-A3B,72,1,72,TP72/DP1/EP72,0.95,9,9,2700.640271912821,2579.5957580914146,0.9551793272579497,kv
8192,H100NVL,H100NVLx72,Qwen3-32B,1,72,1,TP1/DP72/EP1,0.9,936,13,59926.829268292684,55646.34146341463,0.9285714285714285,weight
8192,H100NVL,H100NVLx72,Qwen3-32B,1,72,1,TP1/DP72/EP1,0.95,1008,14,59926.829268292684,59926.829268292684,1.0,weight
16384,H100NVL,H100NVLx72,Qwen3-32B,1,72,1,TP1/DP72/EP1,0.9,504,7,29963.414634146342,29963.414634146342,1.0,weight
16384,H100NVL,H100NVLx72,Qwen3-32B,1,72,1,TP1/DP72/EP1,0.95,504,7,29963.414634146342,29963.414634146342,1.0,weight
32768,H100NVL,H100NVLx72,Qwen3-32B,1,72,1,TP1/DP72/EP1,0.9,216,3,12841.463414634147,12841.463414634147,1.0,weight
32768,H100NVL,H100NVLx72,Qwen3-32B,1,72,1,TP1/DP72/EP1,0.95,216,3,12841.463414634147,12841.463414634147,1.0,weight
65536,H100NVL,H100NVLx72,Qwen3-32B,1,72,1,TP1/DP72/EP1,0.9,72,1,4280.487804878049,4280.487804878049,1.0,weight
65536,H100NVL,H100NVLx72,Qwen3-32B,1,72,1,TP1/DP72/EP1,0.95,72,1,4280.487804878049,4280.487804878049,1.0,weight
8192,H100NVL,H100NVLx72,Qwen3-32B,2,36,1,TP2/DP36/EP1,0.9,1620,45,208739.67428695897,191937.29683750038,0.9195055874890368,weight
8192,H100NVL,H100NVLx72,Qwen3-32B,2,36,1,TP2/DP36/EP1,0.95,1692,47,208739.67428695897,200467.8433636115,0.9603725024885494,weight
16384,H100NVL,H100NVLx72,Qwen3-32B,2,36,1,TP2/DP36/EP1,0.9,828,23,104366.73485961057,98101.28505027796,0.9399669845208762,weight
16384,H100NVL,H100NVLx72,Qwen3-32B,2,36,1,TP2/DP36/EP1,0.95,864,24,104366.73485961057,102366.55831333353,0.9808351142826535,weight
32768,H100NVL,H100NVLx72,Qwen3-32B,2,36,1,TP2/DP36/EP1,0.9,432,12,52183.36742980529,51183.279156666766,0.9808351142826535,weight
32768,H100NVL,H100NVLx72,Qwen3-32B,2,36,1,TP2/DP36/EP1,0.95,432,12,52183.36742980529,51183.279156666766,0.9808351142826535,weight
65536,H100NVL,H100NVLx72,Qwen3-32B,2,36,1,TP2/DP36/EP1,0.9,216,6,26088.36651505981,25591.639578333383,0.9809598298751405,weight
65536,H100NVL,H100NVLx72,Qwen3-32B,2,36,1,TP2/DP36/EP1,0.95,216,6,26088.36651505981,25591.639578333383,0.9809598298751405,weight
131072,H100NVL,H100NVLx72,Qwen3-32B,2,36,1,TP2/DP36/EP1,0.9,108,3,13040.245772447057,12795.819789166691,0.9812560294072972,weight
131072,H100NVL,H100NVLx72,Qwen3-32B,2,36,1,TP2/DP36/EP1,0.95,108,3,13040.245772447057,12795.819789166691,0.9812560294072972,weight
262144,H100NVL,H100NVLx72,Qwen3-32B,2,36,1,TP2/DP36/EP1,0.9,72,2,6520.122886223528,6520.122886223528,1.0,kv
262144,H100NVL,H100NVLx72,Qwen3-32B,2,36,1,TP2/DP36/EP1,0.95,72,2,6520.122886223528,6520.122886223528,1.0,kv
524288,H100NVL,H100NVLx72,Qwen3-32B,2,36,1,TP2/DP36/EP1,0.9,36,1,3260.061443111764,3260.061443111764,1.0,kv
524288,H100NVL,H100NVLx72,Qwen3-32B,2,36,1,TP2/DP36/EP1,0.95,36,1,3260.061443111764,3260.061443111764,1.0,kv
8192,H100NVL,H100NVLx72,Qwen3-32B,4,18,1,TP4/DP18/EP1,0.9,810,45,208496.04801539128,189912.22796681494,0.9108672791380464,weight
8192,H100NVL,H100NVLx72,Qwen3-32B,4,18,1,TP4/DP18/EP1,0.95,846,47,208496.04801539128,198352.77143200673,0.9513502693219597,weight
16384,H100NVL,H100NVLx72,Qwen3-32B,4,18,1,TP4/DP18/EP1,0.9,414,23,104246.25719855825,97066.24984970542,0.9311245550506716,weight
16384,H100NVL,H100NVLx72,Qwen3-32B,4,18,1,TP4/DP18/EP1,0.95,432,24,104246.25719855825,101286.52158230131,0.9716082313572226,weight
32768,H100NVL,H100NVLx72,Qwen3-32B,4,18,1,TP4/DP18/EP1,0.9,216,12,52121.33538009313,50643.26079115066,0.9716416592521342,weight
32768,H100NVL,H100NVLx72,Qwen3-32B,4,18,1,TP4/DP18/EP1,0.95,216,12,52121.33538009313,50643.26079115066,0.9716416592521342,weight
65536,H100NVL,H100NVLx72,Qwen3-32B,4,18,1,TP4/DP18/EP1,0.9,108,6,26060.667690046565,25321.63039557533,0.9716416592521342,weight
65536,H100NVL,H100NVLx72,Qwen3-32B,4,18,1,TP4/DP18/EP1,0.95,108,6,26060.667690046565,25321.63039557533,0.9716416592521342,weight
131072,H100NVL,H100NVLx72,Qwen3-32B,4,18,1,TP4/DP18/EP1,0.9,54,3,13028.447567009054,12660.815197787664,0.9717823349765541,weight
131072,H100NVL,H100NVLx72,Qwen3-32B,4,18,1,TP4/DP18/EP1,0.95,54,3,13028.447567009054,12660.815197787664,0.9717823349765541,weight
262144,H100NVL,H100NVLx72,Qwen3-32B,4,18,1,TP4/DP18/EP1,0.9,36,2,6514.223783504527,6467.412481058036,0.9928139861321578,kv
262144,H100NVL,H100NVLx72,Qwen3-32B,4,18,1,TP4/DP18/EP1,0.95,36,2,6514.223783504527,6467.412481058036,0.9928139861321578,kv
524288,H100NVL,H100NVLx72,Qwen3-32B,4,18,1,TP4/DP18/EP1,0.9,18,1,3257.1118917522635,3233.706240529018,0.9928139861321578,kv
524288,H100NVL,H100NVLx72,Qwen3-32B,4,18,1,TP4/DP18/EP1,0.95,18,1,3257.1118917522635,3233.706240529018,0.9928139861321578,kv
1048576,H100NVL,H100NVLx72,Qwen3-32B,4,18,1,TP4/DP18/EP1,0.9,18,1,1625.6143859051679,1625.6143859051679,1.0,kv
1048576,H100NVL,H100NVLx72,Qwen3-32B,4,18,1,TP4/DP18/EP1,0.95,18,1,1625.6143859051679,1625.6143859051679,1.0,kv
8192,H100NVL,H100NVLx72,Qwen3-32B,8,9,1,TP8/DP9/EP1,0.9,414,46,208254.73278163094,188820.0210501696,0.9066781749837112,weight
8192,H100NVL,H100NVLx72,Qwen3-32B,8,9,1,TP8/DP9/EP1,0.95,441,49,208254.73278163094,200645.46639754597,0.9634617361034297,kv
16384,H100NVL,H100NVLx72,Qwen3-32B,8,9,1,TP8/DP9/EP1,0.9,207,23,104126.31663536953,94410.0105250848,0.9066873157118447,weight
16384,H100NVL,H100NVLx72,Qwen3-32B,8,9,1,TP8/DP9/EP1,0.95,225,25,104126.31663536953,100404.96095477052,0.9642611416513418,kv
32768,H100NVL,H100NVLx72,Qwen3-32B,8,9,1,TP8/DP9/EP1,0.9,108,12,52062.10162693611,49257.39679569642,0.9461277062663067,weight
32768,H100NVL,H100NVLx72,Qwen3-32B,8,9,1,TP8/DP9/EP1,0.95,117,13,52062.10162693611,50280.14780472578,0.9657725338293224,kv
65536,H100NVL,H100NVLx72,Qwen3-32B,8,9,1,TP8/DP9/EP1,0.9,54,6,26029.980036393154,24628.69839784821,0.9461666264597292,weight
65536,H100NVL,H100NVLx72,Qwen3-32B,8,9,1,TP8/DP9/EP1,0.95,63,7,26029.980036393154,25209.719419865443,0.9684878507251683,kv
131072,H100NVL,H100NVLx72,Qwen3-32B,8,9,1,TP8/DP9/EP1,0.9,27,3,13014.990018196577,12314.349198924105,0.9461666264597292,weight
131072,H100NVL,H100NVLx72,Qwen3-32B,8,9,1,TP8/DP9/EP1,0.95,36,4,13014.990018196577,12661.860056245498,0.9728674427366168,kv
262144,H100NVL,H100NVLx72,Qwen3-32B,8,9,1,TP8/DP9/EP1,0.9,18,2,6507.495009098288,6330.930028122749,0.9728674427366168,kv
262144,H100NVL,H100NVLx72,Qwen3-32B,8,9,1,TP8/DP9/EP1,0.95,18,2,6507.495009098288,6330.930028122749,0.9728674427366168,kv
524288,H100NVL,H100NVLx72,Qwen3-32B,8,9,1,TP8/DP9/EP1,0.9,9,1,3253.747504549144,3165.4650140613744,0.9728674427366168,kv
524288,H100NVL,H100NVLx72,Qwen3-32B,8,9,1,TP8/DP9/EP1,0.95,9,1,3253.747504549144,3165.4650140613744,0.9728674427366168,kv
1048576,H100NVL,H100NVLx72,Qwen3-32B,8,9,1,TP8/DP9/EP1,0.9,9,1,1625.6143859051676,1608.1857862430022,0.9892787614250468,kv
1048576,H100NVL,H100NVLx72,Qwen3-32B,8,9,1,TP8/DP9/EP1,0.95,9,1,1625.6143859051676,1608.1857862430022,0.9892787614250468,kv
8192,H100NVL,H100NVLx72,Qwen3-32B,12,6,1,TP12/DP6/EP1,0.9,288,48,208108.44788375538,190822.21011488565,0.9169363956886295,weight
8192,H100NVL,H100NVLx72,Qwen3-32B,12,6,1,TP12/DP6/EP1,0.95,390,65,208108.44788375538,197800.46028823545,0.9504681924239917,kv
16384,H100NVL,H100NVLx72,Qwen3-32B,12,6,1,TP12/DP6/EP1,0.9,144,24,104053.44630529024,95411.10505744282,0.9169432483524764,weight
16384,H100NVL,H100NVLx72,Qwen3-32B,12,6,1,TP12/DP6/EP1,0.95,198,33,104053.44630529024,98982.03536228625,0.951261480296149,kv
32768,H100NVL,H100NVLx72,Qwen3-32B,12,6,1,TP12/DP6/EP1,0.9,72,12,52025.94221982391,47705.55252872141,0.9169570120835551,weight
32768,H100NVL,H100NVLx72,Qwen3-32B,12,6,1,TP12/DP6/EP1,0.95,102,17,52025.94221982391,49569.40247642389,0.9527824074185824,kv
65536,H100NVL,H100NVLx72,Qwen3-32B,12,6,1,TP12/DP6/EP1,0.9,36,6,26012.971109911956,23852.776264360706,0.9169570120835551,weight
65536,H100NVL,H100NVLx72,Qwen3-32B,12,6,1,TP12/DP6/EP1,0.95,54,9,26012.971109911956,24856.877344320645,0.955557027272798,kv
131072,H100NVL,H100NVLx72,Qwen3-32B,12,6,1,TP12/DP6/EP1,0.9,18,3,13006.485554955978,11926.388132180353,0.9169570120835551,weight
131072,H100NVL,H100NVLx72,Qwen3-32B,12,6,1,TP12/DP6/EP1,0.95,30,5,13006.485554955978,12490.273138519367,0.9603111529047973,kv
262144,H100NVL,H100NVLx72,Qwen3-32B,12,6,1,TP12/DP6/EP1,0.9,12,2,6503.242777477989,6176.000625938398,0.9496801576172283,kv
262144,H100NVL,H100NVLx72,Qwen3-32B,12,6,1,TP12/DP6/EP1,0.95,18,3,6503.242777477989,6292.093583646876,0.967531706710633,kv
524288,H100NVL,H100NVLx72,Qwen3-32B,12,6,1,TP12/DP6/EP1,0.9,6,1,3251.6213887389945,3088.000312969199,0.9496801576172283,kv
524288,H100NVL,H100NVLx72,Qwen3-32B,12,6,1,TP12/DP6/EP1,0.95,12,2,3251.6213887389945,3175.8961392009537,0.9767115415711398,kv
1048576,H100NVL,H100NVLx72,Qwen3-32B,12,6,1,TP12/DP6/EP1,0.9,6,1,1624.9496969907832,1587.9480696004769,0.9772290628695589,kv
1048576,H100NVL,H100NVLx72,Qwen3-32B,12,6,1,TP12/DP6/EP1,0.95,6,1,1624.9496969907832,1587.9480696004769,0.9772290628695589,kv
8192,H100NVL,H100NVLx72,Qwen3-32B,18,4,1,TP18/DP4/EP1,0.9,224,56,207958.22934422153,187325.3524770426,0.9007835519073087,kv
8192,H100NVL,H100NVLx72,Qwen3-32B,18,4,1,TP18/DP4/EP1,0.95,444,111,207958.22934422153,197566.56052289542,0.9500300187489799,kv
16384,H100NVL,H100NVLx72,Qwen3-32B,18,4,1,TP18/DP4/EP1,0.9,112,28,103978.53969532363,93662.6762385213,0.9007885330277793,kv
16384,H100NVL,H100NVLx72,Qwen3-32B,18,4,1,TP18/DP4/EP1,0.95,224,56,103978.53969532363,98832.40059298756,0.9505076805520137,kv
32768,H100NVL,H100NVLx72,Qwen3-32B,18,4,1,TP18/DP4/EP1,0.9,56,14,51989.26984766182,46831.33811926065,0.9007885330277793,kv
32768,H100NVL,H100NVLx72,Qwen3-32B,18,4,1,TP18/DP4/EP1,0.95,112,28,51989.26984766182,49416.20029649378,0.9505076805520137,kv
65536,H100NVL,H100NVLx72,Qwen3-32B,18,4,1,TP18/DP4/EP1,0.9,28,7,25994.057301143945,23415.669059630323,0.9008085497526332,kv
65536,H100NVL,H100NVLx72,Qwen3-32B,18,4,1,TP18/DP4/EP1,0.95,56,14,25994.057301143945,24708.10014824689,0.9505288021027612,kv
131072,H100NVL,H100NVLx72,Qwen3-32B,18,4,1,TP18/DP4/EP1,0.9,16,4,12996.444601185041,11862.966517282446,0.9127855256814434,kv
131072,H100NVL,H100NVLx72,Qwen3-32B,18,4,1,TP18/DP4/EP1,0.95,28,7,12996.444601185041,12354.050074123445,0.9505715180747955,kv
262144,H100NVL,H100NVLx72,Qwen3-32B,18,4,1,TP18/DP4/EP1,0.9,8,2,6497.625059094473,5931.483258641223,0.9128694260896383,kv
262144,H100NVL,H100NVLx72,Qwen3-32B,18,4,1,TP18/DP4/EP1,0.95,16,4,6497.625059094473,6219.938834971677,0.9572634275450953,kv
524288,H100NVL,H100NVLx72,Qwen3-32B,18,4,1,TP18/DP4/EP1,0.9,4,1,3248.1874701007982,2965.7416293206115,0.9130450925692962,kv
524288,H100NVL,H100NVLx72,Qwen3-32B,18,4,1,TP18/DP4/EP1,0.95,8,2,3248.1874701007982,3109.9694174858387,0.957447636909125,kv
1048576,H100NVL,H100NVLx72,Qwen3-32B,18,4,1,TP18/DP4/EP1,0.9,4,1,1624.0937350503991,1554.9847087429193,0.957447636909125,kv
1048576,H100NVL,H100NVLx72,Qwen3-32B,18,4,1,TP18/DP4/EP1,0.95,4,1,1624.0937350503991,1554.9847087429193,0.957447636909125,kv
8192,H100NVL,H100NVLx72,Qwen3-32B,24,3,1,TP24/DP3/EP1,0.9,246,82,207849.51703995428,187301.85617771835,0.9011416473087781,kv
8192,H100NVL,H100NVLx72,Qwen3-32B,24,3,1,TP24/DP3/EP1,0.95,486,162,207849.51703995428,197516.9748108326,0.9502883510326584,kv
16384,H100NVL,H100NVLx72,Qwen3-32B,24,3,1,TP24/DP3/EP1,0.9,123,41,103924.29548883854,93650.92808885917,0.9011456623145189,kv
16384,H100NVL,H100NVLx72,Qwen3-32B,24,3,1,TP24/DP3/EP1,0.95,243,81,103924.29548883854,98758.4874054163,0.950292585009854,kv
32768,H100NVL,H100NVLx72,Qwen3-32B,24,3,1,TP24/DP3/EP1,0.9,63,21,51961.683768057024,46942.516652720784,0.9034063804063692,kv
32768,H100NVL,H100NVLx72,Qwen3-32B,24,3,1,TP24/DP3/EP1,0.95,123,41,51961.683768057024,49412.92989722929,0.9509493594894907,kv
65536,H100NVL,H100NVLx72,Qwen3-32B,24,3,1,TP24/DP3/EP1,0.9,33,11,25980.376008189734,23581.114510250176,0.9076510094702538,kv
65536,H100NVL,H100NVLx72,Qwen3-32B,24,3,1,TP24/DP3/EP1,0.95,63,21,25980.376008189734,24739.01304671663,0.9522192072554381,kv
131072,H100NVL,H100NVLx72,Qwen3-32B,24,3,1,TP24/DP3/EP1,0.9,18,6,12990.188004094867,11887.928872089265,0.9151467914353404,kv
131072,H100NVL,H100NVLx72,Qwen3-32B,24,3,1,TP24/DP3/EP1,0.95,33,11,12990.188004094867,12399.95013132068,0.9545627921175485,kv
262144,H100NVL,H100NVLx72,Qwen3-32B,24,3,1,TP24/DP3/EP1,0.9,9,3,6494.621698527758,5943.964436044633,0.9152133429714695,kv
262144,H100NVL,H100NVLx72,Qwen3-32B,24,3,1,TP24/DP3/EP1,0.95,18,6,6494.621698527758,6226.794296250004,0.9587616623862069,kv
524288,H100NVL,H100NVLx72,Qwen3-32B,24,3,1,TP24/DP3/EP1,0.9,6,2,3246.822553438902,3041.04654948636,0.9366223436711709,kv
524288,H100NVL,H100NVLx72,Qwen3-32B,24,3,1,TP24/DP3/EP1,0.95,9,3,3246.822553438902,3113.397148125002,0.9589058523778635,kv
1048576,H100NVL,H100NVLx72,Qwen3-32B,24,3,1,TP24/DP3/EP1,0.9,3,1,1623.411276719451,1520.52327474318,0.9366223436711709,kv
1048576,H100NVL,H100NVLx72,Qwen3-32B,24,3,1,TP24/DP3/EP1,0.95,6,2,1623.411276719451,1575.4394891228521,0.9704500096281584,kv
8192,H100NVL,H100NVLx72,Qwen3-32B,36,2,1,TP36/DP2/EP1,0.9,274,137,207694.4330680819,187059.8084897848,0.9006491205687102,kv
8192,H100NVL,H100NVLx72,Qwen3-32B,36,2,1,TP36/DP2/EP1,0.95,538,269,207694.4330680819,197311.84711248687,0.9500102828842233,kv
16384,H100NVL,H100NVLx72,Qwen3-32B,36,2,1,TP36/DP2/EP1,0.9,138,69,103847.21653404096,93601.72338133151,0.9013407051757523,kv
16384,H100NVL,H100NVLx72,Qwen3-32B,36,2,1,TP36/DP2/EP1,0.95,270,135,103847.21653404096,98676.71225428612,0.9502104682983009,kv
32768,H100NVL,H100NVLx72,Qwen3-32B,36,2,1,TP36/DP2/EP1,0.9,70,35,51923.60826702048,46871.30167177154,0.902697313151522,kv
32768,H100NVL,H100NVLx72,Qwen3-32B,36,2,1,TP36/DP2/EP1,0.95,136,68,51923.60826702048,49358.92844467805,0.9506066718408052,kv
65536,H100NVL,H100NVLx72,Qwen3-32B,36,2,1,TP36/DP2/EP1,0.9,36,18,25961.46414299585,23503.45301357182,0.9053207817600234,kv
65536,H100NVL,H100NVLx72,Qwen3-32B,36,2,1,TP36/DP2/EP1,0.95,68,34,25961.46414299585,24679.464222339026,0.9506191209557534,kv
131072,H100NVL,H100NVLx72,Qwen3-32B,36,2,1,TP36/DP2/EP1,0.9,18,9,12980.390246687237,11751.72650678591,0.9053446224226658,kv
131072,H100NVL,H100NVLx72,Qwen3-32B,36,2,1,TP36/DP2/EP1,0.95,34,17,12980.390246687237,12339.732111169513,0.9506441545021169,kv
262144,H100NVL,H100NVLx72,Qwen3-32B,36,2,1,TP36/DP2/EP1,0.9,10,5,6490.195123343618,5935.970439600916,0.9146058518719576,kv
262144,H100NVL,H100NVLx72,Qwen3-32B,36,2,1,TP36/DP2/EP1,0.95,18,9,6490.195123343618,6189.2211729709925,0.9536263633600017,kv
524288,H100NVL,H100NVLx72,Qwen3-32B,36,2,1,TP36/DP2/EP1,0.9,6,3,3244.749499819966,3014.236450589167,0.9289581370630956,kv
524288,H100NVL,H100NVLx72,Qwen3-32B,36,2,1,TP36/DP2/EP1,0.95,10,5,3244.749499819966,3111.2025306877254,0.9588421327625907,kv
1048576,H100NVL,H100NVLx72,Qwen3-32B,36,2,1,TP36/DP2/EP1,0.9,4,2,1622.374749909983,1537.058935188014,0.9474130038533313,kv
1048576,H100NVL,H100NVLx72,Qwen3-32B,36,2,1,TP36/DP2/EP1,0.95,6,3,1622.374749909983,1568.2133734242827,0.9666159890070372,kv
8192,H100NVL,H100NVLx72,Qwen3-32B,72,1,1,TP72/DP1/EP1,0.9,319,319,207252.87665168635,186564.47191535565,0.9001779609983408,kv
8192,H100NVL,H100NVLx72,Qwen3-32B,72,1,1,TP72/DP1/EP1,0.95,619,619,207252.87665168635,196894.55241732672,0.9500208421629387,kv
16384,H100NVL,H100NVLx72,Qwen3-32B,72,1,1,TP72/DP1/EP1,0.9,161,161,103711.2783855205,93376.41233197275,0.900349641674163,kv
16384,H100NVL,H100NVLx72,Qwen3-32B,72,1,1,TP72/DP1/EP1,0.95,314,314,103711.2783855205,98530.4137857445,0.9500453115569799,kv
32768,H100NVL,H100NVLx72,Qwen3-32B,72,1,1,TP72/DP1/EP1,0.9,81,81,51855.63919276025,46719.16556418954,0.900946672174319,kv
32768,H100NVL,H100NVLx72,Qwen3-32B,72,1,1,TP72/DP1/EP1,0.95,157,157,51855.63919276025,49265.20689287225,0.9500453115569799,kv
65536,H100NVL,H100NVLx72,Qwen3-32B,72,1,1,TP72/DP1/EP1,0.9,41,41,25927.819596380126,23390.035652170034,0.9021211970880729,kv
65536,H100NVL,H100NVLx72,Qwen3-32B,72,1,1,TP72/DP1/EP1,0.95,79,79,25927.819596380126,24641.661913425844,0.9503946840507234,kv
131072,H100NVL,H100NVLx72,Qwen3-32B,72,1,1,TP72/DP1/EP1,0.9,21,21,12963.711761520552,11724.495488454551,0.9044088378496431,kv
131072,H100NVL,H100NVLx72,Qwen3-32B,72,1,1,TP72/DP1/EP1,0.95,40,40,12963.711761520552,12329.72926804658,0.9510956040108987,kv
262144,H100NVL,H100NVLx72,Qwen3-32B,72,1,1,TP72/DP1/EP1,0.9,11,11,6481.855880760276,5889.914761278734,0.9086772167769779,kv
262144,H100NVL,H100NVLx72,Qwen3-32B,72,1,1,TP72/DP1/EP1,0.95,20,20,6481.855880760276,6164.86463402329,0.9510956040108987,kv
524288,H100NVL,H100NVLx72,Qwen3-32B,72,1,1,TP72/DP1/EP1,0.9,6,6,3240.927940380138,2969.4828336068836,0.9162446337077721,kv
524288,H100NVL,H100NVLx72,Qwen3-32B,72,1,1,TP72/DP1/EP1,0.95,10,10,3240.927940380138,3082.432317011645,0.9510956040108987,kv
1048576,H100NVL,H100NVLx72,Qwen3-32B,72,1,1,TP72/DP1/EP1,0.9,3,3,1620.463970190069,1484.7414168034418,0.9162446337077721,kv
1048576,H100NVL,H100NVLx72,Qwen3-32B,72,1,1,TP72/DP1/EP1,0.95,5,5,1620.463970190069,1541.2161585058225,0.9510956040108987,kv
8192,H100NVL,H100NVLx72,Llama-3.3-70B,2,36,1,TP2/DP36/EP1,0.9,360,10,19853.783390132503,19853.783390132503,1.0,weight
8192,H100NVL,H100NVLx72,Llama-3.3-70B,2,36,1,TP2/DP36/EP1,0.95,360,10,19853.783390132503,19853.783390132503,1.0,weight
16384,H100NVL,H100NVLx72,Llama-3.3-70B,2,36,1,TP2/DP36/EP1,0.9,180,5,9926.891695066251,9926.891695066251,1.0,weight
16384,H100NVL,H100NVLx72,Llama-3.3-70B,2,36,1,TP2/DP36/EP1,0.95,180,5,9926.891695066251,9926.891695066251,1.0,weight
32768,H100NVL,H100NVLx72,Llama-3.3-70B,2,36,1,TP2/DP36/EP1,0.9,72,2,3970.7566780265006,3970.7566780265006,1.0,weight
32768,H100NVL,H100NVLx72,Llama-3.3-70B,2,36,1,TP2/DP36/EP1,0.95,72,2,3970.7566780265006,3970.7566780265006,1.0,weight
65536,H100NVL,H100NVLx72,Llama-3.3-70B,2,36,1,TP2/DP36/EP1,0.9,36,1,1985.3783390132503,1985.3783390132503,1.0,weight
65536,H100NVL,H100NVLx72,Llama-3.3-70B,2,36,1,TP2/DP36/EP1,0.95,36,1,1985.3783390132503,1985.3783390132503,1.0,weight
8192,H100NVL,H100NVLx72,Llama-3.3-70B,4,18,1,TP4/DP18/EP1,0.9,864,48,104108.87174434499,94827.48916530648,0.9108492636263474,weight
8192,H100NVL,H100NVLx72,Llama-3.3-70B,4,18,1,TP4/DP18/EP1,0.95,918,51,104108.87174434499,100754.20723813814,0.9677773426029942,weight
16384,H100NVL,H100NVLx72,Llama-3.3-70B,4,18,1,TP4/DP18/EP1,0.9,432,24,52050.99918343698,47413.74458265324,0.9109094028254631,weight
16384,H100NVL,H100NVLx72,Llama-3.3-70B,4,18,1,TP4/DP18/EP1,0.95,468,26,52050.99918343698,51364.88996454101,0.9868185197275849,weight
32768,H100NVL,H100NVLx72,Llama-3.3-70B,4,18,1,TP4/DP18/EP1,0.9,216,12,26025.49959171849,23706.87229132662,0.9109094028254631,weight
32768,H100NVL,H100NVLx72,Llama-3.3-70B,4,18,1,TP4/DP18/EP1,0.95,234,13,26025.49959171849,25682.444982270506,0.9868185197275849,weight
65536,H100NVL,H100NVLx72,Llama-3.3-70B,4,18,1,TP4/DP18/EP1,0.9,108,6,13012.749795859245,11853.43614566331,0.9109094028254631,weight
65536,H100NVL,H100NVLx72,Llama-3.3-70B,4,18,1,TP4/DP18/EP1,0.95,126,7,13012.749795859245,12994.855742271153,0.9986248829902358,kv
131072,H100NVL,H100NVLx72,Llama-3.3-70B,4,18,1,TP4/DP18/EP1,0.9,54,3,6502.4575436206715,5926.718072831655,0.911458173017392,weight
131072,H100NVL,H100NVLx72,Llama-3.3-70B,4,18,1,TP4/DP18/EP1,0.95,72,4,6502.4575436206715,6502.4575436206715,1.0,kv
262144,H100NVL,H100NVLx72,Llama-3.3-70B,4,18,1,TP4/DP18/EP1,0.9,36,2,3251.2287718103357,3251.2287718103357,1.0,kv
262144,H100NVL,H100NVLx72,Llama-3.3-70B,4,18,1,TP4/DP18/EP1,0.95,36,2,3251.2287718103357,3251.2287718103357,1.0,kv
524288,H100NVL,H100NVLx72,Llama-3.3-70B,4,18,1,TP4/DP18/EP1,0.9,18,1,1625.6143859051679,1625.6143859051679,1.0,kv
524288,H100NVL,H100NVLx72,Llama-3.3-70B,4,18,1,TP4/DP18/EP1,0.95,18,1,1625.6143859051679,1625.6143859051679,1.0,kv
8192,H100NVL,H100NVLx72,Llama-3.3-70B,8,9,1,TP8/DP9/EP1,0.9,441,49,104059.15521079289,95544.6919615577,0.9181767021653461,weight
8192,H100NVL,H100NVLx72,Llama-3.3-70B,8,9,1,TP8/DP9/EP1,0.95,459,51,104059.15521079289,99444.4753069274,0.9556533022537276,weight
16384,H100NVL,H100NVLx72,Llama-3.3-70B,8,9,1,TP8/DP9/EP1,0.9,225,25,52028.20356070083,48747.29181712128,0.9369397457716998,weight
16384,H100NVL,H100NVLx72,Llama-3.3-70B,8,9,1,TP8/DP9/EP1,0.95,234,26,52028.20356070083,50697.18348980613,0.9744173356025677,weight
32768,H100NVL,H100NVLx72,Llama-3.3-70B,8,9,1,TP8/DP9/EP1,0.9,117,13,26012.706816007612,25348.591744903064,0.9744695899660905,weight
32768,H100NVL,H100NVLx72,Llama-3.3-70B,8,9,1,TP8/DP9/EP1,0.95,117,13,26012.706816007612,25348.591744903064,0.9744695899660905,weight
65536,H100NVL,H100NVLx72,Llama-3.3-70B,8,9,1,TP8/DP9/EP1,0.9,63,7,13004.915087241341,12835.99676487326,0.9870111937498307,kv
65536,H100NVL,H100NVLx72,Llama-3.3-70B,8,9,1,TP8/DP9/EP1,0.95,63,7,13004.915087241341,12835.99676487326,0.9870111937498307,kv
131072,H100NVL,H100NVLx72,Llama-3.3-70B,8,9,1,TP8/DP9/EP1,0.9,36,4,6502.457543620671,6432.743144972009,0.9892787614250468,kv
131072,H100NVL,H100NVLx72,Llama-3.3-70B,8,9,1,TP8/DP9/EP1,0.95,36,4,6502.457543620671,6432.743144972009,0.9892787614250468,kv
262144,H100NVL,H100NVLx72,Llama-3.3-70B,8,9,1,TP8/DP9/EP1,0.9,18,2,3251.2287718103353,3216.3715724860044,0.9892787614250468,kv
262144,H100NVL,H100NVLx72,Llama-3.3-70B,8,9,1,TP8/DP9/EP1,0.95,18,2,3251.2287718103353,3216.3715724860044,0.9892787614250468,kv
524288,H100NVL,H100NVLx72,Llama-3.3-70B,8,9,1,TP8/DP9/EP1,0.9,9,1,1625.6143859051676,1608.1857862430022,0.9892787614250468,kv
524288,H100NVL,H100NVLx72,Llama-3.3-70B,8,9,1,TP8/DP9/EP1,0.95,9,1,1625.6143859051676,1608.1857862430022,0.9892787614250468,kv
1048576,H100NVL,H100NVLx72,Llama-3.3-70B,8,9,1,TP8/DP9/EP1,0.9,9,1,810.6109582274723,810.6109582274723,1.0,kv
1048576,H100NVL,H100NVLx72,Llama-3.3-70B,8,9,1,TP8/DP9/EP1,0.95,9,1,810.6109582274723,810.6109582274723,1.0,kv
8192,H100NVL,H100NVLx72,Llama-3.3-70B,12,6,1,TP12/DP6/EP1,0.9,294,49,104006.1017682253,94090.75217582278,0.9046656934176939,weight
8192,H100NVL,H100NVLx72,Llama-3.3-70B,12,6,1,TP12/DP6/EP1,0.95,312,52,104006.1017682253,99851.41047230174,0.960053388933063,weight
16384,H100NVL,H100NVLx72,Llama-3.3-70B,12,6,1,TP12/DP6/EP1,0.9,150,25,52002.1302094237,48005.485803991214,0.923144602166543,weight
16384,H100NVL,H100NVLx72,Llama-3.3-70B,12,6,1,TP12/DP6/EP1,0.95,156,26,52002.1302094237,49925.70523615087,0.9600703862532048,weight
32768,H100NVL,H100NVLx72,Llama-3.3-70B,12,6,1,TP12/DP6/EP1,0.9,78,13,26001.06510471185,24962.852618075434,0.9600703862532048,weight
32768,H100NVL,H100NVLx72,Llama-3.3-70B,12,6,1,TP12/DP6/EP1,0.95,78,13,26001.06510471185,24962.852618075434,0.9600703862532048,weight
65536,H100NVL,H100NVLx72,Llama-3.3-70B,12,6,1,TP12/DP6/EP1,0.9,42,7,12999.597575926266,12652.1379429352,0.9732715085246546,kv
65536,H100NVL,H100NVLx72,Llama-3.3-70B,12,6,1,TP12/DP6/EP1,0.95,42,7,12999.597575926266,12652.1379429352,0.9732715085246546,kv
131072,H100NVL,H100NVLx72,Llama-3.3-70B,12,6,1,TP12/DP6/EP1,0.9,24,4,6499.798787963133,6351.792278401907,0.9772290628695589,kv
131072,H100NVL,H100NVLx72,Llama-3.3-70B,12,6,1,TP12/DP6/EP1,0.95,24,4,6499.798787963133,6351.792278401907,0.9772290628695589,kv
262144,H100NVL,H100NVLx72,Llama-3.3-70B,12,6,1,TP12/DP6/EP1,0.9,12,2,3249.8993939815664,3175.8961392009537,0.9772290628695589,kv
262144,H100NVL,H100NVLx72,Llama-3.3-70B,12,6,1,TP12/DP6/EP1,0.95,12,2,3249.8993939815664,3175.8961392009537,0.9772290628695589,kv
524288,H100NVL,H100NVLx72,Llama-3.3-70B,12,6,1,TP12/DP6/EP1,0.9,6,1,1624.9496969907832,1587.9480696004769,0.9772290628695589,kv
524288,H100NVL,H100NVLx72,Llama-3.3-70B,12,6,1,TP12/DP6/EP1,0.95,6,1,1624.9496969907832,1587.9480696004769,0.9772290628695589,kv
1048576,H100NVL,H100NVLx72,Llama-3.3-70B,12,6,1,TP12/DP6/EP1,0.9,6,1,811.2933247619583,805.4368801505171,0.9927813474699062,kv
1048576,H100NVL,H100NVLx72,Llama-3.3-70B,12,6,1,TP12/DP6/EP1,0.95,6,1,811.2933247619583,805.4368801505171,0.9927813474699062,kv
8192,H100NVL,H100NVLx72,Llama-3.3-70B,18,4,1,TP18/DP4/EP1,0.9,200,50,103944.56695017361,93611.3194476482,0.900588863798156,weight
8192,H100NVL,H100NVLx72,Llama-3.3-70B,18,4,1,TP18/DP4/EP1,0.95,224,56,103944.56695017361,98832.40059298756,0.9508183399365491,kv
16384,H100NVL,H100NVLx72,Llama-3.3-70B,18,4,1,TP18/DP4/EP1,0.9,100,25,51972.283475086806,46805.6597238241,0.900588863798156,weight
16384,H100NVL,H100NVLx72,Llama-3.3-70B,18,4,1,TP18/DP4/EP1,0.95,112,28,51972.283475086806,49416.20029649378,0.9508183399365491,kv
32768,H100NVL,H100NVLx72,Llama-3.3-70B,18,4,1,TP18/DP4/EP1,0.9,52,13,25985.499760806386,24338.943056388533,0.9366355575388496,weight
32768,H100NVL,H100NVLx72,Llama-3.3-70B,18,4,1,TP18/DP4/EP1,0.95,56,14,25985.499760806386,24708.10014824689,0.9508418300853239,kv
65536,H100NVL,H100NVLx72,Llama-3.3-70B,18,4,1,TP18/DP4/EP1,0.9,28,7,12992.749880403193,12354.050074123445,0.9508418300853239,kv
65536,H100NVL,H100NVLx72,Llama-3.3-70B,18,4,1,TP18/DP4/EP1,0.95,28,7,12992.749880403193,12354.050074123445,0.9508418300853239,kv
131072,H100NVL,H100NVLx72,Llama-3.3-70B,18,4,1,TP18/DP4/EP1,0.9,16,4,6496.3749402015965,6219.938834971677,0.957447636909125,kv
131072,H100NVL,H100NVLx72,Llama-3.3-70B,18,4,1,TP18/DP4/EP1,0.95,16,4,6496.3749402015965,6219.938834971677,0.957447636909125,kv
262144,H100NVL,H100NVLx72,Llama-3.3-70B,18,4,1,TP18/DP4/EP1,0.9,8,2,3248.1874701007982,3109.9694174858387,0.957447636909125,kv
262144,H100NVL,H100NVLx72,Llama-3.3-70B,18,4,1,TP18/DP4/EP1,0.95,8,2,3248.1874701007982,3109.9694174858387,0.957447636909125,kv
524288,H100NVL,H100NVLx72,Llama-3.3-70B,18,4,1,TP18/DP4/EP1,0.9,4,1,1624.0937350503991,1554.9847087429193,0.957447636909125,kv
524288,H100NVL,H100NVLx72,Llama-3.3-70B,18,4,1,TP18/DP4/EP1,0.95,4,1,1624.0937350503991,1554.9847087429193,0.957447636909125,kv
1048576,H100NVL,H100NVLx72,Llama-3.3-70B,18,4,1,TP18/DP4/EP1,0.9,4,1,812.0468675251996,796.8687242515243,0.9813087841593032,kv
1048576,H100NVL,H100NVLx72,Llama-3.3-70B,18,4,1,TP18/DP4/EP1,0.95,4,1,812.0468675251996,796.8687242515243,0.9813087841593032,kv
8192,H100NVL,H100NVLx72,Llama-3.3-70B,24,3,1,TP24/DP3/EP1,0.9,156,52,103897.32166240695,94769.69206787685,0.9121475948707469,weight
8192,H100NVL,H100NVLx72,Llama-3.3-70B,24,3,1,TP24/DP3/EP1,0.95,243,81,103897.32166240695,98758.4874054163,0.9505393000053626,kv
16384,H100NVL,H100NVLx72,Llama-3.3-70B,24,3,1,TP24/DP3/EP1,0.9,78,26,51948.15939248202,47384.846033938426,0.9121563995354184,weight
16384,H100NVL,H100NVLx72,Llama-3.3-70B,24,3,1,TP24/DP3/EP1,0.95,123,41,51948.15939248202,49412.92989722929,0.9511969331560257,kv
32768,H100NVL,H100NVLx72,Llama-3.3-70B,24,3,1,TP24/DP3/EP1,0.9,39,13,25973.57612312061,23692.423016969213,0.9121740843333157,weight
32768,H100NVL,H100NVLx72,Llama-3.3-70B,24,3,1,TP24/DP3/EP1,0.95,63,21,25973.57612312061,24739.01304671663,0.9524684983480184,kv
65536,H100NVL,H100NVLx72,Llama-3.3-70B,24,3,1,TP24/DP3/EP1,0.9,21,7,12986.280177002534,12044.233509188516,0.9274583133142088,kv
65536,H100NVL,H100NVLx72,Llama-3.3-70B,24,3,1,TP24/DP3/EP1,0.95,33,11,12986.280177002534,12399.95013132068,0.9548500388340466,kv
131072,H100NVL,H100NVLx72,Llama-3.3-70B,24,3,1,TP24/DP3/EP1,0.9,12,4,6492.623406818009,6082.09309897272,0.93676973356961,kv
131072,H100NVL,H100NVLx72,Llama-3.3-70B,24,3,1,TP24/DP3/EP1,0.95,15,5,6492.623406818009,6168.095373302696,0.9500158852314581,kv
262144,H100NVL,H100NVLx72,Llama-3.3-70B,24,3,1,TP24/DP3/EP1,0.9,6,2,3245.7766995760917,3041.04654948636,0.9369241420346416,kv
262144,H100NVL,H100NVLx72,Llama-3.3-70B,24,3,1,TP24/DP3/EP1,0.95,9,3,3245.7766995760917,3113.397148125002,0.9592148309314135,kv
524288,H100NVL,H100NVLx72,Llama-3.3-70B,24,3,1,TP24/DP3/EP1,0.9,3,1,1622.3135191294496,1520.52327474318,0.9372561202344593,kv
524288,H100NVL,H100NVLx72,Llama-3.3-70B,24,3,1,TP24/DP3/EP1,0.95,6,2,1622.3135191294496,1575.4394891228521,0.971106676080866,kv
1048576,H100NVL,H100NVLx72,Llama-3.3-70B,24,3,1,TP24/DP3/EP1,0.9,3,1,811.1567595647248,787.7197445614261,0.971106676080866,kv
1048576,H100NVL,H100NVLx72,Llama-3.3-70B,24,3,1,TP24/DP3/EP1,0.95,3,1,811.1567595647248,787.7197445614261,0.971106676080866,kv
8192,H100NVL,H100NVLx72,Llama-3.3-70B,36,2,1,TP36/DP2/EP1,0.9,136,68,103827.00822254481,93457.14151148955,0.9001236105269614,kv
8192,H100NVL,H100NVLx72,Llama-3.3-70B,36,2,1,TP36/DP2/EP1,0.95,270,135,103827.00822254481,98676.71225428612,0.9503954119797091,kv
16384,H100NVL,H100NVLx72,Llama-3.3-70B,36,2,1,TP36/DP2/EP1,0.9,68,34,51913.14608595228,46728.570755744775,0.9001298183388186,kv
16384,H100NVL,H100NVLx72,Llama-3.3-70B,36,2,1,TP36/DP2/EP1,0.95,134,67,51913.14608595228,49317.4942871948,0.9500001060529086,kv
32768,H100NVL,H100NVLx72,Llama-3.3-70B,36,2,1,TP36/DP2/EP1,0.9,34,17,25956.57304297614,23364.285377872387,0.9001298183388186,kv
32768,H100NVL,H100NVLx72,Llama-3.3-70B,36,2,1,TP36/DP2/EP1,0.95,68,34,25956.57304297614,24679.464222339026,0.9507982498875097,kv
65536,H100NVL,H100NVLx72,Llama-3.3-70B,36,2,1,TP36/DP2/EP1,0.9,18,9,12978.28652148807,11751.72650678591,0.9054913749460415,kv
65536,H100NVL,H100NVLx72,Llama-3.3-70B,36,2,1,TP36/DP2/EP1,0.95,34,17,12978.28652148807,12339.732111169513,0.9507982498875097,kv
131072,H100NVL,H100NVLx72,Llama-3.3-70B,36,2,1,TP36/DP2/EP1,0.9,10,5,6488.782252189192,5935.970439600916,0.9148049986726294,kv
131072,H100NVL,H100NVLx72,Llama-3.3-70B,36,2,1,TP36/DP2/EP1,0.95,18,9,6488.782252189192,6189.2211729709925,0.9538340065091361,kv
262144,H100NVL,H100NVLx72,Llama-3.3-70B,36,2,1,TP36/DP2/EP1,0.9,6,3,3244.0219753474016,3014.236450589167,0.9291664709720017,kv
262144,H100NVL,H100NVLx72,Llama-3.3-70B,36,2,1,TP36/DP2/EP1,0.95,10,5,3244.0219753474016,3111.2025306877254,0.9590571686415741,kv
524288,H100NVL,H100NVLx72,Llama-3.3-70B,36,2,1,TP36/DP2/EP1,0.9,4,2,1621.624668988985,1537.058935188014,0.9478512288212203,kv
524288,H100NVL,H100NVLx72,Llama-3.3-70B,36,2,1,TP36/DP2/EP1,0.95,6,3,1621.624668988985,1568.2133734242827,0.9670630962971216,kv
1048576,H100NVL,H100NVLx72,Llama-3.3-70B,36,2,1,TP36/DP2/EP1,0.9,2,1,810.8123344944925,768.529467594007,0.9478512288212203,kv
1048576,H100NVL,H100NVLx72,Llama-3.3-70B,36,2,1,TP36/DP2/EP1,0.95,4,2,810.8123344944925,792.1345200682066,0.9769640721635905,kv
8192,H100NVL,H100NVLx72,Llama-3.3-70B,72,1,1,TP72/DP1/EP1,0.9,161,161,103700.0692635099,93376.41233197275,0.900446962042967,kv
8192,H100NVL,H100NVLx72,Llama-3.3-70B,72,1,1,TP72/DP1/EP1,0.95,314,314,103700.0692635099,98530.4137857445,0.9501480036177324,kv
16384,H100NVL,H100NVLx72,Llama-3.3-70B,72,1,1,TP72/DP1/EP1,0.9,81,81,51850.03463175495,46719.16556418954,0.9010440570771949,kv
16384,H100NVL,H100NVLx72,Llama-3.3-70B,72,1,1,TP72/DP1/EP1,0.95,157,157,51850.03463175495,49265.20689287225,0.9501480036177324,kv
32768,H100NVL,H100NVLx72,Llama-3.3-70B,72,1,1,TP72/DP1/EP1,0.9,41,41,25925.017315877474,23390.035652170034,0.9022187089474027,kv
32768,H100NVL,H100NVLx72,Llama-3.3-70B,72,1,1,TP72/DP1/EP1,0.95,79,79,25925.017315877474,24641.661913425844,0.9504974138757603,kv
65536,H100NVL,H100NVLx72,Llama-3.3-70B,72,1,1,TP72/DP1/EP1,0.9,21,21,12962.508657938737,11724.495488454551,0.9044927797424476,kv
65536,H100NVL,H100NVLx72,Llama-3.3-70B,72,1,1,TP72/DP1/EP1,0.95,40,40,12962.508657938737,12329.72926804658,0.9511838790939114,kv
131072,H100NVL,H100NVLx72,Llama-3.3-70B,72,1,1,TP72/DP1/EP1,0.9,11,11,6481.050930920575,5889.914761278734,0.9087900749519529,kv
131072,H100NVL,H100NVLx72,Llama-3.3-70B,72,1,1,TP72/DP1/EP1,0.95,20,20,6481.050930920575,6164.86463402329,0.9512137305712588,kv
262144,H100NVL,H100NVLx72,Llama-3.3-70B,72,1,1,TP72/DP1/EP1,0.9,6,6,3240.5254654602877,2969.4828336068836,0.9163584317597995,kv
262144,H100NVL,H100NVLx72,Llama-3.3-70B,72,1,1,TP72/DP1/EP1,0.95,10,10,3240.5254654602877,3082.432317011645,0.9512137305712588,kv
524288,H100NVL,H100NVLx72,Llama-3.3-70B,72,1,1,TP72/DP1/EP1,0.9,3,3,1620.0556287227864,1484.7414168034418,0.9164755768133572,kv
524288,H100NVL,H100NVLx72,Llama-3.3-70B,72,1,1,TP72/DP1/EP1,0.95,5,5,1620.0556287227864,1541.2161585058225,0.9513353314422177,kv
1048576,H100NVL,H100NVLx72,Llama-3.3-70B,72,1,1,TP72/DP1/EP1,0.9,2,2,810.0278143613932,759.7708730259066,0.9379565239063944,kv
1048576,H100NVL,H100NVLx72,Llama-3.3-70B,72,1,1,TP72/DP1/EP1,0.95,3,3,810.0278143613932,778.0062873896782,0.9604686081095128,kv
8192,H100NVL,H100NVLx72,Qwen3-235B-A22B,1,72,72,TP1/DP72/EP72,0.9,2448,34,25260.431458588104,22754.58995316472,0.9007997345757354,weight
8192,H100NVL,H100NVLx72,Qwen3-235B-A22B,1,72,72,TP1/DP72/EP72,0.95,2664,37,25260.431458588104,24247.476811263212,0.9598995508455377,weight
16384,H100NVL,H100NVLx72,Qwen3-235B-A22B,1,72,72,TP1/DP72/EP72,0.9,1152,16,15834.869774872546,14565.289453898287,0.9198237599030411,weight
16384,H100NVL,H100NVLx72,Qwen3-235B-A22B,1,72,72,TP1/DP72/EP72,0.95,1296,18,15834.869774872546,15407.716738937026,0.9730245311765465,weight
32768,H100NVL,H100NVLx72,Qwen3-235B-A22B,1,72,72,TP1/DP72/EP72,0.9,504,7,11694.634851564635,10854.17484435501,0.9281328559739358,weight
32768,H100NVL,H100NVLx72,Qwen3-235B-A22B,1,72,72,TP1/DP72/EP72,0.95,576,8,11694.634851564635,11279.373984884329,0.9644913353900273,weight
65536,H100NVL,H100NVLx72,Qwen3-235B-A22B,1,72,72,TP1/DP72/EP72,0.9,216,3,9412.352074509428,8780.273221370197,0.9328458128068721,weight
65536,H100NVL,H100NVLx72,Qwen3-235B-A22B,1,72,72,TP1/DP72/EP72,0.95,288,4,9412.352074509428,9412.352074509428,1.0,weight
131072,H100NVL,H100NVLx72,Qwen3-235B-A22B,1,72,72,TP1/DP72/EP72,0.9,144,2,7910.662532402073,7910.662532402073,1.0,weight
131072,H100NVL,H100NVLx72,Qwen3-235B-A22B,1,72,72,TP1/DP72/EP72,0.95,144,2,7910.662532402073,7910.662532402073,1.0,weight
262144,H100NVL,H100NVLx72,Qwen3-235B-A22B,1,72,72,TP1/DP72/EP72,0.9,72,1,5564.156998979284,5564.156998979284,1.0,kv
262144,H100NVL,H100NVLx72,Qwen3-235B-A22B,1,72,72,TP1/DP72/EP72,0.95,72,1,5564.156998979284,5564.156998979284,1.0,kv
8192,H100NVL,H100NVLx72,Qwen3-235B-A22B,2,36,72,TP2/DP36/EP72,0.9,2880,80,53290.08660007445,48018.48318857454,0.901077221903172,weight
8192,H100NVL,H100NVLx72,Qwen3-235B-A22B,2,36,72,TP2/DP36/EP72,0.95,3060,85,53290.08660007445,50941.55910675143,0.9559293736760462,weight
16384,H100NVL,H100NVLx72,Qwen3-235B-A22B,2,36,72,TP2/DP36/EP72,0.9,1404,39,27834.859678007084,25246.804424982856,0.9070210777793464,weight
16384,H100NVL,H100NVLx72,Qwen3-235B-A22B,2,36,72,TP2/DP36/EP72,0.95,1512,42,27834.859678007084,26790.375015087102,0.9624756627120613,weight
32768,H100NVL,H100NVLx72,Qwen3-235B-A22B,2,36,72,TP2/DP36/EP72,0.9,684,19,17130.584819703025,15823.879903048071,0.9237209394537409,weight
32768,H100NVL,H100NVLx72,Qwen3-235B-A22B,2,36,72,TP2/DP36/EP72,0.95,756,21,17130.584819703025,16690.72281532962,0.9743230012867109,weight
65536,H100NVL,H100NVLx72,Qwen3-235B-A22B,2,36,72,TP2/DP36/EP72,0.9,288,8,12500.13198356263,11266.137008563024,0.9012814443381655,weight
65536,H100NVL,H100NVLx72,Qwen3-235B-A22B,2,36,72,TP2/DP36/EP72,0.95,360,10,12500.13198356263,12092.319928422114,0.9673753800618443,weight
131072,H100NVL,H100NVLx72,Qwen3-235B-A22B,2,36,72,TP2/DP36/EP72,0.9,144,4,9922.6210333225,9393.931451554046,0.946718757071041,weight
131072,H100NVL,H100NVLx72,Qwen3-235B-A22B,2,36,72,TP2/DP36/EP72,0.95,180,5,9922.6210333225,9922.6210333225,1.0,weight
262144,H100NVL,H100NVLx72,Qwen3-235B-A22B,2,36,72,TP2/DP36/EP72,0.9,36,1,5551.286902366308,5538.476206356552,0.9976923015806848,kv
262144,H100NVL,H100NVLx72,Qwen3-235B-A22B,2,36,72,TP2/DP36/EP72,0.95,36,1,5551.286902366308,5538.476206356552,0.9976923015806848,kv
524288,H100NVL,H100NVLx72,Qwen3-235B-A22B,2,36,72,TP2/DP36/EP72,0.9,36,1,2775.643451183154,2775.643451183154,1.0,kv
524288,H100NVL,H100NVLx72,Qwen3-235B-A22B,2,36,72,TP2/DP36/EP72,0.95,36,1,2775.643451183154,2775.643451183154,1.0,kv
8192,H100NVL,H100NVLx72,Qwen3-235B-A22B,4,18,72,TP4/DP18/EP72,0.9,3060,170,112053.16323149863,101325.82215014704,0.9042656113224647,weight
8192,H100NVL,H100NVLx72,Qwen3-235B-A22B,4,18,72,TP4/DP18/EP72,0.95,3222,179,112053.16323149863,106689.35167700985,0.9521315472066835,weight
16384,H100NVL,H100NVLx72,Qwen3-235B-A22B,4,18,72,TP4/DP18/EP72,0.9,1530,85,56151.82794005243,50865.348513874815,0.9058538320102161,weight
16384,H100NVL,H100NVLx72,Qwen3-235B-A22B,4,18,72,TP4/DP18/EP72,0.95,1620,90,56151.82794005243,53797.89317901903,0.9580791071744547,weight
32768,H100NVL,H100NVLx72,Qwen3-235B-A22B,4,18,72,TP4/DP18/EP72,0.9,756,42,29376.98870508988,26747.721355211794,0.9104990856526238,weight
32768,H100NVL,H100NVLx72,Qwen3-235B-A22B,4,18,72,TP4/DP18/EP72,0.95,810,45,29376.98870508988,28316.848541676176,0.9639125652374975,weight
65536,H100NVL,H100NVLx72,Qwen3-235B-A22B,4,18,72,TP4/DP18/EP72,0.9,342,19,17541.288663311752,15791.001624987199,0.9002190162923809,weight
65536,H100NVL,H100NVLx72,Qwen3-235B-A22B,4,18,72,TP4/DP18/EP72,0.95,396,22,17541.288663311752,17097.30223037966,0.9746890641016184,weight
131072,H100NVL,H100NVLx72,Qwen3-235B-A22B,4,18,72,TP4/DP18/EP72,0.9,108,6,11090.91303952587,10351.776523578686,0.9333565673706894,weight
131072,H100NVL,H100NVLx72,Qwen3-235B-A22B,4,18,72,TP4/DP18/EP72,0.95,126,7,11090.91303952587,10798.361840806096,0.973622442293328,weight
262144,H100NVL,H100NVLx72,Qwen3-235B-A22B,4,18,72,TP4/DP18/EP72,0.9,18,1,5543.593383031492,5462.836728259857,0.985432435391307,kv
262144,H100NVL,H100NVLx72,Qwen3-235B-A22B,4,18,72,TP4/DP18/EP72,0.95,18,1,5543.593383031492,5462.836728259857,0.985432435391307,kv
524288,H100NVL,H100NVLx72,Qwen3-235B-A22B,4,18,72,TP4/DP18/EP72,0.9,18,1,2769.238103178276,2756.5156893798767,0.9954058071843668,kv
524288,H100NVL,H100NVLx72,Qwen3-235B-A22B,4,18,72,TP4/DP18/EP72,0.95,18,1,2769.238103178276,2756.5156893798767,0.9954058071843668,kv
1048576,H100NVL,H100NVLx72,Qwen3-235B-A22B,4,18,72,TP4/DP18/EP72,0.9,18,1,1384.619051589138,1384.619051589138,1.0,kv
1048576,H100NVL,H100NVLx72,Qwen3-235B-A22B,4,18,72,TP4/DP18/EP72,0.95,18,1,1384.619051589138,1384.619051589138,1.0,kv
8192,H100NVL,H100NVLx72,Qwen3-235B-A22B,8,9,72,TP8/DP9/EP72,0.9,2421,269,177237.5798574078,159696.00959219428,0.9010279294079384,weight
8192,H100NVL,H100NVLx72,Qwen3-235B-A22B,8,9,72,TP8/DP9/EP72,0.95,2556,284,177237.5798574078,168600.98864209422,0.9512711061488092,weight
16384,H100NVL,H100NVLx72,Qwen3-235B-A22B,8,9,72,TP8/DP9/EP72,0.9,1215,135,88617.73850393352,80157.49582143697,0.9045310473351673,weight
16384,H100NVL,H100NVLx72,Qwen3-235B-A22B,8,9,72,TP8/DP9/EP72,0.95,1278,142,88617.73850393352,84308.96921882713,0.9513780270423496,weight
32768,H100NVL,H100NVLx72,Qwen3-235B-A22B,8,9,72,TP8/DP9/EP72,0.9,603,67,44307.80965085241,40288.01701774282,0.9092757537602121,weight
32768,H100NVL,H100NVLx72,Qwen3-235B-A22B,8,9,72,TP8/DP9/EP72,0.95,639,71,44307.80965085241,42568.4946690122,0.9607447311084414,weight
65536,H100NVL,H100NVLx72,Qwen3-235B-A22B,8,9,72,TP8/DP9/EP72,0.9,261,29,22153.904825426205,20201.191987903356,0.9118569456305642,weight
65536,H100NVL,H100NVLx72,Qwen3-235B-A22B,8,9,72,TP8/DP9/EP72,0.95,279,31,22153.904825426205,21150.33154659898,0.9546999372464842,weight
131072,H100NVL,H100NVLx72,Qwen3-235B-A22B,8,9,72,TP8/DP9/EP72,0.9,54,6,11076.952412713103,10234.064579737229,0.9239061610476466,weight
131072,H100NVL,H100NVLx72,Qwen3-235B-A22B,8,9,72,TP8/DP9/EP72,0.95,63,7,11076.952412713103,10688.440273579472,0.9649260803280393,weight
262144,H100NVL,H100NVLx72,Qwen3-235B-A22B,8,9,72,TP8/DP9/EP72,0.9,9,1,5538.476206356551,5270.877120757082,0.9516836263930603,kv
262144,H100NVL,H100NVLx72,Qwen3-235B-A22B,8,9,72,TP8/DP9/EP72,0.95,9,1,5538.476206356551,5270.877120757082,0.9516836263930603,kv
524288,H100NVL,H100NVLx72,Qwen3-235B-A22B,8,9,72,TP8/DP9/EP72,0.9,9,1,2769.2381031782757,2706.7739241169916,0.9774435506323585,kv
524288,H100NVL,H100NVLx72,Qwen3-235B-A22B,8,9,72,TP8/DP9/EP72,0.95,9,1,2769.2381031782757,2706.7739241169916,0.9774435506323585,kv
1048576,H100NVL,H100NVLx72,Qwen3-235B-A22B,8,9,72,TP8/DP9/EP72,0.9,9,1,1384.6190515891378,1371.954819713836,0.9908536345352413,kv
1048576,H100NVL,H100NVLx72,Qwen3-235B-A22B,8,9,72,TP8/DP9/EP72,0.95,9,1,1384.6190515891378,1371.954819713836,0.9908536345352413,kv
8192,H100NVL,H100NVLx72,Qwen3-235B-A22B,12,6,72,TP12/DP6/EP72,0.9,1620,270,177086.89626357806,159539.09320380708,0.9009085176259871,weight
8192,H100NVL,H100NVLx72,Qwen3-235B-A22B,12,6,72,TP12/DP6/EP72,0.95,1710,285,177086.89626357806,168402.37345896085,0.9509589755772156,weight
16384,H100NVL,H100NVLx72,Qwen3-235B-A22B,12,6,72,TP12/DP6/EP72,0.9,810,135,88542.62546355098,79782.0867525607,0.9010585165605169,weight
16384,H100NVL,H100NVLx72,Qwen3-235B-A22B,12,6,72,TP12/DP6/EP72,0.95,858,143,88542.62546355098,84504.555847507,0.9543940605453779,weight
32768,H100NVL,H100NVLx72,Qwen3-235B-A22B,12,6,72,TP12/DP6/EP72,0.9,402,67,44271.31273177549,40096.943125877435,0.9057093781883291,weight
32768,H100NVL,H100NVLx72,Qwen3-235B-A22B,12,6,72,TP12/DP6/EP72,0.95,426,71,44271.31273177549,42367.19242089736,0.9569897481374782,weight
65536,H100NVL,H100NVLx72,Qwen3-235B-A22B,12,6,72,TP12/DP6/EP72,0.9,174,29,22135.656365887746,20090.286223829982,0.9075983965305049,weight
65536,H100NVL,H100NVLx72,Qwen3-235B-A22B,12,6,72,TP12/DP6/EP72,0.95,186,31,22135.656365887746,21036.589818933942,0.9503485901304682,weight
131072,H100NVL,H100NVLx72,Qwen3-235B-A22B,12,6,72,TP12/DP6/EP72,0.9,36,6,11066.992731346112,10097.573917888092,0.9124044953321202,weight
131072,H100NVL,H100NVLx72,Qwen3-235B-A22B,12,6,72,TP12/DP6/EP72,0.95,42,7,11066.992731346112,10560.650540688854,0.9542475356269914,weight
262144,H100NVL,H100NVLx72,Qwen3-235B-A22B,12,6,72,TP12/DP6/EP72,0.9,6,1,5533.496365673056,5059.536667167395,0.9143471564478001,kv
262144,H100NVL,H100NVLx72,Qwen3-235B-A22B,12,6,72,TP12/DP6/EP72,0.95,12,2,5533.496365673056,5299.862221728164,0.957778205946924,kv
524288,H100NVL,H100NVLx72,Qwen3-235B-A22B,12,6,72,TP12/DP6/EP72,0.9,6,1,2766.748182836528,2649.931110864082,0.957778205946924,kv
524288,H100NVL,H100NVLx72,Qwen3-235B-A22B,12,6,72,TP12/DP6/EP72,0.95,6,1,2766.748182836528,2649.931110864082,0.957778205946924,kv
1048576,H100NVL,H100NVLx72,Qwen3-235B-A22B,12,6,72,TP12/DP6/EP72,0.9,6,1,1382.4218822513142,1357.1986976259402,0.9817543508611877,kv
1048576,H100NVL,H100NVLx72,Qwen3-235B-A22B,12,6,72,TP12/DP6/EP72,0.95,6,1,1382.4218822513142,1357.1986976259402,0.9817543508611877,kv
8192,H100NVL,H100NVLx72,Qwen3-235B-A22B,18,4,72,TP18/DP4/EP72,0.9,1088,272,176937.19585747726,159463.00360620162,0.9012407076613157,weight
8192,H100NVL,H100NVLx72,Qwen3-235B-A22B,18,4,72,TP18/DP4/EP72,0.95,1148,287,176937.19585747726,168256.91689327426,0.9509414686825095,weight
16384,H100NVL,H100NVLx72,Qwen3-235B-A22B,18,4,72,TP18/DP4/EP72,0.9,544,136,88467.96934170586,79743.16061325034,0.9013788968665472,weight
16384,H100NVL,H100NVLx72,Qwen3-235B-A22B,18,4,72,TP18/DP4/EP72,0.95,576,144,88467.96934170586,84428.9552189278,0.9543448984662749,weight
32768,H100NVL,H100NVLx72,Qwen3-235B-A22B,18,4,72,TP18/DP4/EP72,0.9,272,68,44233.353954384576,40340.784660856276,0.9119992280589327,weight
32768,H100NVL,H100NVLx72,Qwen3-235B-A22B,18,4,72,TP18/DP4/EP72,0.95,284,71,44233.353954384576,42032.36254307356,0.9502413628055251,weight
65536,H100NVL,H100NVLx72,Qwen3-235B-A22B,18,4,72,TP18/DP4/EP72,0.9,116,29,22116.676977192288,19906.18980791402,0.9000533772972394,weight
65536,H100NVL,H100NVLx72,Qwen3-235B-A22B,18,4,72,TP18/DP4/EP72,0.95,128,32,22116.676977192288,21324.170727255434,0.96416702876503,weight
131072,H100NVL,H100NVLx72,Qwen3-235B-A22B,18,4,72,TP18/DP4/EP72,0.9,28,7,11058.338488596144,10352.157026649344,0.936140364786713,weight
131072,H100NVL,H100NVLx72,Qwen3-235B-A22B,18,4,72,TP18/DP4/EP72,0.95,32,8,11058.338488596144,10664.371499214867,0.9643737628589002,kv
262144,H100NVL,H100NVLx72,Qwen3-235B-A22B,18,4,72,TP18/DP4/EP72,0.9,8,2,5528.525472048227,5118.782295228886,0.9258856310075863,kv
262144,H100NVL,H100NVLx72,Qwen3-235B-A22B,18,4,72,TP18/DP4/EP72,0.95,12,3,5528.525472048227,5259.101285598646,0.9512665379201439,kv
524288,H100NVL,H100NVLx72,Qwen3-235B-A22B,18,4,72,TP18/DP4/EP72,0.9,4,1,2763.5820699946075,2559.391147614443,0.9261136752198704,kv
524288,H100NVL,H100NVLx72,Qwen3-235B-A22B,18,4,72,TP18/DP4/EP72,0.95,8,2,2763.5820699946075,2666.0928748037168,0.9647236113414641,kv
1048576,H100NVL,H100NVLx72,Qwen3-235B-A22B,18,4,72,TP18/DP4/EP72,0.9,4,1,1381.0258981831898,1333.0464374018584,0.9652581020787149,kv
1048576,H100NVL,H100NVLx72,Qwen3-235B-A22B,18,4,72,TP18/DP4/EP72,0.95,4,1,1381.0258981831898,1333.0464374018584,0.9652581020787149,kv
8192,H100NVL,H100NVLx72,Qwen3-235B-A22B,24,3,72,TP24/DP3/EP72,0.9,822,274,176830.68159924532,159274.5458253516,0.9007178187907373,weight
8192,H100NVL,H100NVLx72,Qwen3-235B-A22B,24,3,72,TP24/DP3/EP72,0.95,867,289,176830.68159924532,167993.95322102684,0.9500271768547196,weight
16384,H100NVL,H100NVLx72,Qwen3-235B-A22B,24,3,72,TP24/DP3/EP72,0.9,411,137,88414.82641662782,79648.09762670455,0.900845490001725,weight
16384,H100NVL,H100NVLx72,Qwen3-235B-A22B,24,3,72,TP24/DP3/EP72,0.95,435,145,88414.82641662782,84294.46007691696,0.9533973372260565,weight
32768,H100NVL,H100NVLx72,Qwen3-235B-A22B,24,3,72,TP24/DP3/EP72,0.9,204,68,44207.41320831391,39994.9608794889,0.9047116304006497,weight
32768,H100NVL,H100NVLx72,Qwen3-235B-A22B,24,3,72,TP24/DP3/EP72,0.95,216,72,44207.41320831391,42234.08463449993,0.9553620438156996,weight
65536,H100NVL,H100NVLx72,Qwen3-235B-A22B,24,3,72,TP24/DP3/EP72,0.9,90,30,22103.19004923685,20175.334418852362,0.9127793035263229,weight
65536,H100NVL,H100NVLx72,Qwen3-235B-A22B,24,3,72,TP24/DP3/EP72,0.95,96,32,22103.19004923685,21119.049460357972,0.9554751786196193,weight
131072,H100NVL,H100NVLx72,Qwen3-235B-A22B,24,3,72,TP24/DP3/EP72,0.9,21,7,11051.073199463215,10133.725117872049,0.9169901361583846,weight
131072,H100NVL,H100NVLx72,Qwen3-235B-A22B,24,3,72,TP24/DP3/EP72,0.95,27,9,11051.073199463215,10531.273824353786,0.9529639008151102,kv
262144,H100NVL,H100NVLx72,Qwen3-235B-A22B,24,3,72,TP24/DP3/EP72,0.9,9,3,5525.003979716919,5128.07489137279,0.9281576828177296,kv
262144,H100NVL,H100NVLx72,Qwen3-235B-A22B,24,3,72,TP24/DP3/EP72,0.95,15,5,5525.003979716919,5294.039726818448,0.9581965454239718,kv
524288,H100NVL,H100NVLx72,Qwen3-235B-A22B,24,3,72,TP24/DP3/EP72,0.9,6,2,2762.5019898584596,2615.2795575483115,0.9467068502210595,kv
524288,H100NVL,H100NVLx72,Qwen3-235B-A22B,24,3,72,TP24/DP3/EP72,0.95,9,3,2762.5019898584596,2668.611576210614,0.9660125444280111,kv
1048576,H100NVL,H100NVLx72,Qwen3-235B-A22B,24,3,72,TP24/DP3/EP72,0.9,3,1,1381.2509949292298,1307.6397787741557,0.9467068502210595,kv
1048576,H100NVL,H100NVLx72,Qwen3-235B-A22B,24,3,72,TP24/DP3/EP72,0.95,6,2,1381.2509949292298,1348.050833448491,0.9759637013094496,kv
8192,H100NVL,H100NVLx72,Qwen3-235B-A22B,36,2,72,TP36/DP2/EP72,0.9,558,279,176680.16719733604,159246.64333967803,0.9013272166638472,weight
8192,H100NVL,H100NVLx72,Qwen3-235B-A22B,36,2,72,TP36/DP2/EP72,0.95,590,295,176680.16719733604,168379.06581546066,0.9530162240982952,weight
16384,H100NVL,H100NVLx72,Qwen3-235B-A22B,36,2,72,TP36/DP2/EP72,0.9,280,140,88339.70007794556,79917.49760706826,0.904661183324756,weight
16384,H100NVL,H100NVLx72,Qwen3-235B-A22B,36,2,72,TP36/DP2/EP72,0.95,296,148,88339.70007794556,84480.46462211624,0.9563136907593737,weight
32768,H100NVL,H100NVLx72,Qwen3-235B-A22B,36,2,72,TP36/DP2/EP72,0.9,138,69,44169.85003897278,39811.47123357817,0.9013268371627018,weight
32768,H100NVL,H100NVLx72,Qwen3-235B-A22B,36,2,72,TP36/DP2/EP72,0.95,146,73,44169.85003897278,42015.520549926456,0.951226243984404,weight
65536,H100NVL,H100NVLx72,Qwen3-235B-A22B,36,2,72,TP36/DP2/EP72,0.9,62,31,22084.92501948639,20218.530500086144,0.9154901129275534,weight
65536,H100NVL,H100NVLx72,Qwen3-235B-A22B,36,2,72,TP36/DP2/EP72,0.95,66,33,22084.92501948639,21150.412419671648,0.9576854981852922,kv
131072,H100NVL,H100NVLx72,Qwen3-235B-A22B,36,2,72,TP36/DP2/EP72,0.9,16,8,11042.462509743194,10044.751235025911,0.9096477553048549,kv
131072,H100NVL,H100NVLx72,Qwen3-235B-A22B,36,2,72,TP36/DP2/EP72,0.95,30,15,11042.462509743194,10522.904482690852,0.95294907937483,kv
262144,H100NVL,H100NVLx72,Qwen3-235B-A22B,36,2,72,TP36/DP2/EP72,0.9,8,4,5520.844058524174,5022.375617512956,0.9097115521237039,kv
262144,H100NVL,H100NVLx72,Qwen3-235B-A22B,36,2,72,TP36/DP2/EP72,0.95,16,8,5520.844058524174,5279.403078615755,0.9562673791635836,kv
524288,H100NVL,H100NVLx72,Qwen3-235B-A22B,36,2,72,TP36/DP2/EP72,0.9,4,2,2760.024162722147,2511.187808756478,0.9098426900291163,kv
524288,H100NVL,H100NVLx72,Qwen3-235B-A22B,36,2,72,TP36/DP2/EP72,0.95,8,4,2760.024162722147,2639.7015393078773,0.9564052282442345,kv
1048576,H100NVL,H100NVLx72,Qwen3-235B-A22B,36,2,72,TP36/DP2/EP72,0.9,2,1,1379.5914498849074,1255.593904378239,0.9101200971367189,kv
1048576,H100NVL,H100NVLx72,Qwen3-235B-A22B,36,2,72,TP36/DP2/EP72,0.95,4,2,1379.5914498849074,1319.8507696539386,0.9566968320686877,kv
8192,H100NVL,H100NVLx72,Qwen3-235B-A22B,72,1,72,TP72/DP1/EP72,0.9,296,296,176421.6084994499,159178.45476401167,0.9022616680456578,weight
8192,H100NVL,H100NVLx72,Qwen3-235B-A22B,72,1,72,TP72/DP1/EP72,0.95,529,529,176421.6084994499,167610.71361175046,0.950057734068744,kv
16384,H100NVL,H100NVLx72,Qwen3-235B-A22B,72,1,72,TP72/DP1/EP72,0.9,148,148,88210.80424972496,79594.14817258716,0.902317452488654,weight
16384,H100NVL,H100NVLx72,Qwen3-235B-A22B,72,1,72,TP72/DP1/EP72,0.95,265,265,88210.80424972496,83814.63132096588,0.9501628744216695,kv
32768,H100NVL,H100NVLx72,Qwen3-235B-A22B,72,1,72,TP72/DP1/EP72,0.9,74,74,44105.40212486248,40053.60942954144,0.9081338679590675,kv
32768,H100NVL,H100NVLx72,Qwen3-235B-A22B,72,1,72,TP72/DP1/EP72,0.95,133,133,44105.40212486248,41916.540926631234,0.9503720385082405,kv
65536,H100NVL,H100NVLx72,Qwen3-235B-A22B,72,1,72,TP72/DP1/EP72,0.9,34,34,22052.474032804854,19851.318593213935,0.9001855557650121,kv
65536,H100NVL,H100NVLx72,Qwen3-235B-A22B,72,1,72,TP72/DP1/EP72,0.95,67,67,22052.474032804854,20967.39844341935,0.9507957434720765,kv
131072,H100NVL,H100NVLx72,Qwen3-235B-A22B,72,1,72,TP72/DP1/EP72,0.9,17,17,11026.009226835167,9925.659296606967,0.9002041529631445,kv
131072,H100NVL,H100NVLx72,Qwen3-235B-A22B,72,1,72,TP72/DP1/EP72,0.95,34,34,11026.009226835167,10492.637351060937,0.9516260267154406,kv
262144,H100NVL,H100NVLx72,Qwen3-235B-A22B,72,1,72,TP72/DP1/EP72,0.9,9,9,5513.004613417584,4992.806346714984,0.9056416050448175,kv
262144,H100NVL,H100NVLx72,Qwen3-235B-A22B,72,1,72,TP72/DP1/EP72,0.95,17,17,5513.004613417584,5246.318675530469,0.9516260267154406,kv
524288,H100NVL,H100NVLx72,Qwen3-235B-A22B,72,1,72,TP72/DP1/EP72,0.9,5,5,2756.2719526348014,2522.3032260278924,0.9151140632609741,kv
524288,H100NVL,H100NVLx72,Qwen3-235B-A22B,72,1,72,TP72/DP1/EP72,0.95,9,9,2756.2719526348014,2631.510356617175,0.9547353823709729,kv
1048576,H100NVL,H100NVLx72,Qwen3-235B-A22B,72,1,72,TP72/DP1/EP72,0.9,3,3,1377.8992839624436,1281.088451781026,0.9297402696204199,kv
1048576,H100NVL,H100NVLx72,Qwen3-235B-A22B,72,1,72,TP72/DP1/EP72,0.95,5,5,1377.8992839624436,1322.9148913940405,0.9600954923132816,kv
8192,H100NVL,H100NVLx72,GLM-4.5-355B-A32B,1,72,72,TP1/DP72/EP72,0.9,1152,16,10539.417540900791,9710.399977016921,0.9213412353513214,weight
8192,H100NVL,H100NVLx72,GLM-4.5-355B-A32B,1,72,72,TP1/DP72/EP72,0.95,1296,18,10539.417540900791,10260.070483876845,0.9734950194410772,weight
16384,H100NVL,H100NVLx72,GLM-4.5-355B-A32B,1,72,72,TP1/DP72/EP72,0.9,504,7,7862.199987266017,7337.028626002894,0.9332030014355124,weight
16384,H100NVL,H100NVLx72,GLM-4.5-355B-A32B,1,72,72,TP1/DP72/EP72,0.95,576,8,7862.199987266017,7601.193637759564,0.9668023772062284,weight
32768,H100NVL,H100NVLx72,GLM-4.5-355B-A32B,1,72,72,TP1/DP72/EP72,0.9,216,3,6475.417396919103,6118.251330559881,0.9448427731424455,weight
32768,H100NVL,H100NVLx72,GLM-4.5-355B-A32B,1,72,72,TP1/DP72/EP72,0.95,288,4,6475.417396919103,6475.417396919103,1.0,weight
65536,H100NVL,H100NVLx72,GLM-4.5-355B-A32B,1,72,72,TP1/DP72/EP72,0.9,144,2,5642.397391958539,5642.397391958539,1.0,weight
65536,H100NVL,H100NVLx72,GLM-4.5-355B-A32B,1,72,72,TP1/DP72/EP72,0.95,144,2,5642.397391958539,5642.397391958539,1.0,weight
131072,H100NVL,H100NVLx72,GLM-4.5-355B-A32B,1,72,72,TP1/DP72/EP72,0.9,72,1,4772.725789362614,4772.725789362614,1.0,weight
131072,H100NVL,H100NVLx72,GLM-4.5-355B-A32B,1,72,72,TP1/DP72/EP72,0.95,72,1,4772.725789362614,4772.725789362614,1.0,weight
8192,H100NVL,H100NVLx72,GLM-4.5-355B-A32B,2,36,72,TP2/DP36/EP72,0.9,1368,38,18104.33265158103,16404.7949123123,0.9061253583892632,weight
8192,H100NVL,H100NVLx72,GLM-4.5-355B-A32B,2,36,72,TP2/DP36/EP72,0.95,1476,41,18104.33265158103,17418.075682971994,0.9620943239490738,weight
16384,H100NVL,H100NVLx72,GLM-4.5-355B-A32B,2,36,72,TP2/DP36/EP72,0.9,648,18,11102.467999822496,10255.19923077805,0.92368644799895,weight
16384,H100NVL,H100NVLx72,GLM-4.5-355B-A32B,2,36,72,TP2/DP36/EP72,0.95,720,20,11102.467999822496,10816.962625122884,0.9742845127133736,weight
32768,H100NVL,H100NVLx72,GLM-4.5-355B-A32B,2,36,72,TP2/DP36/EP72,0.9,252,7,8116.640242823479,7330.6256485945305,0.9031601043394868,weight
32768,H100NVL,H100NVLx72,GLM-4.5-355B-A32B,2,36,72,TP2/DP36/EP72,0.95,324,9,8116.640242823479,7856.480614878031,0.9679473747557711,weight
65536,H100NVL,H100NVLx72,GLM-4.5-355B-A32B,2,36,72,TP2/DP36/EP72,0.9,108,3,6775.276994942671,6107.87091684769,0.9014939051800894,weight
65536,H100NVL,H100NVLx72,GLM-4.5-355B-A32B,2,36,72,TP2/DP36/EP72,0.95,144,4,6775.276994942671,6466.693534457942,0.954454487880707,weight
131072,H100NVL,H100NVLx72,GLM-4.5-355B-A32B,2,36,72,TP2/DP36/EP72,0.9,72,2,5629.163235309447,5629.163235309447,1.0,weight
131072,H100NVL,H100NVLx72,GLM-4.5-355B-A32B,2,36,72,TP2/DP36/EP72,0.95,72,2,5629.163235309447,5629.163235309447,1.0,weight
262144,H100NVL,H100NVLx72,GLM-4.5-355B-A32B,2,36,72,TP2/DP36/EP72,0.9,36,1,2835.840930496785,2835.840930496785,1.0,kv
262144,H100NVL,H100NVLx72,GLM-4.5-355B-A32B,2,36,72,TP2/DP36/EP72,0.95,36,1,2835.840930496785,2835.840930496785,1.0,kv
8192,H100NVL,H100NVLx72,GLM-4.5-355B-A32B,4,18,72,TP4/DP18/EP72,0.9,1494,83,36431.3604120326,32934.45734305964,0.9040139311454866,weight
8192,H100NVL,H100NVLx72,GLM-4.5-355B-A32B,4,18,72,TP4/DP18/EP72,0.95,1584,88,36431.3604120326,34873.9349366418,0.957250416735017,weight
16384,H100NVL,H100NVLx72,GLM-4.5-355B-A32B,4,18,72,TP4/DP18/EP72,0.9,738,41,19128.684983665327,17399.59595862684,0.909607533057551,weight
16384,H100NVL,H100NVLx72,GLM-4.5-355B-A32B,4,18,72,TP4/DP18/EP72,0.95,792,44,19128.684983665327,18431.174852636683,0.963535907898307,weight
32768,H100NVL,H100NVLx72,GLM-4.5-355B-A32B,4,18,72,TP4/DP18/EP72,0.9,342,19,11667.95300009597,10519.965907004307,0.9016119542920493,weight
32768,H100NVL,H100NVLx72,GLM-4.5-355B-A32B,4,18,72,TP4/DP18/EP72,0.95,378,21,11667.95300009597,11087.81298923904,0.9502791954293819,weight
65536,H100NVL,H100NVLx72,GLM-4.5-355B-A32B,4,18,72,TP4/DP18/EP72,0.9,144,8,8361.094249196442,7577.195417094364,0.9062444688770951,weight
65536,H100NVL,H100NVLx72,GLM-4.5-355B-A32B,4,18,72,TP4/DP18/EP72,0.95,180,10,8361.094249196442,8100.203633127551,0.9687970726924932,weight
131072,H100NVL,H100NVLx72,GLM-4.5-355B-A32B,4,18,72,TP4/DP18/EP72,0.9,36,2,5663.651253972534,5589.830648834416,0.9869658985294444,weight
131072,H100NVL,H100NVLx72,GLM-4.5-355B-A32B,4,18,72,TP4/DP18/EP72,0.95,36,2,5663.651253972534,5589.830648834416,0.9869658985294444,weight
262144,H100NVL,H100NVLx72,GLM-4.5-355B-A32B,4,18,72,TP4/DP18/EP72,0.9,18,1,2829.1550690438544,2815.8774789714566,0.9953068708683809,kv
262144,H100NVL,H100NVLx72,GLM-4.5-355B-A32B,4,18,72,TP4/DP18/EP72,0.95,18,1,2829.1550690438544,2815.8774789714566,0.9953068708683809,kv
524288,H100NVL,H100NVLx72,GLM-4.5-355B-A32B,4,18,72,TP4/DP18/EP72,0.9,18,1,1414.5775345219272,1414.5775345219272,1.0,kv
524288,H100NVL,H100NVLx72,GLM-4.5-355B-A32B,4,18,72,TP4/DP18/EP72,0.95,18,1,1414.5775345219272,1414.5775345219272,1.0,kv
8192,H100NVL,H100NVLx72,GLM-4.5-355B-A32B,8,9,72,TP8/DP9/EP72,0.9,1539,171,74454.07560432111,67363.93778549005,0.904771662782963,weight
8192,H100NVL,H100NVLx72,GLM-4.5-355B-A32B,8,9,72,TP8/DP9/EP72,0.95,1620,180,74454.07560432111,70908.91778002483,0.9523846371669876,weight
16384,H100NVL,H100NVLx72,GLM-4.5-355B-A32B,8,9,72,TP8/DP9/EP72,0.9,765,85,37113.75277340441,33620.27507176113,0.9058710736429031,weight
16384,H100NVL,H100NVLx72,GLM-4.5-355B-A32B,8,9,72,TP8/DP9/EP72,0.95,810,90,37113.75277340441,35558.16395410222,0.9580859195565662,weight
32768,H100NVL,H100NVLx72,GLM-4.5-355B-A32B,8,9,72,TP8/DP9/EP72,0.9,378,42,19426.519238214198,17691.59519936268,0.9106930059071662,weight
32768,H100NVL,H100NVLx72,GLM-4.5-355B-A32B,8,9,72,TP8/DP9/EP72,0.95,405,45,19426.519238214198,18726.891427643153,0.9639859409711032,weight
65536,H100NVL,H100NVLx72,GLM-4.5-355B-A32B,8,9,72,TP8/DP9/EP72,0.9,162,18,11314.300717390832,10201.919145265048,0.9016835772787991,weight
65536,H100NVL,H100NVLx72,GLM-4.5-355B-A32B,8,9,72,TP8/DP9/EP72,0.95,180,20,11314.300717390832,10763.599127447573,0.9513269442187625,weight
131072,H100NVL,H100NVLx72,GLM-4.5-355B-A32B,8,9,72,TP8/DP9/EP72,0.9,18,2,5655.885686926936,5487.581805617658,0.9702427010329616,weight
131072,H100NVL,H100NVLx72,GLM-4.5-355B-A32B,8,9,72,TP8/DP9/EP72,0.95,18,2,5655.885686926936,5487.581805617658,0.9702427010329616,weight
262144,H100NVL,H100NVLx72,GLM-4.5-355B-A32B,8,9,72,TP8/DP9/EP72,0.9,9,1,2826.489543304175,2763.9904230752545,0.977888076615398,kv
262144,H100NVL,H100NVLx72,GLM-4.5-355B-A32B,8,9,72,TP8/DP9/EP72,0.95,9,1,2826.489543304175,2763.9904230752545,0.977888076615398,kv
524288,H100NVL,H100NVLx72,GLM-4.5-355B-A32B,8,9,72,TP8/DP9/EP72,0.9,9,1,1411.250329502426,1401.3619668153244,0.9929931901659234,kv
524288,H100NVL,H100NVLx72,GLM-4.5-355B-A32B,8,9,72,TP8/DP9/EP72,0.95,9,1,1411.250329502426,1401.3619668153244,0.9929931901659234,kv
1048576,H100NVL,H100NVLx72,GLM-4.5-355B-A32B,8,9,72,TP8/DP9/EP72,0.9,9,1,705.625164751213,705.625164751213,1.0,kv
1048576,H100NVL,H100NVLx72,GLM-4.5-355B-A32B,8,9,72,TP8/DP9/EP72,0.95,9,1,705.625164751213,705.625164751213,1.0,kv
8192,H100NVL,H100NVLx72,GLM-4.5-355B-A32B,12,6,72,TP12/DP6/EP72,0.9,1248,208,90446.24056502564,81683.5872624728,0.9031175508477548,weight
8192,H100NVL,H100NVLx72,GLM-4.5-355B-A32B,12,6,72,TP12/DP6/EP72,0.95,1314,219,90446.24056502564,86003.32954196459,0.9508778806581036,weight
16384,H100NVL,H100NVLx72,GLM-4.5-355B-A32B,12,6,72,TP12/DP6/EP72,0.9,624,104,45223.12028251282,40890.04352922425,0.9041844807209352,weight
16384,H100NVL,H100NVLx72,GLM-4.5-355B-A32B,12,6,72,TP12/DP6/EP72,0.95,660,110,45223.12028251282,43232.66627572735,0.9559859206009906,weight
32768,H100NVL,H100NVLx72,GLM-4.5-355B-A32B,12,6,72,TP12/DP6/EP72,0.9,300,50,22610.657523327165,20422.62082899279,0.9032298511409055,weight
32768,H100NVL,H100NVLx72,GLM-4.5-355B-A32B,12,6,72,TP12/DP6/EP72,0.95,318,53,22610.657523327165,21496.284519342677,0.9507147015589971,weight
65536,H100NVL,H100NVLx72,GLM-4.5-355B-A32B,12,6,72,TP12/DP6/EP72,0.9,114,19,11304.406913899269,10435.655769819554,0.9231493389527984,weight
65536,H100NVL,H100NVLx72,GLM-4.5-355B-A32B,12,6,72,TP12/DP6/EP72,0.95,126,21,11304.406913899269,11003.043658703173,0.9733410821557071,weight
131072,H100NVL,H100NVLx72,GLM-4.5-355B-A32B,12,6,72,TP12/DP6/EP72,0.9,12,2,5651.241181768775,5370.7989993557085,0.9503751170065455,weight
131072,H100NVL,H100NVLx72,GLM-4.5-355B-A32B,12,6,72,TP12/DP6/EP72,0.95,12,2,5651.241181768775,5370.7989993557085,0.9503751170065455,weight
262144,H100NVL,H100NVLx72,GLM-4.5-355B-A32B,12,6,72,TP12/DP6/EP72,0.9,6,1,2824.568673341198,2704.745393636168,0.9575782027054451,kv
262144,H100NVL,H100NVLx72,GLM-4.5-355B-A32B,12,6,72,TP12/DP6/EP72,0.95,6,1,2824.568673341198,2704.745393636168,0.9575782027054451,kv
524288,H100NVL,H100NVLx72,GLM-4.5-355B-A32B,12,6,72,TP12/DP6/EP72,0.9,6,1,1412.284336670599,1385.970033865495,0.9813675602555085,kv
524288,H100NVL,H100NVLx72,GLM-4.5-355B-A32B,12,6,72,TP12/DP6/EP72,0.95,6,1,1412.284336670599,1385.970033865495,0.9813675602555085,kv
1048576,H100NVL,H100NVLx72,GLM-4.5-355B-A32B,12,6,72,TP12/DP6/EP72,0.9,6,1,706.1421683352995,701.7012882473481,0.9937110679873139,kv
1048576,H100NVL,H100NVLx72,GLM-4.5-355B-A32B,12,6,72,TP12/DP6/EP72,0.95,6,1,706.1421683352995,701.7012882473481,0.9937110679873139,kv
8192,H100NVL,H100NVLx72,GLM-4.5-355B-A32B,18,4,72,TP18/DP4/EP72,0.9,836,209,90366.79277636136,81648.24648755076,0.9035204634252413,weight
8192,H100NVL,H100NVLx72,GLM-4.5-355B-A32B,18,4,72,TP18/DP4/EP72,0.95,880,220,90366.79277636136,85945.46407490653,0.9510735241827529,weight
16384,H100NVL,H100NVLx72,GLM-4.5-355B-A32B,18,4,72,TP18/DP4/EP72,0.9,416,104,45183.39638818068,40676.54379205926,0.9002542315012789,weight
16384,H100NVL,H100NVLx72,GLM-4.5-355B-A32B,18,4,72,TP18/DP4/EP72,0.95,440,110,45183.39638818068,43007.02021564843,0.9518323909554184,weight
32768,H100NVL,H100NVLx72,GLM-4.5-355B-A32B,18,4,72,TP18/DP4/EP72,0.9,204,51,22591.69819409034,20666.602890250957,0.9147874901965998,weight
32768,H100NVL,H100NVLx72,GLM-4.5-355B-A32B,18,4,72,TP18/DP4/EP72,0.95,216,54,22591.69819409034,21739.598551770472,0.9622826210318813,weight
65536,H100NVL,H100NVLx72,GLM-4.5-355B-A32B,18,4,72,TP18/DP4/EP72,0.9,76,19,11295.84909704517,10359.696246209976,0.9171241716499137,weight
65536,H100NVL,H100NVLx72,GLM-4.5-355B-A32B,18,4,72,TP18/DP4/EP72,0.95,84,21,11295.84909704517,10926.616396161486,0.9673125324434203,weight
131072,H100NVL,H100NVLx72,GLM-4.5-355B-A32B,18,4,72,TP18/DP4/EP72,0.9,8,2,5647.924548522585,5184.924254082306,0.918022932058929,weight
131072,H100NVL,H100NVLx72,GLM-4.5-355B-A32B,18,4,72,TP18/DP4/EP72,0.95,12,3,5647.924548522585,5367.032871056968,0.9502663898831486,kv
262144,H100NVL,H100NVLx72,GLM-4.5-355B-A32B,18,4,72,TP18/DP4/EP72,0.9,4,1,2823.2518939605543,2610.4876374423125,0.9246385853938917,kv
262144,H100NVL,H100NVLx72,GLM-4.5-355B-A32B,18,4,72,TP18/DP4/EP72,0.95,8,2,2823.2518939605543,2721.5848149909316,0.9639893701348056,kv
524288,H100NVL,H100NVLx72,GLM-4.5-355B-A32B,18,4,72,TP18/DP4/EP72,0.9,4,1,1410.827422141783,1360.7924074954658,0.9645349857388235,kv
524288,H100NVL,H100NVLx72,GLM-4.5-355B-A32B,18,4,72,TP18/DP4/EP72,0.95,4,1,1410.827422141783,1360.7924074954658,0.9645349857388235,kv
1048576,H100NVL,H100NVLx72,GLM-4.5-355B-A32B,18,4,72,TP18/DP4/EP72,0.9,4,1,705.4137110708915,695.1891393934143,0.985505567134561,kv
1048576,H100NVL,H100NVLx72,GLM-4.5-355B-A32B,18,4,72,TP18/DP4/EP72,0.95,4,1,705.4137110708915,695.1891393934143,0.985505567134561,kv
8192,H100NVL,H100NVLx72,GLM-4.5-355B-A32B,24,3,72,TP24/DP3/EP72,0.9,630,210,90309.11483090973,81574.41930517169,0.9032800228183783,weight
8192,H100NVL,H100NVLx72,GLM-4.5-355B-A32B,24,3,72,TP24/DP3/EP72,0.95,663,221,90309.11483090973,85847.31056677662,0.9505940870698691,weight
16384,H100NVL,H100NVLx72,GLM-4.5-355B-A32B,24,3,72,TP24/DP3/EP72,0.9,315,105,45153.994860108825,40831.893020335585,0.9042808537060009,weight
16384,H100NVL,H100NVLx72,GLM-4.5-355B-A32B,24,3,72,TP24/DP3/EP72,0.95,333,111,45153.994860108825,43149.94936276795,0.9556175371957766,weight
32768,H100NVL,H100NVLx72,GLM-4.5-355B-A32B,24,3,72,TP24/DP3/EP72,0.9,153,51,22576.997430054413,20545.257118126214,0.9100083915842788,weight
32768,H100NVL,H100NVLx72,GLM-4.5-355B-A32B,24,3,72,TP24/DP3/EP72,0.95,162,54,22576.997430054413,21612.780071457575,0.9572920464032443,weight
65536,H100NVL,H100NVLx72,GLM-4.5-355B-A32B,24,3,72,TP24/DP3/EP72,0.9,57,19,11288.498715027206,10278.016033152917,0.9104856449574522,weight
65536,H100NVL,H100NVLx72,GLM-4.5-355B-A32B,24,3,72,TP24/DP3/EP72,0.95,63,21,11288.498715027206,10844.376014010299,0.9606570623580182,weight
131072,H100NVL,H100NVLx72,GLM-4.5-355B-A32B,24,3,72,TP24/DP3/EP72,0.9,9,3,5644.249357513603,5230.642965825131,0.9267207443381499,kv
131072,H100NVL,H100NVLx72,GLM-4.5-355B-A32B,24,3,72,TP24/DP3/EP72,0.95,15,5,5644.249357513603,5403.42506027226,0.9573328033566132,kv
262144,H100NVL,H100NVLx72,GLM-4.5-355B-A32B,24,3,72,TP24/DP3/EP72,0.9,6,2,2822.1246787568016,2668.655228947672,0.945619181546318,kv
262144,H100NVL,H100NVLx72,GLM-4.5-355B-A32B,24,3,72,TP24/DP3/EP72,0.95,9,3,2822.1246787568016,2724.2095074429403,0.965304448789628,kv
524288,H100NVL,H100NVLx72,GLM-4.5-355B-A32B,24,3,72,TP24/DP3/EP72,0.9,3,1,1411.0623393784008,1334.327614473836,0.945619181546318,kv
524288,H100NVL,H100NVLx72,GLM-4.5-355B-A32B,24,3,72,TP24/DP3/EP72,0.95,6,2,1411.0623393784008,1376.4315693217632,0.9754576611605317,kv
1048576,H100NVL,H100NVLx72,GLM-4.5-355B-A32B,24,3,72,TP24/DP3/EP72,0.9,3,1,704.8977732301908,688.2157846608816,0.9763341732619412,kv
1048576,H100NVL,H100NVLx72,GLM-4.5-355B-A32B,24,3,72,TP24/DP3/EP72,0.95,3,1,704.8977732301908,688.2157846608816,0.9763341732619412,kv
8192,H100NVL,H100NVLx72,GLM-4.5-355B-A32B,36,2,72,TP36/DP2/EP72,0.9,424,212,90229.44553683262,81349.60289384065,0.90158597794589,weight
8192,H100NVL,H100NVLx72,GLM-4.5-355B-A32B,36,2,72,TP36/DP2/EP72,0.95,448,224,90229.44553683262,85954.24714583647,0.9526185895794853,weight
16384,H100NVL,H100NVLx72,GLM-4.5-355B-A32B,36,2,72,TP36/DP2/EP72,0.9,212,106,45114.304265437786,40716.0681102991,0.9025090550158791,weight
16384,H100NVL,H100NVLx72,GLM-4.5-355B-A32B,36,2,72,TP36/DP2/EP72,0.95,224,112,45114.304265437786,43006.727307878384,0.9532836205306612,weight
32768,H100NVL,H100NVLx72,GLM-4.5-355B-A32B,36,2,72,TP36/DP2/EP72,0.9,104,52,22557.152132718893,20636.763853694232,0.9148656591166417,weight
32768,H100NVL,H100NVLx72,GLM-4.5-355B-A32B,36,2,72,TP36/DP2/EP72,0.95,110,55,22557.152132718893,21696.598482548052,0.9618500755278138,weight
65536,H100NVL,H100NVLx72,GLM-4.5-355B-A32B,36,2,72,TP36/DP2/EP72,0.9,40,20,11278.155161101715,10386.031060242814,0.9208980468777526,weight
65536,H100NVL,H100NVLx72,GLM-4.5-355B-A32B,36,2,72,TP36/DP2/EP72,0.95,44,22,11278.155161101715,10932.081580709371,0.969314699483303,kv
131072,H100NVL,H100NVLx72,GLM-4.5-355B-A32B,36,2,72,TP36/DP2/EP72,0.9,8,4,5639.077580550857,5120.718482680672,0.9080773246216718,kv
131072,H100NVL,H100NVLx72,GLM-4.5-355B-A32B,36,2,72,TP36/DP2/EP72,0.95,16,8,5639.077580550857,5388.178190195978,0.9555070156828077,kv
262144,H100NVL,H100NVLx72,GLM-4.5-355B-A32B,36,2,72,TP36/DP2/EP72,0.9,4,2,2819.5387902754287,2560.359241340336,0.9080773246216718,kv
262144,H100NVL,H100NVLx72,GLM-4.5-355B-A32B,36,2,72,TP36/DP2/EP72,0.95,8,4,2819.5387902754287,2694.089095097989,0.9555070156828077,kv
524288,H100NVL,H100NVLx72,GLM-4.5-355B-A32B,36,2,72,TP36/DP2/EP72,0.9,2,1,1409.330430744998,1280.179620670168,0.9083601636228359,kv
524288,H100NVL,H100NVLx72,GLM-4.5-355B-A32B,36,2,72,TP36/DP2/EP72,0.95,4,2,1409.330430744998,1347.0445475489944,0.9558046276180397,kv
1048576,H100NVL,H100NVLx72,GLM-4.5-355B-A32B,36,2,72,TP36/DP2/EP72,0.9,2,1,704.1718798234463,673.5222737744972,0.9564742544723119,kv
1048576,H100NVL,H100NVLx72,GLM-4.5-355B-A32B,36,2,72,TP36/DP2/EP72,0.95,2,1,704.1718798234463,673.5222737744972,0.9564742544723119,kv
8192,H100NVL,H100NVLx72,GLM-4.5-355B-A32B,72,1,72,TP72/DP1/EP72,0.9,221,221,90091.61398154729,81442.04161037735,0.903991370684717,weight
8192,H100NVL,H100NVLx72,GLM-4.5-355B-A32B,72,1,72,TP72/DP1/EP72,0.95,269,269,90091.61398154729,85603.88326405289,0.9501870316318943,kv
16384,H100NVL,H100NVLx72,GLM-4.5-355B-A32B,72,1,72,TP72/DP1/EP72,0.9,110,110,45045.559595182516,40567.274001196936,0.900583195452976,weight
16384,H100NVL,H100NVLx72,GLM-4.5-355B-A32B,72,1,72,TP72/DP1/EP72,0.95,135,135,45045.559595182516,42811.281415088604,0.9503995909880347,kv
32768,H100NVL,H100NVLx72,GLM-4.5-355B-A32B,72,1,72,TP72/DP1/EP72,0.9,54,54,22522.531979543844,20471.8393140374,0.908949283882958,weight
32768,H100NVL,H100NVLx72,GLM-4.5-355B-A32B,72,1,72,TP72/DP1/EP72,0.95,68,68,22522.531979543844,21414.883483073016,0.9508204274067918,kv
65536,H100NVL,H100NVLx72,GLM-4.5-355B-A32B,72,1,72,TP72/DP1/EP72,0.9,22,22,11261.017323437745,10377.48380992089,0.9215405244357504,kv
65536,H100NVL,H100NVLx72,GLM-4.5-355B-A32B,72,1,72,TP72/DP1/EP72,0.95,34,34,11261.017323437745,10707.441741536508,0.9508414234698785,kv
131072,H100NVL,H100NVLx72,GLM-4.5-355B-A32B,72,1,72,TP72/DP1/EP72,0.9,9,9,5630.258285198421,5089.983429271972,0.9040408399474682,kv
131072,H100NVL,H100NVLx72,GLM-4.5-355B-A32B,72,1,72,TP72/DP1/EP72,0.95,17,17,5630.258285198421,5353.720870768254,0.9508837072080395,kv
262144,H100NVL,H100NVLx72,GLM-4.5-355B-A32B,72,1,72,TP72/DP1/EP72,0.9,5,5,2815.1291425992104,2571.9152227635545,0.9136047024787303,kv
262144,H100NVL,H100NVLx72,GLM-4.5-355B-A32B,72,1,72,TP72/DP1/EP72,0.95,9,9,2815.1291425992104,2685.5574436729003,0.9539730888485363,kv
524288,H100NVL,H100NVLx72,GLM-4.5-355B-A32B,72,1,72,TP72/DP1/EP72,0.9,3,3,1407.5645712996052,1306.6928990561858,0.9283360250036099,kv
524288,H100NVL,H100NVLx72,GLM-4.5-355B-A32B,72,1,72,TP72/DP1/EP72,0.95,5,5,1407.5645712996052,1350.2363870629486,0.9592713645927267,kv
1048576,H100NVL,H100NVLx72,GLM-4.5-355B-A32B,72,1,72,TP72/DP1/EP72,0.9,2,2,703.5211840493977,666.7858469778397,0.947783609215414,kv
1048576,H100NVL,H100NVLx72,GLM-4.5-355B-A32B,72,1,72,TP72/DP1/EP72,0.95,3,3,703.5211840493977,680.789755799123,0.9676890635766859,kv
8192,H100NVL,H100NVLx72,Llama-3.1-405B,12,6,1,TP12/DP6/EP1,0.9,264,44,16537.23867378097,15159.135450965887,0.9166666666666666,weight
8192,H100NVL,H100NVLx72,Llama-3.1-405B,12,6,1,TP12/DP6/EP1,0.95,276,46,16537.23867378097,15848.187062373427,0.9583333333333333,weight
16384,H100NVL,H100NVLx72,Llama-3.1-405B,12,6,1,TP12/DP6/EP1,0.9,132,22,8268.619336890484,7579.567725482943,0.9166666666666666,weight
16384,H100NVL,H100NVLx72,Llama-3.1-405B,12,6,1,TP12/DP6/EP1,0.95,138,23,8268.619336890484,7924.093531186713,0.9583333333333333,weight
32768,H100NVL,H100NVLx72,Llama-3.1-405B,12,6,1,TP12/DP6/EP1,0.9,66,11,4134.309668445242,3789.7838627414717,0.9166666666666666,weight
32768,H100NVL,H100NVLx72,Llama-3.1-405B,12,6,1,TP12/DP6/EP1,0.95,72,12,4134.309668445242,4134.309668445242,1.0,weight
65536,H100NVL,H100NVLx72,Llama-3.1-405B,12,6,1,TP12/DP6/EP1,0.9,36,6,2067.154834222621,2067.154834222621,1.0,weight
65536,H100NVL,H100NVLx72,Llama-3.1-405B,12,6,1,TP12/DP6/EP1,0.95,36,6,2067.154834222621,2067.154834222621,1.0,weight
131072,H100NVL,H100NVLx72,Llama-3.1-405B,12,6,1,TP12/DP6/EP1,0.9,18,3,1033.5774171113105,1033.5774171113105,1.0,weight
131072,H100NVL,H100NVLx72,Llama-3.1-405B,12,6,1,TP12/DP6/EP1,0.95,18,3,1033.5774171113105,1033.5774171113105,1.0,weight
262144,H100NVL,H100NVLx72,Llama-3.1-405B,12,6,1,TP12/DP6/EP1,0.9,6,1,344.5258057037701,344.5258057037701,1.0,weight
262144,H100NVL,H100NVLx72,Llama-3.1-405B,12,6,1,TP12/DP6/EP1,0.95,6,1,344.5258057037701,344.5258057037701,1.0,weight
8192,H100NVL,H100NVLx72,Llama-3.1-405B,18,4,1,TP18/DP4/EP1,0.9,608,152,57615.34565716139,52128.16988028888,0.9047619047619048,weight
8192,H100NVL,H100NVLx72,Llama-3.1-405B,18,4,1,TP18/DP4/EP1,0.95,640,160,57615.34565716139,54871.75776872514,0.9523809523809524,weight
16384,H100NVL,H100NVLx72,Llama-3.1-405B,18,4,1,TP18/DP4/EP1,0.9,304,76,28807.672828580697,26064.08494014444,0.9047619047619048,weight
16384,H100NVL,H100NVLx72,Llama-3.1-405B,18,4,1,TP18/DP4/EP1,0.95,320,80,28807.672828580697,27435.87888436257,0.9523809523809524,weight
32768,H100NVL,H100NVLx72,Llama-3.1-405B,18,4,1,TP18/DP4/EP1,0.9,152,38,14403.836414290348,13032.04247007222,0.9047619047619048,weight
32768,H100NVL,H100NVLx72,Llama-3.1-405B,18,4,1,TP18/DP4/EP1,0.95,160,40,14403.836414290348,13717.939442181285,0.9523809523809524,weight
65536,H100NVL,H100NVLx72,Llama-3.1-405B,18,4,1,TP18/DP4/EP1,0.9,76,19,7201.918207145174,6516.02123503611,0.9047619047619048,weight
65536,H100NVL,H100NVLx72,Llama-3.1-405B,18,4,1,TP18/DP4/EP1,0.95,80,20,7201.918207145174,6858.969721090642,0.9523809523809524,weight
131072,H100NVL,H100NVLx72,Llama-3.1-405B,18,4,1,TP18/DP4/EP1,0.9,36,9,3429.484860545321,3086.536374490789,0.9,weight
131072,H100NVL,H100NVLx72,Llama-3.1-405B,18,4,1,TP18/DP4/EP1,0.95,40,10,3429.484860545321,3429.484860545321,1.0,weight
262144,H100NVL,H100NVLx72,Llama-3.1-405B,18,4,1,TP18/DP4/EP1,0.9,20,5,1714.7424302726606,1714.7424302726606,1.0,weight
262144,H100NVL,H100NVLx72,Llama-3.1-405B,18,4,1,TP18/DP4/EP1,0.95,20,5,1714.7424302726606,1714.7424302726606,1.0,weight
524288,H100NVL,H100NVLx72,Llama-3.1-405B,18,4,1,TP18/DP4/EP1,0.9,8,2,685.8969721090642,685.8969721090642,1.0,weight
524288,H100NVL,H100NVLx72,Llama-3.1-405B,18,4,1,TP18/DP4/EP1,0.95,8,2,685.8969721090642,685.8969721090642,1.0,weight
1048576,H100NVL,H100NVLx72,Llama-3.1-405B,18,4,1,TP18/DP4/EP1,0.9,4,1,342.9484860545321,342.9484860545321,1.0,weight
1048576,H100NVL,H100NVLx72,Llama-3.1-405B,18,4,1,TP18/DP4/EP1,0.95,4,1,342.9484860545321,342.9484860545321,1.0,weight
8192,H100NVL,H100NVLx72,Llama-3.1-405B,24,3,1,TP24/DP3/EP1,0.9,498,166,62664.54542253731,56646.29997454859,0.9039609174947552,weight
8192,H100NVL,H100NVLx72,Llama-3.1-405B,24,3,1,TP24/DP3/EP1,0.95,525,175,62664.54542253731,59717.48491292773,0.952970846756519,weight
16384,H100NVL,H100NVLx72,Llama-3.1-405B,24,3,1,TP24/DP3/EP1,0.9,261,87,32860.8469657882,29688.121070998357,0.9034496615959715,weight
16384,H100NVL,H100NVLx72,Llama-3.1-405B,24,3,1,TP24/DP3/EP1,0.95,276,92,32860.8469657882,31394.334925653435,0.9553720559405675,weight
32768,H100NVL,H100NVLx72,Llama-3.1-405B,24,3,1,TP24/DP3/EP1,0.9,132,44,16430.4234828941,15014.681920964686,0.9138341404648906,weight
32768,H100NVL,H100NVLx72,Llama-3.1-405B,24,3,1,TP24/DP3/EP1,0.95,138,46,16430.4234828941,15697.167462826717,0.9553720559405675,weight
65536,H100NVL,H100NVLx72,Llama-3.1-405B,24,3,1,TP24/DP3/EP1,0.9,66,22,8215.21174144705,7507.340960482343,0.9138341404648906,weight
65536,H100NVL,H100NVLx72,Llama-3.1-405B,24,3,1,TP24/DP3/EP1,0.95,69,23,8215.21174144705,7848.583731413359,0.9553720559405675,weight
131072,H100NVL,H100NVLx72,Llama-3.1-405B,24,3,1,TP24/DP3/EP1,0.9,33,11,4107.605870723525,3753.6704802411714,0.9138341404648906,weight
131072,H100NVL,H100NVLx72,Llama-3.1-405B,24,3,1,TP24/DP3/EP1,0.95,36,12,4107.605870723525,4086.2289694468977,0.994795775946035,kv
262144,H100NVL,H100NVLx72,Llama-3.1-405B,24,3,1,TP24/DP3/EP1,0.9,18,6,2053.8029353617626,2043.1144847234489,0.994795775946035,kv
262144,H100NVL,H100NVLx72,Llama-3.1-405B,24,3,1,TP24/DP3/EP1,0.95,18,6,2053.8029353617626,2043.1144847234489,0.994795775946035,kv
524288,H100NVL,H100NVLx72,Llama-3.1-405B,24,3,1,TP24/DP3/EP1,0.9,9,3,1025.5601760645222,1021.5572423617244,0.9960968319595261,kv
524288,H100NVL,H100NVLx72,Llama-3.1-405B,24,3,1,TP24/DP3/EP1,0.95,9,3,1025.5601760645222,1021.5572423617244,0.9960968319595261,kv
1048576,H100NVL,H100NVLx72,Llama-3.1-405B,24,3,1,TP24/DP3/EP1,0.9,6,2,512.7800880322611,512.7800880322611,1.0,kv
1048576,H100NVL,H100NVLx72,Llama-3.1-405B,24,3,1,TP24/DP3/EP1,0.95,6,2,512.7800880322611,512.7800880322611,1.0,kv
8192,H100NVL,H100NVLx72,Llama-3.1-405B,36,2,1,TP36/DP2/EP1,0.9,336,168,62712.990866648164,56715.288307673574,0.9043626770770987,weight
8192,H100NVL,H100NVLx72,Llama-3.1-405B,36,2,1,TP36/DP2/EP1,0.95,354,177,62712.990866648164,59753.60732415609,0.9528106776348004,weight
16384,H100NVL,H100NVLx72,Llama-3.1-405B,36,2,1,TP36/DP2/EP1,0.9,176,88,32887.49128034393,29708.008161162346,0.90332241848189,weight
16384,H100NVL,H100NVLx72,Llama-3.1-405B,36,2,1,TP36/DP2/EP1,0.95,186,93,32887.49128034393,31395.9631703193,0.9546475558956338,weight
32768,H100NVL,H100NVLx72,Llama-3.1-405B,36,2,1,TP36/DP2/EP1,0.9,88,44,16443.745640171965,14854.004080581173,0.90332241848189,weight
32768,H100NVL,H100NVLx72,Llama-3.1-405B,36,2,1,TP36/DP2/EP1,0.95,94,47,16443.745640171965,15866.777086075344,0.9649125833783825,weight
65536,H100NVL,H100NVLx72,Llama-3.1-405B,36,2,1,TP36/DP2/EP1,0.9,44,22,8221.872820085982,7427.002040290587,0.90332241848189,weight
65536,H100NVL,H100NVLx72,Llama-3.1-405B,36,2,1,TP36/DP2/EP1,0.95,48,24,8221.872820085982,8085.1848409161175,0.983375079843617,kv
131072,H100NVL,H100NVLx72,Llama-3.1-405B,36,2,1,TP36/DP2/EP1,0.9,22,11,4110.936410042991,3713.5010201452933,0.90332241848189,weight
131072,H100NVL,H100NVLx72,Llama-3.1-405B,36,2,1,TP36/DP2/EP1,0.95,24,12,4110.936410042991,4042.5924204580588,0.983375079843617,kv
262144,H100NVL,H100NVLx72,Llama-3.1-405B,36,2,1,TP36/DP2/EP1,0.9,12,6,2054.8478618363492,2021.2962102290294,0.983671953417838,kv
262144,H100NVL,H100NVLx72,Llama-3.1-405B,36,2,1,TP36/DP2/EP1,0.95,12,6,2054.8478618363492,2021.2962102290294,0.983671953417838,kv
524288,H100NVL,H100NVLx72,Llama-3.1-405B,36,2,1,TP36/DP2/EP1,0.9,6,3,1027.4239309181746,1010.6481051145147,0.983671953417838,kv
524288,H100NVL,H100NVLx72,Llama-3.1-405B,36,2,1,TP36/DP2/EP1,0.95,6,3,1027.4239309181746,1010.6481051145147,0.983671953417838,kv
1048576,H100NVL,H100NVLx72,Llama-3.1-405B,36,2,1,TP36/DP2/EP1,0.9,4,2,513.7119654590873,508.64613164982325,0.9901387661766125,kv
1048576,H100NVL,H100NVLx72,Llama-3.1-405B,36,2,1,TP36/DP2/EP1,0.95,4,2,513.7119654590873,508.64613164982325,0.9901387661766125,kv
8192,H100NVL,H100NVLx72,Llama-3.1-405B,72,1,1,TP72/DP1/EP1,0.9,174,174,62707.78455401741,56682.82095660657,0.9039200054624662,weight
8192,H100NVL,H100NVLx72,Llama-3.1-405B,72,1,1,TP72/DP1/EP1,0.95,188,188,62707.78455401741,59582.42090674319,0.9501598777647456,compute
16384,H100NVL,H100NVLx72,Llama-3.1-405B,72,1,1,TP72/DP1/EP1,0.9,91,91,32884.37090462687,29644.463833627575,0.9014757776453788,weight
16384,H100NVL,H100NVLx72,Llama-3.1-405B,72,1,1,TP72/DP1/EP1,0.95,98,98,32884.37090462687,31248.335687926105,0.9502488516065675,kv
32768,H100NVL,H100NVLx72,Llama-3.1-405B,72,1,1,TP72/DP1/EP1,0.9,46,46,16442.185452313435,14985.113586229323,0.911382104872251,weight
32768,H100NVL,H100NVLx72,Llama-3.1-405B,72,1,1,TP72/DP1/EP1,0.95,49,49,16442.185452313435,15624.167843963052,0.9502488516065675,kv
65536,H100NVL,H100NVLx72,Llama-3.1-405B,72,1,1,TP72/DP1/EP1,0.9,23,23,8221.092726156718,7492.556793114662,0.911382104872251,weight
65536,H100NVL,H100NVLx72,Llama-3.1-405B,72,1,1,TP72/DP1/EP1,0.95,25,25,8221.092726156718,7821.316262163209,0.9513718580595064,kv
131072,H100NVL,H100NVLx72,Llama-3.1-405B,72,1,1,TP72/DP1/EP1,0.9,12,12,4110.546363078359,3901.2450247514244,0.9490818689683407,kv
131072,H100NVL,H100NVLx72,Llama-3.1-405B,72,1,1,TP72/DP1/EP1,0.95,13,13,4110.546363078359,3919.3875601470077,0.9534955244275134,kv
262144,H100NVL,H100NVLx72,Llama-3.1-405B,72,1,1,TP72/DP1/EP1,0.9,6,6,2055.2731815391794,1950.6225123757122,0.9490818689683407,kv
262144,H100NVL,H100NVLx72,Llama-3.1-405B,72,1,1,TP72/DP1/EP1,0.95,7,7,2055.2731815391794,1967.536573489488,0.9573114616403519,kv
524288,H100NVL,H100NVLx72,Llama-3.1-405B,72,1,1,TP72/DP1/EP1,0.9,3,3,1027.3728662056794,975.3112561878561,0.9493254963895449,kv
524288,H100NVL,H100NVLx72,Llama-3.1-405B,72,1,1,TP72/DP1/EP1,0.95,4,4,1027.3728662056794,990.2079377284007,0.963825277365425,kv
1048576,H100NVL,H100NVLx72,Llama-3.1-405B,72,1,1,TP72/DP1/EP1,0.9,2,2,513.4009635435793,495.10396886420034,0.9643611991822335,kv
1048576,H100NVL,H100NVLx72,Llama-3.1-405B,72,1,1,TP72/DP1/EP1,0.95,2,2,513.4009635435793,495.10396886420034,0.9643611991822335,kv
8192,H100NVL,H100NVLx72,Qwen3-Coder-480B-A35B,1,72,72,TP1/DP72/EP72,0.9,1296,18,9396.643777001505,8589.365475332153,0.9140886553936222,weight
8192,H100NVL,H100NVLx72,Qwen3-Coder-480B-A35B,1,72,72,TP1/DP72/EP72,0.95,1440,20,9396.643777001505,8989.844644888879,0.9567080394056997,weight
16384,H100NVL,H100NVLx72,Qwen3-Coder-480B-A35B,1,72,72,TP1/DP72/EP72,0.9,576,8,7219.937007138296,6621.962687194956,0.9171773494211752,weight
16384,H100NVL,H100NVLx72,Qwen3-Coder-480B-A35B,1,72,72,TP1/DP72/EP72,0.95,720,10,7219.937007138296,7023.697463078136,0.9728197706065662,weight
32768,H100NVL,H100NVLx72,Qwen3-Coder-480B-A35B,1,72,72,TP1/DP72/EP72,0.9,288,4,5951.202045114594,5678.6650833957665,0.9542047203820687,weight
32768,H100NVL,H100NVLx72,Qwen3-Coder-480B-A35B,1,72,72,TP1/DP72/EP72,0.95,288,4,5951.202045114594,5678.6650833957665,0.9542047203820687,weight
65536,H100NVL,H100NVLx72,Qwen3-Coder-480B-A35B,1,72,72,TP1/DP72/EP72,0.9,144,2,4865.877582465128,4865.877582465128,1.0,weight
65536,H100NVL,H100NVLx72,Qwen3-Coder-480B-A35B,1,72,72,TP1/DP72/EP72,0.95,144,2,4865.877582465128,4865.877582465128,1.0,weight
131072,H100NVL,H100NVLx72,Qwen3-Coder-480B-A35B,1,72,72,TP1/DP72/EP72,0.9,72,1,3957.8303393282695,3957.8303393282695,1.0,weight
131072,H100NVL,H100NVLx72,Qwen3-Coder-480B-A35B,1,72,72,TP1/DP72/EP72,0.95,72,1,3957.8303393282695,3957.8303393282695,1.0,weight
8192,H100NVL,H100NVLx72,Qwen3-Coder-480B-A35B,2,36,72,TP2/DP36/EP72,0.9,1836,51,17583.96246550063,16052.72203384138,0.9129183518980144,weight
8192,H100NVL,H100NVLx72,Qwen3-Coder-480B-A35B,2,36,72,TP2/DP36/EP72,0.95,1944,54,17583.96246550063,16813.057452876637,0.9561586295389055,weight
16384,H100NVL,H100NVLx72,Qwen3-Coder-480B-A35B,2,36,72,TP2/DP36/EP72,0.9,828,23,10655.158513335817,9599.22495261251,0.9008993100007178,weight
16384,H100NVL,H100NVLx72,Qwen3-Coder-480B-A35B,2,36,72,TP2/DP36/EP72,0.95,936,26,10655.158513335817,10227.459964533256,0.959859954381039,weight
32768,H100NVL,H100NVLx72,Qwen3-Coder-480B-A35B,2,36,72,TP2/DP36/EP72,0.9,396,11,7800.059508926742,7215.990113648548,0.9251198795842829,weight
32768,H100NVL,H100NVLx72,Qwen3-Coder-480B-A35B,2,36,72,TP2/DP36/EP72,0.95,432,12,7800.059508926742,7411.024036110178,0.9501240378523608,weight
65536,H100NVL,H100NVLx72,Qwen3-Coder-480B-A35B,2,36,72,TP2/DP36/EP72,0.9,180,5,6407.182775647576,5945.305093143071,0.9279125165181786,weight
65536,H100NVL,H100NVLx72,Qwen3-Coder-480B-A35B,2,36,72,TP2/DP36/EP72,0.95,216,6,6407.182775647576,6185.653351166765,0.9654248314371802,weight
131072,H100NVL,H100NVLx72,Qwen3-Coder-480B-A35B,2,36,72,TP2/DP36/EP72,0.9,72,2,5335.205152800888,4856.032224822424,0.910186597468158,weight
131072,H100NVL,H100NVLx72,Qwen3-Coder-480B-A35B,2,36,72,TP2/DP36/EP72,0.95,108,3,5335.205152800888,5335.205152800888,1.0,weight
262144,H100NVL,H100NVLx72,Qwen3-Coder-480B-A35B,2,36,72,TP2/DP36/EP72,0.9,36,1,3944.8195671897697,3944.8195671897697,1.0,weight
262144,H100NVL,H100NVLx72,Qwen3-Coder-480B-A35B,2,36,72,TP2/DP36/EP72,0.95,36,1,3944.8195671897697,3944.8195671897697,1.0,weight
8192,H100NVL,H100NVLx72,Qwen3-Coder-480B-A35B,4,18,72,TP4/DP18/EP72,0.9,2052,114,36863.309876648935,33395.748006836235,0.9059346032297217,weight
8192,H100NVL,H100NVLx72,Qwen3-Coder-480B-A35B,4,18,72,TP4/DP18/EP72,0.95,2160,120,36863.309876648935,35127.178410339635,0.95290353817607,weight
16384,H100NVL,H100NVLx72,Qwen3-Coder-480B-A35B,4,18,72,TP4/DP18/EP72,0.9,1008,56,19139.936909490134,17312.475911128084,0.9045210542227052,weight
16384,H100NVL,H100NVLx72,Qwen3-Coder-480B-A35B,4,18,72,TP4/DP18/EP72,0.95,1080,60,19139.936909490134,18350.640722006563,0.9587618187449607,weight
32768,H100NVL,H100NVLx72,Qwen3-Coder-480B-A35B,4,18,72,TP4/DP18/EP72,0.9,468,26,11299.754719021628,10217.412063300704,0.904215384967698,weight
32768,H100NVL,H100NVLx72,Qwen3-Coder-480B-A35B,4,18,72,TP4/DP18/EP72,0.95,522,29,11299.754719021628,10861.504174781212,0.9612159241383638,weight
65536,H100NVL,H100NVLx72,Qwen3-Coder-480B-A35B,4,18,72,TP4/DP18/EP72,0.9,198,11,7984.448807387092,7204.175282372505,0.9022758434755459,weight
65536,H100NVL,H100NVLx72,Qwen3-Coder-480B-A35B,4,18,72,TP4/DP18/EP72,0.95,234,13,7984.448807387092,7594.408702969533,0.951150027531431,weight
131072,H100NVL,H100NVLx72,Qwen3-Coder-480B-A35B,4,18,72,TP4/DP18/EP72,0.9,90,5,6392.554823092254,5927.684147765942,0.9272793604136129,weight
131072,H100NVL,H100NVLx72,Qwen3-Coder-480B-A35B,4,18,72,TP4/DP18/EP72,0.95,108,6,6392.554823092254,6169.751707281758,0.9651464677306092,weight
262144,H100NVL,H100NVLx72,Qwen3-Coder-480B-A35B,4,18,72,TP4/DP18/EP72,0.9,18,1,4198.313931863314,3906.2954899795286,0.9304438766078218,weight
262144,H100NVL,H100NVLx72,Qwen3-Coder-480B-A35B,4,18,72,TP4/DP18/EP72,0.95,36,2,4198.313931863314,4188.544584594573,0.9976730307863365,kv
524288,H100NVL,H100NVLx72,Qwen3-Coder-480B-A35B,4,18,72,TP4/DP18/EP72,0.9,18,1,2094.2722922972866,2094.2722922972866,1.0,kv
524288,H100NVL,H100NVLx72,Qwen3-Coder-480B-A35B,4,18,72,TP4/DP18/EP72,0.95,18,1,2094.2722922972866,2094.2722922972866,1.0,kv
8192,H100NVL,H100NVLx72,Qwen3-Coder-480B-A35B,8,9,72,TP8/DP9/EP72,0.9,2133,237,76678.7026209071,69098.55845597114,0.9011440738321885,weight
8192,H100NVL,H100NVLx72,Qwen3-Coder-480B-A35B,8,9,72,TP8/DP9/EP72,0.95,2250,250,76678.7026209071,72888.59358544834,0.9505715549962193,weight
16384,H100NVL,H100NVLx72,Qwen3-Coder-480B-A35B,8,9,72,TP8/DP9/EP72,0.9,1062,118,38238.39407368484,34482.14937885264,0.9017677183933518,weight
16384,H100NVL,H100NVLx72,Qwen3-Coder-480B-A35B,8,9,72,TP8/DP9/EP72,0.95,1125,125,38238.39407368484,36502.47169494541,0.9546026337980007,weight
32768,H100NVL,H100NVLx72,Qwen3-Coder-480B-A35B,8,9,72,TP8/DP9/EP72,0.9,522,58,19631.21651239649,17792.971757981053,0.9063611389923469,weight
32768,H100NVL,H100NVLx72,Qwen3-Coder-480B-A35B,8,9,72,TP8/DP9/EP72,0.95,558,62,19631.21651239649,18837.640685301605,0.95957582014371,weight
65536,H100NVL,H100NVLx72,Qwen3-Coder-480B-A35B,8,9,72,TP8/DP9/EP72,0.9,243,27,11493.924064518478,10403.540717224254,0.9051339350100445,weight
65536,H100NVL,H100NVLx72,Qwen3-Coder-480B-A35B,8,9,72,TP8/DP9/EP72,0.95,270,30,11493.924064518478,11052.534825916435,0.9615980377002312,weight
131072,H100NVL,H100NVLx72,Qwen3-Coder-480B-A35B,8,9,72,TP8/DP9/EP72,0.9,108,12,8152.668108740602,7369.304934997014,0.9039132755933321,weight
131072,H100NVL,H100NVLx72,Qwen3-Coder-480B-A35B,8,9,72,TP8/DP9/EP72,0.95,126,14,8152.668108740602,7760.425604354468,0.9518878360857589,weight
262144,H100NVL,H100NVLx72,Qwen3-Coder-480B-A35B,8,9,72,TP8/DP9/EP72,0.9,9,1,4195.867325162276,3807.149809119269,0.9073570525664861,weight
262144,H100NVL,H100NVLx72,Qwen3-Coder-480B-A35B,8,9,72,TP8/DP9/EP72,0.95,18,2,4195.867325162276,4130.8701387633055,0.9845092369796377,kv
524288,H100NVL,H100NVLx72,Qwen3-Coder-480B-A35B,8,9,72,TP8/DP9/EP72,0.9,9,1,2097.933662581138,2065.4350693816527,0.9845092369796377,kv
524288,H100NVL,H100NVLx72,Qwen3-Coder-480B-A35B,8,9,72,TP8/DP9/EP72,0.95,9,1,2097.933662581138,2065.4350693816527,0.9845092369796377,kv
1048576,H100NVL,H100NVLx72,Qwen3-Coder-480B-A35B,8,9,72,TP8/DP9/EP72,0.9,9,1,1048.966831290569,1043.493878952191,0.9947825306052389,kv
1048576,H100NVL,H100NVLx72,Qwen3-Coder-480B-A35B,8,9,72,TP8/DP9/EP72,0.95,9,1,1048.966831290569,1043.493878952191,0.9947825306052389,kv
8192,H100NVL,H100NVLx72,Qwen3-Coder-480B-A35B,12,6,72,TP12/DP6/EP72,0.9,2166,361,116643.49205038589,105008.23180406052,0.9002493834692522,weight
8192,H100NVL,H100NVLx72,Qwen3-Coder-480B-A35B,12,6,72,TP12/DP6/EP72,0.95,2286,381,116643.49205038589,110825.86174868091,0.9501246902039595,weight
16384,H100NVL,H100NVLx72,Qwen3-Coder-480B-A35B,12,6,72,TP12/DP6/EP72,0.9,1080,180,58178.28287193199,52363.64004995114,0.9000547535103324,weight
16384,H100NVL,H100NVLx72,Qwen3-Coder-480B-A35B,12,6,72,TP12/DP6/EP72,0.95,1140,190,58178.28287193199,55270.62793345215,0.9500216439030958,weight
32768,H100NVL,H100NVLx72,Qwen3-Coder-480B-A35B,12,6,72,TP12/DP6/EP72,0.9,540,90,29256.129874553113,26432.815784662926,0.903496665416915,weight
32768,H100NVL,H100NVLx72,Qwen3-Coder-480B-A35B,12,6,72,TP12/DP6/EP72,0.95,570,95,29256.129874553113,27840.325764155867,0.9516065823993792,weight
65536,H100NVL,H100NVLx72,Qwen3-Coder-480B-A35B,12,6,72,TP12/DP6/EP72,0.9,264,44,15716.863673311404,14244.78504981097,0.9063376349061198,weight
65536,H100NVL,H100NVLx72,Qwen3-Coder-480B-A35B,12,6,72,TP12/DP6/EP72,0.95,282,47,15716.863673311404,14974.722633023213,0.9527805893265836,weight
131072,H100NVL,H100NVLx72,Qwen3-Coder-480B-A35B,12,6,72,TP12/DP6/EP72,0.9,84,14,8385.261424292212,7726.484307904221,0.921436305553992,weight
131072,H100NVL,H100NVLx72,Qwen3-Coder-480B-A35B,12,6,72,TP12/DP6/EP72,0.95,96,16,8385.261424292212,8119.879848087583,0.9683514248660375,weight
262144,H100NVL,H100NVLx72,Qwen3-Coder-480B-A35B,12,6,72,TP12/DP6/EP72,0.9,12,2,4191.580691570579,4064.344198325869,0.9696447467895376,kv
262144,H100NVL,H100NVLx72,Qwen3-Coder-480B-A35B,12,6,72,TP12/DP6/EP72,0.95,12,2,4191.580691570579,4064.344198325869,0.9696447467895376,kv
524288,H100NVL,H100NVLx72,Qwen3-Coder-480B-A35B,12,6,72,TP12/DP6/EP72,0.9,6,1,2095.7903457852894,2032.1720991629345,0.9696447467895376,kv
524288,H100NVL,H100NVLx72,Qwen3-Coder-480B-A35B,12,6,72,TP12/DP6/EP72,0.95,6,1,2095.7903457852894,2032.1720991629345,0.9696447467895376,kv
1048576,H100NVL,H100NVLx72,Qwen3-Coder-480B-A35B,12,6,72,TP12/DP6/EP72,0.9,6,1,1047.8951728926447,1034.9354868371277,0.9876326502967442,kv
1048576,H100NVL,H100NVLx72,Qwen3-Coder-480B-A35B,12,6,72,TP12/DP6/EP72,0.95,6,1,1047.8951728926447,1034.9354868371277,0.9876326502967442,kv
8192,H100NVL,H100NVLx72,Qwen3-Coder-480B-A35B,18,4,72,TP18/DP4/EP72,0.9,1668,417,134043.49452402463,120828.40046806025,0.9014118954232737,weight
8192,H100NVL,H100NVLx72,Qwen3-Coder-480B-A35B,18,4,72,TP18/DP4/EP72,0.95,1760,440,134043.49452402463,127492.79661312039,0.951130057194009,weight
16384,H100NVL,H100NVLx72,Qwen3-Coder-480B-A35B,18,4,72,TP18/DP4/EP72,0.9,836,209,67020.98345308535,60560.37082676536,0.9036031360112401,weight
16384,H100NVL,H100NVLx72,Qwen3-Coder-480B-A35B,18,4,72,TP18/DP4/EP72,0.95,880,220,67020.98345308535,63747.17212414138,0.9511524427086983,weight
32768,H100NVL,H100NVLx72,Qwen3-Coder-480B-A35B,18,4,72,TP18/DP4/EP72,0.9,416,104,33509.724150192866,30275.699975823558,0.903489979210984,weight
32768,H100NVL,H100NVLx72,Qwen3-Coder-480B-A35B,18,4,72,TP18/DP4/EP72,0.95,440,110,33509.724150192866,31982.721297702454,0.9544310527402051,weight
65536,H100NVL,H100NVLx72,Qwen3-Coder-480B-A35B,18,4,72,TP18/DP4/EP72,0.9,192,48,16754.086876608526,15156.623816626574,0.9046523351736778,weight
65536,H100NVL,H100NVLx72,Qwen3-Coder-480B-A35B,18,4,72,TP18/DP4/EP72,0.95,208,52,16754.086876608526,16150.786065075987,0.9639908270754614,weight
131072,H100NVL,H100NVLx72,Qwen3-Coder-480B-A35B,18,4,72,TP18/DP4/EP72,0.9,56,14,8376.252637586053,7669.975398117437,0.915681000797493,weight
131072,H100NVL,H100NVLx72,Qwen3-Coder-480B-A35B,18,4,72,TP18/DP4/EP72,0.95,64,16,8376.252637586053,8065.239187852942,0.9628696192450636,weight
262144,H100NVL,H100NVLx72,Qwen3-Coder-480B-A35B,18,4,72,TP18/DP4/EP72,0.9,8,2,4187.302807766499,3956.995903196573,0.9449987461755193,kv
262144,H100NVL,H100NVLx72,Qwen3-Coder-480B-A35B,18,4,72,TP18/DP4/EP72,0.95,12,3,4187.302807766499,4040.3296009144956,0.9649002678814148,kv
524288,H100NVL,H100NVLx72,Qwen3-Coder-480B-A35B,18,4,72,TP18/DP4/EP72,0.9,4,1,2093.6514038832497,1978.4979515982866,0.9449987461755193,kv
524288,H100NVL,H100NVLx72,Qwen3-Coder-480B-A35B,18,4,72,TP18/DP4/EP72,0.95,8,2,2093.6514038832497,2041.6633514711386,0.9751687160930015,kv
1048576,H100NVL,H100NVLx72,Qwen3-Coder-480B-A35B,18,4,72,TP18/DP4/EP72,0.9,4,1,1045.8745695178477,1020.8316757355693,0.9760555476611089,kv
1048576,H100NVL,H100NVLx72,Qwen3-Coder-480B-A35B,18,4,72,TP18/DP4/EP72,0.95,4,1,1045.8745695178477,1020.8316757355693,0.9760555476611089,kv
8192,H100NVL,H100NVLx72,Qwen3-Coder-480B-A35B,24,3,72,TP24/DP3/EP72,0.9,1254,418,133957.24493660693,120608.79533813133,0.9003529103275262,weight
8192,H100NVL,H100NVLx72,Qwen3-Coder-480B-A35B,24,3,72,TP24/DP3/EP72,0.95,1326,442,133957.24493660693,127533.702205105,0.952047813953312,weight
16384,H100NVL,H100NVLx72,Qwen3-Coder-480B-A35B,24,3,72,TP24/DP3/EP72,0.9,627,209,66978.62246830347,60305.6792375342,0.900372044320154,weight
16384,H100NVL,H100NVLx72,Qwen3-Coder-480B-A35B,24,3,72,TP24/DP3/EP72,0.95,663,221,66978.62246830347,63767.58337253578,0.9520587468443792,weight
32768,H100NVL,H100NVLx72,Qwen3-Coder-480B-A35B,24,3,72,TP24/DP3/EP72,0.9,312,104,33488.688862645904,30147.782354446696,0.9002377632070948,weight
32768,H100NVL,H100NVLx72,Qwen3-Coder-480B-A35B,24,3,72,TP24/DP3/EP72,0.95,330,110,33488.688862645904,31847.757980835246,0.9510004441039496,weight
65536,H100NVL,H100NVLx72,Qwen3-Coder-480B-A35B,24,3,72,TP24/DP3/EP72,0.9,144,48,16743.71747337474,15087.187977864975,0.9010656087488385,weight
65536,H100NVL,H100NVLx72,Qwen3-Coder-480B-A35B,24,3,72,TP24/DP3/EP72,0.95,156,52,16743.71747337474,16078.001959682686,0.9602408775261138,weight
131072,H100NVL,H100NVLx72,Qwen3-Coder-480B-A35B,24,3,72,TP24/DP3/EP72,0.9,42,14,8371.222446561147,7609.215092985244,0.9089729894958255,weight
131072,H100NVL,H100NVLx72,Qwen3-Coder-480B-A35B,24,3,72,TP24/DP3/EP72,0.95,48,16,8371.222446561147,8006.415863669733,0.956421348826864,weight
262144,H100NVL,H100NVLx72,Qwen3-Coder-480B-A35B,24,3,72,TP24/DP3/EP72,0.9,6,2,4185.6112232805735,3846.0863921890473,0.9188828553394848,kv
262144,H100NVL,H100NVLx72,Qwen3-Coder-480B-A35B,24,3,72,TP24/DP3/EP72,0.95,12,4,4185.6112232805735,4023.4623585900745,0.9612604095218832,kv
524288,H100NVL,H100NVLx72,Qwen3-Coder-480B-A35B,24,3,72,TP24/DP3/EP72,0.9,3,1,2092.1364463134146,1923.0431960945236,0.9191767580375302,kv
524288,H100NVL,H100NVLx72,Qwen3-Coder-480B-A35B,24,3,72,TP24/DP3/EP72,0.95,6,2,2092.1364463134146,2011.7311792950372,0.9615678665891698,kv
1048576,H100NVL,H100NVLx72,Qwen3-Coder-480B-A35B,24,3,72,TP24/DP3/EP72,0.9,3,1,1046.0682231567073,1005.8655896475186,0.9615678665891698,kv
1048576,H100NVL,H100NVLx72,Qwen3-Coder-480B-A35B,24,3,72,TP24/DP3/EP72,0.95,3,1,1046.0682231567073,1005.8655896475186,0.9615678665891698,kv
8192,H100NVL,H100NVLx72,Qwen3-Coder-480B-A35B,36,2,72,TP36/DP2/EP72,0.9,844,422,133833.9772377757,120659.34405671693,0.9015598769985586,weight
8192,H100NVL,H100NVLx72,Qwen3-Coder-480B-A35B,36,2,72,TP36/DP2/EP72,0.95,890,445,133833.9772377757,127235.56419702899,0.9506970264432651,weight
16384,H100NVL,H100NVLx72,Qwen3-Coder-480B-A35B,36,2,72,TP36/DP2/EP72,0.9,422,211,66916.52693975467,60330.818641132435,0.9015832321281201,weight
16384,H100NVL,H100NVLx72,Qwen3-Coder-480B-A35B,36,2,72,TP36/DP2/EP72,0.95,446,223,66916.52693975467,63761.39822728137,0.9528497838013339,weight
32768,H100NVL,H100NVLx72,Qwen3-Coder-480B-A35B,36,2,72,TP36/DP2/EP72,0.9,210,105,33457.800668772376,30153.555533578445,0.9012414124913498,weight
32768,H100NVL,H100NVLx72,Qwen3-Coder-480B-A35B,36,2,72,TP36/DP2/EP72,0.95,222,111,33457.800668772376,31839.620434086664,0.9516351881372755,weight
65536,H100NVL,H100NVLx72,Qwen3-Coder-480B-A35B,36,2,72,TP36/DP2/EP72,0.9,98,49,16728.900334386188,15182.41142584161,0.9075558537840186,weight
65536,H100NVL,H100NVLx72,Qwen3-Coder-480B-A35B,36,2,72,TP36/DP2/EP72,0.95,104,52,16728.900334386188,15921.948309872763,0.9517629964681696,weight
131072,H100NVL,H100NVLx72,Qwen3-Coder-480B-A35B,36,2,72,TP36/DP2/EP72,0.9,30,15,8363.983592639477,7681.012855859673,0.9183438454636812,weight
131072,H100NVL,H100NVLx72,Qwen3-Coder-480B-A35B,36,2,72,TP36/DP2/EP72,0.95,34,17,8363.983592639477,8081.905907939432,0.9662747204635503,weight
262144,H100NVL,H100NVLx72,Qwen3-Coder-480B-A35B,36,2,72,TP36/DP2/EP72,0.9,6,3,4181.991796319739,3803.302729549615,0.9094476782323246,kv
262144,H100NVL,H100NVLx72,Qwen3-Coder-480B-A35B,36,2,72,TP36/DP2/EP72,0.95,12,6,4181.991796319739,3999.927041842855,0.9564645835419607,kv
524288,H100NVL,H100NVLx72,Qwen3-Coder-480B-A35B,36,2,72,TP36/DP2/EP72,0.9,4,2,2090.9958981598693,1949.568817262385,0.9323637693302298,kv
524288,H100NVL,H100NVLx72,Qwen3-Coder-480B-A35B,36,2,72,TP36/DP2/EP72,0.95,6,3,2090.9958981598693,1999.9635209214275,0.9564645835419607,kv
1048576,H100NVL,H100NVLx72,Qwen3-Coder-480B-A35B,36,2,72,TP36/DP2/EP72,0.9,2,1,1045.00247619051,974.7844086311925,0.9328058361973525,kv
1048576,H100NVL,H100NVLx72,Qwen3-Coder-480B-A35B,36,2,72,TP36/DP2/EP72,0.95,4,2,1045.00247619051,1013.0753303322487,0.9694477797079968,kv
8192,H100NVL,H100NVLx72,Qwen3-Coder-480B-A35B,72,1,72,TP72/DP1/EP72,0.9,434,434,133621.92063745947,120388.39339273424,0.9009629020328919,weight
8192,H100NVL,H100NVLx72,Qwen3-Coder-480B-A35B,72,1,72,TP72/DP1/EP72,0.95,458,458,133621.92063745947,127045.81605096128,0.9507857351913063,weight
16384,H100NVL,H100NVLx72,Qwen3-Coder-480B-A35B,72,1,72,TP72/DP1/EP72,0.9,217,217,66810.96031872973,60195.012580285,0.9009751138603224,weight
16384,H100NVL,H100NVLx72,Qwen3-Coder-480B-A35B,72,1,72,TP72/DP1/EP72,0.95,229,229,66810.96031872973,63523.373276790604,0.9507926988886958,weight
32768,H100NVL,H100NVLx72,Qwen3-Coder-480B-A35B,72,1,72,TP72/DP1/EP72,0.9,108,108,33405.2082092463,30067.62157253252,0.9000878361299971,weight
32768,H100NVL,H100NVLx72,Qwen3-Coder-480B-A35B,72,1,72,TP72/DP1/EP72,0.95,115,115,33405.2082092463,31981.276731865888,0.9573739679016195,weight
65536,H100NVL,H100NVLx72,Qwen3-Coder-480B-A35B,72,1,72,TP72/DP1/EP72,0.9,51,51,16702.60410462315,15172.720471721004,0.9084044845151609,weight
65536,H100NVL,H100NVLx72,Qwen3-Coder-480B-A35B,72,1,72,TP72/DP1/EP72,0.95,54,54,16702.60410462315,15900.808008059825,0.9519957432062108,weight
131072,H100NVL,H100NVLx72,Qwen3-Coder-480B-A35B,72,1,72,TP72/DP1/EP72,0.9,17,17,8351.302052311576,7688.783006111692,0.9206687721208092,weight
131072,H100NVL,H100NVLx72,Qwen3-Coder-480B-A35B,72,1,72,TP72/DP1/EP72,0.95,25,25,8351.302052311576,7940.050476112841,0.950755993062794,kv
262144,H100NVL,H100NVLx72,Qwen3-Coder-480B-A35B,72,1,72,TP72/DP1/EP72,0.9,7,7,4175.651026155788,3794.745506582167,0.9087793694473811,kv
262144,H100NVL,H100NVLx72,Qwen3-Coder-480B-A35B,72,1,72,TP72/DP1/EP72,0.95,13,13,4175.651026155788,3979.0220240361045,0.9529105758867247,kv
524288,H100NVL,H100NVLx72,Qwen3-Coder-480B-A35B,72,1,72,TP72/DP1/EP72,0.9,4,4,2087.54979968486,1921.4734813934751,0.9204443801453475,kv
524288,H100NVL,H100NVLx72,Qwen3-Coder-480B-A35B,72,1,72,TP72/DP1/EP72,0.95,7,7,2087.54979968486,1997.5947734432434,0.9569087998498544,kv
1048576,H100NVL,H100NVLx72,Qwen3-Coder-480B-A35B,72,1,72,TP72/DP1/EP72,0.9,2,2,1043.77489984243,960.7367406967376,0.9204443801453475,kv
1048576,H100NVL,H100NVLx72,Qwen3-Coder-480B-A35B,72,1,72,TP72/DP1/EP72,0.95,4,4,1043.77489984243,1005.4359625580255,0.9632689602995893,kv
8192,H100NVL,H100NVLx72,DeepSeek-V3/R1-671B,1,72,72,TP1/DP72/EP72,0.9,3384,47,13864.596974495178,12593.740538909633,0.908338018196752,weight
8192,H100NVL,H100NVLx72,DeepSeek-V3/R1-671B,1,72,72,TP1/DP72/EP72,0.95,3672,51,13864.596974495178,13222.972301698604,0.9537220826557826,weight
16384,H100NVL,H100NVLx72,DeepSeek-V3/R1-671B,1,72,72,TP1/DP72/EP72,0.9,1512,21,9632.45884496312,8792.89026017534,0.9128396395665064,weight
16384,H100NVL,H100NVLx72,DeepSeek-V3/R1-671B,1,72,72,TP1/DP72/EP72,0.95,1728,24,9632.45884496312,9211.192654240473,0.9562659755413406,weight
32768,H100NVL,H100NVLx72,DeepSeek-V3/R1-671B,1,72,72,TP1/DP72/EP72,0.9,648,9,7661.07752419158,7034.078996579181,0.9181579189568948,weight
32768,H100NVL,H100NVLx72,DeepSeek-V3/R1-671B,1,72,72,TP1/DP72/EP72,0.95,792,11,7661.07752419158,7358.789777164958,0.9605423981062611,weight
65536,H100NVL,H100NVLx72,DeepSeek-V3/R1-671B,1,72,72,TP1/DP72/EP72,0.9,288,4,6453.402996566815,5905.173341541724,0.9150479746396208,weight
65536,H100NVL,H100NVLx72,DeepSeek-V3/R1-671B,1,72,72,TP1/DP72/EP72,0.95,360,5,6453.402996566815,6206.862087450125,0.9617967591288117,weight
131072,H100NVL,H100NVLx72,DeepSeek-V3/R1-671B,1,72,72,TP1/DP72/EP72,0.9,216,3,5504.090358111269,5504.090358111269,1.0,weight
131072,H100NVL,H100NVLx72,DeepSeek-V3/R1-671B,1,72,72,TP1/DP72/EP72,0.95,216,3,5504.090358111269,5504.090358111269,1.0,weight
262144,H100NVL,H100NVLx72,DeepSeek-V3/R1-671B,1,72,72,TP1/DP72/EP72,0.9,72,1,3738.875152742104,3738.875152742104,1.0,weight
262144,H100NVL,H100NVLx72,DeepSeek-V3/R1-671B,1,72,72,TP1/DP72/EP72,0.95,72,1,3738.875152742104,3738.875152742104,1.0,weight
8192,H100NVL,H100NVLx72,DeepSeek-V3/R1-671B,2,36,72,TP2/DP36/EP72,0.9,5544,154,35926.00455330795,32454.10763080303,0.903359781704831,weight
8192,H100NVL,H100NVLx72,DeepSeek-V3/R1-671B,2,36,72,TP2/DP36/EP72,0.95,5868,163,35926.00455330795,34287.8197470306,0.9544011412722901,weight
16384,H100NVL,H100NVLx72,DeepSeek-V3/R1-671B,2,36,72,TP2/DP36/EP72,0.9,2700,75,19029.35272293431,17242.717831019654,0.9061116309142039,weight
16384,H100NVL,H100NVLx72,DeepSeek-V3/R1-671B,2,36,72,TP2/DP36/EP72,0.95,2880,80,19029.35272293431,18128.82735533723,0.9526770363286314,weight
32768,H100NVL,H100NVLx72,DeepSeek-V3/R1-671B,2,36,72,TP2/DP36/EP72,0.9,1260,35,11822.130451674724,10778.669365597341,0.9117366289990848,weight
32768,H100NVL,H100NVLx72,DeepSeek-V3/R1-671B,2,36,72,TP2/DP36/EP72,0.95,1404,39,11822.130451674724,11370.29598972579,0.9617806228923038,weight
65536,H100NVL,H100NVLx72,DeepSeek-V3/R1-671B,2,36,72,TP2/DP36/EP72,0.9,540,15,8789.823277973373,7947.574623543609,0.9041791139828288,weight
65536,H100NVL,H100NVLx72,DeepSeek-V3/R1-671B,2,36,72,TP2/DP36/EP72,0.95,648,18,8789.823277973373,8371.36882055915,0.9523933025521868,weight
131072,H100NVL,H100NVLx72,DeepSeek-V3/R1-671B,2,36,72,TP2/DP36/EP72,0.9,252,7,7195.847483245538,6661.105109841528,0.9256873669642002,weight
131072,H100NVL,H100NVLx72,DeepSeek-V3/R1-671B,2,36,72,TP2/DP36/EP72,0.95,288,8,7195.847483245538,6852.726329257445,0.9523167834244682,weight
262144,H100NVL,H100NVLx72,DeepSeek-V3/R1-671B,2,36,72,TP2/DP36/EP72,0.9,144,4,6200.447866652003,5897.917461341031,0.9512082978815003,weight
262144,H100NVL,H100NVLx72,DeepSeek-V3/R1-671B,2,36,72,TP2/DP36/EP72,0.95,144,4,6200.447866652003,5897.917461341031,0.9512082978815003,weight
524288,H100NVL,H100NVLx72,DeepSeek-V3/R1-671B,2,36,72,TP2/DP36/EP72,0.9,72,2,4886.497924186167,4886.497924186167,1.0,weight
524288,H100NVL,H100NVLx72,DeepSeek-V3/R1-671B,2,36,72,TP2/DP36/EP72,0.95,72,2,4886.497924186167,4886.497924186167,1.0,weight
1048576,H100NVL,H100NVLx72,DeepSeek-V3/R1-671B,2,36,72,TP2/DP36/EP72,0.9,36,1,3727.262013301028,3727.262013301028,1.0,weight
1048576,H100NVL,H100NVLx72,DeepSeek-V3/R1-671B,2,36,72,TP2/DP36/EP72,0.95,36,1,3727.262013301028,3727.262013301028,1.0,weight
8192,H100NVL,H100NVLx72,DeepSeek-V3/R1-671B,4,18,72,TP4/DP18/EP72,0.9,6516,362,84052.86954573166,75689.94066547477,0.9005039456064403,weight
8192,H100NVL,H100NVLx72,DeepSeek-V3/R1-671B,4,18,72,TP4/DP18/EP72,0.95,6876,382,84052.86954573166,79871.33238822964,0.950251107664719,weight
16384,H100NVL,H100NVLx72,DeepSeek-V3/R1-671B,4,18,72,TP4/DP18/EP72,0.9,3258,181,42095.70289593947,37962.66792340242,0.9018181265970566,weight
16384,H100NVL,H100NVLx72,DeepSeek-V3/R1-671B,4,18,72,TP4/DP18/EP72,0.95,3438,191,42095.70289593947,40026.08263912459,0.9508353557622976,weight
32768,H100NVL,H100NVLx72,DeepSeek-V3/R1-671B,4,18,72,TP4/DP18/EP72,0.9,1602,89,21795.812446248572,19748.531387561146,0.9060699818492062,weight
32768,H100NVL,H100NVLx72,DeepSeek-V3/R1-671B,4,18,72,TP4/DP18/EP72,0.95,1710,95,21795.812446248572,20858.28532668918,0.956985906266561,weight
65536,H100NVL,H100NVLx72,DeepSeek-V3/R1-671B,4,18,72,TP4/DP18/EP72,0.9,756,42,13053.124118445476,11813.817089367418,0.9050566731893108,weight
65536,H100NVL,H100NVLx72,DeepSeek-V3/R1-671B,4,18,72,TP4/DP18/EP72,0.95,828,46,13053.124118445476,12427.193226969412,0.9520474266699451,weight
131072,H100NVL,H100NVLx72,DeepSeek-V3/R1-671B,4,18,72,TP4/DP18/EP72,0.9,342,19,9339.537103067907,8501.596039551481,0.9102802361327764,weight
131072,H100NVL,H100NVLx72,DeepSeek-V3/R1-671B,4,18,72,TP4/DP18/EP72,0.95,396,22,9339.537103067907,8920.070858025461,0.9550870412084281,weight
262144,H100NVL,H100NVLx72,DeepSeek-V3/R1-671B,4,18,72,TP4/DP18/EP72,0.9,144,8,7496.311561550658,6838.082732512842,0.912192973353197,weight
262144,H100NVL,H100NVLx72,DeepSeek-V3/R1-671B,4,18,72,TP4/DP18/EP72,0.95,180,10,7496.311561550658,7182.925673837432,0.9581946554462046,weight
524288,H100NVL,H100NVLx72,DeepSeek-V3/R1-671B,4,18,72,TP4/DP18/EP72,0.9,72,4,6430.348756603019,5876.25641427038,0.9138316810944869,weight
524288,H100NVL,H100NVLx72,DeepSeek-V3/R1-671B,4,18,72,TP4/DP18/EP72,0.95,90,5,6430.348756603019,6181.284500504841,0.9612673798069777,weight
1048576,H100NVL,H100NVLx72,DeepSeek-V3/R1-671B,4,18,72,TP4/DP18/EP72,0.9,18,1,3794.7211192117516,3692.851450966154,0.9731548999134992,weight
1048576,H100NVL,H100NVLx72,DeepSeek-V3/R1-671B,4,18,72,TP4/DP18/EP72,0.95,18,1,3794.7211192117516,3692.851450966154,0.9731548999134992,weight
8192,H100NVL,H100NVLx72,DeepSeek-V3/R1-671B,8,9,72,TP8/DP9/EP72,0.9,6993,777,180190.1848624929,162233.80491381083,0.9003476245813001,weight
8192,H100NVL,H100NVLx72,DeepSeek-V3/R1-671B,8,9,72,TP8/DP9/EP72,0.95,7380,820,180190.1848624929,171211.99488733787,0.9501738122861327,weight
16384,H100NVL,H100NVLx72,DeepSeek-V3/R1-671B,8,9,72,TP8/DP9/EP72,0.9,3492,388,89990.79471633394,81012.85691964463,0.9002349315283938,weight
16384,H100NVL,H100NVLx72,DeepSeek-V3/R1-671B,8,9,72,TP8/DP9/EP72,0.95,3690,410,89990.79471633394,85606.18244630475,0.9512771024653108,weight
32768,H100NVL,H100NVLx72,DeepSeek-V3/R1-671B,8,9,72,TP8/DP9/EP72,0.9,1746,194,44938.37479665744,40589.6894964459,0.9032300273454705,weight
32768,H100NVL,H100NVLx72,DeepSeek-V3/R1-671B,8,9,72,TP8/DP9/EP72,0.95,1845,205,44938.37479665744,42865.139445958775,0.9538649236853828,weight
65536,H100NVL,H100NVLx72,DeepSeek-V3/R1-671B,8,9,72,TP8/DP9/EP72,0.9,855,95,23092.697894036028,20827.798858526512,0.9019214192338066,weight
65536,H100NVL,H100NVLx72,DeepSeek-V3/R1-671B,8,9,72,TP8/DP9/EP72,0.95,909,101,23092.697894036028,21952.762576333138,0.9506365465423903,weight
131072,H100NVL,H100NVLx72,DeepSeek-V3/R1-671B,8,9,72,TP8/DP9/EP72,0.9,405,45,13507.737872842472,12250.39644212726,0.9069169506729089,weight
131072,H100NVL,H100NVLx72,DeepSeek-V3/R1-671B,8,9,72,TP8/DP9/EP72,0.95,441,49,13507.737872842472,12872.884733604062,0.953000780351624,weight
262144,H100NVL,H100NVLx72,DeepSeek-V3/R1-671B,8,9,72,TP8/DP9/EP72,0.9,180,20,9457.059237392676,8616.37688126534,0.9111053092695744,weight
262144,H100NVL,H100NVLx72,DeepSeek-V3/R1-671B,8,9,72,TP8/DP9/EP72,0.95,207,23,9457.059237392676,9035.903199513697,0.9554664904483466,weight
524288,H100NVL,H100NVLx72,DeepSeek-V3/R1-671B,8,9,72,TP8/DP9/EP72,0.9,81,9,7577.1545510737205,6979.529483527971,0.9211280351327844,weight
524288,H100NVL,H100NVLx72,DeepSeek-V3/R1-671B,8,9,72,TP8/DP9/EP72,0.95,99,11,7577.1545510737205,7309.8880232940155,0.9647273226409467,weight
1048576,H100NVL,H100NVLx72,DeepSeek-V3/R1-671B,8,9,72,TP8/DP9/EP72,0.9,9,1,3786.7379999554446,3604.121547719785,0.951774732701917,weight
1048576,H100NVL,H100NVLx72,DeepSeek-V3/R1-671B,8,9,72,TP8/DP9/EP72,0.95,9,1,3786.7379999554446,3604.121547719785,0.951774732701917,weight
8192,H100NVL,H100NVLx72,DeepSeek-V3/R1-671B,12,6,72,TP12/DP6/EP72,0.9,7158,1193,276196.51640280656,248681.08986305527,0.900377358490566,weight
8192,H100NVL,H100NVLx72,DeepSeek-V3/R1-671B,12,6,72,TP12/DP6/EP72,0.95,7554,1259,276196.51640280656,262438.8031329309,0.9501886792452829,weight
16384,H100NVL,H100NVLx72,DeepSeek-V3/R1-671B,12,6,72,TP12/DP6/EP72,0.9,3576,596,137994.0332006826,124236.32056143633,0.9003021194457107,weight
16384,H100NVL,H100NVLx72,DeepSeek-V3/R1-671B,12,6,72,TP12/DP6/EP72,0.95,3774,629,137994.0332006826,131115.17673631597,0.9501510586739441,weight
32768,H100NVL,H100NVLx72,DeepSeek-V3/R1-671B,12,6,72,TP12/DP6/EP72,0.9,1788,298,68998.84495387417,62122.85339571668,0.9003462802492694,weight
32768,H100NVL,H100NVLx72,DeepSeek-V3/R1-671B,12,6,72,TP12/DP6/EP72,0.95,1890,315,68998.84495387417,65664.70517681503,0.9516783247706825,weight
65536,H100NVL,H100NVLx72,DeepSeek-V3/R1-671B,12,6,72,TP12/DP6/EP72,0.9,888,148,34572.44536035196,31125.80340337783,0.9003066771514296,weight
65536,H100NVL,H100NVLx72,DeepSeek-V3/R1-671B,12,6,72,TP12/DP6/EP72,0.95,942,157,34572.44536035196,32945.55270963338,0.952942505693152,weight
131072,H100NVL,H100NVLx72,DeepSeek-V3/R1-671B,12,6,72,TP12/DP6/EP72,0.9,432,72,18416.3975336942,16652.293891199457,0.9042101670933645,weight
131072,H100NVL,H100NVLx72,DeepSeek-V3/R1-671B,12,6,72,TP12/DP6/EP72,0.95,462,77,18416.3975336942,17526.91566528619,0.951701636176096,weight
262144,H100NVL,H100NVLx72,DeepSeek-V3/R1-671B,12,6,72,TP12/DP6/EP72,0.9,204,34,11614.230831757728,10576.112304653261,0.9106166786124265,weight
262144,H100NVL,H100NVLx72,DeepSeek-V3/R1-671B,12,6,72,TP12/DP6/EP72,0.95,228,38,11614.230831757728,11164.893195978893,0.961311459855768,weight
524288,H100NVL,H100NVLx72,DeepSeek-V3/R1-671B,12,6,72,TP12/DP6/EP72,0.9,54,9,7569.8695107112735,6936.8972687183905,0.9163826746158259,weight
524288,H100NVL,H100NVLx72,DeepSeek-V3/R1-671B,12,6,72,TP12/DP6/EP72,0.95,66,11,7569.8695107112735,7271.593503499576,0.960596942022628,weight
1048576,H100NVL,H100NVLx72,DeepSeek-V3/R1-671B,12,6,72,TP12/DP6/EP72,0.9,6,1,3784.9347553556368,3504.039223206433,0.9257858984882791,weight
1048576,H100NVL,H100NVLx72,DeepSeek-V3/R1-671B,12,6,72,TP12/DP6/EP72,0.95,12,2,3784.9347553556368,3684.9341247087527,0.9735792986905826,kv
8192,H100NVL,H100NVLx72,DeepSeek-V3/R1-671B,18,4,72,TP18/DP4/EP72,0.9,7264,1816,419277.3191156161,377495.0974288343,0.9003470500743678,weight
8192,H100NVL,H100NVLx72,DeepSeek-V3/R1-671B,18,4,72,TP18/DP4/EP72,0.95,7668,1917,419277.3191156161,398490.144147068,0.9504214179474467,weight
16384,H100NVL,H100NVLx72,DeepSeek-V3/R1-671B,18,4,72,TP18/DP4/EP72,0.9,3632,908,209534.7236829679,188747.5487144724,0.9007936507939033,weight
16384,H100NVL,H100NVLx72,DeepSeek-V3/R1-671B,18,4,72,TP18/DP4/EP72,0.95,3832,958,209534.7236829679,199141.13619870317,0.9503968253968706,weight
32768,H100NVL,H100NVLx72,DeepSeek-V3/R1-671B,18,4,72,TP18/DP4/EP72,0.9,1816,454,104767.37324073062,94373.82458174367,0.9007940321734988,weight
32768,H100NVL,H100NVLx72,DeepSeek-V3/R1-671B,18,4,72,TP18/DP4/EP72,0.95,1916,479,104767.37324073062,99570.59205943023,0.9503969506865518,weight
65536,H100NVL,H100NVLx72,DeepSeek-V3/R1-671B,18,4,72,TP18/DP4/EP72,0.9,908,227,52400.68819936902,47220.782372801295,0.9011481336493192,weight
65536,H100NVL,H100NVLx72,DeepSeek-V3/R1-671B,18,4,72,TP18/DP4/EP72,0.95,960,240,52400.68819936902,49912.93204168092,0.9525243609736016,weight
131072,H100NVL,H100NVLx72,DeepSeek-V3/R1-671B,18,4,72,TP18/DP4/EP72,0.9,452,113,26664.507421232156,24135.956148241075,0.9051716488496738,weight
131072,H100NVL,H100NVLx72,DeepSeek-V3/R1-671B,18,4,72,TP18/DP4/EP72,0.95,480,120,26664.507421232156,25491.302845867714,0.9560012657713581,weight
262144,H100NVL,H100NVLx72,DeepSeek-V3/R1-671B,18,4,72,TP18/DP4/EP72,0.9,216,54,15070.16821684059,13595.149892726246,0.9021233006234103,weight
262144,H100NVL,H100NVLx72,DeepSeek-V3/R1-671B,18,4,72,TP18/DP4/EP72,0.95,236,59,15070.16821684059,14407.440107738916,0.9560238413025085,weight
524288,H100NVL,H100NVLx72,DeepSeek-V3/R1-671B,18,4,72,TP18/DP4/EP72,0.9,36,9,7563.421998699874,6866.247414758057,0.9078228632407845,weight
524288,H100NVL,H100NVLx72,DeepSeek-V3/R1-671B,18,4,72,TP18/DP4/EP72,0.95,44,11,7563.421998699874,7207.984321946227,0.953005706039575,weight
1048576,H100NVL,H100NVLx72,DeepSeek-V3/R1-671B,18,4,72,TP18/DP4/EP72,0.9,8,2,3780.7493809139746,3596.4743624182256,0.9512596578270942,kv
1048576,H100NVL,H100NVLx72,DeepSeek-V3/R1-671B,18,4,72,TP18/DP4/EP72,0.95,8,2,3780.7493809139746,3596.4743624182256,0.9512596578270942,kv
8192,H100NVL,H100NVLx72,DeepSeek-V3/R1-671B,24,3,72,TP24/DP3/EP72,0.9,6303,2101,483788.44428698195,435419.32579740166,0.9000201037028328,weight
8192,H100NVL,H100NVLx72,DeepSeek-V3/R1-671B,24,3,72,TP24/DP3/EP72,0.95,6654,2218,483788.44428698195,459666.8560774093,0.9501402141898541,weight
16384,H100NVL,H100NVLx72,DeepSeek-V3/R1-671B,24,3,72,TP24/DP3/EP72,0.9,3153,1051,241894.22214349097,217813.28482297502,0.9004484807155452,weight
16384,H100NVL,H100NVLx72,DeepSeek-V3/R1-671B,24,3,72,TP24/DP3/EP72,0.95,3327,1109,241894.22214349097,229833.42803870473,0.9501402141898544,weight
32768,H100NVL,H100NVLx72,DeepSeek-V3/R1-671B,24,3,72,TP24/DP3/EP72,0.9,1578,526,120946.37993906364,109010.2702169002,0.9013107318451598,weight
32768,H100NVL,H100NVLx72,DeepSeek-V3/R1-671B,24,3,72,TP24/DP3/EP72,0.95,1665,555,120946.37993906364,115020.33841482904,0.951002737517069,weight
65536,H100NVL,H100NVLx72,DeepSeek-V3/R1-671B,24,3,72,TP24/DP3/EP72,0.9,789,263,60472.4572278223,54517.572999077136,0.9015273315864958,weight
65536,H100NVL,H100NVLx72,DeepSeek-V3/R1-671B,24,3,72,TP24/DP3/EP72,0.95,834,278,60472.4572278223,57621.9571606049,0.9528628371015502,weight
131072,H100NVL,H100NVLx72,DeepSeek-V3/R1-671B,24,3,72,TP24/DP3/EP72,0.9,390,130,30236.22861391115,27367.68379752501,0.9051288818782652,weight
131072,H100NVL,H100NVLx72,DeepSeek-V3/R1-671B,24,3,72,TP24/DP3/EP72,0.95,411,137,30236.22861391115,28750.739377281734,0.9508705514964267,weight
262144,H100NVL,H100NVLx72,DeepSeek-V3/R1-671B,24,3,72,TP24/DP3/EP72,0.9,165,55,15117.376158285551,13706.181779715103,0.906650839153923,weight
262144,H100NVL,H100NVLx72,DeepSeek-V3/R1-671B,24,3,72,TP24/DP3/EP72,0.95,180,60,15117.376158285551,14520.663539003144,0.9605280299283048,weight
524288,H100NVL,H100NVLx72,DeepSeek-V3/R1-671B,24,3,72,TP24/DP3/EP72,0.9,30,10,7558.688079142776,6970.065881837614,0.9221264072360138,weight
524288,H100NVL,H100NVLx72,DeepSeek-V3/R1-671B,24,3,72,TP24/DP3/EP72,0.95,36,12,7558.688079142776,7302.363602476664,0.9660887611735949,weight
1048576,H100NVL,H100NVLx72,DeepSeek-V3/R1-671B,24,3,72,TP24/DP3/EP72,0.9,6,2,3779.344039571388,3504.619531855593,0.9273089443989991,kv
1048576,H100NVL,H100NVLx72,DeepSeek-V3/R1-671B,24,3,72,TP24/DP3/EP72,0.95,9,3,3779.344039571388,3601.0591928054355,0.9528265103945998,kv
8192,H100NVL,H100NVLx72,DeepSeek-V3/R1-671B,36,2,72,TP36/DP2/EP72,0.9,4226,2113,483316.40884843806,435048.2138030788,0.9001312718507442,weight
8192,H100NVL,H100NVLx72,DeepSeek-V3/R1-671B,36,2,72,TP36/DP2/EP72,0.95,4462,2231,483316.40884843806,459343.3814456549,0.9503988961187932,weight
16384,H100NVL,H100NVLx72,DeepSeek-V3/R1-671B,36,2,72,TP36/DP2/EP72,0.9,2114,1057,241657.66416041664,217627.0525271441,0.9005592820043125,weight
16384,H100NVL,H100NVLx72,DeepSeek-V3/R1-671B,36,2,72,TP36/DP2/EP72,0.95,2232,1116,241657.66416041664,229774.63634843167,0.9508270186535578,weight
32768,H100NVL,H100NVLx72,DeepSeek-V3/R1-671B,36,2,72,TP36/DP2/EP72,0.9,1058,529,120828.29142394604,108916.47719654193,0.9014153549055036,weight
32768,H100NVL,H100NVLx72,DeepSeek-V3/R1-671B,36,2,72,TP36/DP2/EP72,0.95,1116,558,120828.29142394604,114887.3204036636,0.9508312916596863,weight
65536,H100NVL,H100NVLx72,DeepSeek-V3/R1-671B,36,2,72,TP36/DP2/EP72,0.9,530,265,60413.60426945925,54572.79254643773,0.9033195950870588,weight
65536,H100NVL,H100NVLx72,DeepSeek-V3/R1-671B,36,2,72,TP36/DP2/EP72,0.95,558,279,60413.60426945925,57451.4962327898,0.9509695196555774,weight
131072,H100NVL,H100NVLx72,DeepSeek-V3/R1-671B,36,2,72,TP36/DP2/EP72,0.9,260,130,30206.25911436656,27186.26046017744,0.9000207658037085,weight
131072,H100NVL,H100NVLx72,DeepSeek-V3/R1-671B,36,2,72,TP36/DP2/EP72,0.95,276,138,30206.25911436656,28757.947773956905,0.9520526082052704,weight
262144,H100NVL,H100NVLx72,DeepSeek-V3/R1-671B,36,2,72,TP36/DP2/EP72,0.9,110,55,15102.583359580138,13598.757607006723,0.900425926030762,weight
262144,H100NVL,H100NVLx72,DeepSeek-V3/R1-671B,36,2,72,TP36/DP2/EP72,0.95,120,60,15102.583359580138,14410.115343908177,0.9541490353547559,weight
524288,H100NVL,H100NVLx72,DeepSeek-V3/R1-671B,36,2,72,TP36/DP2/EP72,0.9,20,10,7550.7390402704,6819.394189758492,0.9031426133771246,weight
524288,H100NVL,H100NVLx72,DeepSeek-V3/R1-671B,36,2,72,TP36/DP2/EP72,0.95,26,13,7550.7390402704,7290.131818308639,0.9654858656123773,kv
1048576,H100NVL,H100NVLx72,DeepSeek-V3/R1-671B,36,2,72,TP36/DP2/EP72,0.9,6,3,3774.803636559889,3469.0604308289503,0.9190042091806467,kv
1048576,H100NVL,H100NVLx72,DeepSeek-V3/R1-671B,36,2,72,TP36/DP2/EP72,0.95,10,5,3774.803636559889,3598.1235558137387,0.9531948949516311,kv
8192,H100NVL,H100NVLx72,DeepSeek-V3/R1-671B,72,1,72,TP72/DP1/EP72,0.9,2133,2133,477260.81465573347,429652.0925210997,0.9002459018786704,weight
8192,H100NVL,H100NVLx72,DeepSeek-V3/R1-671B,72,1,72,TP72/DP1/EP72,0.95,2251,2251,477260.81465573347,453420.9377707433,0.9500485349877575,weight
16384,H100NVL,H100NVLx72,DeepSeek-V3/R1-671B,72,1,72,TP72/DP1/EP72,0.9,1078,1078,241231.77347331404,217142.50151793065,0.9001405511034465,weight
16384,H100NVL,H100NVLx72,DeepSeek-V3/R1-671B,72,1,72,TP72/DP1/EP72,0.95,1138,1138,241231.77347331404,229228.35503469832,0.9502411383633774,weight
32768,H100NVL,H100NVLx72,DeepSeek-V3/R1-671B,72,1,72,TP72/DP1/EP72,0.9,539,539,120624.81468636754,108571.25452691967,0.9000739591535297,weight
32768,H100NVL,H100NVLx72,DeepSeek-V3/R1-671B,72,1,72,TP72/DP1/EP72,0.95,569,569,120624.81468636754,114614.1790518976,0.9501708197430356,weight
65536,H100NVL,H100NVLx72,DeepSeek-V3/R1-671B,72,1,72,TP72/DP1/EP72,0.9,270,270,60312.40734318377,54396.001474303026,0.9019040006939901,weight
65536,H100NVL,H100NVLx72,DeepSeek-V3/R1-671B,72,1,72,TP72/DP1/EP72,0.95,285,285,60312.40734318377,57414.13756060578,0.9519457121635596,weight
131072,H100NVL,H100NVLx72,DeepSeek-V3/R1-671B,72,1,72,TP72/DP1/EP72,0.9,133,133,30155.88665352348,27163.92580140673,0.9007835224182618,weight
131072,H100NVL,H100NVLx72,DeepSeek-V3/R1-671B,72,1,72,TP72/DP1/EP72,0.95,141,141,30155.88665352348,28708.044930451997,0.9519880897648116,weight
262144,H100NVL,H100NVLx72,DeepSeek-V3/R1-671B,72,1,72,TP72/DP1/EP72,0.9,58,58,15077.625393589791,13725.057931052932,0.9102930715395079,weight
262144,H100NVL,H100NVLx72,DeepSeek-V3/R1-671B,72,1,72,TP72/DP1/EP72,0.95,62,62,15077.625393589791,14372.018579103249,0.9532017279865217,weight
524288,H100NVL,H100NVLx72,DeepSeek-V3/R1-671B,72,1,72,TP72/DP1/EP72,0.9,13,13,7538.492921041064,6875.464376860278,0.9120476000806245,kv
524288,H100NVL,H100NVLx72,DeepSeek-V3/R1-671B,72,1,72,TP72/DP1/EP72,0.95,22,22,7538.492921041064,7162.299362385153,0.9500969805773912,kv
1048576,H100NVL,H100NVLx72,DeepSeek-V3/R1-671B,72,1,72,TP72/DP1/EP72,0.9,6,6,3769.246460520532,3409.9144346403336,0.9046674104111052,kv
1048576,H100NVL,H100NVLx72,DeepSeek-V3/R1-671B,72,1,72,TP72/DP1/EP72,0.95,11,11,3769.246460520532,3581.1496811925763,0.9500969805773912,kv
8192,H100NVL,H100NVLx72,Kimi-K2-1T-A32B,1,72,72,TP1/DP72/EP72,0.9,3312,46,11102.612622647615,10072.945168105396,0.9072589948385791,weight
8192,H100NVL,H100NVLx72,Kimi-K2-1T-A32B,1,72,72,TP1/DP72/EP72,0.95,3744,52,11102.612622647615,10628.945482432982,0.9573373262390129,weight
16384,H100NVL,H100NVLx72,Kimi-K2-1T-A32B,1,72,72,TP1/DP72/EP72,0.9,1368,19,8478.712184131287,7704.193291708739,0.9086513522805817,weight
16384,H100NVL,H100NVLx72,Kimi-K2-1T-A32B,1,72,72,TP1/DP72/EP72,0.95,1728,24,8478.712184131287,8134.98023850429,0.9594594157506227,weight
32768,H100NVL,H100NVLx72,Kimi-K2-1T-A32B,1,72,72,TP1/DP72/EP72,0.9,576,8,7259.808980893345,6645.95603054649,0.9154450272779329,weight
32768,H100NVL,H100NVLx72,Kimi-K2-1T-A32B,1,72,72,TP1/DP72/EP72,0.95,792,11,7259.808980893345,6972.963637770427,0.960488582567689,weight
65536,H100NVL,H100NVLx72,Kimi-K2-1T-A32B,1,72,72,TP1/DP72/EP72,0.9,288,4,6518.86555473588,5995.351668230266,0.9196924860453232,weight
65536,H100NVL,H100NVLx72,Kimi-K2-1T-A32B,1,72,72,TP1/DP72/EP72,0.95,360,5,6518.86555473588,6206.6471711163795,0.9521054114403882,weight
131072,H100NVL,H100NVLx72,Kimi-K2-1T-A32B,1,72,72,TP1/DP72/EP72,0.9,144,2,5705.218215847667,5242.76871453462,0.9189427145786504,weight
131072,H100NVL,H100NVLx72,Kimi-K2-1T-A32B,1,72,72,TP1/DP72/EP72,0.95,216,3,5705.218215847667,5705.218215847667,1.0,weight
262144,H100NVL,H100NVLx72,Kimi-K2-1T-A32B,1,72,72,TP1/DP72/EP72,0.9,72,1,4272.594418036078,4272.594418036078,1.0,weight
262144,H100NVL,H100NVLx72,Kimi-K2-1T-A32B,1,72,72,TP1/DP72/EP72,0.95,72,1,4272.594418036078,4272.594418036078,1.0,weight
8192,H100NVL,H100NVLx72,Kimi-K2-1T-A32B,2,36,72,TP2/DP36/EP72,0.9,4932,137,22033.013792234546,19833.564716634104,0.9001748423370193,weight
8192,H100NVL,H100NVLx72,Kimi-K2-1T-A32B,2,36,72,TP2/DP36/EP72,0.95,5292,147,22033.013792234546,21047.59551779935,0.955275375228853,weight
16384,H100NVL,H100NVLx72,Kimi-K2-1T-A32B,2,36,72,TP2/DP36/EP72,0.9,2340,65,13089.04585673847,11878.309186896748,0.9075000054936461,weight
16384,H100NVL,H100NVLx72,Kimi-K2-1T-A32B,2,36,72,TP2/DP36/EP72,0.95,2556,71,13089.04585673847,12477.108885963704,0.9532481605250294,weight
32768,H100NVL,H100NVLx72,Kimi-K2-1T-A32B,2,36,72,TP2/DP36/EP72,0.9,1008,28,9349.994192822523,8476.573183407185,0.9065859302794202,weight
32768,H100NVL,H100NVLx72,Kimi-K2-1T-A32B,2,36,72,TP2/DP36/EP72,0.95,1188,33,9349.994192822523,8909.996964035456,0.9529414436294699,weight
65536,H100NVL,H100NVLx72,Kimi-K2-1T-A32B,2,36,72,TP2/DP36/EP72,0.9,396,11,7701.590899386697,6969.282080911975,0.9049146042627325,weight
65536,H100NVL,H100NVLx72,Kimi-K2-1T-A32B,2,36,72,TP2/DP36/EP72,0.95,540,15,7701.590899386697,7347.944464895726,0.9540813788850907,weight
131072,H100NVL,H100NVLx72,Kimi-K2-1T-A32B,2,36,72,TP2/DP36/EP72,0.9,180,5,6757.7765649168705,6200.233394273575,0.9174960631966154,weight
131072,H100NVL,H100NVLx72,Kimi-K2-1T-A32B,2,36,72,TP2/DP36/EP72,0.95,252,7,6757.7765649168705,6513.810476789781,0.9638984678194831,weight
262144,H100NVL,H100NVLx72,Kimi-K2-1T-A32B,2,36,72,TP2/DP36/EP72,0.9,108,3,5987.872626118152,5696.190990126052,0.9512879357653952,weight
262144,H100NVL,H100NVLx72,Kimi-K2-1T-A32B,2,36,72,TP2/DP36/EP72,0.95,108,3,5987.872626118152,5696.190990126052,0.9512879357653952,weight
524288,H100NVL,H100NVLx72,Kimi-K2-1T-A32B,2,36,72,TP2/DP36/EP72,0.9,72,2,5231.340918491897,5231.340918491897,1.0,weight
524288,H100NVL,H100NVLx72,Kimi-K2-1T-A32B,2,36,72,TP2/DP36/EP72,0.95,72,2,5231.340918491897,5231.340918491897,1.0,weight
1048576,H100NVL,H100NVLx72,Kimi-K2-1T-A32B,2,36,72,TP2/DP36/EP72,0.9,36,1,3798.7253145387417,3798.7253145387417,1.0,kv
1048576,H100NVL,H100NVLx72,Kimi-K2-1T-A32B,2,36,72,TP2/DP36/EP72,0.95,36,1,3798.7253145387417,3798.7253145387417,1.0,kv
8192,H100NVL,H100NVLx72,Kimi-K2-1T-A32B,4,18,72,TP4/DP18/EP72,0.9,5688,316,48019.93874802444,43260.4013708824,0.9008841431032052,weight
8192,H100NVL,H100NVLx72,Kimi-K2-1T-A32B,4,18,72,TP4/DP18/EP72,0.95,6012,334,48019.93874802444,45706.196468073504,0.9518170505778472,weight
16384,H100NVL,H100NVLx72,Kimi-K2-1T-A32B,4,18,72,TP4/DP18/EP72,0.9,2808,156,24535.82329594017,22149.152702963547,0.9027271037865873,weight
16384,H100NVL,H100NVLx72,Kimi-K2-1T-A32B,4,18,72,TP4/DP18/EP72,0.95,2988,166,24535.82329594017,23398.197026014932,0.9536340698168676,weight
32768,H100NVL,H100NVLx72,Kimi-K2-1T-A32B,4,18,72,TP4/DP18/EP72,0.9,1332,74,14131.387551495158,12775.939455360169,0.904082448294925,weight
32768,H100NVL,H100NVLx72,Kimi-K2-1T-A32B,4,18,72,TP4/DP18/EP72,0.95,1458,81,14131.387551495158,13498.5005992402,0.9552140969916294,weight
65536,H100NVL,H100NVLx72,Kimi-K2-1T-A32B,4,18,72,TP4/DP18/EP72,0.9,576,32,9792.477396378526,8816.775196565019,0.9003620677057326,weight
65536,H100NVL,H100NVLx72,Kimi-K2-1T-A32B,4,18,72,TP4/DP18/EP72,0.95,684,38,9792.477396378526,9344.246255439322,0.9542269925376626,weight
131072,H100NVL,H100NVLx72,Kimi-K2-1T-A32B,4,18,72,TP4/DP18/EP72,0.9,234,13,7867.318588265167,7153.6878535631295,0.9092917457586523,weight
131072,H100NVL,H100NVLx72,Kimi-K2-1T-A32B,4,18,72,TP4/DP18/EP72,0.95,306,17,7867.318588265167,7518.182269400865,0.9556219422224657,weight
262144,H100NVL,H100NVLx72,Kimi-K2-1T-A32B,4,18,72,TP4/DP18/EP72,0.9,90,5,6854.598886421182,6181.0713517697595,0.9017407807792128,weight
262144,H100NVL,H100NVLx72,Kimi-K2-1T-A32B,4,18,72,TP4/DP18/EP72,0.95,144,8,6854.598886421182,6627.603214067905,0.966884178620145,weight
524288,H100NVL,H100NVLx72,Kimi-K2-1T-A32B,4,18,72,TP4/DP18/EP72,0.9,54,3,6181.0713517697595,5669.279905859171,0.917200204174305,weight
524288,H100NVL,H100NVLx72,Kimi-K2-1T-A32B,4,18,72,TP4/DP18/EP72,0.95,72,4,6181.0713517697595,5965.547041225667,0.965131560812288,weight
1048576,H100NVL,H100NVLx72,Kimi-K2-1T-A32B,4,18,72,TP4/DP18/EP72,0.9,18,1,3786.737999955445,3762.9889114481252,0.993728351814253,kv
1048576,H100NVL,H100NVLx72,Kimi-K2-1T-A32B,4,18,72,TP4/DP18/EP72,0.95,18,1,3786.737999955445,3762.9889114481252,0.993728351814253,kv
8192,H100NVL,H100NVLx72,Kimi-K2-1T-A32B,8,9,72,TP8/DP9/EP72,0.9,6021,669,101494.51922849647,91386.10200784149,0.9004043046117819,weight
8192,H100NVL,H100NVLx72,Kimi-K2-1T-A32B,8,9,72,TP8/DP9/EP72,0.95,6354,706,101494.51922849647,96440.30147353667,0.9502020622061261,weight
16384,H100NVL,H100NVLx72,Kimi-K2-1T-A32B,8,9,72,TP8/DP9/EP72,0.9,3006,334,50699.23846073356,45664.53674176726,0.9006947269461322,weight
16384,H100NVL,H100NVLx72,Kimi-K2-1T-A32B,8,9,72,TP8/DP9/EP72,0.95,3177,353,50699.23846073356,48248.3365528871,0.9516580133694773,weight
32768,H100NVL,H100NVLx72,Kimi-K2-1T-A32B,8,9,72,TP8/DP9/EP72,0.9,1485,165,25789.17600838445,23250.69159859232,0.9015678357087938,weight
32768,H100NVL,H100NVLx72,Kimi-K2-1T-A32B,8,9,72,TP8/DP9/EP72,0.95,1575,175,25789.17600838445,24512.911126193067,0.9505116068161135,weight
65536,H100NVL,H100NVLx72,Kimi-K2-1T-A32B,8,9,72,TP8/DP9/EP72,0.9,711,79,14652.436681648684,13275.402798453308,0.9060201444228024,weight
65536,H100NVL,H100NVLx72,Kimi-K2-1T-A32B,8,9,72,TP8/DP9/EP72,0.95,774,86,14652.436681648684,14009.826140513396,0.9561430938009021,weight
131072,H100NVL,H100NVLx72,Kimi-K2-1T-A32B,8,9,72,TP8/DP9/EP72,0.9,315,35,10050.935923226527,9063.535975291557,0.9017603976906067,weight
131072,H100NVL,H100NVLx72,Kimi-K2-1T-A32B,8,9,72,TP8/DP9/EP72,0.95,369,41,10050.935923226527,9597.165292055925,0.9548528978160141,weight
262144,H100NVL,H100NVLx72,Kimi-K2-1T-A32B,8,9,72,TP8/DP9/EP72,0.9,126,14,8021.068400913469,7222.356887042084,0.9004233009931164,weight
262144,H100NVL,H100NVLx72,Kimi-K2-1T-A32B,8,9,72,TP8/DP9/EP72,0.95,171,19,8021.068400913469,7673.080190167773,0.9566157283104498,weight
524288,H100NVL,H100NVLx72,Kimi-K2-1T-A32B,8,9,72,TP8/DP9/EP72,0.9,54,6,6929.040052018265,6308.426066022127,0.9104329053754903,weight
524288,H100NVL,H100NVLx72,Kimi-K2-1T-A32B,8,9,72,TP8/DP9/EP72,0.95,72,8,6929.040052018265,6591.199998820615,0.9512428777058022,weight
1048576,H100NVL,H100NVLx72,Kimi-K2-1T-A32B,8,9,72,TP8/DP9/EP72,0.9,9,1,3781.964230733115,3670.898573923298,0.9706328114086136,kv
1048576,H100NVL,H100NVLx72,Kimi-K2-1T-A32B,8,9,72,TP8/DP9/EP72,0.95,9,1,3781.964230733115,3670.898573923298,0.9706328114086136,kv
8192,H100NVL,H100NVLx72,Kimi-K2-1T-A32B,12,6,72,TP12/DP6/EP72,0.9,6132,1022,154874.41680140863,139455.20179304428,0.900440528998821,weight
8192,H100NVL,H100NVLx72,Kimi-K2-1T-A32B,12,6,72,TP12/DP6/EP72,0.95,6474,1079,154874.41680140863,147233.0358980313,0.9506607930399784,weight
16384,H100NVL,H100NVLx72,Kimi-K2-1T-A32B,12,6,72,TP12/DP6/EP72,0.9,3066,511,77369.48092166935,69729.06336358644,0.9012476564781629,weight
16384,H100NVL,H100NVLx72,Kimi-K2-1T-A32B,12,6,72,TP12/DP6/EP72,0.95,3234,539,77369.48092166935,73549.14687206122,0.9506222091178829,weight
32768,H100NVL,H100NVLx72,Kimi-K2-1T-A32B,12,6,72,TP12/DP6/EP72,0.9,1530,255,38714.949175691065,34956.23512144307,0.9029131089081197,weight
32768,H100NVL,H100NVLx72,Kimi-K2-1T-A32B,12,6,72,TP12/DP6/EP72,0.95,1614,269,38714.949175691065,36831.9869329511,0.951363432399331,weight
65536,H100NVL,H100NVLx72,Kimi-K2-1T-A32B,12,6,72,TP12/DP6/EP72,0.9,744,124,20266.778220308413,18242.250206103803,0.9001060754601872,weight
65536,H100NVL,H100NVLx72,Kimi-K2-1T-A32B,12,6,72,TP12/DP6/EP72,0.95,798,133,20266.778220308413,19305.908045687032,0.9525889036640991,weight
131072,H100NVL,H100NVLx72,Kimi-K2-1T-A32B,12,6,72,TP12/DP6/EP72,0.9,348,58,12339.10078115446,11159.857900718629,0.9044304036938501,weight
131072,H100NVL,H100NVLx72,Kimi-K2-1T-A32B,12,6,72,TP12/DP6/EP72,0.95,384,64,12339.10078115446,11742.866266525705,0.9516792572486817,weight
262144,H100NVL,H100NVLx72,Kimi-K2-1T-A32B,12,6,72,TP12/DP6/EP72,0.9,150,25,9044.973925485547,8172.637043099154,0.9035556222082127,weight
262144,H100NVL,H100NVLx72,Kimi-K2-1T-A32B,12,6,72,TP12/DP6/EP72,0.95,180,30,9044.973925485547,8606.884016058713,0.9515653761927991,weight
524288,H100NVL,H100NVLx72,Kimi-K2-1T-A32B,12,6,72,TP12/DP6/EP72,0.9,60,10,7469.978323522765,6786.718980428558,0.9085326203768702,weight
524288,H100NVL,H100NVLx72,Kimi-K2-1T-A32B,12,6,72,TP12/DP6/EP72,0.95,78,13,7469.978323522765,7096.705193680428,0.9500302258352062,weight
1048576,H100NVL,H100NVLx72,Kimi-K2-1T-A32B,12,6,72,TP12/DP6/EP72,0.9,6,1,3778.5259742290473,3567.126640337234,0.9440524333209206,kv
1048576,H100NVL,H100NVLx72,Kimi-K2-1T-A32B,12,6,72,TP12/DP6/EP72,0.95,12,2,3778.5259742290473,3684.9341247087527,0.9752305925224213,kv
8192,H100NVL,H100NVLx72,Kimi-K2-1T-A32B,18,4,72,TP18/DP4/EP72,0.9,6204,1551,234681.4208713706,211254.1403200801,0.90017411491585,weight
8192,H100NVL,H100NVLx72,Kimi-K2-1T-A32B,18,4,72,TP18/DP4/EP72,0.95,6548,1637,234681.4208713706,222967.78059572488,0.950087057457923,weight
16384,H100NVL,H100NVLx72,Kimi-K2-1T-A32B,18,4,72,TP18/DP4/EP72,0.9,3100,775,117272.6094244206,105558.97612215155,0.900116204800421,weight
16384,H100NVL,H100NVLx72,Kimi-K2-1T-A32B,18,4,72,TP18/DP4/EP72,0.95,3272,818,117272.6094244206,111415.79137576566,0.9500580904833578,weight
32768,H100NVL,H100NVLx72,Kimi-K2-1T-A32B,18,4,72,TP18/DP4/EP72,0.9,1548,387,58574.9500261241,52726.40222142279,0.9001527478539394,weight
32768,H100NVL,H100NVLx72,Kimi-K2-1T-A32B,18,4,72,TP18/DP4/EP72,0.95,1636,409,58574.9500261241,55717.88260230544,0.9512237326272678,weight
65536,H100NVL,H100NVLx72,Kimi-K2-1T-A32B,18,4,72,TP18/DP4/EP72,0.9,772,193,29599.320250335844,26740.119878304107,0.9034031745374526,weight
65536,H100NVL,H100NVLx72,Kimi-K2-1T-A32B,18,4,72,TP18/DP4/EP72,0.95,816,204,29599.320250335844,28163.940312836643,0.951506320910092,weight
131072,H100NVL,H100NVLx72,Kimi-K2-1T-A32B,18,4,72,TP18/DP4/EP72,0.9,372,93,16255.95947570218,14711.006505920508,0.9049608254689047,weight
131072,H100NVL,H100NVLx72,Kimi-K2-1T-A32B,18,4,72,TP18/DP4/EP72,0.95,400,100,16255.95947570218,15476.100087846566,0.9520262468037477,weight
262144,H100NVL,H100NVLx72,Kimi-K2-1T-A32B,18,4,72,TP18/DP4/EP72,0.9,168,42,10655.501363500864,9639.92662965961,0.9046901033376072,weight
262144,H100NVL,H100NVLx72,Kimi-K2-1T-A32B,18,4,72,TP18/DP4/EP72,0.95,192,48,10655.501363500864,10188.700876007268,0.9561915979765565,weight
524288,H100NVL,H100NVLx72,Kimi-K2-1T-A32B,18,4,72,TP18/DP4/EP72,0.9,44,11,7552.33984098551,6837.411631711797,0.9053368592612986,weight
524288,H100NVL,H100NVLx72,Kimi-K2-1T-A32B,18,4,72,TP18/DP4/EP72,0.95,60,15,7552.33984098551,7239.982072829748,0.9586409278803055,weight
1048576,H100NVL,H100NVLx72,Kimi-K2-1T-A32B,18,4,72,TP18/DP4/EP72,0.9,4,1,3776.169920492755,3404.982065169421,0.9017025549329895,kv
1048576,H100NVL,H100NVLx72,Kimi-K2-1T-A32B,18,4,72,TP18/DP4/EP72,0.95,8,2,3776.169920492755,3596.4743624182256,0.9524132753933169,kv
8192,H100NVL,H100NVLx72,Kimi-K2-1T-A32B,24,3,72,TP24/DP3/EP72,0.9,6240,2080,314146.382967928,282745.33819701005,0.9000432713111206,weight
8192,H100NVL,H100NVLx72,Kimi-K2-1T-A32B,24,3,72,TP24/DP3/EP72,0.95,6588,2196,314146.382967928,298513.8282118433,0.950237992211164,weight
16384,H100NVL,H100NVLx72,Kimi-K2-1T-A32B,24,3,72,TP24/DP3/EP72,0.9,3120,1040,157005.2238588321,141372.66914151286,0.9004329006824964,weight
16384,H100NVL,H100NVLx72,Kimi-K2-1T-A32B,24,3,72,TP24/DP3/EP72,0.95,3294,1098,157005.2238588321,149256.91411931228,0.9506493507089513,weight
32768,H100NVL,H100NVLx72,Kimi-K2-1T-A32B,24,3,72,TP24/DP3/EP72,0.9,1560,520,78435.05268965593,70687.5565806097,0.9012240593539121,weight
32768,H100NVL,H100NVLx72,Kimi-K2-1T-A32B,24,3,72,TP24/DP3/EP72,0.95,1647,549,78435.05268965593,74629.15768487575,0.951477115469802,weight
65536,H100NVL,H100NVLx72,Kimi-K2-1T-A32B,24,3,72,TP24/DP3/EP72,0.9,777,259,39239.03992651025,35356.039586082356,0.9010424223502852,weight
65536,H100NVL,H100NVLx72,Kimi-K2-1T-A32B,24,3,72,TP24/DP3/EP72,0.95,822,274,39239.03992651025,37360.925229058084,0.9521365787498971,weight
131072,H100NVL,H100NVLx72,Kimi-K2-1T-A32B,24,3,72,TP24/DP3/EP72,0.9,381,127,20548.38293207034,18518.95176234347,0.9012364536695736,weight
131072,H100NVL,H100NVLx72,Kimi-K2-1T-A32B,24,3,72,TP24/DP3/EP72,0.95,408,136,20548.38293207034,19585.52374457282,0.9531418510799328,weight
262144,H100NVL,H100NVLx72,Kimi-K2-1T-A32B,24,3,72,TP24/DP3/EP72,0.9,180,60,12480.04913267618,11293.047262370455,0.9048880450960862,weight
262144,H100NVL,H100NVLx72,Kimi-K2-1T-A32B,24,3,72,TP24/DP3/EP72,0.95,198,66,12480.04913267618,11880.132362565659,0.9519299352324042,weight
524288,H100NVL,H100NVLx72,Kimi-K2-1T-A32B,24,3,72,TP24/DP3/EP72,0.9,36,12,7548.3072691522675,6885.431684648866,0.9121822203486097,weight
524288,H100NVL,H100NVLx72,Kimi-K2-1T-A32B,24,3,72,TP24/DP3/EP72,0.95,45,15,7548.3072691522675,7189.405041556631,0.9524526208594654,weight
1048576,H100NVL,H100NVLx72,Kimi-K2-1T-A32B,24,3,72,TP24/DP3/EP72,0.9,6,2,3774.1536345761338,3504.619531855593,0.9285842260762096,kv
1048576,H100NVL,H100NVLx72,Kimi-K2-1T-A32B,24,3,72,TP24/DP3/EP72,0.95,9,3,3774.1536345761338,3601.0591928054355,0.9541368851058608,kv
8192,H100NVL,H100NVLx72,Kimi-K2-1T-A32B,36,2,72,TP36/DP2/EP72,0.9,6278,3139,471972.49617612973,424869.9929730058,0.9002007456266131,weight
8192,H100NVL,H100NVLx72,Kimi-K2-1T-A32B,36,2,72,TP36/DP2/EP72,0.95,6626,3313,471972.49617612973,448421.24457456777,0.9501003728133066,weight
16384,H100NVL,H100NVLx72,Kimi-K2-1T-A32B,36,2,72,TP36/DP2/EP72,0.9,3138,1569,235918.57207771557,212367.32047615453,0.9001721170395909,weight
16384,H100NVL,H100NVLx72,Kimi-K2-1T-A32B,36,2,72,TP36/DP2/EP72,0.95,3312,1656,235918.57207771557,224142.94627693473,0.9500860585197941,weight
32768,H100NVL,H100NVLx72,Kimi-K2-1T-A32B,36,2,72,TP36/DP2/EP72,0.9,1568,784,117891.61128173252,106115.99127142453,0.9001148607413033,weight
32768,H100NVL,H100NVLx72,Kimi-K2-1T-A32B,36,2,72,TP36/DP2/EP72,0.95,1656,828,117891.61128173252,112071.47608428745,0.95063147297617,weight
65536,H100NVL,H100NVLx72,Kimi-K2-1T-A32B,36,2,72,TP36/DP2/EP72,0.9,784,392,58884.19717778025,53071.515519147484,0.9012862204593975,weight
65536,H100NVL,H100NVLx72,Kimi-K2-1T-A32B,36,2,72,TP36/DP2/EP72,0.95,828,414,58884.19717778025,56044.72336674177,0.9517786783699252,weight
131072,H100NVL,H100NVLx72,Kimi-K2-1T-A32B,36,2,72,TP36/DP2/EP72,0.9,390,195,29672.459909405097,26826.187019886787,0.9040769488539727,weight
131072,H100NVL,H100NVLx72,Kimi-K2-1T-A32B,36,2,72,TP36/DP2/EP72,0.95,412,206,29672.459909405097,28243.772922806256,0.9518514140397912,weight
262144,H100NVL,H100NVLx72,Kimi-K2-1T-A32B,36,2,72,TP36/DP2/EP72,0.9,168,84,15078.120901785935,13646.858670984968,0.9050768832453492,weight
262144,H100NVL,H100NVLx72,Kimi-K2-1T-A32B,36,2,72,TP36/DP2/EP72,0.95,182,91,15078.120901785935,14389.165812000103,0.9543076292945609,weight
524288,H100NVL,H100NVLx72,Kimi-K2-1T-A32B,36,2,72,TP36/DP2/EP72,0.9,26,13,7539.060450892967,6872.997379667238,0.9116517136897561,weight
524288,H100NVL,H100NVLx72,Kimi-K2-1T-A32B,36,2,72,TP36/DP2/EP72,0.95,32,16,7539.060450892967,7181.66614912591,0.9525943180725225,weight
1048576,H100NVL,H100NVLx72,Kimi-K2-1T-A32B,36,2,72,TP36/DP2/EP72,0.9,6,3,3769.5302254464837,3469.0604308289503,0.9202898566539697,kv
1048576,H100NVL,H100NVLx72,Kimi-K2-1T-A32B,36,2,72,TP36/DP2/EP72,0.95,10,5,3769.5302254464837,3598.1235558137387,0.9545283737279378,kv
8192,H100NVL,H100NVLx72,Kimi-K2-1T-A32B,72,1,72,TP72/DP1/EP72,0.9,3220,3220,477260.81465573347,429580.1269734636,0.9000951131580668,weight
8192,H100NVL,H100NVLx72,Kimi-K2-1T-A32B,72,1,72,TP72/DP1/EP72,0.95,3399,3399,477260.81465573347,453460.51291391393,0.9501314564050526,weight
16384,H100NVL,H100NVLx72,Kimi-K2-1T-A32B,72,1,72,TP72/DP1/EP72,0.9,1625,1625,240790.9189162312,216791.21314654636,0.9003296890194016,weight
16384,H100NVL,H100NVLx72,Kimi-K2-1T-A32B,72,1,72,TP72/DP1/EP72,0.95,1715,1715,240790.9189162312,228798.11110543174,0.9501941025650904,weight
32768,H100NVL,H100NVLx72,Kimi-K2-1T-A32B,72,1,72,TP72/DP1/EP72,0.9,813,813,120395.02304067265,108462.31541551251,0.9008870356615244,weight
32768,H100NVL,H100NVLx72,Kimi-K2-1T-A32B,72,1,72,TP72/DP1/EP72,0.95,858,858,120395.02304067265,114465.76211829366,0.9507516110497697,weight
65536,H100NVL,H100NVLx72,Kimi-K2-1T-A32B,72,1,72,TP72/DP1/EP72,0.9,407,407,60197.07473400092,54307.80702750622,0.902166878830604,weight
65536,H100NVL,H100NVLx72,Kimi-K2-1T-A32B,72,1,72,TP72/DP1/EP72,0.95,429,429,60197.07473400092,57239.47715334967,0.9508680846416492,weight
131072,H100NVL,H100NVLx72,Kimi-K2-1T-A32B,72,1,72,TP72/DP1/EP72,0.9,201,201,30098.53736700046,27196.33439714819,0.903576611233136,weight
131072,H100NVL,H100NVLx72,Kimi-K2-1T-A32B,72,1,72,TP72/DP1/EP72,0.95,212,212,30098.53736700046,28600.69997843101,0.9502355423353012,weight
262144,H100NVL,H100NVLx72,Kimi-K2-1T-A32B,72,1,72,TP72/DP1/EP72,0.9,86,86,15049.26868350023,13621.288540842872,0.9051129877013245,weight
262144,H100NVL,H100NVLx72,Kimi-K2-1T-A32B,72,1,72,TP72/DP1/EP72,0.95,93,93,15049.26868350023,14361.558025912846,0.9543027191519693,weight
524288,H100NVL,H100NVLx72,Kimi-K2-1T-A32B,72,1,72,TP72/DP1/EP72,0.9,16,16,7524.195330157266,6850.945280117523,0.9105219866712749,weight
524288,H100NVL,H100NVLx72,Kimi-K2-1T-A32B,72,1,72,TP72/DP1/EP72,0.95,22,22,7524.195330157266,7162.299362385153,0.9519023693707658,kv
1048576,H100NVL,H100NVLx72,Kimi-K2-1T-A32B,72,1,72,TP72/DP1/EP72,0.9,6,6,3761.6526347219196,3409.9144346403336,0.9064937052308158,kv
1048576,H100NVL,H100NVLx72,Kimi-K2-1T-A32B,72,1,72,TP72/DP1/EP72,0.95,11,11,3761.6526347219196,3581.1496811925763,0.9520149862155768,kv
8192,H100NVL,H100NVLx72,DeepSeek-V4-Flash-284B,1,72,72,TP1/DP72/EP72,0.9,11304,157,86020.83210923124,77618.503584359,0.9023221664003114,weight
8192,H100NVL,H100NVLx72,DeepSeek-V4-Flash-284B,1,72,72,TP1/DP72/EP72,0.95,11952,166,86020.83210923124,82066.56946781644,0.9540313370092307,weight
16384,H100NVL,H100NVLx72,DeepSeek-V4-Flash-284B,1,72,72,TP1/DP72/EP72,0.9,5688,79,43163.256018836066,39288.92221171572,0.9102400012309169,weight
16384,H100NVL,H100NVLx72,DeepSeek-V4-Flash-284B,1,72,72,TP1/DP72/EP72,0.95,5976,83,43163.256018836066,41222.041670977575,0.955026230018158,weight
32768,H100NVL,H100NVLx72,DeepSeek-V4-Flash-284B,1,72,72,TP1/DP72/EP72,0.9,2736,38,22634.09781708089,20507.90731678621,0.9060625028009669,weight
32768,H100NVL,H100NVLx72,DeepSeek-V4-Flash-284B,1,72,72,TP1/DP72/EP72,0.95,2952,41,22634.09781708089,21775.599237715287,0.962070563346345,weight
65536,H100NVL,H100NVLx72,DeepSeek-V4-Flash-284B,1,72,72,TP1/DP72/EP72,0.9,1296,18,13870.637985127785,12808.705984586952,0.9234402915223189,weight
65536,H100NVL,H100NVLx72,DeepSeek-V4-Flash-284B,1,72,72,TP1/DP72/EP72,0.95,1440,20,13870.637985127785,13512.880679555139,0.9742075810819779,weight
131072,H100NVL,H100NVLx72,DeepSeek-V4-Flash-284B,1,72,72,TP1/DP72/EP72,0.9,504,7,10121.75431960544,9127.62585835602,0.9017829884169553,weight
131072,H100NVL,H100NVLx72,DeepSeek-V4-Flash-284B,1,72,72,TP1/DP72/EP72,0.95,648,9,10121.75431960544,9793.435130175798,0.9675630153565672,weight
262144,H100NVL,H100NVLx72,DeepSeek-V4-Flash-284B,1,72,72,TP1/DP72/EP72,0.9,288,4,8419.365980964078,8022.343712859519,0.9528441608308496,weight
262144,H100NVL,H100NVLx72,DeepSeek-V4-Flash-284B,1,72,72,TP1/DP72/EP72,0.95,288,4,8419.365980964078,8022.343712859519,0.9528441608308496,weight
524288,H100NVL,H100NVLx72,DeepSeek-V4-Flash-284B,1,72,72,TP1/DP72/EP72,0.9,144,2,6929.799512015759,6929.799512015759,1.0,weight
524288,H100NVL,H100NVLx72,DeepSeek-V4-Flash-284B,1,72,72,TP1/DP72/EP72,0.95,144,2,6929.799512015759,6929.799512015759,1.0,weight
1048576,H100NVL,H100NVLx72,DeepSeek-V4-Flash-284B,1,72,72,TP1/DP72/EP72,0.9,72,1,5780.466689123643,5780.466689123643,1.0,weight
1048576,H100NVL,H100NVLx72,DeepSeek-V4-Flash-284B,1,72,72,TP1/DP72/EP72,0.95,72,1,5780.466689123643,5780.466689123643,1.0,weight
8192,H100NVL,H100NVLx72,DeepSeek-V4-Flash-284B,2,36,72,TP2/DP36/EP72,0.9,12564,349,191240.93243541682,172462.75304854003,0.9018087856624613,weight
8192,H100NVL,H100NVLx72,DeepSeek-V4-Flash-284B,2,36,72,TP2/DP36/EP72,0.95,13248,368,191240.93243541682,181851.84273535747,0.9509043927966095,weight
16384,H100NVL,H100NVLx72,DeepSeek-V4-Flash-284B,2,36,72,TP2/DP36/EP72,0.9,6264,174,95373.74707422152,85985.40808455362,0.9015626492858487,weight
16384,H100NVL,H100NVLx72,DeepSeek-V4-Flash-284B,2,36,72,TP2/DP36/EP72,0.95,6624,184,95373.74707422152,90926.53856615926,0.9533707268038722,weight
32768,H100NVL,H100NVLx72,DeepSeek-V4-Flash-284B,2,36,72,TP2/DP36/EP72,0.9,3132,87,47534.07593222078,43145.41792764784,0.9076734338786607,weight
32768,H100NVL,H100NVLx72,DeepSeek-V4-Flash-284B,2,36,72,TP2/DP36/EP72,0.95,3312,92,47534.07593222078,45580.222391984054,0.9588957289708809,weight
65536,H100NVL,H100NVLx72,DeepSeek-V4-Flash-284B,2,36,72,TP2/DP36/EP72,0.9,1548,43,24812.014308582926,22624.17382941644,0.9118233428388088,weight
65536,H100NVL,H100NVLx72,DeepSeek-V4-Flash-284B,2,36,72,TP2/DP36/EP72,0.95,1656,46,24812.014308582926,23929.99595157802,0.9644519648410892,weight
131072,H100NVL,H100NVLx72,DeepSeek-V4-Flash-284B,2,36,72,TP2/DP36/EP72,0.9,720,20,14959.003166585137,13505.276713189734,0.9028192963657711,weight
131072,H100NVL,H100NVLx72,DeepSeek-V4-Flash-284B,2,36,72,TP2/DP36/EP72,0.95,792,22,14959.003166585137,14224.539778189544,0.9509015821297365,weight
262144,H100NVL,H100NVLx72,DeepSeek-V4-Flash-284B,2,36,72,TP2/DP36/EP72,0.9,324,9,10770.883684426033,9784.56249331881,0.9084270873212217,weight
262144,H100NVL,H100NVLx72,DeepSeek-V4-Flash-284B,2,36,72,TP2/DP36/EP72,0.95,396,11,10770.883684426033,10441.577426388998,0.9694262543645151,weight
524288,H100NVL,H100NVLx72,DeepSeek-V4-Flash-284B,2,36,72,TP2/DP36/EP72,0.9,144,4,8771.801947206748,8008.958168024976,0.9130345413892195,weight
524288,H100NVL,H100NVLx72,DeepSeek-V4-Flash-284B,2,36,72,TP2/DP36/EP72,0.95,180,5,8771.801947206748,8407.568248614907,0.9584767530338706,weight
1048576,H100NVL,H100NVLx72,DeepSeek-V4-Flash-284B,2,36,72,TP2/DP36/EP72,0.9,36,1,6071.495960338639,5752.755346912389,0.9475021287161538,weight
1048576,H100NVL,H100NVLx72,DeepSeek-V4-Flash-284B,2,36,72,TP2/DP36/EP72,0.95,72,2,6071.495960338639,6066.380404211132,0.9991574471660818,kv
8192,H100NVL,H100NVLx72,DeepSeek-V4-Flash-284B,4,18,72,TP4/DP18/EP72,0.9,13194,733,401752.04240898805,361774.2593191502,0.9004914004914005,weight
8192,H100NVL,H100NVLx72,DeepSeek-V4-Flash-284B,4,18,72,TP4/DP18/EP72,0.95,13932,774,401752.04240898805,382009.9273028953,0.9508599508599509,weight
16384,H100NVL,H100NVLx72,DeepSeek-V4-Flash-284B,4,18,72,TP4/DP18/EP72,0.9,6606,367,200876.02120525914,181133.9061075202,0.901719901761863,weight
16384,H100NVL,H100NVLx72,DeepSeek-V4-Flash-284B,4,18,72,TP4/DP18/EP72,0.95,6966,387,200876.02120525914,191004.96365409254,0.950859950869496,weight
32768,H100NVL,H100NVLx72,DeepSeek-V4-Flash-284B,4,18,72,TP4/DP18/EP72,0.9,3294,183,100191.43345358084,90320.8297674809,0.9014825584796824,weight
32768,H100NVL,H100NVLx72,DeepSeek-V4-Flash-284B,4,18,72,TP4/DP18/EP72,0.95,3474,193,100191.43345358084,95256.06665959876,0.9507406309715225,weight
65536,H100NVL,H100NVLx72,DeepSeek-V4-Flash-284B,4,18,72,TP4/DP18/EP72,0.9,1638,91,49920.59773808472,45036.747151397234,0.9021676260306161,weight
65536,H100NVL,H100NVLx72,DeepSeek-V4-Flash-284B,4,18,72,TP4/DP18/EP72,0.95,1728,96,49920.59773808472,47475.30783618977,0.951016413811299,weight
131072,H100NVL,H100NVLx72,DeepSeek-V4-Flash-284B,4,18,72,TP4/DP18/EP72,0.9,810,45,25669.544448172095,23461.733525960317,0.9139910360828786,weight
131072,H100NVL,H100NVLx72,DeepSeek-V4-Flash-284B,4,18,72,TP4/DP18/EP72,0.95,864,48,25669.544448172095,24779.991313840972,0.9653459711321652,weight
262144,H100NVL,H100NVLx72,DeepSeek-V4-Flash-284B,4,18,72,TP4/DP18/EP72,0.9,378,21,15308.426488289693,13840.166249302696,0.9040881020586828,weight
262144,H100NVL,H100NVLx72,DeepSeek-V4-Flash-284B,4,18,72,TP4/DP18/EP72,0.95,414,23,15308.426488289693,14566.775036027804,0.9515527312471193,weight
524288,H100NVL,H100NVLx72,DeepSeek-V4-Flash-284B,4,18,72,TP4/DP18/EP72,0.9,162,9,10746.768643791509,9758.040782250398,0.9079976601048069,weight
524288,H100NVL,H100NVLx72,DeepSeek-V4-Flash-284B,4,18,72,TP4/DP18/EP72,0.95,198,11,10746.768643791509,10416.857330399223,0.9693013477513654,weight
1048576,H100NVL,H100NVLx72,DeepSeek-V4-Flash-284B,4,18,72,TP4/DP18/EP72,0.9,18,1,6061.273461079346,5671.192883946157,0.9356437917480585,weight
1048576,H100NVL,H100NVLx72,DeepSeek-V4-Flash-284B,4,18,72,TP4/DP18/EP72,0.95,36,2,6061.273461079346,6020.725391046903,0.993310305121059,kv
8192,H100NVL,H100NVLx72,DeepSeek-V4-Flash-284B,8,9,72,TP8/DP9/EP72,0.9,12015,1335,729219.2693426025,656732.211181343,0.9005963484390542,weight
8192,H100NVL,H100NVLx72,DeepSeek-V4-Flash-284B,8,9,72,TP8/DP9/EP72,0.95,12681,1409,729219.2693426025,693135.3449846534,0.9505170449068371,weight
16384,H100NVL,H100NVLx72,DeepSeek-V4-Flash-284B,8,9,72,TP8/DP9/EP72,0.9,6381,709,387421.9028954026,348781.3765749604,0.9002624115165877,weight
16384,H100NVL,H100NVLx72,DeepSeek-V4-Flash-284B,8,9,72,TP8/DP9/EP72,0.95,6741,749,387421.9028954026,368458.74619837146,0.9510529565950976,weight
32768,H100NVL,H100NVLx72,DeepSeek-V4-Flash-284B,8,9,72,TP8/DP9/EP72,0.9,3195,355,193709.86859947687,174636.65542678355,0.9015372148533642,weight
32768,H100NVL,H100NVLx72,DeepSeek-V4-Flash-284B,8,9,72,TP8/DP9/EP72,0.95,3375,375,193709.86859947687,184475.34022500203,0.9523280437840337,weight
65536,H100NVL,H100NVLx72,DeepSeek-V4-Flash-284B,8,9,72,TP8/DP9/EP72,0.9,1602,178,96854.93429973844,87565.16634566122,0.904085754419821,weight
65536,H100NVL,H100NVLx72,DeepSeek-V4-Flash-284B,8,9,72,TP8/DP9/EP72,0.95,1692,188,96854.93429973844,92484.11998488885,0.9548725695138757,weight
131072,H100NVL,H100NVLx72,DeepSeek-V4-Flash-284B,8,9,72,TP8/DP9/EP72,0.9,801,89,48427.46714986922,43918.65353658267,0.906895531014805,weight
131072,H100NVL,H100NVLx72,DeepSeek-V4-Flash-284B,8,9,72,TP8/DP9/EP72,0.95,846,94,48427.46714986922,46346.139934256404,0.9570217618614721,weight
262144,H100NVL,H100NVLx72,DeepSeek-V4-Flash-284B,8,9,72,TP8/DP9/EP72,0.9,378,42,24213.73357493461,22086.79947130605,0.9121600104731349,weight
262144,H100NVL,H100NVLx72,DeepSeek-V4-Flash-284B,8,9,72,TP8/DP9/EP72,0.95,405,45,24213.73357493461,23380.46740802853,0.9655870432237409,weight
524288,H100NVL,H100NVLx72,DeepSeek-V4-Flash-284B,8,9,72,TP8/DP9/EP72,0.9,117,13,12106.866787467305,11015.774794563826,0.9098782523953309,weight
524288,H100NVL,H100NVLx72,DeepSeek-V4-Flash-284B,8,9,72,TP8/DP9/EP72,0.95,135,15,12106.866787467305,11687.90172777374,0.9653944272247824,weight
1048576,H100NVL,H100NVLx72,DeepSeek-V4-Flash-284B,8,9,72,TP8/DP9/EP72,0.9,9,1,6053.433393733652,5464.588000081107,0.9027253865117105,weight
1048576,H100NVL,H100NVLx72,DeepSeek-V4-Flash-284B,8,9,72,TP8/DP9/EP72,0.95,18,2,6053.433393733652,5902.2721908982,0.975028848423123,kv
8192,H100NVL,H100NVLx72,DeepSeek-V4-Flash-284B,12,6,72,TP12/DP6/EP72,0.9,8034,1339,728627.6640856619,656141.9873845583,0.9005175341618903,weight
8192,H100NVL,H100NVLx72,DeepSeek-V4-Flash-284B,12,6,72,TP12/DP6/EP72,0.95,8478,1413,728627.6640856619,692403.7551713076,0.9502847466547804,weight
16384,H100NVL,H100NVLx72,DeepSeek-V4-Flash-284B,12,6,72,TP12/DP6/EP72,0.9,4266,711,387087.0978731076,348406.98508619936,0.9000738774310992,weight
16384,H100NVL,H100NVLx72,DeepSeek-V4-Flash-284B,12,6,72,TP12/DP6/EP72,0.95,4506,751,387087.0978731076,368007.9406466044,0.9507109450784185,weight
32768,H100NVL,H100NVLx72,DeepSeek-V4-Flash-284B,12,6,72,TP12/DP6/EP72,0.9,2136,356,193542.70105781718,174448.50450533893,0.901343752835328,weight
32768,H100NVL,H100NVLx72,DeepSeek-V4-Flash-284B,12,6,72,TP12/DP6/EP72,0.95,2256,376,193542.70105781718,184248.98227295926,0.9519810422503011,weight
65536,H100NVL,H100NVLx72,DeepSeek-V4-Flash-284B,12,6,72,TP12/DP6/EP72,0.9,1068,178,96770.50063617142,87225.11700955254,0.9013606051031325,weight
65536,H100NVL,H100NVLx72,DeepSeek-V4-Flash-284B,12,6,72,TP12/DP6/EP72,0.95,1128,188,96770.50063617142,92124.97014662142,0.9519943530413693,weight
131072,H100NVL,H100NVLx72,DeepSeek-V4-Flash-284B,12,6,72,TP12/DP6/EP72,0.9,534,89,48385.25031808571,43747.5724635982,0.9041510000671834,weight
131072,H100NVL,H100NVLx72,DeepSeek-V4-Flash-284B,12,6,72,TP12/DP6/EP72,0.95,564,94,48385.25031808571,46165.75732069451,0.9541287276018993,weight
262144,H100NVL,H100NVLx72,DeepSeek-V4-Flash-284B,12,6,72,TP12/DP6/EP72,0.9,252,42,24191.76849412742,21995.135401955704,0.909199152070881,weight
262144,H100NVL,H100NVLx72,DeepSeek-V4-Flash-284B,12,6,72,TP12/DP6/EP72,0.95,270,45,24191.76849412742,23284.593961448194,0.9625006938662032,weight
524288,H100NVL,H100NVLx72,DeepSeek-V4-Flash-284B,12,6,72,TP12/DP6/EP72,0.9,78,13,12095.88424706371,10942.294802052882,0.9046295895820214,weight
524288,H100NVL,H100NVLx72,DeepSeek-V4-Flash-284B,12,6,72,TP12/DP6/EP72,0.95,90,15,12095.88424706371,11616.172305393624,0.9603408951448476,weight
1048576,H100NVL,H100NVLx72,DeepSeek-V4-Flash-284B,12,6,72,TP12/DP6/EP72,0.9,12,2,6047.057439611137,5767.389107052674,0.953751335198753,kv
1048576,H100NVL,H100NVLx72,DeepSeek-V4-Flash-284B,12,6,72,TP12/DP6/EP72,0.95,12,2,6047.057439611137,5767.389107052674,0.953751335198753,kv
8192,H100NVL,H100NVLx72,DeepSeek-V4-Flash-284B,18,4,72,TP18/DP4/EP72,0.9,5384,1346,728035.4314032008,655285.5158355262,0.9000736606631109,weight
8192,H100NVL,H100NVLx72,DeepSeek-V4-Flash-284B,18,4,72,TP18/DP4/EP72,0.95,5684,1421,728035.4314032008,691798.4531963466,0.9502263534935219,weight
16384,H100NVL,H100NVLx72,DeepSeek-V4-Flash-284B,18,4,72,TP18/DP4/EP72,0.9,2860,715,386753.0179442564,348090.00283982255,0.9000317688277059,weight
16384,H100NVL,H100NVLx72,DeepSeek-V4-Flash-284B,18,4,72,TP18/DP4/EP72,0.95,3020,755,386753.0179442564,367563.5694322602,0.9503831964544306,weight
32768,H100NVL,H100NVLx72,DeepSeek-V4-Flash-284B,18,4,72,TP18/DP4/EP72,0.9,1432,358,193375.86003248737,174288.42101778794,0.9012935791908425,weight
32768,H100NVL,H100NVLx72,DeepSeek-V4-Flash-284B,18,4,72,TP18/DP4/EP72,0.95,1512,378,193375.86003248737,184025.2043030288,0.9516451757324432,weight
65536,H100NVL,H100NVLx72,DeepSeek-V4-Flash-284B,18,4,72,TP18/DP4/EP72,0.9,716,179,96687.28005635,87145.01521042486,0.9013079606711053,weight
65536,H100NVL,H100NVLx72,DeepSeek-V4-Flash-284B,18,4,72,TP18/DP4/EP72,0.95,756,189,96687.28005635,92013.04776306846,0.951656181758786,weight
131072,H100NVL,H100NVLx72,DeepSeek-V4-Flash-284B,18,4,72,TP18/DP4/EP72,0.9,360,90,48343.640028175,43942.241885687305,0.9089560045556658,weight
131072,H100NVL,H100NVLx72,DeepSeek-V4-Flash-284B,18,4,72,TP18/DP4/EP72,0.95,380,95,48343.640028175,46346.50971622808,0.9586888717774875,weight
262144,H100NVL,H100NVLx72,DeepSeek-V4-Flash-284B,18,4,72,TP18/DP4/EP72,0.9,168,42,24171.166633663757,21842.432455390066,0.9036565254144412,weight
262144,H100NVL,H100NVLx72,DeepSeek-V4-Flash-284B,18,4,72,TP18/DP4/EP72,0.95,180,45,24171.166633663757,23124.857416910017,0.9567125065739889,weight
524288,H100NVL,H100NVLx72,DeepSeek-V4-Flash-284B,18,4,72,TP18/DP4/EP72,0.9,56,14,12085.583316831879,11158.11802313621,0.923258541240292,weight
524288,H100NVL,H100NVLx72,DeepSeek-V4-Flash-284B,18,4,72,TP18/DP4/EP72,0.95,60,15,12085.583316831879,11497.311911172284,0.9513245335175262,weight
1048576,H100NVL,H100NVLx72,DeepSeek-V4-Flash-284B,18,4,72,TP18/DP4/EP72,0.9,8,2,6042.124288272454,5553.596517514662,0.9191463552469441,kv
1048576,H100NVL,H100NVLx72,DeepSeek-V4-Flash-284B,18,4,72,TP18/DP4/EP72,0.95,16,4,6042.124288272454,5805.687612114216,0.9608686175792257,kv
8192,H100NVL,H100NVLx72,DeepSeek-V4-Flash-284B,24,3,72,TP24/DP3/EP72,0.9,4059,1353,726469.1215338326,654052.3833305861,0.9003168392754957,weight
8192,H100NVL,H100NVLx72,DeepSeek-V4-Flash-284B,24,3,72,TP24/DP3/EP72,0.95,4284,1428,726469.1215338326,690308.0586815055,0.9502235376832282,weight
16384,H100NVL,H100NVLx72,DeepSeek-V4-Flash-284B,24,3,72,TP24/DP3/EP72,0.9,2160,720,386515.4480612736,348054.4833688263,0.9004930724363954,weight
16384,H100NVL,H100NVLx72,DeepSeek-V4-Flash-284B,24,3,72,TP24/DP3/EP72,0.95,2280,760,386515.4480612736,367390.84355598333,0.9505204653495286,weight
32768,H100NVL,H100NVLx72,DeepSeek-V4-Flash-284B,24,3,72,TP24/DP3/EP72,0.9,1080,360,193257.1925542279,174027.24169789482,0.9004955489512394,weight
32768,H100NVL,H100NVLx72,DeepSeek-V4-Flash-284B,24,3,72,TP24/DP3/EP72,0.95,1140,380,193257.1925542279,183695.42178190593,0.9505230793951488,weight
65536,H100NVL,H100NVLx72,DeepSeek-V4-Flash-284B,24,3,72,TP24/DP3/EP72,0.9,540,180,96628.06417638029,87014.36881866679,0.900508248409436,weight
65536,H100NVL,H100NVLx72,DeepSeek-V4-Flash-284B,24,3,72,TP24/DP3/EP72,0.95,570,190,96628.06417638029,91848.12496495334,0.9505325988658754,weight
131072,H100NVL,H100NVLx72,DeepSeek-V4-Flash-284B,24,3,72,TP24/DP3/EP72,0.9,270,90,48314.03208819014,43631.74557847797,0.9030864055981634,weight
131072,H100NVL,H100NVLx72,DeepSeek-V4-Flash-284B,24,3,72,TP24/DP3/EP72,0.95,285,95,48314.03208819014,46019.28399325407,0.9525034861353043,weight
262144,H100NVL,H100NVLx72,DeepSeek-V4-Flash-284B,24,3,72,TP24/DP3/EP72,0.9,129,43,24156.481853287223,22100.71760918043,0.9148980279250786,weight
262144,H100NVL,H100NVLx72,DeepSeek-V4-Flash-284B,24,3,72,TP24/DP3/EP72,0.95,135,45,24156.481853287223,22952.940336182473,0.9501772847381346,weight
524288,H100NVL,H100NVLx72,DeepSeek-V4-Flash-284B,24,3,72,TP24/DP3/EP72,0.9,42,14,12078.240926643612,11029.98764980964,0.9132114284521672,weight
524288,H100NVL,H100NVLx72,DeepSeek-V4-Flash-284B,24,3,72,TP24/DP3/EP72,0.95,48,16,12078.240926643612,11712.462042355619,0.9697158811030906,weight
1048576,H100NVL,H100NVLx72,DeepSeek-V4-Flash-284B,24,3,72,TP24/DP3/EP72,0.9,9,3,6038.577772537815,5564.536569098511,0.9214978722978209,kv
1048576,H100NVL,H100NVLx72,DeepSeek-V4-Flash-284B,24,3,72,TP24/DP3/EP72,0.95,15,5,6038.577772537815,5760.4947086381135,0.9539489140697393,kv
8192,H100NVL,H100NVLx72,DeepSeek-V4-Flash-284B,36,2,72,TP36/DP2/EP72,0.9,2732,1366,722407.6023739881,650370.6143235761,0.9002820737023214,weight
8192,H100NVL,H100NVLx72,DeepSeek-V4-Flash-284B,36,2,72,TP36/DP2/EP72,0.95,2884,1442,722407.6023739881,686555.2165846243,0.9503709738497419,weight
16384,H100NVL,H100NVLx72,DeepSeek-V4-Flash-284B,36,2,72,TP36/DP2/EP72,0.9,1460,730,386179.1194258053,347562.6269811205,0.9000036757499935,weight
16384,H100NVL,H100NVLx72,DeepSeek-V4-Flash-284B,36,2,72,TP36/DP2/EP72,0.95,1542,771,386179.1194258053,367083.2676745807,0.9505518274017055,weight
32768,H100NVL,H100NVLx72,DeepSeek-V4-Flash-284B,36,2,72,TP36/DP2/EP72,0.9,730,365,193089.55971290264,173781.3135001627,0.9000036757997242,weight
32768,H100NVL,H100NVLx72,DeepSeek-V4-Flash-284B,36,2,72,TP36/DP2/EP72,0.95,772,386,193089.55971290264,183779.69043373168,0.9517847091628701,weight
65536,H100NVL,H100NVLx72,DeepSeek-V4-Flash-284B,36,2,72,TP36/DP2/EP72,0.9,366,183,96544.38296019114,87129.32115295088,0.9024794450121201,weight
65536,H100NVL,H100NVLx72,DeepSeek-V4-Flash-284B,36,2,72,TP36/DP2/EP72,0.95,386,193,96544.38296019114,91890.18140814354,0.9517921042183604,weight
131072,H100NVL,H100NVLx72,DeepSeek-V4-Flash-284B,36,2,72,TP36/DP2/EP72,0.9,184,92,48272.19148009557,43911.255124328774,0.9096594494251421,weight
131072,H100NVL,H100NVLx72,DeepSeek-V4-Flash-284B,36,2,72,TP36/DP2/EP72,0.95,194,97,48272.19148009557,46266.02902548138,0.9584406178153025,weight
262144,H100NVL,H100NVLx72,DeepSeek-V4-Flash-284B,36,2,72,TP36/DP2/EP72,0.9,86,43,24135.6978097147,21746.414816885066,0.9010062600357907,weight
262144,H100NVL,H100NVLx72,DeepSeek-V4-Flash-284B,36,2,72,TP36/DP2/EP72,0.95,92,46,24135.6978097147,23011.63049213707,0.9534271879586929,weight
524288,H100NVL,H100NVLx72,DeepSeek-V4-Flash-284B,36,2,72,TP36/DP2/EP72,0.9,30,15,12067.84890485735,11103.48489156735,0.9200881597960809,weight
524288,H100NVL,H100NVLx72,DeepSeek-V4-Flash-284B,36,2,72,TP36/DP2/EP72,0.95,34,17,12067.84890485735,11524.078146251024,0.954940539702361,kv
1048576,H100NVL,H100NVLx72,DeepSeek-V4-Flash-284B,36,2,72,TP36/DP2/EP72,0.9,8,4,6033.522340161365,5440.296963989202,0.9016784321451112,kv
1048576,H100NVL,H100NVLx72,DeepSeek-V4-Flash-284B,36,2,72,TP36/DP2/EP72,0.95,16,8,6033.522340161365,5743.169398184255,0.9518767105502515,kv
8192,H100NVL,H100NVLx72,DeepSeek-V4-Flash-284B,72,1,72,TP72/DP1/EP72,0.9,1409,1409,708959.844862779,638165.9163132104,0.9001439516461317,weight
8192,H100NVL,H100NVLx72,DeepSeek-V4-Flash-284B,72,1,72,TP72/DP1/EP72,0.95,1550,1550,708959.844862779,673516.2619953268,0.9500062194999036,compute
16384,H100NVL,H100NVLx72,DeepSeek-V4-Flash-284B,72,1,72,TP72/DP1/EP72,0.9,761,761,382504.1894939132,344673.0037717197,0.901096022576256,weight
16384,H100NVL,H100NVLx72,DeepSeek-V4-Flash-284B,72,1,72,TP72/DP1/EP72,0.95,1013,1013,382504.1894939132,363387.5516284703,0.9500224091905087,kv
32768,H100NVL,H100NVLx72,DeepSeek-V4-Flash-284B,72,1,72,TP72/DP1/EP72,0.9,384,384,192801.75482003778,173921.72595319521,0.9020754303586849,weight
32768,H100NVL,H100NVLx72,DeepSeek-V4-Flash-284B,72,1,72,TP72/DP1/EP72,0.95,577,577,192801.75482003778,183179.89227050566,0.9500945281410265,kv
65536,H100NVL,H100NVLx72,DeepSeek-V4-Flash-284B,72,1,72,TP72/DP1/EP72,0.9,192,192,96400.87741001889,86961.18581396573,0.9020787792635578,weight
65536,H100NVL,H100NVLx72,DeepSeek-V4-Flash-284B,72,1,72,TP72/DP1/EP72,0.95,289,289,96400.87741001889,91599.25865584744,0.9501911301725101,kv
131072,H100NVL,H100NVLx72,DeepSeek-V4-Flash-284B,72,1,72,TP72/DP1/EP72,0.9,96,96,48200.438705009445,43559.7735029549,0.9037215152655397,weight
131072,H100NVL,H100NVLx72,DeepSeek-V4-Flash-284B,72,1,72,TP72/DP1/EP72,0.95,145,145,48200.438705009445,45808.89649702704,0.950383393341732,kv
262144,H100NVL,H100NVLx72,DeepSeek-V4-Flash-284B,72,1,72,TP72/DP1/EP72,0.9,46,46,24099.98433562224,21836.776335228627,0.9060908933020193,weight
262144,H100NVL,H100NVLx72,DeepSeek-V4-Flash-284B,72,1,72,TP72/DP1/EP72,0.95,72,72,24099.98433562224,22895.15079568203,0.9500068745621821,kv
524288,H100NVL,H100NVLx72,DeepSeek-V4-Flash-284B,72,1,72,TP72/DP1/EP72,0.9,19,19,12049.99216781112,10874.869662259185,0.9024793967342971,kv
524288,H100NVL,H100NVLx72,DeepSeek-V4-Flash-284B,72,1,72,TP72/DP1/EP72,0.95,36,36,12049.99216781112,11447.575397841016,0.9500068745621821,kv
1048576,H100NVL,H100NVLx72,DeepSeek-V4-Flash-284B,72,1,72,TP72/DP1/EP72,0.9,10,10,6024.759844257849,5466.391080138982,0.9073209922797099,kv
1048576,H100NVL,H100NVLx72,DeepSeek-V4-Flash-284B,72,1,72,TP72/DP1/EP72,0.95,18,18,6024.759844257849,5723.787698920508,0.9500441257215928,kv
8192,H100NVL,H100NVLx72,DeepSeek-V4-Pro-1.6T,4,18,72,TP4/DP18/EP72,0.9,2664,148,15899.065153403435,14330.217563549022,0.9013245385991404,weight
8192,H100NVL,H100NVLx72,DeepSeek-V4-Pro-1.6T,4,18,72,TP4/DP18/EP72,0.95,2862,159,15899.065153403435,15145.367797272958,0.9525948633546459,weight
16384,H100NVL,H100NVLx72,DeepSeek-V4-Pro-1.6T,4,18,72,TP4/DP18/EP72,0.9,1242,69,9924.890057122528,8982.849574493468,0.9050830309245581,weight
16384,H100NVL,H100NVLx72,DeepSeek-V4-Pro-1.6T,4,18,72,TP4/DP18/EP72,0.95,1386,77,9924.890057122528,9481.098382265403,0.9552849782412813,weight
32768,H100NVL,H100NVLx72,DeepSeek-V4-Pro-1.6T,4,18,72,TP4/DP18/EP72,0.9,540,30,7354.105155339664,6625.671852173865,0.9009487506937675,weight
32768,H100NVL,H100NVLx72,DeepSeek-V4-Pro-1.6T,4,18,72,TP4/DP18/EP72,0.95,648,36,7354.105155339664,6993.822148561546,0.9510092663664832,weight
65536,H100NVL,H100NVLx72,DeepSeek-V4-Pro-1.6T,4,18,72,TP4/DP18/EP72,0.9,252,14,6031.86759340325,5471.464633554734,0.9070929606509599,weight
65536,H100NVL,H100NVLx72,DeepSeek-V4-Pro-1.6T,4,18,72,TP4/DP18/EP72,0.95,306,17,6031.86759340325,5730.287454861706,0.9500021951955034,weight
131072,H100NVL,H100NVLx72,DeepSeek-V4-Pro-1.6T,4,18,72,TP4/DP18/EP72,0.9,126,7,5040.539775343372,4579.933988469805,0.9086197495897769,weight
131072,H100NVL,H100NVLx72,DeepSeek-V4-Pro-1.6T,4,18,72,TP4/DP18/EP72,0.95,162,9,5040.539775343372,4906.067245509279,0.9733217996826675,weight
262144,H100NVL,H100NVLx72,DeepSeek-V4-Pro-1.6T,4,18,72,TP4/DP18/EP72,0.9,72,4,4123.520297957081,3806.4021299239093,0.9230952814297332,weight
262144,H100NVL,H100NVLx72,DeepSeek-V4-Pro-1.6T,4,18,72,TP4/DP18/EP72,0.95,90,5,4123.520297957081,4123.520297957081,1.0,weight
524288,H100NVL,H100NVLx72,DeepSeek-V4-Pro-1.6T,4,18,72,TP4/DP18/EP72,0.9,36,2,2778.8178983775474,2778.8178983775474,1.0,weight
524288,H100NVL,H100NVLx72,DeepSeek-V4-Pro-1.6T,4,18,72,TP4/DP18/EP72,0.95,36,2,2778.8178983775474,2778.8178983775474,1.0,weight
1048576,H100NVL,H100NVLx72,DeepSeek-V4-Pro-1.6T,4,18,72,TP4/DP18/EP72,0.9,18,1,1817.4785679861886,1817.4785679861886,1.0,weight
1048576,H100NVL,H100NVLx72,DeepSeek-V4-Pro-1.6T,4,18,72,TP4/DP18/EP72,0.95,18,1,1817.4785679861886,1817.4785679861886,1.0,weight
8192,H100NVL,H100NVLx72,DeepSeek-V4-Pro-1.6T,8,9,72,TP8/DP9/EP72,0.9,5112,568,55324.28948376161,49804.57645543746,0.900229843350374,weight
8192,H100NVL,H100NVLx72,DeepSeek-V4-Pro-1.6T,8,9,72,TP8/DP9/EP72,0.95,5400,600,55324.28948376161,52607.84415177755,0.9508995893606302,weight
16384,H100NVL,H100NVLx72,DeepSeek-V4-Pro-1.6T,8,9,72,TP8/DP9/EP72,0.9,2547,283,27805.29834697802,25092.72715376931,0.9024440896350417,weight
16384,H100NVL,H100NVLx72,DeepSeek-V4-Pro-1.6T,8,9,72,TP8/DP9/EP72,0.95,2691,299,27805.29834697802,26444.629861402995,0.9510644169828552,weight
32768,H100NVL,H100NVLx72,DeepSeek-V4-Pro-1.6T,8,9,72,TP8/DP9/EP72,0.9,1233,137,14986.502845795892,13521.750671019314,0.9022619092760871,weight
32768,H100NVL,H100NVLx72,DeepSeek-V4-Pro-1.6T,8,9,72,TP8/DP9/EP72,0.95,1323,147,14986.502845795892,14247.658373532007,0.9506993406089299,weight
65536,H100NVL,H100NVLx72,DeepSeek-V4-Pro-1.6T,8,9,72,TP8/DP9/EP72,0.9,567,63,9536.261264718078,8607.122664178329,0.9025678329538492,weight
65536,H100NVL,H100NVLx72,DeepSeek-V4-Pro-1.6T,8,9,72,TP8/DP9/EP72,0.95,639,71,9536.261264718078,9098.770742543076,0.9541234756441066,weight
131072,H100NVL,H100NVLx72,DeepSeek-V4-Pro-1.6T,8,9,72,TP8/DP9/EP72,0.9,252,28,7165.730592384792,6489.540584733626,0.9056355804989696,weight
131072,H100NVL,H100NVLx72,DeepSeek-V4-Pro-1.6T,8,9,72,TP8/DP9/EP72,0.95,306,34,7165.730592384792,6863.117319948793,0.9577693762646347,weight
262144,H100NVL,H100NVLx72,DeepSeek-V4-Pro-1.6T,8,9,72,TP8/DP9/EP72,0.9,117,13,5873.586825597094,5360.67150789024,0.9126742597093196,weight
262144,H100NVL,H100NVLx72,DeepSeek-V4-Pro-1.6T,8,9,72,TP8/DP9/EP72,0.95,144,16,5873.586825597094,5634.780174558183,0.9593422795763925,weight
524288,H100NVL,H100NVLx72,DeepSeek-V4-Pro-1.6T,8,9,72,TP8/DP9/EP72,0.9,63,7,4888.302548458071,4560.043798392501,0.9328481110136865,weight
524288,H100NVL,H100NVLx72,DeepSeek-V4-Pro-1.6T,8,9,72,TP8/DP9/EP72,0.95,72,8,4888.302548458071,4735.6714314015435,0.9687762540179367,weight
1048576,H100NVL,H100NVLx72,DeepSeek-V4-Pro-1.6T,8,9,72,TP8/DP9/EP72,0.9,36,4,3782.406529473864,3782.406529473864,1.0,weight
1048576,H100NVL,H100NVLx72,DeepSeek-V4-Pro-1.6T,8,9,72,TP8/DP9/EP72,0.95,36,4,3782.406529473864,3782.406529473864,1.0,weight
8192,H100NVL,H100NVLx72,DeepSeek-V4-Pro-1.6T,12,6,72,TP12/DP6/EP72,0.9,5898,983,95672.5196190878,86122.80300129729,0.9001832850664755,weight
8192,H100NVL,H100NVLx72,DeepSeek-V4-Pro-1.6T,12,6,72,TP12/DP6/EP72,0.95,6228,1038,95672.5196190878,90941.46495800179,0.9505494923733344,weight
16384,H100NVL,H100NVLx72,DeepSeek-V4-Pro-1.6T,12,6,72,TP12/DP6/EP72,0.9,2952,492,47844.775652448574,43123.16827127545,0.901314044913251,weight
16384,H100NVL,H100NVLx72,DeepSeek-V4-Pro-1.6T,12,6,72,TP12/DP6/EP72,0.95,3114,519,47844.775652448574,45483.11660544985,0.9506391447176143,weight
32768,H100NVL,H100NVLx72,DeepSeek-V4-Pro-1.6T,12,6,72,TP12/DP6/EP72,0.9,1464,244,24235.886010875533,21829.250368048237,0.9006994981843309,weight
32768,H100NVL,H100NVLx72,DeepSeek-V4-Pro-1.6T,12,6,72,TP12/DP6/EP72,0.95,1554,259,24235.886010875533,23068.617638128664,0.9518371900155385,weight
65536,H100NVL,H100NVLx72,DeepSeek-V4-Pro-1.6T,12,6,72,TP12/DP6/EP72,0.9,702,117,13439.367614048744,12101.74571440927,0.900469877895058,weight
65536,H100NVL,H100NVLx72,DeepSeek-V4-Pro-1.6T,12,6,72,TP12/DP6/EP72,0.95,762,127,13439.367614048744,12799.29482682439,0.9523732957081062,weight
131072,H100NVL,H100NVLx72,DeepSeek-V4-Pro-1.6T,12,6,72,TP12/DP6/EP72,0.9,324,54,8904.16081173929,8053.465748446329,0.9044609501918024,weight
131072,H100NVL,H100NVLx72,DeepSeek-V4-Pro-1.6T,12,6,72,TP12/DP6/EP72,0.95,366,61,8904.16081173929,8476.125304463521,0.9519285964926145,weight
262144,H100NVL,H100NVLx72,DeepSeek-V4-Pro-1.6T,12,6,72,TP12/DP6/EP72,0.9,144,24,6852.156103592773,6215.233812039794,0.9070479011388805,weight
262144,H100NVL,H100NVLx72,DeepSeek-V4-Pro-1.6T,12,6,72,TP12/DP6/EP72,0.95,174,29,6852.156103592773,6541.310010113879,0.954635287232305,weight
524288,H100NVL,H100NVLx72,DeepSeek-V4-Pro-1.6T,12,6,72,TP12/DP6/EP72,0.9,72,12,5702.241359752592,5239.169175744326,0.9187911989701611,weight
524288,H100NVL,H100NVLx72,DeepSeek-V4-Pro-1.6T,12,6,72,TP12/DP6/EP72,0.95,84,14,5702.241359752592,5440.439840555829,0.9540879624905736,weight
1048576,H100NVL,H100NVLx72,DeepSeek-V4-Pro-1.6T,12,6,72,TP12/DP6/EP72,0.9,36,6,4713.559353704701,4328.016862523588,0.9182056568613931,weight
1048576,H100NVL,H100NVLx72,DeepSeek-V4-Pro-1.6T,12,6,72,TP12/DP6/EP72,0.95,42,7,4713.559353704701,4536.623484765505,0.9624623653460246,weight
8192,H100NVL,H100NVLx72,DeepSeek-V4-Pro-1.6T,18,4,72,TP18/DP4/EP72,0.9,6428,1607,156205.07144091258,140628.3192200945,0.9002801120531463,weight
8192,H100NVL,H100NVLx72,DeepSeek-V4-Pro-1.6T,18,4,72,TP18/DP4/EP72,0.95,6784,1696,156205.07144091258,148416.69533012432,0.9501400560241454,weight
16384,H100NVL,H100NVLx72,DeepSeek-V4-Pro-1.6T,18,4,72,TP18/DP4/EP72,0.9,3212,803,78058.84049464458,70270.6229640073,0.9002263231008202,weight
16384,H100NVL,H100NVLx72,DeepSeek-V4-Pro-1.6T,18,4,72,TP18/DP4/EP72,0.95,3392,848,78058.84049464458,74208.46114316308,0.9506733724574647,weight
32768,H100NVL,H100NVLx72,DeepSeek-V4-Pro-1.6T,18,4,72,TP18/DP4/EP72,0.9,1608,402,39062.93888301784,35239.473524808614,0.9021203865469672,weight
32768,H100NVL,H100NVLx72,DeepSeek-V4-Pro-1.6T,18,4,72,TP18/DP4/EP72,0.95,1696,424,39062.93888301784,37149.2893384808,0.9510111220697482,weight
65536,H100NVL,H100NVLx72,DeepSeek-V4-Pro-1.6T,18,4,72,TP18/DP4/EP72,0.9,792,198,20092.9830544885,18099.1744111463,0.9007708990777847,weight
65536,H100NVL,H100NVLx72,DeepSeek-V4-Pro-1.6T,18,4,72,TP18/DP4/EP72,0.95,844,211,20092.9830544885,19129.66666216587,0.9520570743671911,weight
131072,H100NVL,H100NVLx72,DeepSeek-V4-Pro-1.6T,18,4,72,TP18/DP4/EP72,0.9,376,94,11673.938014000589,10538.967039972937,0.9027773684709925,weight
131072,H100NVL,H100NVLx72,DeepSeek-V4-Pro-1.6T,18,4,72,TP18/DP4/EP72,0.95,412,103,11673.938014000589,11134.279808941346,0.9537723941645031,weight
262144,H100NVL,H100NVLx72,DeepSeek-V4-Pro-1.6T,18,4,72,TP18/DP4/EP72,0.9,168,42,8097.629039005689,7318.30092247651,0.9037584813066625,weight
262144,H100NVL,H100NVLx72,DeepSeek-V4-Pro-1.6T,18,4,72,TP18/DP4/EP72,0.95,196,49,8097.629039005689,7737.525980903284,0.9555298154104349,weight
524288,H100NVL,H100NVLx72,DeepSeek-V4-Pro-1.6T,18,4,72,TP18/DP4/EP72,0.9,72,18,6393.032146983296,5757.432359778491,0.9005792912358923,weight
524288,H100NVL,H100NVLx72,DeepSeek-V4-Pro-1.6T,18,4,72,TP18/DP4/EP72,0.95,92,23,6393.032146983296,6125.24932011542,0.9581133301520726,weight
1048576,H100NVL,H100NVLx72,DeepSeek-V4-Pro-1.6T,18,4,72,TP18/DP4/EP72,0.9,36,9,5314.052846578482,4832.462962604795,0.9093742764933616,weight
1048576,H100NVL,H100NVLx72,DeepSeek-V4-Pro-1.6T,18,4,72,TP18/DP4/EP72,0.95,44,11,5314.052846578482,5095.0181239941785,0.9587819826207916,weight
8192,H100NVL,H100NVLx72,DeepSeek-V4-Pro-1.6T,24,3,72,TP24/DP3/EP72,0.9,6690,2230,216485.76183977159,194898.36451461082,0.9002825999192579,weight
8192,H100NVL,H100NVLx72,DeepSeek-V4-Pro-1.6T,24,3,72,TP24/DP3/EP72,0.95,7062,2354,216485.76183977159,205735.7623620599,0.9503431570448124,weight
16384,H100NVL,H100NVLx72,DeepSeek-V4-Pro-1.6T,24,3,72,TP24/DP3/EP72,0.9,3345,1115,108199.18209044712,97449.18447835161,0.9006462211229171,weight
16384,H100NVL,H100NVLx72,DeepSeek-V4-Pro-1.6T,24,3,72,TP24/DP3/EP72,0.95,3531,1177,108199.18209044712,102867.88206414007,0.9507269840371764,weight
32768,H100NVL,H100NVLx72,DeepSeek-V4-Pro-1.6T,24,3,72,TP24/DP3/EP72,0.9,1674,558,54102.634220813976,48775.46066158796,0.9015357822045459,weight
32768,H100NVL,H100NVLx72,DeepSeek-V4-Pro-1.6T,24,3,72,TP24/DP3/EP72,0.95,1767,589,54102.634220813976,51482.284655498435,0.9515670613260554,weight
65536,H100NVL,H100NVLx72,DeepSeek-V4-Pro-1.6T,24,3,72,TP24/DP3/EP72,0.9,831,277,27207.956819158087,24510.348515790334,0.90085222785019,weight
65536,H100NVL,H100NVLx72,DeepSeek-V4-Pro-1.6T,24,3,72,TP24/DP3/EP72,0.95,879,293,27207.956819158087,25854.509551195115,0.9502554610418242,weight
131072,H100NVL,H100NVLx72,DeepSeek-V4-Pro-1.6T,24,3,72,TP24/DP3/EP72,0.9,402,134,14712.971382940355,13259.410481716943,0.901205483012846,weight
131072,H100NVL,H100NVLx72,DeepSeek-V4-Pro-1.6T,24,3,72,TP24/DP3/EP72,0.95,432,144,14712.971382940355,13979.669372527493,0.950159489111552,weight
262144,H100NVL,H100NVLx72,DeepSeek-V4-Pro-1.6T,24,3,72,TP24/DP3/EP72,0.9,186,62,9431.722562049492,8504.213248546303,0.9016606661825256,weight
262144,H100NVL,H100NVLx72,DeepSeek-V4-Pro-1.6T,24,3,72,TP24/DP3/EP72,0.95,210,70,9431.722562049492,8995.215353428403,0.9537192484459343,weight
524288,H100NVL,H100NVLx72,DeepSeek-V4-Pro-1.6T,24,3,72,TP24/DP3/EP72,0.9,81,27,7058.259926561694,6371.045047057142,0.9026367848939058,weight
524288,H100NVL,H100NVLx72,DeepSeek-V4-Pro-1.6T,24,3,72,TP24/DP3/EP72,0.95,99,33,7058.259926561694,6751.981659801033,0.9566071142254096,weight
1048576,H100NVL,H100NVLx72,DeepSeek-V4-Pro-1.6T,24,3,72,TP24/DP3/EP72,0.9,39,13,5809.2067851390475,5282.5795155242495,0.9093460967920781,weight
1048576,H100NVL,H100NVLx72,DeepSeek-V4-Pro-1.6T,24,3,72,TP24/DP3/EP72,0.95,48,16,5809.2067851390475,5564.526374930199,0.9578805817629383,weight
8192,H100NVL,H100NVLx72,DeepSeek-V4-Pro-1.6T,36,2,72,TP36/DP2/EP72,0.9,6950,3475,336512.8093454789,302870.24410140875,0.9000259000259001,weight
8192,H100NVL,H100NVLx72,DeepSeek-V4-Pro-1.6T,36,2,72,TP36/DP2/EP72,0.95,7336,3668,336512.8093454789,319691.5267234438,0.95001295001295,weight
16384,H100NVL,H100NVLx72,DeepSeek-V4-Pro-1.6T,36,2,72,TP36/DP2/EP72,0.9,3474,1737,168212.82622036096,151391.54359850736,0.9000000000010848,weight
16384,H100NVL,H100NVLx72,DeepSeek-V4-Pro-1.6T,36,2,72,TP36/DP2/EP72,0.95,3668,1834,168212.82622036096,159845.76336176586,0.9502590673577166,weight
32768,H100NVL,H100NVLx72,DeepSeek-V4-Pro-1.6T,36,2,72,TP36/DP2/EP72,0.9,1738,869,84106.43340198403,75739.4331217388,0.9005189027543776,weight
32768,H100NVL,H100NVLx72,DeepSeek-V4-Pro-1.6T,36,2,72,TP36/DP2/EP72,0.95,1834,917,84106.43340198403,79922.922744296,0.9502593263265239,weight
65536,H100NVL,H100NVLx72,DeepSeek-V4-Pro-1.6T,36,2,72,TP36/DP2/EP72,0.9,868,434,42030.021670132905,37865.222766395345,0.9009089517863104,weight
65536,H100NVL,H100NVLx72,DeepSeek-V4-Pro-1.6T,36,2,72,TP36/DP2/EP72,0.95,916,458,42030.021670132905,39946.14728995968,0.9504193836365767,weight
131072,H100NVL,H100NVLx72,DeepSeek-V4-Pro-1.6T,36,2,72,TP36/DP2/EP72,0.9,430,215,21468.295619919314,19368.465648405665,0.9021892557895781,weight
131072,H100NVL,H100NVLx72,DeepSeek-V4-Pro-1.6T,36,2,72,TP36/DP2/EP72,0.95,456,228,21468.295619919314,20412.585181679577,0.9508246738851407,weight
262144,H100NVL,H100NVLx72,DeepSeek-V4-Pro-1.6T,36,2,72,TP36/DP2/EP72,0.9,204,102,12234.638173064619,11012.221599513196,0.9000855966265797,weight
262144,H100NVL,H100NVLx72,DeepSeek-V4-Pro-1.6T,36,2,72,TP36/DP2/EP72,0.95,224,112,12234.638173064619,11685.39103226588,0.955107201943418,weight
524288,H100NVL,H100NVLx72,DeepSeek-V4-Pro-1.6T,36,2,72,TP36/DP2/EP72,0.9,94,47,8345.656962401104,7561.091350010632,0.9059911501365199,weight
524288,H100NVL,H100NVLx72,DeepSeek-V4-Pro-1.6T,36,2,72,TP36/DP2/EP72,0.95,108,54,8345.656962401104,7982.483678651068,0.9564835596063669,weight
1048576,H100NVL,H100NVLx72,DeepSeek-V4-Pro-1.6T,36,2,72,TP36/DP2/EP72,0.9,30,15,5987.620989937435,5413.0519106819165,0.9040405062008572,weight
1048576,H100NVL,H100NVLx72,DeepSeek-V4-Pro-1.6T,36,2,72,TP36/DP2/EP72,0.95,38,19,5987.620989937435,5753.4445524675575,0.9608899030410533,weight
8192,H100NVL,H100NVLx72,DeepSeek-V4-Pro-1.6T,72,1,72,TP72/DP1/EP72,0.9,3687,3687,353679.4229588436,318363.28917218174,0.9001464843750001,weight
8192,H100NVL,H100NVLx72,DeepSeek-V4-Pro-1.6T,72,1,72,TP72/DP1/EP72,0.95,3892,3892,353679.4229588436,336064.52982319804,0.9501953125,weight
16384,H100NVL,H100NVLx72,DeepSeek-V4-Pro-1.6T,72,1,72,TP72/DP1/EP72,0.9,3607,3607,345994.4940908414,311455.4879425168,0.9001746942850012,weight
16384,H100NVL,H100NVLx72,DeepSeek-V4-Pro-1.6T,72,1,72,TP72/DP1/EP72,0.95,3807,3807,345994.4940908414,328724.9910166791,0.9500873471425006,weight
32768,H100NVL,H100NVLx72,DeepSeek-V4-Pro-1.6T,72,1,72,TP72/DP1/EP72,0.9,1803,1803,172954.0732877386,155684.57021364206,0.9001497753373765,weight
32768,H100NVL,H100NVLx72,DeepSeek-V4-Pro-1.6T,72,1,72,TP72/DP1/EP72,0.95,1903,1903,172954.0732877386,164319.32175066922,0.9500748876685662,weight
65536,H100NVL,H100NVLx72,DeepSeek-V4-Pro-1.6T,72,1,72,TP72/DP1/EP72,0.9,901,901,86433.87460555279,77799.1622983374,0.9001003675165492,weight
65536,H100NVL,H100NVLx72,DeepSeek-V4-Pro-1.6T,72,1,72,TP72/DP1/EP72,0.95,951,951,86433.87460555279,82116.51158696858,0.9500501043336678,weight
131072,H100NVL,H100NVLx72,DeepSeek-V4-Pro-1.6T,72,1,72,TP72/DP1/EP72,0.9,450,450,43189.394529650075,38887.32412342256,0.9003905830799713,weight
131072,H100NVL,H100NVLx72,DeepSeek-V4-Pro-1.6T,72,1,72,TP72/DP1/EP72,0.95,475,475,43189.394529650075,41037.09572963884,0.9501660344292704,weight
262144,H100NVL,H100NVLx72,DeepSeek-V4-Pro-1.6T,72,1,72,TP72/DP1/EP72,0.9,223,223,21995.156087542673,19818.302342752777,0.9010303115774299,weight
262144,H100NVL,H100NVLx72,DeepSeek-V4-Pro-1.6T,72,1,72,TP72/DP1/EP72,0.95,237,237,21995.156087542673,20941.391685004663,0.9520910695816872,weight
524288,H100NVL,H100NVLx72,DeepSeek-V4-Pro-1.6T,72,1,72,TP72/DP1/EP72,0.9,100,100,11948.299197893031,10753.574402008675,0.9000087982317153,weight
524288,H100NVL,H100NVLx72,DeepSeek-V4-Pro-1.6T,72,1,72,TP72/DP1/EP72,0.95,109,109,11948.299197893031,11353.242927614747,0.9501974079806089,weight
1048576,H100NVL,H100NVLx72,DeepSeek-V4-Pro-1.6T,72,1,72,TP72/DP1/EP72,0.9,17,17,5973.297304493562,5399.470667010239,0.9039346933139176,weight
1048576,H100NVL,H100NVLx72,DeepSeek-V4-Pro-1.6T,72,1,72,TP72/DP1/EP72,0.95,21,21,5973.297304493562,5732.578177836868,0.9597007959949346,weight
8192,B200,B200x72,Qwen3-30B-A3B,1,72,72,TP1/DP72/EP72,0.9,4896,68,715255.7373046876,649080.6573217664,0.9074805324424379,weight
8192,B200,B200x72,Qwen3-30B-A3B,1,72,72,TP1/DP72/EP72,0.95,5184,72,715255.7373046876,685401.1595498705,0.9582602750348865,weight
16384,B200,B200x72,Qwen3-30B-A3B,1,72,72,TP1/DP72/EP72,0.9,2160,30,357627.8686523438,327896.9818540753,0.9168664150523167,weight
16384,B200,B200x72,Qwen3-30B-A3B,1,72,72,TP1/DP72/EP72,0.95,2304,32,357627.8686523438,343161.312135482,0.9595485760900669,weight
32768,B200,B200x72,Qwen3-30B-A3B,1,72,72,TP1/DP72/EP72,0.9,504,7,178813.9343261719,166899.8631402909,0.9333716847583661,weight
32768,B200,B200x72,Qwen3-30B-A3B,1,72,72,TP1/DP72/EP72,0.95,576,8,178813.9343261719,174118.0743286989,0.9737388475055453,weight
65536,B200,B200x72,Qwen3-30B-A3B,1,72,72,TP1/DP72/EP72,0.9,72,1,89406.96716308595,85897.7961297889,0.9607505863956214,weight
65536,B200,B200x72,Qwen3-30B-A3B,1,72,72,TP1/DP72/EP72,0.95,72,1,89406.96716308595,85897.7961297889,0.9607505863956214,weight
131072,B200,B200x72,Qwen3-30B-A3B,1,72,72,TP1/DP72/EP72,0.9,72,1,44703.48358154297,44703.48358154297,1.0,kv
131072,B200,B200x72,Qwen3-30B-A3B,1,72,72,TP1/DP72/EP72,0.95,72,1,44703.48358154297,44703.48358154297,1.0,kv
262144,B200,B200x72,Qwen3-30B-A3B,1,72,72,TP1/DP72/EP72,0.9,72,1,22351.741790771484,22351.741790771484,1.0,kv
262144,B200,B200x72,Qwen3-30B-A3B,1,72,72,TP1/DP72/EP72,0.95,72,1,22351.741790771484,22351.741790771484,1.0,kv
524288,B200,B200x72,Qwen3-30B-A3B,1,72,72,TP1/DP72/EP72,0.9,72,1,11175.870895385742,11175.870895385742,1.0,kv
524288,B200,B200x72,Qwen3-30B-A3B,1,72,72,TP1/DP72/EP72,0.95,72,1,11175.870895385742,11175.870895385742,1.0,kv
1048576,B200,B200x72,Qwen3-30B-A3B,1,72,72,TP1/DP72/EP72,0.9,72,1,5587.935447692871,5587.935447692871,1.0,kv
1048576,B200,B200x72,Qwen3-30B-A3B,1,72,72,TP1/DP72/EP72,0.95,72,1,5587.935447692871,5587.935447692871,1.0,kv
8192,B200,B200x72,Qwen3-30B-A3B,2,36,72,TP2/DP36/EP72,0.9,2448,68,714214.8931726374,643958.3423202825,0.9016310755712947,weight
8192,B200,B200x72,Qwen3-30B-A3B,2,36,72,TP2/DP36/EP72,0.95,2592,72,714214.8931726374,680006.7450641219,0.952103843765343,weight
16384,B200,B200x72,Qwen3-30B-A3B,2,36,72,TP2/DP36/EP72,0.9,1080,30,357106.17290276126,324937.37120656885,0.9099181024099747,weight
16384,B200,B200x72,Qwen3-30B-A3B,2,36,72,TP2/DP36/EP72,0.95,1152,32,357106.17290276126,340121.81607583386,0.9524389156063338,weight
32768,B200,B200x72,Qwen3-30B-A3B,2,36,72,TP2/DP36/EP72,0.9,252,7,178553.08645138063,163648.32935779644,0.9165247860465144,weight
32768,B200,B200x72,Qwen3-30B-A3B,2,36,72,TP2/DP36/EP72,0.95,288,8,178553.08645138063,171016.30048297864,0.9577896629053554,weight
65536,B200,B200x72,Qwen3-30B-A3B,2,36,72,TP2/DP36/EP72,0.9,72,2,89276.54322569032,86195.9189565283,0.9654934638164224,kv
65536,B200,B200x72,Qwen3-30B-A3B,2,36,72,TP2/DP36/EP72,0.95,72,2,89276.54322569032,86195.9189565283,0.9654934638164224,kv
131072,B200,B200x72,Qwen3-30B-A3B,2,36,72,TP2/DP36/EP72,0.9,36,1,44636.96931404762,43097.95947826415,0.9655216324173888,kv
131072,B200,B200x72,Qwen3-30B-A3B,2,36,72,TP2/DP36/EP72,0.95,36,1,44636.96931404762,43097.95947826415,0.9655216324173888,kv
262144,B200,B200x72,Qwen3-30B-A3B,2,36,72,TP2/DP36/EP72,0.9,36,1,22317.101090695254,21943.021171329,0.9832379699385679,kv
262144,B200,B200x72,Qwen3-30B-A3B,2,36,72,TP2/DP36/EP72,0.95,36,1,22317.101090695254,21943.021171329,0.9832379699385679,kv
524288,B200,B200x72,Qwen3-30B-A3B,2,36,72,TP2/DP36/EP72,0.9,36,1,11158.550545347627,11072.74789461295,0.9923105917398518,kv
524288,B200,B200x72,Qwen3-30B-A3B,2,36,72,TP2/DP36/EP72,0.95,36,1,11158.550545347627,11072.74789461295,0.9923105917398518,kv
1048576,B200,B200x72,Qwen3-30B-A3B,2,36,72,TP2/DP36/EP72,0.9,36,1,5579.275272673814,5562.035202966229,0.9969099804427964,kv
1048576,B200,B200x72,Qwen3-30B-A3B,2,36,72,TP2/DP36/EP72,0.95,36,1,5579.275272673814,5562.035202966229,0.9969099804427964,kv
8192,B200,B200x72,Qwen3-30B-A3B,4,18,72,TP4/DP18/EP72,0.9,1260,70,713189.66601912,646661.6485377282,0.9067176367645122,weight
8192,B200,B200x72,Qwen3-30B-A3B,4,18,72,TP4/DP18/EP72,0.95,1332,74,713189.66601912,682038.7612434152,0.9563217103949601,weight
16384,B200,B200x72,Qwen3-30B-A3B,4,18,72,TP4/DP18/EP72,0.9,558,31,356593.5799097789,323817.0356138075,0.9080843118256248,weight
16384,B200,B200x72,Qwen3-30B-A3B,4,18,72,TP4/DP18/EP72,0.95,594,33,356593.5799097789,338872.9667587752,0.9503058547619192,weight
32768,B200,B200x72,Qwen3-30B-A3B,4,18,72,TP4/DP18/EP72,0.9,144,8,178295.53228388794,162340.40798530838,0.9105130448632034,weight
32768,B200,B200x72,Qwen3-30B-A3B,4,18,72,TP4/DP18/EP72,0.95,198,11,178295.53228388794,169622.74913695944,0.9513572604100959,kv
65536,B200,B200x72,Qwen3-30B-A3B,4,18,72,TP4/DP18/EP72,0.9,54,3,89146.49925030241,81327.77827257196,0.9122935724511478,kv
65536,B200,B200x72,Qwen3-30B-A3B,4,18,72,TP4/DP18/EP72,0.95,108,6,89146.49925030241,85176.21861805258,0.9554634151016719,kv
131072,B200,B200x72,Qwen3-30B-A3B,4,18,72,TP4/DP18/EP72,0.9,36,2,44573.249625151206,41603.761778857035,0.9333795971515034,kv
131072,B200,B200x72,Qwen3-30B-A3B,4,18,72,TP4/DP18/EP72,0.95,54,3,44573.249625151206,42588.10930902629,0.9554634151016719,kv
262144,B200,B200x72,Qwen3-30B-A3B,4,18,72,TP4/DP18/EP72,0.9,18,1,22285.32634275331,20801.880889428518,0.9334339811538288,kv
262144,B200,B200x72,Qwen3-30B-A3B,4,18,72,TP4/DP18/EP72,0.95,36,2,22285.32634275331,21548.979739132075,0.9669582310666643,kv
524288,B200,B200x72,Qwen3-30B-A3B,4,18,72,TP4/DP18/EP72,0.9,18,1,11141.283798347082,10774.489869566038,0.9670779476207705,kv
524288,B200,B200x72,Qwen3-30B-A3B,4,18,72,TP4/DP18/EP72,0.95,18,1,11141.283798347082,10774.489869566038,0.9670779476207705,kv
1048576,B200,B200x72,Qwen3-30B-A3B,4,18,72,TP4/DP18/EP72,0.9,18,1,5570.641899173541,5485.75529283225,0.9847617908532436,kv
1048576,B200,B200x72,Qwen3-30B-A3B,4,18,72,TP4/DP18/EP72,0.95,18,1,5570.641899173541,5485.75529283225,0.9847617908532436,kv
8192,B200,B200x72,Qwen3-30B-A3B,8,9,72,TP8/DP9/EP72,0.9,666,74,712170.4315077483,642556.8955608277,0.9022515778989298,weight
8192,B200,B200x72,Qwen3-30B-A3B,8,9,72,TP8/DP9/EP72,0.95,1134,126,712170.4315077483,676834.3370822364,0.9503825308350682,kv
16384,B200,B200x72,Qwen3-30B-A3B,8,9,72,TP8/DP9/EP72,0.9,306,34,356084.2848480914,323591.0515678761,0.9087484770801463,kv
16384,B200,B200x72,Qwen3-30B-A3B,8,9,72,TP8/DP9/EP72,0.95,567,63,356084.2848480914,338417.1685411182,0.9503850154058044,kv
32768,B200,B200x72,Qwen3-30B-A3B,8,9,72,TP8/DP9/EP72,0.9,144,16,178041.20983097603,160838.79792084757,0.9033796056179374,kv
32768,B200,B200x72,Qwen3-30B-A3B,8,9,72,TP8/DP9/EP72,0.95,288,32,178041.20983097603,169350.72512593484,0.9511883528914933,kv
65536,B200,B200x72,Qwen3-30B-A3B,8,9,72,TP8/DP9/EP72,0.9,72,8,89020.60491548802,80419.39896042379,0.9033796056179374,kv
65536,B200,B200x72,Qwen3-30B-A3B,8,9,72,TP8/DP9/EP72,0.95,144,16,89020.60491548802,84675.36256296742,0.9511883528914933,kv
131072,B200,B200x72,Qwen3-30B-A3B,8,9,72,TP8/DP9/EP72,0.9,36,4,44510.30245774401,40209.69948021189,0.9033796056179374,kv
131072,B200,B200x72,Qwen3-30B-A3B,8,9,72,TP8/DP9/EP72,0.95,72,8,44510.30245774401,42337.68128148371,0.9511883528914933,kv
262144,B200,B200x72,Qwen3-30B-A3B,8,9,72,TP8/DP9/EP72,0.9,18,2,22254.208394732843,20104.849740105947,0.9034178786994909,kv
262144,B200,B200x72,Qwen3-30B-A3B,8,9,72,TP8/DP9/EP72,0.95,36,4,22254.208394732843,21168.840640741855,0.9512286514649574,kv
524288,B200,B200x72,Qwen3-30B-A3B,8,9,72,TP8/DP9/EP72,0.9,9,1,11126.133204084259,10052.424870052973,0.9034967212474914,kv
524288,B200,B200x72,Qwen3-30B-A3B,8,9,72,TP8/DP9/EP72,0.95,18,2,11126.133204084259,10584.420320370928,0.9513116665262936,kv
1048576,B200,B200x72,Qwen3-30B-A3B,8,9,72,TP8/DP9/EP72,0.9,9,1,5562.035202966229,5292.210160185464,0.9514880735316332,kv
1048576,B200,B200x72,Qwen3-30B-A3B,8,9,72,TP8/DP9/EP72,0.95,9,1,5562.035202966229,5292.210160185464,0.9514880735316332,kv
8192,B200,B200x72,Qwen3-30B-A3B,12,6,72,TP12/DP6/EP72,0.9,660,110,711574.15228889,640592.7587133861,0.9002473693750945,kv
8192,B200,B200x72,Qwen3-30B-A3B,12,6,72,TP12/DP6/EP72,0.95,1326,221,711574.15228889,676036.952463989,0.950058332345842,kv
16384,B200,B200x72,Qwen3-30B-A3B,12,6,72,TP12/DP6/EP72,0.9,330,55,355787.076144445,320296.37935669307,0.9002473693750945,kv
16384,B200,B200x72,Qwen3-30B-A3B,12,6,72,TP12/DP6/EP72,0.95,666,111,355787.076144445,338101.98412539257,0.9502930454621896,kv
32768,B200,B200x72,Qwen3-30B-A3B,12,6,72,TP12/DP6/EP72,0.9,168,28,177892.79844786326,160447.27029490744,0.9019323530509936,kv
32768,B200,B200x72,Qwen3-30B-A3B,12,6,72,TP12/DP6/EP72,0.95,336,56,177892.79844786326,169133.4420943957,0.950760478052546,kv
65536,B200,B200x72,Qwen3-30B-A3B,12,6,72,TP12/DP6/EP72,0.9,84,14,88945.65781363029,80223.63514745372,0.9019398711463577,kv
65536,B200,B200x72,Qwen3-30B-A3B,12,6,72,TP12/DP6/EP72,0.95,168,28,88945.65781363029,84566.72104719785,0.9507684031568161,kv
131072,B200,B200x72,Qwen3-30B-A3B,12,6,72,TP12/DP6/EP72,0.9,42,7,44472.08390443984,40111.81757372686,0.9019549805652873,kv
131072,B200,B200x72,Qwen3-30B-A3B,12,6,72,TP12/DP6/EP72,0.95,84,14,44472.08390443984,42283.36052359892,0.95078433055793,kv
262144,B200,B200x72,Qwen3-30B-A3B,12,6,72,TP12/DP6/EP72,0.9,24,4,22236.04195221992,20316.76031977329,0.9136860041651873,kv
262144,B200,B200x72,Qwen3-30B-A3B,12,6,72,TP12/DP6/EP72,0.95,42,7,22236.04195221992,21141.68026179946,0.95078433055793,kv
524288,B200,B200x72,Qwen3-30B-A3B,12,6,72,TP12/DP6/EP72,0.9,12,2,11117.263784663492,10158.380159886645,0.913748234875955,kv
524288,B200,B200x72,Qwen3-30B-A3B,12,6,72,TP12/DP6/EP72,0.95,24,4,11117.263784663492,10642.86202304575,0.9573274709670748,kv
1048576,B200,B200x72,Qwen3-30B-A3B,12,6,72,TP12/DP6/EP72,0.9,6,1,5558.631892331746,5079.190079943322,0.913748234875955,kv
1048576,B200,B200x72,Qwen3-30B-A3B,12,6,72,TP12/DP6/EP72,0.95,12,2,5558.631892331746,5321.431011522875,0.9573274709670748,kv
8192,B200,B200x72,Qwen3-30B-A3B,18,4,72,TP18/DP4/EP72,0.9,760,190,710979.3046365716,639916.6015545258,0.9000495476891966,kv
8192,B200,B200x72,Qwen3-30B-A3B,18,4,72,TP18/DP4/EP72,0.95,1520,380,710979.3046365716,675491.9762363042,0.9500866928631526,kv
16384,B200,B200x72,Qwen3-30B-A3B,18,4,72,TP18/DP4/EP72,0.9,380,95,355489.08065912384,319958.3007772629,0.9000509950517125,kv
16384,B200,B200x72,Qwen3-30B-A3B,18,4,72,TP18/DP4/EP72,0.95,760,190,355489.08065912384,337745.9881181521,0.9500882206900034,kv
32768,B200,B200x72,Qwen3-30B-A3B,18,4,72,TP18/DP4/EP72,0.9,192,48,177743.96821164983,160154.87322665763,0.9010425210938924,kv
32768,B200,B200x72,Qwen3-30B-A3B,18,4,72,TP18/DP4/EP72,0.95,380,95,177743.96821164983,168872.99405907604,0.9500912788105945,kv
65536,B200,B200x72,Qwen3-30B-A3B,18,4,72,TP18/DP4/EP72,0.9,96,24,88871.41106869267,80077.43661332881,0.9010483309580107,kv
65536,B200,B200x72,Qwen3-30B-A3B,18,4,72,TP18/DP4/EP72,0.95,192,48,88871.41106869267,84485.42268510831,0.9506479268097336,kv
131072,B200,B200x72,Qwen3-30B-A3B,18,4,72,TP18/DP4/EP72,0.9,48,12,44435.705534346336,40038.71830666441,0.9010483309580107,kv
131072,B200,B200x72,Qwen3-30B-A3B,18,4,72,TP18/DP4/EP72,0.95,96,24,44435.705534346336,42242.711342554154,0.9506479268097336,kv
262144,B200,B200x72,Qwen3-30B-A3B,18,4,72,TP18/DP4/EP72,0.9,24,6,22217.852767173168,20019.359153332203,0.9010483309580107,kv
262144,B200,B200x72,Qwen3-30B-A3B,18,4,72,TP18/DP4/EP72,0.95,48,12,22217.852767173168,21121.355671277077,0.9506479268097336,kv
524288,B200,B200x72,Qwen3-30B-A3B,18,4,72,TP18/DP4/EP72,0.9,12,3,11108.926383586584,10009.679576666102,0.9010483309580107,kv
524288,B200,B200x72,Qwen3-30B-A3B,18,4,72,TP18/DP4/EP72,0.95,24,6,11108.926383586584,10560.677835638538,0.9506479268097336,kv
1048576,B200,B200x72,Qwen3-30B-A3B,18,4,72,TP18/DP4/EP72,0.9,8,2,5554.463191793292,5138.899588779587,0.9251838406945069,kv
1048576,B200,B200x72,Qwen3-30B-A3B,18,4,72,TP18/DP4/EP72,0.95,12,3,5554.463191793292,5280.338917819269,0.9506479268097336,kv
8192,B200,B200x72,Qwen3-30B-A3B,24,3,72,TP24/DP3/EP72,0.9,822,274,709574.6004467725,638799.7795685206,0.9002573924803824,kv
8192,B200,B200x72,Qwen3-30B-A3B,24,3,72,TP24/DP3/EP72,0.95,1614,538,709574.6004467725,674161.6886117504,0.9500927572481809,kv
16384,B200,B200x72,Qwen3-30B-A3B,24,3,72,TP24/DP3/EP72,0.9,417,139,355278.8588618359,319891.89353420533,0.900396647745955,kv
16384,B200,B200x72,Qwen3-30B-A3B,24,3,72,TP24/DP3/EP72,0.95,828,276,355278.8588618359,337572.7410060138,0.9501627597190977,kv
32768,B200,B200x72,Qwen3-30B-A3B,24,3,72,TP24/DP3/EP72,0.9,210,70,177639.42943091795,160066.58830787506,0.90107578492377,kv
32768,B200,B200x72,Qwen3-30B-A3B,24,3,72,TP24/DP3/EP72,0.95,414,138,177639.42943091795,168786.3705030069,0.9501627597190977,kv
65536,B200,B200x72,Qwen3-30B-A3B,24,3,72,TP24/DP3/EP72,0.9,105,35,88819.71471545898,80033.29415393753,0.90107578492377,kv
65536,B200,B200x72,Qwen3-30B-A3B,24,3,72,TP24/DP3/EP72,0.95,207,69,88819.71471545898,84393.18525150346,0.9501627597190977,kv
131072,B200,B200x72,Qwen3-30B-A3B,24,3,72,TP24/DP3/EP72,0.9,54,18,44409.85735772949,40133.52790330144,0.9037076516598233,kv
131072,B200,B200x72,Qwen3-30B-A3B,24,3,72,TP24/DP3/EP72,0.95,105,35,44409.85735772949,42230.4241433307,0.9509245617061308,kv
262144,B200,B200x72,Qwen3-30B-A3B,24,3,72,TP24/DP3/EP72,0.9,27,9,22204.928678864744,20066.76395165072,0.9037076516598233,kv
262144,B200,B200x72,Qwen3-30B-A3B,24,3,72,TP24/DP3/EP72,0.95,54,18,22204.928678864744,21147.709876781064,0.952388101877131,kv
524288,B200,B200x72,Qwen3-30B-A3B,24,3,72,TP24/DP3/EP72,0.9,15,5,11101.99082456916,10137.010790203063,0.9130804510997652,kv
524288,B200,B200x72,Qwen3-30B-A3B,24,3,72,TP24/DP3/EP72,0.95,27,9,11101.99082456916,10573.854938390532,0.9524287225125567,kv
1048576,B200,B200x72,Qwen3-30B-A3B,24,3,72,TP24/DP3/EP72,0.9,9,3,5550.512614322071,5148.265436821001,0.9275297246486485,kv
1048576,B200,B200x72,Qwen3-30B-A3B,24,3,72,TP24/DP3/EP72,0.95,15,5,5550.512614322071,5315.561054939147,0.9576702953927758,kv
8192,B200,B200x72,Qwen3-30B-A3B,36,2,72,TP36/DP2/EP72,0.9,880,440,705699.2874977264,635183.2674474367,0.9000763904689122,kv
8192,B200,B200x72,Qwen3-30B-A3B,36,2,72,TP36/DP2/EP72,0.95,1660,830,705699.2874977264,670450.8194258626,0.9500517165082482,kv
16384,B200,B200x72,Qwen3-30B-A3B,36,2,72,TP36/DP2/EP72,0.9,466,233,354982.0892714235,319587.81287531205,0.9002927824647271,kv
16384,B200,B200x72,Qwen3-30B-A3B,36,2,72,TP36/DP2/EP72,0.95,918,459,354982.0892714235,337250.55881826393,0.9500495067524326,kv
32768,B200,B200x72,Qwen3-30B-A3B,36,2,72,TP36/DP2/EP72,0.9,234,117,177490.6916517972,159866.57584296883,0.9007039994897111,kv
32768,B200,B200x72,Qwen3-30B-A3B,36,2,72,TP36/DP2/EP72,0.95,460,230,177490.6916517972,168646.16920246306,0.9501690913082619,kv
65536,B200,B200x72,Qwen3-30B-A3B,36,2,72,TP36/DP2/EP72,0.9,118,59,88745.3458258986,80005.13070408478,0.901513538085023,kv
65536,B200,B200x72,Qwen3-30B-A3B,36,2,72,TP36/DP2/EP72,0.95,230,115,88745.3458258986,84323.08460123153,0.9501690913082619,kv
131072,B200,B200x72,Qwen3-30B-A3B,36,2,72,TP36/DP2/EP72,0.9,60,30,44372.6729129493,40072.79811396179,0.9030963312166692,kv
131072,B200,B200x72,Qwen3-30B-A3B,36,2,72,TP36/DP2/EP72,0.95,116,58,44372.6729129493,42182.21968430391,0.9506350849554941,kv
262144,B200,B200x72,Qwen3-30B-A3B,36,2,72,TP36/DP2/EP72,0.9,30,15,22185.98262307309,20036.399056980896,0.9031107342589973,kv
262144,B200,B200x72,Qwen3-30B-A3B,36,2,72,TP36/DP2/EP72,0.95,58,29,22185.98262307309,21091.109842151956,0.9506502461701885,kv
524288,B200,B200x72,Qwen3-30B-A3B,36,2,72,TP36/DP2/EP72,0.9,16,8,11092.991311536545,10083.481678124743,0.9089957248626052,kv
524288,B200,B200x72,Qwen3-30B-A3B,36,2,72,TP36/DP2/EP72,0.95,30,15,11092.991311536545,10565.41780747247,0.9524408259911457,kv
1048576,B200,B200x72,Qwen3-30B-A3B,36,2,72,TP36/DP2/EP72,0.9,8,4,5546.495655768273,5041.740839062371,0.9089957248626052,kv
1048576,B200,B200x72,Qwen3-30B-A3B,36,2,72,TP36/DP2/EP72,0.95,16,8,5546.495655768273,5300.805328903828,0.9557035032365111,kv
8192,B200,B200x72,Qwen3-30B-A3B,72,1,72,TP72/DP1/EP72,0.9,901,901,692860.8658442728,623621.3143947554,0.9000671637513445,kv
8192,B200,B200x72,Qwen3-30B-A3B,72,1,72,TP72/DP1/EP72,0.95,1528,1528,692860.8658442728,658224.4534643623,0.950009570337466,kv
16384,B200,B200x72,Qwen3-30B-A3B,72,1,72,TP72/DP1/EP72,0.9,513,513,351940.10804273176,316754.70921621576,0.9000244700094145,kv
16384,B200,B200x72,Qwen3-30B-A3B,72,1,72,TP72/DP1/EP72,0.95,951,951,351940.10804273176,334354.50495809613,0.9500323984599663,kv
32768,B200,B200x72,Qwen3-30B-A3B,72,1,72,TP72/DP1/EP72,0.9,274,274,177237.83865923225,159541.93424971434,0.9001572996862082,kv
32768,B200,B200x72,Qwen3-30B-A3B,72,1,72,TP72/DP1/EP72,0.95,534,534,177237.83865923225,168377.65491342384,0.9500096378243277,kv
65536,B200,B200x72,Qwen3-30B-A3B,72,1,72,TP72/DP1/EP72,0.9,137,137,88618.91932961612,79770.96712485717,0.9001572996862082,kv
65536,B200,B200x72,Qwen3-30B-A3B,72,1,72,TP72/DP1/EP72,0.95,267,267,88618.91932961612,84188.82745671192,0.9500096378243277,kv
131072,B200,B200x72,Qwen3-30B-A3B,72,1,72,TP72/DP1/EP72,0.9,69,69,44309.2496921877,39916.65813574762,0.9008651334212379,kv
131072,B200,B200x72,Qwen3-30B-A3B,72,1,72,TP72/DP1/EP72,0.95,134,134,44309.2496921877,42103.5828682659,0.9502210748490582,kv
262144,B200,B200x72,Qwen3-30B-A3B,72,1,72,TP72/DP1/EP72,0.9,35,35,22154.62484609385,19988.906232694833,0.9022453041545923,kv
262144,B200,B200x72,Qwen3-30B-A3B,72,1,72,TP72/DP1/EP72,0.95,67,67,22154.62484609385,21051.79143413295,0.9502210748490582,kv
524288,B200,B200x72,Qwen3-30B-A3B,72,1,72,TP72/DP1/EP72,0.9,18,18,11077.101889766695,10023.887558657532,0.9049196855287439,kv
524288,B200,B200x72,Qwen3-30B-A3B,72,1,72,TP72/DP1/EP72,0.95,34,34,11077.101889766695,10534.905973407147,0.9510525477010876,kv
1048576,B200,B200x72,Qwen3-30B-A3B,72,1,72,TP72/DP1/EP72,0.9,9,9,5538.550944883347,5011.943779328766,0.9049196855287439,kv
1048576,B200,B200x72,Qwen3-30B-A3B,72,1,72,TP72/DP1/EP72,0.95,17,17,5538.550944883347,5267.4529867035735,0.9510525477010876,kv
8192,B200,B200x72,Qwen3-32B,1,72,1,TP1/DP72/EP1,0.9,3168,44,429153.44238281256,386341.46341463417,0.9002408585365853,weight
8192,B200,B200x72,Qwen3-32B,1,72,1,TP1/DP72/EP1,0.95,3384,47,429153.44238281256,412682.92682926834,0.9616209170731708,weight
16384,B200,B200x72,Qwen3-32B,1,72,1,TP1/DP72/EP1,0.9,1584,22,214576.72119140628,193170.73170731709,0.9002408585365853,weight
16384,B200,B200x72,Qwen3-32B,1,72,1,TP1/DP72/EP1,0.95,1728,24,214576.72119140628,210731.7073170732,0.9820809365853658,weight
32768,B200,B200x72,Qwen3-32B,1,72,1,TP1/DP72/EP1,0.9,792,11,107288.36059570314,96585.36585365854,0.9002408585365853,weight
32768,B200,B200x72,Qwen3-32B,1,72,1,TP1/DP72/EP1,0.95,864,12,107288.36059570314,105365.8536585366,0.9820809365853658,weight
65536,B200,B200x72,Qwen3-32B,1,72,1,TP1/DP72/EP1,0.9,432,6,53644.18029785156,52682.9268292683,0.982080936585366,weight
65536,B200,B200x72,Qwen3-32B,1,72,1,TP1/DP72/EP1,0.95,432,6,53644.18029785156,52682.9268292683,0.982080936585366,weight
131072,B200,B200x72,Qwen3-32B,1,72,1,TP1/DP72/EP1,0.9,216,3,26822.09014892578,26341.46341463415,0.982080936585366,weight
131072,B200,B200x72,Qwen3-32B,1,72,1,TP1/DP72/EP1,0.95,216,3,26822.09014892578,26341.46341463415,0.982080936585366,weight
262144,B200,B200x72,Qwen3-32B,1,72,1,TP1/DP72/EP1,0.9,144,2,13411.04507446289,13411.04507446289,1.0,kv
262144,B200,B200x72,Qwen3-32B,1,72,1,TP1/DP72/EP1,0.95,144,2,13411.04507446289,13411.04507446289,1.0,kv
524288,B200,B200x72,Qwen3-32B,1,72,1,TP1/DP72/EP1,0.9,72,1,6705.522537231445,6705.522537231445,1.0,kv
524288,B200,B200x72,Qwen3-32B,1,72,1,TP1/DP72/EP1,0.95,72,1,6705.522537231445,6705.522537231445,1.0,kv
8192,B200,B200x72,Qwen3-32B,2,36,1,TP2/DP36/EP1,0.9,1620,45,428387.4259722729,392251.81598062965,0.9156473607748187,weight
8192,B200,B200x72,Qwen3-32B,2,36,1,TP2/DP36/EP1,0.95,1692,47,428387.4259722729,409685.23002421315,0.9563427990314771,weight
16384,B200,B200x72,Qwen3-32B,2,36,1,TP2/DP36/EP1,0.9,828,23,214193.71298613644,200484.26150121068,0.9359950799031478,weight
16384,B200,B200x72,Qwen3-32B,2,36,1,TP2/DP36/EP1,0.95,864,24,214193.71298613644,209200.96852300246,0.9766905181598065,weight
32768,B200,B200x72,Qwen3-32B,2,36,1,TP2/DP36/EP1,0.9,432,12,107096.85649306822,104600.48426150123,0.9766905181598065,weight
32768,B200,B200x72,Qwen3-32B,2,36,1,TP2/DP36/EP1,0.95,432,12,107096.85649306822,104600.48426150123,0.9766905181598065,weight
65536,B200,B200x72,Qwen3-32B,2,36,1,TP2/DP36/EP1,0.9,216,6,53548.42824653411,52300.242130750616,0.9766905181598065,weight
65536,B200,B200x72,Qwen3-32B,2,36,1,TP2/DP36/EP1,0.95,216,6,53548.42824653411,52300.242130750616,0.9766905181598065,weight
131072,B200,B200x72,Qwen3-32B,2,36,1,TP2/DP36/EP1,0.9,108,3,26772.22299762513,26150.121065375308,0.976763157384988,weight
131072,B200,B200x72,Qwen3-32B,2,36,1,TP2/DP36/EP1,0.95,108,3,26772.22299762513,26150.121065375308,0.976763157384988,weight
262144,B200,B200x72,Qwen3-32B,2,36,1,TP2/DP36/EP1,0.9,72,2,13386.111498812565,13336.521453484052,0.9962954107073655,kv
262144,B200,B200x72,Qwen3-32B,2,36,1,TP2/DP36/EP1,0.95,72,2,13386.111498812565,13336.521453484052,0.9962954107073655,kv
524288,B200,B200x72,Qwen3-32B,2,36,1,TP2/DP36/EP1,0.9,36,1,6693.055749406282,6668.260726742026,0.9962954107073655,kv
524288,B200,B200x72,Qwen3-32B,2,36,1,TP2/DP36/EP1,0.95,36,1,6693.055749406282,6668.260726742026,0.9962954107073655,kv
1048576,B200,B200x72,Qwen3-32B,2,36,1,TP2/DP36/EP1,0.9,36,1,3343.4198614356046,3343.4198614356046,1.0,kv
1048576,B200,B200x72,Qwen3-32B,2,36,1,TP2/DP36/EP1,0.95,36,1,3343.4198614356046,3343.4198614356046,1.0,kv
8192,B200,B200x72,Qwen3-32B,4,18,1,TP4/DP18/EP1,0.9,828,46,427793.52339618624,392417.06161137443,0.9173048214849922,weight
8192,B200,B200x72,Qwen3-32B,4,18,1,TP4/DP18/EP1,0.95,864,48,427793.52339618624,409478.67298578203,0.9571876398104266,weight
16384,B200,B200x72,Qwen3-32B,4,18,1,TP4/DP18/EP1,0.9,414,23,213896.76169809312,196208.53080568722,0.9173048214849922,weight
16384,B200,B200x72,Qwen3-32B,4,18,1,TP4/DP18/EP1,0.95,432,24,213896.76169809312,204739.33649289102,0.9571876398104266,weight
32768,B200,B200x72,Qwen3-32B,4,18,1,TP4/DP18/EP1,0.9,216,12,106946.86791328462,102369.66824644551,0.957201180771835,weight
32768,B200,B200x72,Qwen3-32B,4,18,1,TP4/DP18/EP1,0.95,216,12,106946.86791328462,102369.66824644551,0.957201180771835,weight
65536,B200,B200x72,Qwen3-32B,4,18,1,TP4/DP18/EP1,0.9,108,6,53473.43395664231,51184.834123222754,0.957201180771835,weight
65536,B200,B200x72,Qwen3-32B,4,18,1,TP4/DP18/EP1,0.95,108,6,53473.43395664231,51184.834123222754,0.957201180771835,weight
131072,B200,B200x72,Qwen3-32B,4,18,1,TP4/DP18/EP1,0.9,54,3,26736.716978321154,25592.417061611377,0.957201180771835,weight
131072,B200,B200x72,Qwen3-32B,4,18,1,TP4/DP18/EP1,0.95,54,3,26736.716978321154,25592.417061611377,0.957201180771835,weight
262144,B200,B200x72,Qwen3-32B,4,18,1,TP4/DP18/EP1,0.9,36,2,13368.358489160577,13117.838534682633,0.9812602306647392,kv
262144,B200,B200x72,Qwen3-32B,4,18,1,TP4/DP18/EP1,0.95,36,2,13368.358489160577,13117.838534682633,0.9812602306647392,kv
524288,B200,B200x72,Qwen3-32B,4,18,1,TP4/DP18/EP1,0.9,18,1,6684.1792445802885,6558.919267341316,0.9812602306647392,kv
524288,B200,B200x72,Qwen3-32B,4,18,1,TP4/DP18/EP1,0.95,18,1,6684.1792445802885,6558.919267341316,0.9812602306647392,kv
1048576,B200,B200x72,Qwen3-32B,4,18,1,TP4/DP18/EP1,0.9,18,1,3340.317615807772,3315.7053734350757,0.9926317658368111,kv
1048576,B200,B200x72,Qwen3-32B,4,18,1,TP4/DP18/EP1,0.95,18,1,3340.317615807772,3315.7053734350757,0.9926317658368111,kv
8192,B200,B200x72,Qwen3-32B,8,9,1,TP8/DP9/EP1,0.9,432,48,427219.44769262086,387443.94618834084,0.9068967910540955,weight
8192,B200,B200x72,Qwen3-32B,8,9,1,TP8/DP9/EP1,0.95,675,75,427219.44769262086,405926.16112923244,0.9501584333803346,kv
16384,B200,B200x72,Qwen3-32B,8,9,1,TP8/DP9/EP1,0.9,216,24,213609.72384631043,193721.97309417042,0.9068967910540955,weight
16384,B200,B200x72,Qwen3-32B,8,9,1,TP8/DP9/EP1,0.95,342,38,213609.72384631043,203107.72396581824,0.9508355720358111,kv
32768,B200,B200x72,Qwen3-32B,8,9,1,TP8/DP9/EP1,0.9,108,12,106804.86192315521,96860.98654708521,0.9068967910540955,weight
32768,B200,B200x72,Qwen3-32B,8,9,1,TP8/DP9/EP1,0.95,171,19,106804.86192315521,101553.86198290912,0.9508355720358111,kv
65536,B200,B200x72,Qwen3-32B,8,9,1,TP8/DP9/EP1,0.9,54,6,53401.411235775995,48430.493273542605,0.9069141086873909,weight
65536,B200,B200x72,Qwen3-32B,8,9,1,TP8/DP9/EP1,0.95,90,10,53401.411235775995,50912.994444374046,0.9534016661017594,kv
131072,B200,B200x72,Qwen3-32B,8,9,1,TP8/DP9/EP1,0.9,27,3,26700.705617887998,24215.246636771302,0.9069141086873909,weight
131072,B200,B200x72,Qwen3-32B,8,9,1,TP8/DP9/EP1,0.95,45,5,26700.705617887998,25456.497222187023,0.9534016661017594,kv
262144,B200,B200x72,Qwen3-32B,8,9,1,TP8/DP9/EP1,0.9,18,2,13349.311207457291,12568.276463651204,0.9414925061174857,kv
262144,B200,B200x72,Qwen3-32B,8,9,1,TP8/DP9/EP1,0.95,27,3,13349.311207457291,12837.178477175155,0.9616360183440743,kv
524288,B200,B200x72,Qwen3-32B,8,9,1,TP8/DP9/EP1,0.9,9,1,6673.558468151643,6284.138231825602,0.9416472878473338,kv
524288,B200,B200x72,Qwen3-32B,8,9,1,TP8/DP9/EP1,0.95,18,2,6673.558468151643,6487.995535797703,0.9721943048465814,kv
1048576,B200,B200x72,Qwen3-32B,8,9,1,TP8/DP9/EP1,0.9,9,1,3336.7792340758215,3243.9977678988516,0.9721943048465814,kv
1048576,B200,B200x72,Qwen3-32B,8,9,1,TP8/DP9/EP1,0.95,9,1,3336.7792340758215,3243.9977678988516,0.9721943048465814,kv
8192,B200,B200x72,Qwen3-32B,12,6,1,TP12/DP6/EP1,0.9,396,66,426884.05506086245,384355.6552280317,0.9003748223232012,kv
8192,B200,B200x72,Qwen3-32B,12,6,1,TP12/DP6/EP1,0.95,798,133,426884.05506086245,405689.07276095607,0.9503495573361611,kv
16384,B200,B200x72,Qwen3-32B,12,6,1,TP12/DP6/EP1,0.9,198,33,213441.24697081154,192177.82761401584,0.9003781150149319,kv
16384,B200,B200x72,Qwen3-32B,12,6,1,TP12/DP6/EP1,0.95,402,67,213441.24697081154,202927.33670671802,0.9507409630832446,kv
32768,B200,B200x72,Qwen3-32B,12,6,1,TP12/DP6/EP1,0.9,102,17,106719.84131271802,96384.83341674403,0.9031575781143675,kv
32768,B200,B200x72,Qwen3-32B,12,6,1,TP12/DP6/EP1,0.95,204,34,106719.84131271802,101544.73998125092,0.9515075990761395,kv
65536,B200,B200x72,Qwen3-32B,12,6,1,TP12/DP6/EP1,0.9,54,9,53359.13524193578,48466.05670873413,0.9082991410746084,kv
65536,B200,B200x72,Qwen3-32B,12,6,1,TP12/DP6/EP1,0.95,102,17,53359.13524193578,50772.36999062546,0.9515216046965218,kv
131072,B200,B200x72,Qwen3-32B,12,6,1,TP12/DP6/EP1,0.9,30,5,26679.56762096789,24469.222960973188,0.9171521558596191,kv
131072,B200,B200x72,Qwen3-32B,12,6,1,TP12/DP6/EP1,0.95,54,9,26679.56762096789,25461.912151291428,0.9543599998704819,kv
262144,B200,B200x72,Qwen3-32B,12,6,1,TP12/DP6/EP1,0.9,18,3,13339.783810483945,12416.13799795961,0.9307600613588335,kv
262144,B200,B200x72,Qwen3-32B,12,6,1,TP12/DP6/EP1,0.95,30,5,13339.783810483945,12795.845228745406,0.9592243330577029,kv
524288,B200,B200x72,Qwen3-32B,12,6,1,TP12/DP6/EP1,0.9,12,2,6669.086518318118,6325.382143124048,0.9484630504867481,kv
524288,B200,B200x72,Qwen3-32B,12,6,1,TP12/DP6/EP1,0.95,18,3,6669.086518318118,6447.214389368921,0.9667312564712159,kv
1048576,B200,B200x72,Qwen3-32B,12,6,1,TP12/DP6/EP1,0.9,6,1,3334.543259159059,3162.691071562024,0.9484630504867481,kv
1048576,B200,B200x72,Qwen3-32B,12,6,1,TP12/DP6/EP1,0.95,12,2,3334.543259159059,3254.9537854621562,0.9761318215086001,kv
8192,B200,B200x72,Qwen3-32B,18,4,1,TP18/DP4/EP1,0.9,456,114,426546.471826639,383949.96093271545,0.9001362953220345,kv
8192,B200,B200x72,Qwen3-32B,18,4,1,TP18/DP4/EP1,0.95,912,228,426546.471826639,405295.1857417825,0.9501782631237102,kv
16384,B200,B200x72,Qwen3-32B,18,4,1,TP18/DP4/EP1,0.9,228,57,213273.2359133195,191974.98046635772,0.9001362953220345,kv
16384,B200,B200x72,Qwen3-32B,18,4,1,TP18/DP4/EP1,0.95,456,114,213273.2359133195,202647.59287089124,0.9501782631237102,kv
32768,B200,B200x72,Qwen3-32B,18,4,1,TP18/DP4/EP1,0.9,116,29,106636.61795665976,96162.12686655507,0.9017739751052324,kv
32768,B200,B200x72,Qwen3-32B,18,4,1,TP18/DP4/EP1,0.95,228,57,106636.61795665976,101323.79643544562,0.9501782631237102,kv
65536,B200,B200x72,Qwen3-32B,18,4,1,TP18/DP4/EP1,0.9,60,15,53317.71794153311,48247.8466131632,0.9049120719320844,kv
65536,B200,B200x72,Qwen3-32B,18,4,1,TP18/DP4/EP1,0.95,116,29,53317.71794153311,50710.50490760126,0.9511004383797735,kv
131072,B200,B200x72,Qwen3-32B,18,4,1,TP18/DP4/EP1,0.9,32,8,26658.858970766556,24276.554482009273,0.9106374173264632,kv
131072,B200,B200x72,Qwen3-32B,18,4,1,TP18/DP4/EP1,0.95,60,15,26658.858970766556,25401.557522846975,0.9528373870277679,kv
262144,B200,B200x72,Qwen3-32B,18,4,1,TP18/DP4/EP1,0.9,16,4,13328.833049564098,12138.277241004636,0.9106781663381703,kv
262144,B200,B200x72,Qwen3-32B,18,4,1,TP18/DP4/EP1,0.95,32,8,13328.833049564098,12742.958986970014,0.9560446094256357,kv
524288,B200,B200x72,Qwen3-32B,18,4,1,TP18/DP4/EP1,0.9,8,2,6664.416524782049,6069.138620502318,0.9106781663381703,kv
524288,B200,B200x72,Qwen3-32B,18,4,1,TP18/DP4/EP1,0.95,16,4,6664.416524782049,6371.479493485007,0.9560446094256357,kv
1048576,B200,B200x72,Qwen3-32B,18,4,1,TP18/DP4/EP1,0.9,4,1,3332.2082623910246,3034.569310251159,0.9106781663381703,kv
1048576,B200,B200x72,Qwen3-32B,18,4,1,TP18/DP4/EP1,0.95,8,2,3332.2082623910246,3185.7397467425035,0.9560446094256357,kv
8192,B200,B200x72,Qwen3-32B,24,3,1,TP24/DP3/EP1,0.9,498,166,426304.1947970891,383675.1666065042,0.9000032636064599,kv
8192,B200,B200x72,Qwen3-32B,24,3,1,TP24/DP3/EP1,0.95,990,330,426304.1947970891,405004.7003521027,0.9500368640399505,kv
16384,B200,B200x72,Qwen3-32B,24,3,1,TP24/DP3/EP1,0.9,249,83,213152.09739854455,191837.5833032521,0.9000032636064599,kv
16384,B200,B200x72,Qwen3-32B,24,3,1,TP24/DP3/EP1,0.95,495,165,213152.09739854455,202502.35017605135,0.9500368640399505,kv
32768,B200,B200x72,Qwen3-32B,24,3,1,TP24/DP3/EP1,0.9,126,42,106576.04869927227,96039.95298472504,0.9011401169105345,kv
32768,B200,B200x72,Qwen3-32B,24,3,1,TP24/DP3/EP1,0.95,249,83,106576.04869927227,101285.50882990914,0.9503590165526633,kv
65536,B200,B200x72,Qwen3-32B,24,3,1,TP24/DP3/EP1,0.9,63,21,53288.024349636136,48019.97649236252,0.9011401169105345,kv
65536,B200,B200x72,Qwen3-32B,24,3,1,TP24/DP3/EP1,0.95,126,42,53288.024349636136,50676.508971996846,0.9509924526286717,kv
131072,B200,B200x72,Qwen3-32B,24,3,1,TP24/DP3/EP1,0.9,33,11,26644.012174818068,24124.957659556218,0.905455135708027,kv
131072,B200,B200x72,Qwen3-32B,24,3,1,TP24/DP3/EP1,0.95,63,21,26644.012174818068,25338.254485998423,0.9509924526286717,kv
262144,B200,B200x72,Qwen3-32B,24,3,1,TP24/DP3/EP1,0.9,18,6,13322.006087409034,12164.412948243675,0.913106694924916,kv
262144,B200,B200x72,Qwen3-32B,24,3,1,TP24/DP3/EP1,0.95,33,11,13322.006087409034,12701.065459496635,0.9533898555639254,kv
524288,B200,B200x72,Qwen3-32B,24,3,1,TP24/DP3/EP1,0.9,9,3,6661.003043704517,6082.206474121837,0.913106694924916,kv
524288,B200,B200x72,Qwen3-32B,24,3,1,TP24/DP3/EP1,0.95,18,6,6661.003043704517,6378.673265926976,0.9576145250309743,kv
1048576,B200,B200x72,Qwen3-32B,24,3,1,TP24/DP3/EP1,0.9,6,2,3330.5015218522585,3113.4565651603793,0.9348311492224842,kv
1048576,B200,B200x72,Qwen3-32B,24,3,1,TP24/DP3/EP1,0.95,9,3,3330.5015218522585,3189.336632963488,0.9576145250309743,kv
8192,B200,B200x72,Qwen3-32B,36,2,1,TP36/DP2/EP1,0.9,556,278,425694.63536287396,383270.7416124823,0.9003419582343847,kv
8192,B200,B200x72,Qwen3-32B,36,2,1,TP36/DP2/EP1,0.95,1088,544,425694.63536287396,404412.6322943759,0.9500064099930302,kv
16384,B200,B200x72,Qwen3-32B,36,2,1,TP36/DP2/EP1,0.9,280,140,212980.31064379684,191781.82971542294,0.9004674147375636,kv
16384,B200,B200x72,Qwen3-32B,36,2,1,TP36/DP2/EP1,0.95,550,275,212980.31064379684,202333.5661533715,0.9500106631535922,kv
32768,B200,B200x72,Qwen3-32B,36,2,1,TP36/DP2/EP1,0.9,140,70,106490.15532189842,95890.91485771147,0.9004674147375636,kv
32768,B200,B200x72,Qwen3-32B,36,2,1,TP36/DP2/EP1,0.95,276,138,106490.15532189842,101187.70152147784,0.9502070986337439,kv
65536,B200,B200x72,Qwen3-32B,36,2,1,TP36/DP2/EP1,0.9,70,35,53245.07766094921,47945.457428855734,0.9004674147375636,kv
65536,B200,B200x72,Qwen3-32B,36,2,1,TP36/DP2/EP1,0.95,138,69,53245.07766094921,50593.85076073892,0.9502070986337439,kv
131072,B200,B200x72,Qwen3-32B,36,2,1,TP36/DP2/EP1,0.9,36,18,26622.181314167337,24043.678868377072,0.9031445840082953,kv
131072,B200,B200x72,Qwen3-32B,36,2,1,TP36/DP2/EP1,0.95,70,35,26622.181314167337,25317.491235627684,0.9509923674869818,kv
262144,B200,B200x72,Qwen3-32B,36,2,1,TP36/DP2/EP1,0.9,18,9,13310.731212286697,12021.839434188536,0.9031689726475411,kv
262144,B200,B200x72,Qwen3-32B,36,2,1,TP36/DP2/EP1,0.95,36,18,13310.731212286697,12678.501368966965,0.9525022455012733,kv
524288,B200,B200x72,Qwen3-32B,36,2,1,TP36/DP2/EP1,0.9,10,5,6655.3656061433485,6073.83657390689,0.9126225264469817,kv
524288,B200,B200x72,Qwen3-32B,36,2,1,TP36/DP2/EP1,0.95,18,9,6655.3656061433485,6339.2506844834825,0.9525022455012733,kv
1048576,B200,B200x72,Qwen3-32B,36,2,1,TP36/DP2/EP1,0.9,6,3,3327.316800978166,3085.360419488396,0.9272818321902382,kv
1048576,B200,B200x72,Qwen3-32B,36,2,1,TP36/DP2/EP1,0.95,10,5,3327.316800978166,3187.033690781491,0.9578389679770093,kv
8192,B200,B200x72,Qwen3-32B,72,1,1,TP72/DP1/EP1,0.9,599,599,420989.03666122485,378905.54650706635,0.9000366126208089,kv
8192,B200,B200x72,Qwen3-32B,72,1,1,TP72/DP1/EP1,0.95,1088,1088,420989.03666122485,399952.7260062101,0.9500312150125112,kv
16384,B200,B200x72,Qwen3-32B,72,1,1,TP72/DP1/EP1,0.9,326,326,212516.01789354894,191273.2612366291,0.9000416210153133,kv
16384,B200,B200x72,Qwen3-32B,72,1,1,TP72/DP1/EP1,0.95,633,633,212516.01789354894,201907.97850836517,0.9500835772741731,kv
32768,B200,B200x72,Qwen3-32B,72,1,1,TP72/DP1/EP1,0.9,165,165,106342.19926125048,95762.69145853171,0.9005144911783503,kv
32768,B200,B200x72,Qwen3-32B,72,1,1,TP72/DP1/EP1,0.95,321,321,106342.19926125048,101037.61528402496,0.9501177894187257,kv
65536,B200,B200x72,Qwen3-32B,72,1,1,TP72/DP1/EP1,0.9,83,83,53171.09963062524,47912.35224340265,0.9010976371796967,kv
65536,B200,B200x72,Qwen3-32B,72,1,1,TP72/DP1/EP1,0.95,161,161,53171.09963062524,50527.949932173244,0.9502897303833526,kv
131072,B200,B200x72,Qwen3-32B,72,1,1,TP72/DP1/EP1,0.9,42,42,26585.54981531262,23986.687479233802,0.9022453041545924,kv
131072,B200,B200x72,Qwen3-32B,72,1,1,TP72/DP1/EP1,0.95,81,81,26585.54981531262,25273.037494241125,0.9506306121111131,kv
262144,B200,B200x72,Qwen3-32B,72,1,1,TP72/DP1/EP1,0.9,21,21,13292.77490765631,11993.343739616901,0.9022453041545924,kv
262144,B200,B200x72,Qwen3-32B,72,1,1,TP72/DP1/EP1,0.95,41,41,13292.77490765631,12645.424961381072,0.9513006162541441,kv
524288,B200,B200x72,Qwen3-32B,72,1,1,TP72/DP1/EP1,0.9,11,11,6646.176620303325,6025.625403428386,0.9066303451853469,kv
524288,B200,B200x72,Qwen3-32B,72,1,1,TP72/DP1/EP1,0.95,21,21,6646.176620303325,6331.3183663913205,0.9526256565391074,kv
1048576,B200,B200x72,Qwen3-32B,72,1,1,TP72/DP1/EP1,0.9,6,6,3322.8752053857115,3038.486292773982,0.9144148079498163,kv
1048576,B200,B200x72,Qwen3-32B,72,1,1,TP72/DP1/EP1,0.95,10,10,3322.8752053857115,3156.8507219585417,0.9500358956730973,kv
8192,B200,B200x72,Llama-3.3-70B,1,72,1,TP1/DP72/EP1,0.9,648,9,36713.88101983003,36713.88101983003,1.0,weight
8192,B200,B200x72,Llama-3.3-70B,1,72,1,TP1/DP72/EP1,0.95,648,9,36713.88101983003,36713.88101983003,1.0,weight
16384,B200,B200x72,Llama-3.3-70B,1,72,1,TP1/DP72/EP1,0.9,288,4,16317.280453257792,16317.280453257792,1.0,weight
16384,B200,B200x72,Llama-3.3-70B,1,72,1,TP1/DP72/EP1,0.95,288,4,16317.280453257792,16317.280453257792,1.0,weight
32768,B200,B200x72,Llama-3.3-70B,1,72,1,TP1/DP72/EP1,0.9,144,2,8158.640226628896,8158.640226628896,1.0,weight
32768,B200,B200x72,Llama-3.3-70B,1,72,1,TP1/DP72/EP1,0.95,144,2,8158.640226628896,8158.640226628896,1.0,weight
65536,B200,B200x72,Llama-3.3-70B,1,72,1,TP1/DP72/EP1,0.9,72,1,4079.320113314448,4079.320113314448,1.0,weight
65536,B200,B200x72,Llama-3.3-70B,1,72,1,TP1/DP72/EP1,0.95,72,1,4079.320113314448,4079.320113314448,1.0,weight
8192,B200,B200x72,Llama-3.3-70B,2,36,1,TP2/DP36/EP1,0.9,1728,48,214045.13434978874,195143.98644833427,0.9116955031055901,weight
8192,B200,B200x72,Llama-3.3-70B,2,36,1,TP2/DP36/EP1,0.95,1836,51,214045.13434978874,207340.48560135518,0.9686764720496895,weight
16384,B200,B200x72,Llama-3.3-70B,2,36,1,TP2/DP36/EP1,0.9,864,24,107022.56717489437,97571.99322416713,0.9116955031055901,weight
16384,B200,B200x72,Llama-3.3-70B,2,36,1,TP2/DP36/EP1,0.95,936,26,107022.56717489437,105702.99265951439,0.9876701283643892,weight
32768,B200,B200x72,Llama-3.3-70B,2,36,1,TP2/DP36/EP1,0.9,432,12,53511.283587447186,48785.99661208357,0.9116955031055901,weight
32768,B200,B200x72,Llama-3.3-70B,2,36,1,TP2/DP36/EP1,0.95,468,13,53511.283587447186,52851.496329757196,0.9876701283643892,weight
65536,B200,B200x72,Llama-3.3-70B,2,36,1,TP2/DP36/EP1,0.9,216,6,26755.641793723593,24392.998306041784,0.9116955031055901,weight
65536,B200,B200x72,Llama-3.3-70B,2,36,1,TP2/DP36/EP1,0.95,252,7,26755.641793723593,26736.716978321154,0.9992926794450179,kv
131072,B200,B200x72,Llama-3.3-70B,2,36,1,TP2/DP36/EP1,0.9,108,3,13373.679445742418,12196.499153020892,0.9119778294748728,weight
131072,B200,B200x72,Llama-3.3-70B,2,36,1,TP2/DP36/EP1,0.95,144,4,13373.679445742418,13373.679445742418,1.0,kv
262144,B200,B200x72,Llama-3.3-70B,2,36,1,TP2/DP36/EP1,0.9,72,2,6686.839722871209,6686.839722871209,1.0,kv
262144,B200,B200x72,Llama-3.3-70B,2,36,1,TP2/DP36/EP1,0.95,72,2,6686.839722871209,6686.839722871209,1.0,kv
524288,B200,B200x72,Llama-3.3-70B,2,36,1,TP2/DP36/EP1,0.9,36,1,3343.4198614356046,3343.4198614356046,1.0,kv
524288,B200,B200x72,Llama-3.3-70B,2,36,1,TP2/DP36/EP1,0.95,36,1,3343.4198614356046,3343.4198614356046,1.0,kv
8192,B200,B200x72,Llama-3.3-70B,4,18,1,TP4/DP18/EP1,0.9,864,48,213796.52125038524,193180.5477920626,0.9035719882730061,weight
8192,B200,B200x72,Llama-3.3-70B,4,18,1,TP4/DP18/EP1,0.95,918,51,213796.52125038524,205254.3320290665,0.960045237540069,weight
16384,B200,B200x72,Llama-3.3-70B,4,18,1,TP4/DP18/EP1,0.9,432,24,106898.26062519262,96590.2738960313,0.9035719882730061,weight
16384,B200,B200x72,Llama-3.3-70B,4,18,1,TP4/DP18/EP1,0.95,468,26,106898.26062519262,104639.46338736724,0.9788696539624233,weight
32768,B200,B200x72,Llama-3.3-70B,4,18,1,TP4/DP18/EP1,0.9,216,12,53449.13031259631,48295.13694801565,0.9035719882730061,weight
32768,B200,B200x72,Llama-3.3-70B,4,18,1,TP4/DP18/EP1,0.95,234,13,53449.13031259631,52319.73169368362,0.9788696539624233,weight
65536,B200,B200x72,Llama-3.3-70B,4,18,1,TP4/DP18/EP1,0.9,108,6,26722.540926462178,24147.568474007825,0.9036404337618782,weight
65536,B200,B200x72,Llama-3.3-70B,4,18,1,TP4/DP18/EP1,0.95,126,7,26722.540926462178,26483.827478395247,0.9910669629537159,kv
131072,B200,B200x72,Llama-3.3-70B,4,18,1,TP4/DP18/EP1,0.9,54,3,13361.270463231089,12073.784237003912,0.9036404337618782,weight
131072,B200,B200x72,Llama-3.3-70B,4,18,1,TP4/DP18/EP1,0.95,72,4,13361.270463231089,13262.821493740303,0.9926317658368111,kv
262144,B200,B200x72,Llama-3.3-70B,4,18,1,TP4/DP18/EP1,0.9,36,2,6680.635231615544,6631.410746870151,0.9926317658368111,kv
262144,B200,B200x72,Llama-3.3-70B,4,18,1,TP4/DP18/EP1,0.95,36,2,6680.635231615544,6631.410746870151,0.9926317658368111,kv
524288,B200,B200x72,Llama-3.3-70B,4,18,1,TP4/DP18/EP1,0.9,18,1,3340.317615807772,3315.7053734350757,0.9926317658368111,kv
524288,B200,B200x72,Llama-3.3-70B,4,18,1,TP4/DP18/EP1,0.95,18,1,3340.317615807772,3315.7053734350757,0.9926317658368111,kv
1048576,B200,B200x72,Llama-3.3-70B,4,18,1,TP4/DP18/EP1,0.9,18,1,1667.0651816855066,1667.0651816855066,1.0,kv
1048576,B200,B200x72,Llama-3.3-70B,4,18,1,TP4/DP18/EP1,0.95,18,1,1667.0651816855066,1667.0651816855066,1.0,kv
8192,B200,B200x72,Llama-3.3-70B,8,9,1,TP8/DP9/EP1,0.9,450,50,213549.3061705369,195971.69297768103,0.9176882683064365,weight
8192,B200,B200x72,Llama-3.3-70B,8,9,1,TP8/DP9/EP1,0.95,468,52,213549.3061705369,203810.56069678828,0.954395799038694,weight
16384,B200,B200x72,Llama-3.3-70B,8,9,1,TP8/DP9/EP1,0.9,225,25,106774.65308526845,97985.84648884051,0.9176882683064365,weight
16384,B200,B200x72,Llama-3.3-70B,8,9,1,TP8/DP9/EP1,0.95,234,26,106774.65308526845,101905.28034839414,0.954395799038694,weight
32768,B200,B200x72,Llama-3.3-70B,8,9,1,TP8/DP9/EP1,0.9,117,13,53386.175108398624,50952.64017419707,0.9544163834689345,weight
32768,B200,B200x72,Llama-3.3-70B,8,9,1,TP8/DP9/EP1,0.95,117,13,53386.175108398624,50952.64017419707,0.9544163834689345,weight
65536,B200,B200x72,Llama-3.3-70B,8,9,1,TP8/DP9/EP1,0.9,63,7,26691.920494787755,25832.26811447208,0.9677935358572816,kv
65536,B200,B200x72,Llama-3.3-70B,8,9,1,TP8/DP9/EP1,0.95,63,7,26691.920494787755,25832.26811447208,0.9677935358572816,kv
131072,B200,B200x72,Llama-3.3-70B,8,9,1,TP8/DP9/EP1,0.9,36,4,13344.760929892993,12975.991071595407,0.9723659449401209,kv
131072,B200,B200x72,Llama-3.3-70B,8,9,1,TP8/DP9/EP1,0.95,36,4,13344.760929892993,12975.991071595407,0.9723659449401209,kv
262144,B200,B200x72,Llama-3.3-70B,8,9,1,TP8/DP9/EP1,0.9,18,2,6671.112311115609,6487.995535797703,0.9725507881177788,kv
262144,B200,B200x72,Llama-3.3-70B,8,9,1,TP8/DP9/EP1,0.95,18,2,6671.112311115609,6487.995535797703,0.9725507881177788,kv
524288,B200,B200x72,Llama-3.3-70B,8,9,1,TP8/DP9/EP1,0.9,9,1,3334.1303633710127,3243.9977678988516,0.9729666852675096,kv
524288,B200,B200x72,Llama-3.3-70B,8,9,1,TP8/DP9/EP1,0.95,9,1,3334.1303633710127,3243.9977678988516,0.9729666852675096,kv
1048576,B200,B200x72,Llama-3.3-70B,8,9,1,TP8/DP9/EP1,0.9,9,1,1667.0651816855063,1648.74145189843,0.9890083903206772,kv
1048576,B200,B200x72,Llama-3.3-70B,8,9,1,TP8/DP9/EP1,0.95,9,1,1667.0651816855063,1648.74145189843,0.9890083903206772,kv
8192,B200,B200x72,Llama-3.3-70B,12,6,1,TP12/DP6/EP1,0.9,306,51,213395.75301804207,193869.39258452575,0.9084969585506913,weight
8192,B200,B200x72,Llama-3.3-70B,12,6,1,TP12/DP6/EP1,0.95,396,66,213395.75301804207,202760.55058860165,0.9501620708049365,kv
16384,B200,B200x72,Llama-3.3-70B,12,6,1,TP12/DP6/EP1,0.9,156,26,106697.03035689399,98835.37661171901,0.926317970435744,weight
16384,B200,B200x72,Llama-3.3-70B,12,6,1,TP12/DP6/EP1,0.95,198,33,106697.03035689399,101380.27529430082,0.9501696059880111,kv
32768,B200,B200x72,Llama-3.3-70B,12,6,1,TP12/DP6/EP1,0.9,78,13,53347.66537830661,49417.688305859505,0.9263327261918908,weight
32768,B200,B200x72,Llama-3.3-70B,12,6,1,TP12/DP6/EP1,0.95,102,17,53347.66537830661,50772.36999062546,0.9517261839029161,kv
65536,B200,B200x72,Llama-3.3-70B,12,6,1,TP12/DP6/EP1,0.9,42,7,26672.97551916613,25098.26616055542,0.9409623662917102,kv
65536,B200,B200x72,Llama-3.3-70B,12,6,1,TP12/DP6/EP1,0.95,54,9,26672.97551916613,25461.912151291428,0.9545958655042261,kv
131072,B200,B200x72,Llama-3.3-70B,12,6,1,TP12/DP6/EP1,0.9,24,4,13336.487759583066,12650.764286248095,0.9485829038577089,kv
131072,B200,B200x72,Llama-3.3-70B,12,6,1,TP12/DP6/EP1,0.95,30,5,13336.487759583066,12795.845228745406,0.9594614008887627,kv
262144,B200,B200x72,Llama-3.3-70B,12,6,1,TP12/DP6/EP1,0.9,12,2,6667.361343976249,6325.382143124048,0.9487084645320493,kv
262144,B200,B200x72,Llama-3.3-70B,12,6,1,TP12/DP6/EP1,0.95,18,3,6667.361343976249,6447.214389368921,0.9669813974000038,kv
524288,B200,B200x72,Llama-3.3-70B,12,6,1,TP12/DP6/EP1,0.9,6,1,3332.732341397617,3162.691071562024,0.9489784199818806,kv
524288,B200,B200x72,Llama-3.3-70B,12,6,1,TP12/DP6/EP1,0.95,12,2,3332.732341397617,3254.9537854621562,0.9766622254750756,kv
1048576,B200,B200x72,Llama-3.3-70B,12,6,1,TP12/DP6/EP1,0.9,6,1,1666.3661706988084,1627.4768927310781,0.9766622254750756,kv
1048576,B200,B200x72,Llama-3.3-70B,12,6,1,TP12/DP6/EP1,0.95,6,1,1666.3661706988084,1627.4768927310781,0.9766622254750756,kv
8192,B200,B200x72,Llama-3.3-70B,18,4,1,TP18/DP4/EP1,0.9,228,57,213238.09535858096,191974.98046635772,0.9002846332102751,kv
8192,B200,B200x72,Llama-3.3-70B,18,4,1,TP18/DP4/EP1,0.95,456,114,213238.09535858096,202647.59287089124,0.9503348476740014,kv
16384,B200,B200x72,Llama-3.3-70B,18,4,1,TP18/DP4/EP1,0.9,116,29,106618.42489506106,96162.12686655507,0.9019278512246117,kv
16384,B200,B200x72,Llama-3.3-70B,18,4,1,TP18/DP4/EP1,0.95,228,57,106618.42489506106,101323.79643544562,0.9503403988116813,kv
32768,B200,B200x72,Llama-3.3-70B,18,4,1,TP18/DP4/EP1,0.9,60,15,53309.21244753053,48247.8466131632,0.9050564508085921,kv
32768,B200,B200x72,Llama-3.3-70B,18,4,1,TP18/DP4/EP1,0.95,116,29,53309.21244753053,50710.50490760126,0.9512521866180813,kv
65536,B200,B200x72,Llama-3.3-70B,18,4,1,TP18/DP4/EP1,0.9,32,8,26653.98053126104,24276.554482009273,0.9108040899758514,kv
65536,B200,B200x72,Llama-3.3-70B,18,4,1,TP18/DP4/EP1,0.95,60,15,26653.98053126104,25401.557522846975,0.9530117834765743,kv
131072,B200,B200x72,Llama-3.3-70B,18,4,1,TP18/DP4/EP1,0.9,16,4,13326.35750788306,12138.277241004636,0.9108473364776813,kv
131072,B200,B200x72,Llama-3.3-70B,18,4,1,TP18/DP4/EP1,0.95,32,8,13326.35750788306,12742.958986970014,0.9562222069633098,kv
262144,B200,B200x72,Llama-3.3-70B,18,4,1,TP18/DP4/EP1,0.9,8,2,6663.17875394153,6069.138620502318,0.9108473364776813,kv
262144,B200,B200x72,Llama-3.3-70B,18,4,1,TP18/DP4/EP1,0.95,16,4,6663.17875394153,6371.479493485007,0.9562222069633098,kv
524288,B200,B200x72,Llama-3.3-70B,18,4,1,TP18/DP4/EP1,0.9,4,1,3330.9320630522366,3034.569310251159,0.9110270797509118,kv
524288,B200,B200x72,Llama-3.3-70B,18,4,1,TP18/DP4/EP1,0.95,8,2,3330.9320630522366,3185.7397467425035,0.9564109043470888,kv
1048576,B200,B200x72,Llama-3.3-70B,18,4,1,TP18/DP4/EP1,0.9,4,1,1665.4660315261183,1592.8698733712517,0.9564109043470888,kv
1048576,B200,B200x72,Llama-3.3-70B,18,4,1,TP18/DP4/EP1,0.95,4,1,1665.4660315261183,1592.8698733712517,0.9564109043470888,kv
8192,B200,B200x72,Llama-3.3-70B,24,3,1,TP24/DP3/EP1,0.9,249,83,213124.66005063782,191837.5833032521,0.9001191286717924,kv
8192,B200,B200x72,Llama-3.3-70B,24,3,1,TP24/DP3/EP1,0.95,495,165,213124.66005063782,202502.35017605135,0.9501591703556846,kv
16384,B200,B200x72,Llama-3.3-70B,24,3,1,TP24/DP3/EP1,0.9,126,42,106562.33002531891,96039.95298472504,0.9012561283326501,kv
16384,B200,B200x72,Llama-3.3-70B,24,3,1,TP24/DP3/EP1,0.95,249,83,106562.33002531891,101285.50882990914,0.950481364341827,kv
32768,B200,B200x72,Llama-3.3-70B,24,3,1,TP24/DP3/EP1,0.9,63,21,53281.165012659454,48019.97649236252,0.9012561283326501,kv
32768,B200,B200x72,Llama-3.3-70B,24,3,1,TP24/DP3/EP1,0.95,126,42,53281.165012659454,50676.508971996846,0.9511148819654422,kv
65536,B200,B200x72,Llama-3.3-70B,24,3,1,TP24/DP3/EP1,0.9,33,11,26640.081739734367,24124.957659556218,0.9055887251116509,kv
65536,B200,B200x72,Llama-3.3-70B,24,3,1,TP24/DP3/EP1,0.95,63,21,26640.081739734367,25338.254485998423,0.9511327605352563,kv
131072,B200,B200x72,Llama-3.3-70B,24,3,1,TP24/DP3/EP1,0.9,18,6,13320.040869867184,12164.412948243675,0.9132414132273581,kv
131072,B200,B200x72,Llama-3.3-70B,24,3,1,TP24/DP3/EP1,0.95,33,11,13320.040869867184,12701.065459496635,0.9535305171795077,kv
262144,B200,B200x72,Llama-3.3-70B,24,3,1,TP24/DP3/EP1,0.9,9,3,6660.020434933592,6082.206474121837,0.9132414132273581,kv
262144,B200,B200x72,Llama-3.3-70B,24,3,1,TP24/DP3/EP1,0.95,18,6,6660.020434933592,6378.673265926976,0.9577558099475378,kv
524288,B200,B200x72,Llama-3.3-70B,24,3,1,TP24/DP3/EP1,0.9,6,2,3329.496736023831,3113.4565651603793,0.9351132654596165,kv
524288,B200,B200x72,Llama-3.3-70B,24,3,1,TP24/DP3/EP1,0.95,9,3,3329.496736023831,3189.336632963488,0.9579035169057634,kv
1048576,B200,B200x72,Llama-3.3-70B,24,3,1,TP24/DP3/EP1,0.9,3,1,1664.7483680119155,1556.7282825801897,0.9351132654596165,kv
1048576,B200,B200x72,Llama-3.3-70B,24,3,1,TP24/DP3/EP1,0.95,6,2,1664.7483680119155,1614.3403843682684,0.9697203585765664,kv
8192,B200,B200x72,Llama-3.3-70B,36,2,1,TP36/DP2/EP1,0.9,280,140,212960.07217504564,191781.82971542294,0.9005529898477169,kv
8192,B200,B200x72,Llama-3.3-70B,36,2,1,TP36/DP2/EP1,0.95,550,275,212960.07217504564,202333.5661533715,0.9501009465617596,kv
16384,B200,B200x72,Llama-3.3-70B,36,2,1,TP36/DP2/EP1,0.9,140,70,106480.03608752282,95890.91485771147,0.9005529898477169,kv
16384,B200,B200x72,Llama-3.3-70B,36,2,1,TP36/DP2/EP1,0.95,276,138,106480.03608752282,101187.70152147784,0.9502974007099803,kv
32768,B200,B200x72,Llama-3.3-70B,36,2,1,TP36/DP2/EP1,0.9,70,35,53240.01804376141,47945.457428855734,0.9005529898477169,kv
32768,B200,B200x72,Llama-3.3-70B,36,2,1,TP36/DP2/EP1,0.95,138,69,53240.01804376141,50593.85076073892,0.9502974007099803,kv
65536,B200,B200x72,Llama-3.3-70B,36,2,1,TP36/DP2/EP1,0.9,36,18,26620.009021880705,24043.678868377072,0.9032182839838265,kv
65536,B200,B200x72,Llama-3.3-70B,36,2,1,TP36/DP2/EP1,0.95,70,35,26620.009021880705,25317.491235627684,0.9510699720205805,kv
131072,B200,B200x72,Llama-3.3-70B,36,2,1,TP36/DP2/EP1,0.9,18,9,13310.004510940353,12021.839434188536,0.9032182839838265,kv
131072,B200,B200x72,Llama-3.3-70B,36,2,1,TP36/DP2/EP1,0.95,36,18,13310.004510940353,12678.501368966965,0.9525542503419654,kv
262144,B200,B200x72,Llama-3.3-70B,36,2,1,TP36/DP2/EP1,0.9,10,5,6654.633601956332,6073.83657390689,0.9127229141693542,kv
262144,B200,B200x72,Llama-3.3-70B,36,2,1,TP36/DP2/EP1,0.95,18,9,6654.633601956332,6339.2506844834825,0.9526070199597265,kv
524288,B200,B200x72,Llama-3.3-70B,36,2,1,TP36/DP2/EP1,0.9,6,3,3327.316800978166,3085.360419488396,0.9272818321902382,kv
524288,B200,B200x72,Llama-3.3-70B,36,2,1,TP36/DP2/EP1,0.95,10,5,3327.316800978166,3187.033690781491,0.9578389679770093,kv
1048576,B200,B200x72,Llama-3.3-70B,36,2,1,TP36/DP2/EP1,0.9,4,2,1663.658400489083,1574.0652648282635,0.9461469159567367,kv
1048576,B200,B200x72,Llama-3.3-70B,36,2,1,TP36/DP2/EP1,0.95,6,3,1663.658400489083,1606.7538663170046,0.965795541827968,kv
8192,B200,B200x72,Llama-3.3-70B,72,1,1,TP72/DP1/EP1,0.9,326,326,212516.01789354894,191273.2612366291,0.9000416210153133,kv
8192,B200,B200x72,Llama-3.3-70B,72,1,1,TP72/DP1/EP1,0.95,633,633,212516.01789354894,201907.97850836517,0.9500835772741731,kv
16384,B200,B200x72,Llama-3.3-70B,72,1,1,TP72/DP1/EP1,0.9,165,165,106336.28009491159,95762.69145853171,0.9005646179559572,kv
16384,B200,B200x72,Llama-3.3-70B,72,1,1,TP72/DP1/EP1,0.95,321,321,106336.28009491159,101037.61528402496,0.9501706773440142,kv
32768,B200,B200x72,Llama-3.3-70B,72,1,1,TP72/DP1/EP1,0.9,83,83,53168.140047455796,47912.35224340265,0.9011477964178918,kv
32768,B200,B200x72,Llama-3.3-70B,72,1,1,TP72/DP1/EP1,0.95,161,161,53168.140047455796,50527.949932173244,0.9503426278796658,kv
65536,B200,B200x72,Llama-3.3-70B,72,1,1,TP72/DP1/EP1,0.9,42,42,26583.857112141923,23986.687479233802,0.9023027538121288,kv
65536,B200,B200x72,Llama-3.3-70B,72,1,1,TP72/DP1/EP1,0.95,80,80,26583.857112141923,25254.805775668334,0.9500053234988779,kv
131072,B200,B200x72,Llama-3.3-70B,72,1,1,TP72/DP1/EP1,0.9,21,21,13291.928556070961,11993.343739616901,0.9023027538121288,kv
131072,B200,B200x72,Llama-3.3-70B,72,1,1,TP72/DP1/EP1,0.95,40,40,13291.928556070961,12627.402887834167,0.9500053234988779,kv
262144,B200,B200x72,Llama-3.3-70B,72,1,1,TP72/DP1/EP1,0.9,11,11,6645.750410771423,6025.625403428386,0.9066884897846992,kv
262144,B200,B200x72,Llama-3.3-70B,72,1,1,TP72/DP1/EP1,0.95,20,20,6645.750410771423,6313.701443917083,0.9500358956730973,kv
524288,B200,B200x72,Llama-3.3-70B,72,1,1,TP72/DP1/EP1,0.9,6,6,3322.8752053857115,3038.486292773982,0.9144148079498163,kv
524288,B200,B200x72,Llama-3.3-70B,72,1,1,TP72/DP1/EP1,0.95,10,10,3322.8752053857115,3156.8507219585417,0.9500358956730973,kv
1048576,B200,B200x72,Llama-3.3-70B,72,1,1,TP72/DP1/EP1,0.9,3,3,1661.219839599781,1519.243146386991,0.914534675165573,kv
1048576,B200,B200x72,Llama-3.3-70B,72,1,1,TP72/DP1/EP1,0.95,5,5,1661.219839599781,1578.4253609792709,0.9501604323239621,kv
8192,B200,B200x72,Qwen3-235B-A22B,1,72,72,TP1/DP72/EP72,0.9,5976,83,112992.40255590087,102144.35379440144,0.9039931135535191,weight
8192,B200,B200x72,Qwen3-235B-A22B,1,72,72,TP1/DP72/EP72,0.95,6336,88,112992.40255590087,108161.09408704157,0.957242183017844,weight
16384,B200,B200x72,Qwen3-235B-A22B,1,72,72,TP1/DP72/EP72,0.9,2952,41,59294.342754662954,53921.45914541181,0.9093862355219611,weight
16384,B200,B200x72,Qwen3-235B-A22B,1,72,72,TP1/DP72/EP72,0.95,3168,44,59294.342754662954,57127.26414421639,0.9634521859966794,weight
32768,B200,B200x72,Qwen3-235B-A22B,1,72,72,TP1/DP72/EP72,0.9,1368,19,36073.83807065378,32481.784153584707,0.9004249586630145,weight
32768,B200,B200x72,Qwen3-235B-A22B,1,72,72,TP1/DP72/EP72,0.95,1584,22,36073.83807065378,35162.47760062949,0.97473624879506,weight
65536,B200,B200x72,Qwen3-235B-A22B,1,72,72,TP1/DP72/EP72,0.9,576,8,25665.601179734498,23137.17740489093,0.9014858932336248,weight
65536,B200,B200x72,Qwen3-235B-A22B,1,72,72,TP1/DP72/EP72,0.95,720,10,25665.601179734498,24829.779630786514,0.9674341721787547,weight
131072,B200,B200x72,Qwen3-235B-A22B,1,72,72,TP1/DP72/EP72,0.9,288,4,20387.81118133676,19307.388870788567,0.947006458862184,weight
131072,B200,B200x72,Qwen3-235B-A22B,1,72,72,TP1/DP72/EP72,0.95,360,5,20387.81118133676,20387.81118133676,1.0,weight
262144,B200,B200x72,Qwen3-235B-A22B,1,72,72,TP1/DP72/EP72,0.9,72,1,11413.655382521609,11413.655382521609,1.0,kv
262144,B200,B200x72,Qwen3-235B-A22B,1,72,72,TP1/DP72/EP72,0.95,72,1,11413.655382521609,11413.655382521609,1.0,kv
524288,B200,B200x72,Qwen3-235B-A22B,1,72,72,TP1/DP72/EP72,0.9,72,1,5706.827691260804,5706.827691260804,1.0,kv
524288,B200,B200x72,Qwen3-235B-A22B,1,72,72,TP1/DP72/EP72,0.95,72,1,5706.827691260804,5706.827691260804,1.0,kv
8192,B200,B200x72,Qwen3-235B-A22B,2,36,72,TP2/DP36/EP72,0.9,6300,175,237417.7684814389,214167.33012749127,0.9020695102027912,weight
8192,B200,B200x72,Qwen3-235B-A22B,2,36,72,TP2/DP36/EP72,0.95,6660,185,237417.7684814389,226404.1703407056,0.953610893526723,weight
16384,B200,B200x72,Qwen3-235B-A22B,2,36,72,TP2/DP36/EP72,0.9,3168,88,118927.75898299002,108050.42314022893,0.9085382930294948,weight
16384,B200,B200x72,Qwen3-235B-A22B,2,36,72,TP2/DP36/EP72,0.95,3348,93,118927.75898299002,114085.5963402602,0.9592848407794989,weight
32768,B200,B200x72,Qwen3-235B-A22B,2,36,72,TP2/DP36/EP72,0.9,1548,43,61418.0817998241,55991.68206165897,0.9116481729948677,weight
32768,B200,B200x72,Qwen3-235B-A22B,2,36,72,TP2/DP36/EP72,0.95,1656,46,61418.0817998241,59230.718723185106,0.9643856823179838,weight
65536,B200,B200x72,Qwen3-235B-A22B,2,36,72,TP2/DP36/EP72,0.9,720,20,36946.717484704655,33320.2257307936,0.9018453599995084,weight
65536,B200,B200x72,Qwen3-235B-A22B,2,36,72,TP2/DP36/EP72,0.95,792,22,36946.717484704655,35115.70656859735,0.950441851380564,weight
131072,B200,B200x72,Qwen3-235B-A22B,2,36,72,TP2/DP36/EP72,0.9,216,6,22791.181502344847,21294.074328648676,0.9343119981058401,weight
131072,B200,B200x72,Qwen3-235B-A22B,2,36,72,TP2/DP36/EP72,0.95,252,7,22791.181502344847,22206.114686486242,0.9743292459059917,weight
262144,B200,B200x72,Qwen3-235B-A22B,2,36,72,TP2/DP36/EP72,0.9,36,1,11395.590751172424,11306.11859802843,0.9921485287513692,kv
262144,B200,B200x72,Qwen3-235B-A22B,2,36,72,TP2/DP36/EP72,0.95,36,1,11395.590751172424,11306.11859802843,0.9921485287513692,kv
524288,B200,B200x72,Qwen3-235B-A22B,2,36,72,TP2/DP36/EP72,0.9,36,1,5697.795375586212,5679.81624739256,0.9968445465292264,kv
524288,B200,B200x72,Qwen3-235B-A22B,2,36,72,TP2/DP36/EP72,0.95,36,1,5697.795375586212,5679.81624739256,0.9968445465292264,kv
1048576,B200,B200x72,Qwen3-235B-A22B,2,36,72,TP2/DP36/EP72,0.9,36,1,2846.6449654986122,2846.6449654986122,1.0,kv
1048576,B200,B200x72,Qwen3-235B-A22B,2,36,72,TP2/DP36/EP72,0.95,36,1,2846.6449654986122,2846.6449654986122,1.0,kv
8192,B200,B200x72,Qwen3-235B-A22B,4,18,72,TP4/DP18/EP72,0.9,4842,269,364123.1428085127,328197.71771506744,0.9013371552921645,weight
8192,B200,B200x72,Qwen3-235B-A22B,4,18,72,TP4/DP18/EP72,0.95,5112,284,364123.1428085127,346498.6997255268,0.951597575075709,weight
16384,B200,B200x72,Qwen3-235B-A22B,4,18,72,TP4/DP18/EP72,0.9,2430,135,182061.57140425636,164734.95530017547,0.904831008705246,weight
16384,B200,B200x72,Qwen3-235B-A22B,4,18,72,TP4/DP18/EP72,0.95,2556,142,182061.57140425636,173266.79973113906,0.9516934210482614,weight
32768,B200,B200x72,Qwen3-235B-A22B,4,18,72,TP4/DP18/EP72,0.9,1206,67,91029.3836622458,82799.53698593064,0.9095913171635757,weight
32768,B200,B200x72,Qwen3-235B-A22B,4,18,72,TP4/DP18/EP72,0.95,1278,71,91029.3836622458,87485.86511925566,0.9610728052807874,weight
65536,B200,B200x72,Qwen3-235B-A22B,4,18,72,TP4/DP18/EP72,0.9,522,29,45513.26839788896,41529.82861509174,0.9124773956470684,weight
65536,B200,B200x72,Qwen3-235B-A22B,4,18,72,TP4/DP18/EP72,0.95,558,31,45513.26839788896,43479.106089075234,0.9553061693783328,weight
131072,B200,B200x72,Qwen3-235B-A22B,4,18,72,TP4/DP18/EP72,0.9,108,6,22755.16642400557,21106.80356037583,0.9275609400997041,weight
131072,B200,B200x72,Qwen3-235B-A22B,4,18,72,TP4/DP18/EP72,0.95,126,7,22755.16642400557,22031.389131572563,0.9681928367849925,weight
262144,B200,B200x72,Qwen3-235B-A22B,4,18,72,TP4/DP18/EP72,0.9,18,1,11377.583212002784,10995.33227131781,0.9664031513931958,kv
262144,B200,B200x72,Qwen3-235B-A22B,4,18,72,TP4/DP18/EP72,0.95,18,1,11377.583212002784,10995.33227131781,0.9664031513931958,kv
524288,B200,B200x72,Qwen3-235B-A22B,4,18,72,TP4/DP18/EP72,0.9,18,1,5688.791606001392,5600.29463622995,0.9844436260104725,kv
524288,B200,B200x72,Qwen3-235B-A22B,4,18,72,TP4/DP18/EP72,0.95,18,1,5688.791606001392,5600.29463622995,0.9844436260104725,kv
1048576,B200,B200x72,Qwen3-235B-A22B,4,18,72,TP4/DP18/EP72,0.9,18,1,2844.395803000696,2826.5296495071075,0.9937188230010955,kv
1048576,B200,B200x72,Qwen3-235B-A22B,4,18,72,TP4/DP18/EP72,0.95,18,1,2844.395803000696,2826.5296495071075,0.9937188230010955,kv
8192,B200,B200x72,Qwen3-235B-A22B,8,9,72,TP8/DP9/EP72,0.9,2439,271,363591.4081138978,327970.21326282324,0.902029602305905,weight
8192,B200,B200x72,Qwen3-235B-A22B,8,9,72,TP8/DP9/EP72,0.95,2574,286,363591.4081138978,346123.5409044422,0.9519574257816795,weight
16384,B200,B200x72,Qwen3-235B-A22B,8,9,72,TP8/DP9/EP72,0.9,1224,136,181794.68784049086,164614.43765903605,0.9054964125435337,weight
16384,B200,B200x72,Qwen3-235B-A22B,8,9,72,TP8/DP9/EP72,0.95,1287,143,181794.68784049086,173077.98013716284,0.9520519119294829,weight
32768,B200,B200x72,Qwen3-235B-A22B,8,9,72,TP8/DP9/EP72,0.9,603,67,90896.32392908249,82122.94575365962,0.9034792850119233,weight
32768,B200,B200x72,Qwen3-235B-A22B,8,9,72,TP8/DP9/EP72,0.95,639,71,90896.32392908249,86773.05611612319,0.9546376835197837,weight
65536,B200,B200x72,Qwen3-235B-A22B,8,9,72,TP8/DP9/EP72,0.9,261,29,45447.134358211326,41137.08924359513,0.9051635449521481,weight
65536,B200,B200x72,Qwen3-235B-A22B,8,9,72,TP8/DP9/EP72,0.95,288,32,45447.134358211326,44057.84199278712,0.9694305837971237,weight
131072,B200,B200x72,Qwen3-235B-A22B,8,9,72,TP8/DP9/EP72,0.9,54,6,22723.567179105663,20623.149379542185,0.9075665460881154,weight
131072,B200,B200x72,Qwen3-235B-A22B,8,9,72,TP8/DP9/EP72,0.95,72,8,22723.567179105663,22194.023427656026,0.9766962754009612,kv
262144,B200,B200x72,Qwen3-235B-A22B,8,9,72,TP8/DP9/EP72,0.9,9,1,11361.783589552831,10244.395395999334,0.9016538041984062,kv
262144,B200,B200x72,Qwen3-235B-A22B,8,9,72,TP8/DP9/EP72,0.95,18,2,11361.783589552831,10797.462786280568,0.9503316711831092,kv
524288,B200,B200x72,Qwen3-235B-A22B,8,9,72,TP8/DP9/EP72,0.9,9,1,5679.81624739256,5398.731393140284,0.950511628896214,kv
524288,B200,B200x72,Qwen3-235B-A22B,8,9,72,TP8/DP9/EP72,0.95,9,1,5679.81624739256,5398.731393140284,0.950511628896214,kv
1048576,B200,B200x72,Qwen3-235B-A22B,8,9,72,TP8/DP9/EP72,0.9,9,1,2839.90812369628,2774.2529284570032,0.9768812255961916,kv
1048576,B200,B200x72,Qwen3-235B-A22B,8,9,72,TP8/DP9/EP72,0.95,9,1,2839.90812369628,2774.2529284570032,0.9768812255961916,kv
8192,B200,B200x72,Qwen3-235B-A22B,12,6,72,TP12/DP6/EP72,0.9,1638,273,363279.50736694253,327252.0529492468,0.9008271766309542,weight
8192,B200,B200x72,Qwen3-235B-A22B,12,6,72,TP12/DP6/EP72,0.95,1728,288,363279.50736694253,345232.93046781846,0.9503231629278347,weight
16384,B200,B200x72,Qwen3-235B-A22B,12,6,72,TP12/DP6/EP72,0.9,822,137,181638.95180317183,164247.82983758685,0.9042544465658974,weight
16384,B200,B200x72,Qwen3-235B-A22B,12,6,72,TP12/DP6/EP72,0.95,864,144,181638.95180317183,172631.47871181136,0.9504100139207962,weight
32768,B200,B200x72,Qwen3-235B-A22B,12,6,72,TP12/DP6/EP72,0.9,408,68,90818.67204709812,82481.47579591695,0.9081995358084785,weight
32768,B200,B200x72,Qwen3-235B-A22B,12,6,72,TP12/DP6/EP72,0.95,432,72,90818.67204709812,87097.95960434781,0.9590314154690484,weight
65536,B200,B200x72,Qwen3-235B-A22B,12,6,72,TP12/DP6/EP72,0.9,180,30,45408.528197928244,41639.59123269505,0.9169993586049514,weight
65536,B200,B200x72,Qwen3-235B-A22B,12,6,72,TP12/DP6/EP72,0.95,192,32,45408.528197928244,43582.317859782284,0.9597826573416823,weight
131072,B200,B200x72,Qwen3-235B-A22B,12,6,72,TP12/DP6/EP72,0.9,42,7,22703.448238920264,21064.036623480417,0.9277901930055972,weight
131072,B200,B200x72,Qwen3-235B-A22B,12,6,72,TP12/DP6/EP72,0.95,48,8,22703.448238920264,21716.575092827185,0.9565320150618665,kv
262144,B200,B200x72,Qwen3-235B-A22B,12,6,72,TP12/DP6/EP72,0.9,12,2,11350.891812653337,10354.458324234112,0.9122154007926975,kv
262144,B200,B200x72,Qwen3-235B-A22B,12,6,72,TP12/DP6/EP72,0.95,24,4,11350.891812653337,10858.287546413592,0.9566021529964177,kv
524288,B200,B200x72,Qwen3-235B-A22B,12,6,72,TP12/DP6/EP72,0.9,6,1,5674.57911603886,5177.229162117056,0.91235474142636,kv
524288,B200,B200x72,Qwen3-235B-A22B,12,6,72,TP12/DP6/EP72,0.95,12,2,5674.57911603886,5429.143773206796,0.9567482736933995,kv
1048576,B200,B200x72,Qwen3-235B-A22B,12,6,72,TP12/DP6/EP72,0.9,6,1,2837.28955801943,2714.571886603398,0.9567482736933995,kv
1048576,B200,B200x72,Qwen3-235B-A22B,12,6,72,TP12/DP6/EP72,0.95,6,1,2837.28955801943,2714.571886603398,0.9567482736933995,kv
8192,B200,B200x72,Qwen3-235B-A22B,18,4,72,TP18/DP4/EP72,0.9,1108,277,362968.8969796286,326817.05178603914,0.9003996058769232,weight
8192,B200,B200x72,Qwen3-235B-A22B,18,4,72,TP18/DP4/EP72,0.95,1172,293,362968.8969796286,345694.56745650404,0.9524082375463315,weight
16384,B200,B200x72,Qwen3-235B-A22B,18,4,72,TP18/DP4/EP72,0.9,556,139,181484.4484898143,164017.8341063638,0.9037569635922231,weight
16384,B200,B200x72,Qwen3-235B-A22B,18,4,72,TP18/DP4/EP72,0.95,588,147,181484.4484898143,173449.43990592266,0.9557261867297538,weight
32768,B200,B200x72,Qwen3-235B-A22B,18,4,72,TP18/DP4/EP72,0.9,276,69,90742.22424490715,82300.68309637136,0.9069722919095234,weight
32768,B200,B200x72,Qwen3-235B-A22B,18,4,72,TP18/DP4/EP72,0.95,292,73,90742.22424490715,86855.35892423378,0.9571658579782771,weight
65536,B200,B200x72,Qwen3-235B-A22B,18,4,72,TP18/DP4/EP72,0.9,120,30,45370.49426058222,40882.083123843244,0.9010720246740072,weight
65536,B200,B200x72,Qwen3-235B-A22B,18,4,72,TP18/DP4/EP72,0.95,132,33,45370.49426058222,43761.1906986355,0.9645297326340816,kv
131072,B200,B200x72,Qwen3-235B-A22B,18,4,72,TP18/DP4/EP72,0.9,32,8,22685.24713029111,20957.120143652537,0.9238215490131891,kv
131072,B200,B200x72,Qwen3-235B-A22B,18,4,72,TP18/DP4/EP72,0.95,52,13,22685.24713029111,21638.979089625464,0.9538789225148626,kv
262144,B200,B200x72,Qwen3-235B-A22B,18,4,72,TP18/DP4/EP72,0.9,16,4,11342.623565145555,10478.560071826269,0.9238215490131891,kv
262144,B200,B200x72,Qwen3-235B-A22B,18,4,72,TP18/DP4/EP72,0.95,28,7,11342.623565145555,10859.870774890207,0.9574390538941284,kv
524288,B200,B200x72,Qwen3-235B-A22B,18,4,72,TP18/DP4/EP72,0.9,8,2,5670.681586915878,5239.280035913134,0.923924215389182,kv
524288,B200,B200x72,Qwen3-235B-A22B,18,4,72,TP18/DP4/EP72,0.95,16,4,5670.681586915878,5463.068542070426,0.9633883437707941,kv
1048576,B200,B200x72,Qwen3-235B-A22B,18,4,72,TP18/DP4/EP72,0.9,4,1,2835.340793457939,2619.640017956567,0.923924215389182,kv
1048576,B200,B200x72,Qwen3-235B-A22B,18,4,72,TP18/DP4/EP72,0.95,8,2,2835.340793457939,2731.534271035213,0.9633883437707941,kv
8192,B200,B200x72,Qwen3-235B-A22B,24,3,72,TP24/DP3/EP72,0.9,846,282,362748.4114068896,327091.4594467634,0.9017033546147488,weight
8192,B200,B200x72,Qwen3-235B-A22B,24,3,72,TP24/DP3/EP72,0.95,894,298,362748.4114068896,345649.8375859019,0.9528638216369513,weight
16384,B200,B200x72,Qwen3-235B-A22B,24,3,72,TP24/DP3/EP72,0.9,423,141,181373.69922844582,163562.4338158284,0.9017979702217819,weight
16384,B200,B200x72,Qwen3-235B-A22B,24,3,72,TP24/DP3/EP72,0.95,447,149,181373.69922844582,172835.45203147802,0.9529245572357566,weight
32768,B200,B200x72,Qwen3-235B-A22B,24,3,72,TP24/DP3/EP72,0.9,210,70,90686.84961422291,82011.57220129743,0.9043380881590919,weight
32768,B200,B200x72,Qwen3-235B-A22B,24,3,72,TP24/DP3/EP72,0.95,222,74,90686.84961422291,86420.09115507793,0.9529506375257764,kv
65536,B200,B200x72,Qwen3-235B-A22B,24,3,72,TP24/DP3/EP72,0.9,93,31,45343.424807111456,41032.29681369755,0.9049227531499171,weight
65536,B200,B200x72,Qwen3-235B-A22B,24,3,72,TP24/DP3/EP72,0.95,105,35,45343.424807111456,43078.23851657759,0.9500437759130492,kv
131072,B200,B200x72,Qwen3-235B-A22B,24,3,72,TP24/DP3/EP72,0.9,27,9,22671.20406708352,20449.23790098863,0.9019917001531923,kv
131072,B200,B200x72,Qwen3-235B-A22B,24,3,72,TP24/DP3/EP72,0.95,54,18,22671.20406708352,21572.936052572233,0.9515566967126431,kv
262144,B200,B200x72,Qwen3-235B-A22B,24,3,72,TP24/DP3/EP72,0.9,15,5,11335.60203354176,10332.256946586009,0.9114872695789004,kv
262144,B200,B200x72,Qwen3-235B-A22B,24,3,72,TP24/DP3/EP72,0.95,27,9,11335.60203354176,10786.468026286117,0.9515566967126431,kv
524288,B200,B200x72,Qwen3-235B-A22B,24,3,72,TP24/DP3/EP72,0.9,9,3,5667.80101677088,5249.015698823479,0.9261114995554316,kv
524288,B200,B200x72,Qwen3-235B-A22B,24,3,72,TP24/DP3/EP72,0.95,15,5,5667.80101677088,5423.033916776446,0.9568144507419766,kv
1048576,B200,B200x72,Qwen3-235B-A22B,24,3,72,TP24/DP3/EP72,0.9,6,2,2833.90050838544,2678.2207725272992,0.9450652076890179,kv
1048576,B200,B200x72,Qwen3-235B-A22B,24,3,72,TP24/DP3/EP72,0.95,9,3,2833.90050838544,2734.178198368539,0.9648109347093079,kv
8192,B200,B200x72,Qwen3-235B-A22B,36,2,72,TP36/DP2/EP72,0.9,584,292,362437.5237530516,326679.1327870172,0.9013391588272783,weight
8192,B200,B200x72,Qwen3-235B-A22B,36,2,72,TP36/DP2/EP72,0.95,934,467,362437.5237530516,344351.9064781127,0.9501000418288322,kv
16384,B200,B200x72,Qwen3-235B-A22B,36,2,72,TP36/DP2/EP72,0.9,292,146,181218.38299141682,163351.21971983492,0.9014053487474935,weight
16384,B200,B200x72,Qwen3-235B-A22B,36,2,72,TP36/DP2/EP72,0.95,468,234,181218.38299141682,172196.99300108675,0.9502181299633529,kv
32768,B200,B200x72,Qwen3-235B-A22B,36,2,72,TP36/DP2/EP72,0.9,146,73,90608.81230275662,82322.8832669981,0.9085527243412899,weight
32768,B200,B200x72,Qwen3-235B-A22B,36,2,72,TP36/DP2/EP72,0.95,234,117,90608.81230275662,86098.49650054338,0.9502221065745498,kv
65536,B200,B200x72,Qwen3-235B-A22B,36,2,72,TP36/DP2/EP72,0.9,66,33,45304.40615137831,41231.071621345436,0.9100896606740104,kv
65536,B200,B200x72,Qwen3-235B-A22B,36,2,72,TP36/DP2/EP72,0.95,118,59,45304.40615137831,43070.07775081195,0.9506818742287303,kv
131072,B200,B200x72,Qwen3-235B-A22B,36,2,72,TP36/DP2/EP72,0.9,30,15,22652.203075689155,20417.705370508203,0.9013562743670145,kv
131072,B200,B200x72,Qwen3-235B-A22B,36,2,72,TP36/DP2/EP72,0.95,60,30,22652.203075689155,21555.37665384384,0.9515797020633965,kv
262144,B200,B200x72,Qwen3-235B-A22B,36,2,72,TP36/DP2/EP72,0.9,16,8,11325.720488289933,10276.651613202202,0.9073728796174689,kv
262144,B200,B200x72,Qwen3-235B-A22B,36,2,72,TP36/DP2/EP72,0.95,30,15,11325.720488289933,10777.68832692192,0.9516117176002495,kv
524288,B200,B200x72,Qwen3-235B-A22B,36,2,72,TP36/DP2/EP72,0.9,8,4,5662.860244144967,5138.325806601101,0.9073728796174689,kv
524288,B200,B200x72,Qwen3-235B-A22B,36,2,72,TP36/DP2/EP72,0.95,16,8,5662.860244144967,5407.67634236108,0.9549372771387515,kv
1048576,B200,B200x72,Qwen3-235B-A22B,36,2,72,TP36/DP2/EP72,0.9,4,2,2831.0406336383894,2569.1629033005506,0.9074977140115155,kv
1048576,B200,B200x72,Qwen3-235B-A22B,36,2,72,TP36/DP2/EP72,0.95,8,4,2831.0406336383894,2703.83817118054,0.9550686553395132,kv
8192,B200,B200x72,Qwen3-235B-A22B,72,1,72,TP72/DP1/EP72,0.9,523,523,359306.6112021158,323429.50818077027,0.900149059597559,kv
8192,B200,B200x72,Qwen3-235B-A22B,72,1,72,TP72/DP1/EP72,0.95,966,966,359306.6112021158,341348.06970952736,0.9500188949139975,kv
16384,B200,B200x72,Qwen3-235B-A22B,72,1,72,TP72/DP1/EP72,0.9,279,279,180952.74167759676,162884.23188693397,0.9001479081048939,kv
16384,B200,B200x72,Qwen3-235B-A22B,72,1,72,TP72/DP1/EP72,0.95,543,543,180952.74167759676,171916.51795875732,0.9500630737336975,kv
32768,B200,B200x72,Qwen3-235B-A22B,72,1,72,TP72/DP1/EP72,0.9,140,140,90476.37083879838,81473.55971565032,0.9004954438414826,kv
32768,B200,B200x72,Qwen3-235B-A22B,72,1,72,TP72/DP1/EP72,0.95,272,272,90476.37083879838,85967.51990539144,0.950165431132949,kv
65536,B200,B200x72,Qwen3-235B-A22B,72,1,72,TP72/DP1/EP72,0.9,70,70,45238.18541939919,40736.77985782516,0.9004954438414826,kv
65536,B200,B200x72,Qwen3-235B-A22B,72,1,72,TP72/DP1/EP72,0.95,136,136,45238.18541939919,42983.75995269572,0.950165431132949,kv
131072,B200,B200x72,Qwen3-235B-A22B,72,1,72,TP72/DP1/EP72,0.9,35,35,22619.092709699595,20368.38992891258,0.9004954438414826,kv
131072,B200,B200x72,Qwen3-235B-A22B,72,1,72,TP72/DP1/EP72,0.95,68,68,22619.092709699595,21491.87997634786,0.950165431132949,kv
262144,B200,B200x72,Qwen3-235B-A22B,72,1,72,TP72/DP1/EP72,0.9,18,18,11309.321120464516,10214.759333430757,0.9032159600585467,kv
262144,B200,B200x72,Qwen3-235B-A22B,72,1,72,TP72/DP1/EP72,0.95,34,34,11309.321120464516,10745.93998817393,0.9501843544550934,kv
524288,B200,B200x72,Qwen3-235B-A22B,72,1,72,TP72/DP1/EP72,0.9,9,9,5654.433857646121,5107.379666715378,0.903252172595317,kv
524288,B200,B200x72,Qwen3-235B-A22B,72,1,72,TP72/DP1/EP72,0.95,17,17,5654.433857646121,5372.969994086965,0.9502224500904629,kv
1048576,B200,B200x72,Qwen3-235B-A22B,72,1,72,TP72/DP1/EP72,0.9,5,5,2827.2169288230607,2580.798671207727,0.91284069676326,kv
1048576,B200,B200x72,Qwen3-235B-A22B,72,1,72,TP72/DP1/EP72,0.95,9,9,2827.2169288230607,2695.2447596906804,0.9533208195710264,kv
8192,B200,B200x72,GLM-4.5-355B-A32B,1,72,72,TP1/DP72/EP72,0.9,2952,41,39292.793350326014,35742.03962511814,0.9096334614454583,weight
8192,B200,B200x72,GLM-4.5-355B-A32B,1,72,72,TP1/DP72/EP72,0.95,3168,44,39292.793350326014,37860.40268212029,0.9635457154843934,weight
16384,B200,B200x72,GLM-4.5-355B-A32B,1,72,72,TP1/DP72/EP72,0.9,1368,19,23974.804142258607,21619.318032617004,0.9017516015703435,weight
16384,B200,B200x72,GLM-4.5-355B-A32B,1,72,72,TP1/DP72/EP72,0.95,1512,21,23974.804142258607,22784.331519937383,0.9503448447270997,weight
32768,B200,B200x72,GLM-4.5-355B-A32B,1,72,72,TP1/DP72/EP72,0.9,576,8,17194.527734259256,15592.192077455516,0.9068113017369378,weight
32768,B200,B200x72,GLM-4.5-355B-A32B,1,72,72,TP1/DP72/EP72,0.95,720,10,17194.527734259256,16660.787581730976,0.9689587198452198,weight
65536,B200,B200x72,GLM-4.5-355B-A32B,1,72,72,TP1/DP72/EP72,0.9,216,3,13913.715638436639,12550.259139610014,0.9020062983707906,weight
65536,B200,B200x72,GLM-4.5-355B-A32B,1,72,72,TP1/DP72/EP72,0.95,288,4,13913.715638436639,13282.9074808597,0.9546628539802602,weight
131072,B200,B200x72,GLM-4.5-355B-A32B,1,72,72,TP1/DP72/EP72,0.9,144,2,11574.148496325208,11574.148496325208,1.0,weight
131072,B200,B200x72,GLM-4.5-355B-A32B,1,72,72,TP1/DP72/EP72,0.95,144,2,11574.148496325208,11574.148496325208,1.0,weight
262144,B200,B200x72,GLM-4.5-355B-A32B,1,72,72,TP1/DP72/EP72,0.9,72,1,5830.889162809952,5830.889162809952,1.0,kv
262144,B200,B200x72,GLM-4.5-355B-A32B,1,72,72,TP1/DP72/EP72,0.95,72,1,5830.889162809952,5830.889162809952,1.0,kv
8192,B200,B200x72,GLM-4.5-355B-A32B,2,36,72,TP2/DP36/EP72,0.9,3168,88,78786.96867609042,71582.34400575893,0.9085556305643488,weight
8192,B200,B200x72,GLM-4.5-355B-A32B,2,36,72,TP2/DP36/EP72,0.95,3348,93,78786.96867609042,75579.68360152435,0.9592916807378149,weight
16384,B200,B200x72,GLM-4.5-355B-A32B,2,36,72,TP2/DP36/EP72,0.9,1548,43,40711.359460881904,37123.39958077152,0.9118683353338292,weight
16384,B200,B200x72,GLM-4.5-355B-A32B,2,36,72,TP2/DP36/EP72,0.95,1656,46,40711.359460881904,39264.843615070575,0.9644689869125782,weight
32768,B200,B200x72,GLM-4.5-355B-A32B,2,36,72,TP2/DP36/EP72,0.9,720,20,24558.586035441997,22178.13284064168,0.9030704295693189,weight
32768,B200,B200x72,GLM-4.5-355B-A32B,2,36,72,TP2/DP36/EP72,0.95,792,22,24558.586035441997,23355.707391748594,0.9510200366601947,weight
65536,B200,B200x72,GLM-4.5-355B-A32B,2,36,72,TP2/DP36/EP72,0.9,324,9,17708.83054888509,16103.542372618433,0.9093509776472664,weight
65536,B200,B200x72,GLM-4.5-355B-A32B,2,36,72,TP2/DP36/EP72,0.95,396,11,17708.83054888509,17172.15900968735,0.9696946934064189,weight
131072,B200,B200x72,GLM-4.5-355B-A32B,2,36,72,TP2/DP36/EP72,0.9,72,2,11642.920387200687,11518.599338320462,0.9893221765033373,weight
131072,B200,B200x72,GLM-4.5-355B-A32B,2,36,72,TP2/DP36/EP72,0.95,72,2,11642.920387200687,11518.599338320462,0.9893221765033373,weight
262144,B200,B200x72,GLM-4.5-355B-A32B,2,36,72,TP2/DP36/EP72,0.9,36,1,5821.460193600344,5802.693444210821,0.9967762814198827,kv
262144,B200,B200x72,GLM-4.5-355B-A32B,2,36,72,TP2/DP36/EP72,0.95,36,1,5821.460193600344,5802.693444210821,0.9967762814198827,kv
524288,B200,B200x72,GLM-4.5-355B-A32B,2,36,72,TP2/DP36/EP72,0.9,36,1,2908.3785676252614,2908.3785676252614,1.0,kv
524288,B200,B200x72,GLM-4.5-355B-A32B,2,36,72,TP2/DP36/EP72,0.95,36,1,2908.3785676252614,2908.3785676252614,1.0,kv
8192,B200,B200x72,GLM-4.5-355B-A32B,4,18,72,TP4/DP18/EP72,0.9,3240,180,161007.27005690572,145635.62145730978,0.9045282328297161,weight
8192,B200,B200x72,GLM-4.5-355B-A32B,4,18,72,TP4/DP18/EP72,0.95,3420,190,161007.27005690572,153725.84654526768,0.9547758091354227,weight
16384,B200,B200x72,GLM-4.5-355B-A32B,4,18,72,TP4/DP18/EP72,0.9,1602,89,80230.34462066149,72233.7602966478,0.900329677482722,weight
16384,B200,B200x72,GLM-4.5-355B-A32B,4,18,72,TP4/DP18/EP72,0.95,1692,94,80230.34462066149,76225.95054272111,0.9500887837778383,weight
32768,B200,B200x72,GLM-4.5-355B-A32B,4,18,72,TP4/DP18/EP72,0.9,792,44,41352.49265264359,37752.12158172722,0.9129346058734815,weight
32768,B200,B200x72,GLM-4.5-355B-A32B,4,18,72,TP4/DP18/EP72,0.95,846,47,41352.49265264359,39901.42588826821,0.964909811445608,weight
65536,B200,B200x72,GLM-4.5-355B-A32B,4,18,72,TP4/DP18/EP72,0.9,324,18,23248.24667923078,20964.589722589037,0.9017707877866813,weight
65536,B200,B200x72,GLM-4.5-355B-A32B,4,18,72,TP4/DP18/EP72,0.95,360,20,23248.24667923078,22116.819121580324,0.9513327790580769,weight
131072,B200,B200x72,GLM-4.5-355B-A32B,4,18,72,TP4/DP18/EP72,0.9,36,2,11624.12333961539,11355.105697108864,0.9768569521634629,weight
131072,B200,B200x72,GLM-4.5-355B-A32B,4,18,72,TP4/DP18/EP72,0.95,36,2,11624.12333961539,11355.105697108864,0.9768569521634629,weight
262144,B200,B200x72,GLM-4.5-355B-A32B,4,18,72,TP4/DP18/EP72,0.9,18,1,5812.061669807695,5719.719004288538,0.9841118916547539,kv
262144,B200,B200x72,GLM-4.5-355B-A32B,4,18,72,TP4/DP18/EP72,0.95,18,1,5812.061669807695,5719.719004288538,0.9841118916547539,kv
524288,B200,B200x72,GLM-4.5-355B-A32B,4,18,72,TP4/DP18/EP72,0.9,18,1,2906.0308349038473,2887.384549276243,0.993583589890497,kv
524288,B200,B200x72,GLM-4.5-355B-A32B,4,18,72,TP4/DP18/EP72,0.95,18,1,2906.0308349038473,2887.384549276243,0.993583589890497,kv
1048576,B200,B200x72,GLM-4.5-355B-A32B,4,18,72,TP4/DP18/EP72,0.9,18,1,1450.6733610527053,1450.6733610527053,1.0,kv
1048576,B200,B200x72,GLM-4.5-355B-A32B,4,18,72,TP4/DP18/EP72,0.95,18,1,1450.6733610527053,1450.6733610527053,1.0,kv
8192,B200,B200x72,GLM-4.5-355B-A32B,8,9,72,TP8/DP9/EP72,0.9,1872,208,185728.5326238334,167385.95615118658,0.9012398568301991,weight
8192,B200,B200x72,GLM-4.5-355B-A32B,8,9,72,TP8/DP9/EP72,0.95,1980,220,185728.5326238334,177042.70124813824,0.953233726380173,weight
16384,B200,B200x72,GLM-4.5-355B-A32B,8,9,72,TP8/DP9/EP72,0.9,936,104,92863.20170034758,83791.75123124612,0.9023138304193586,weight
16384,B200,B200x72,GLM-4.5-355B-A32B,8,9,72,TP8/DP9/EP72,0.95,990,110,92863.20170034758,88592.28073292607,0.9540084674099114,weight
32768,B200,B200x72,GLM-4.5-355B-A32B,8,9,72,TP8/DP9/EP72,0.9,450,50,46430.52829109077,41848.31860446648,0.9013104124532751,weight
32768,B200,B200x72,GLM-4.5-355B-A32B,8,9,72,TP8/DP9/EP72,0.95,486,54,46430.52829109077,44788.09125135712,0.9646259239301223,weight
65536,B200,B200x72,GLM-4.5-355B-A32B,8,9,72,TP8/DP9/EP72,0.9,171,19,23215.264145545385,21376.088321191142,0.9207773035523634,weight
65536,B200,B200x72,GLM-4.5-355B-A32B,8,9,72,TP8/DP9/EP72,0.95,189,21,23215.264145545385,22539.78205954132,0.9709035364935239,weight
131072,B200,B200x72,GLM-4.5-355B-A32B,8,9,72,TP8/DP9/EP72,0.9,18,2,11607.632072772692,10940.985539664112,0.9425682577696194,weight
131072,B200,B200x72,GLM-4.5-355B-A32B,8,9,72,TP8/DP9/EP72,0.95,27,3,11607.632072772692,11225.417234290286,0.967072109446082,kv
262144,B200,B200x72,GLM-4.5-355B-A32B,8,9,72,TP8/DP9/EP72,0.9,9,1,5802.693444210822,5509.628813417346,0.9494950692103408,kv
262144,B200,B200x72,GLM-4.5-355B-A32B,8,9,72,TP8/DP9/EP72,0.95,18,2,5802.693444210822,5665.708569327302,0.9763928809611361,kv
524288,B200,B200x72,GLM-4.5-355B-A32B,8,9,72,TP8/DP9/EP72,0.9,9,1,2901.346722105411,2832.854284663651,0.9763928809611361,kv
524288,B200,B200x72,GLM-4.5-355B-A32B,8,9,72,TP8/DP9/EP72,0.95,9,1,2901.346722105411,2832.854284663651,0.9763928809611361,kv
1048576,B200,B200x72,GLM-4.5-355B-A32B,8,9,72,TP8/DP9/EP72,0.9,9,1,1450.6733610527056,1436.7780567020206,0.9904214796219863,kv
1048576,B200,B200x72,GLM-4.5-355B-A32B,8,9,72,TP8/DP9/EP72,0.95,9,1,1450.6733610527056,1436.7780567020206,0.9904214796219863,kv
8192,B200,B200x72,GLM-4.5-355B-A32B,12,6,72,TP12/DP6/EP72,0.9,1254,209,185567.65923895195,167124.85676460975,0.9006141342194022,weight
8192,B200,B200x72,GLM-4.5-355B-A32B,12,6,72,TP12/DP6/EP72,0.95,1326,221,185567.65923895195,176720.41493973014,0.9523233502243547,weight
16384,B200,B200x72,GLM-4.5-355B-A32B,12,6,72,TP12/DP6/EP72,0.9,630,105,92783.82961947598,84054.5502173934,0.9059180954495734,weight
16384,B200,B200x72,GLM-4.5-355B-A32B,12,6,72,TP12/DP6/EP72,0.95,666,111,92783.82961947598,88826.2775203431,0.9573465320911677,weight
32768,B200,B200x72,GLM-4.5-355B-A32B,12,6,72,TP12/DP6/EP72,0.9,306,51,46391.91480973799,42298.85378413735,0.911772104204212,weight
32768,B200,B200x72,GLM-4.5-355B-A32B,12,6,72,TP12/DP6/EP72,0.95,324,54,46391.91480973799,44495.625439447926,0.9591245720710796,weight
65536,B200,B200x72,GLM-4.5-355B-A32B,12,6,72,TP12/DP6/EP72,0.9,114,19,23195.957404868994,21187.18616603669,0.9133999427671543,weight
65536,B200,B200x72,GLM-4.5-355B-A32B,12,6,72,TP12/DP6/EP72,0.95,126,21,23195.957404868994,22349.67830684425,0.9635160953586204,weight
131072,B200,B200x72,GLM-4.5-355B-A32B,12,6,72,TP12/DP6/EP72,0.9,12,2,11597.978702434497,10486.373667235799,0.9041552788016963,weight
131072,B200,B200x72,GLM-4.5-355B-A32B,12,6,72,TP12/DP6/EP72,0.95,24,4,11597.978702434497,11082.61423280837,0.955564285566592,kv
262144,B200,B200x72,GLM-4.5-355B-A32B,12,6,72,TP12/DP6/EP72,0.9,6,1,5798.989351217248,5279.127457407506,0.9103530180305264,kv
262144,B200,B200x72,GLM-4.5-355B-A32B,12,6,72,TP12/DP6/EP72,0.95,12,2,5798.989351217248,5541.307116404185,0.955564285566592,kv
524288,B200,B200x72,GLM-4.5-355B-A32B,12,6,72,TP12/DP6/EP72,0.9,6,1,2898.6136852307986,2770.6535582020924,0.9558547150726926,kv
524288,B200,B200x72,GLM-4.5-355B-A32B,12,6,72,TP12/DP6/EP72,0.95,6,1,2898.6136852307986,2770.6535582020924,0.9558547150726926,kv
1048576,B200,B200x72,GLM-4.5-355B-A32B,12,6,72,TP12/DP6/EP72,0.9,6,1,1448.2617385894685,1420.6027938464156,0.9809019709586534,kv
1048576,B200,B200x72,GLM-4.5-355B-A32B,12,6,72,TP12/DP6/EP72,0.95,6,1,1448.2617385894685,1420.6027938464156,0.9809019709586534,kv
8192,B200,B200x72,GLM-4.5-355B-A32B,18,4,72,TP18/DP4/EP72,0.9,844,211,185404.7334597445,166942.0212226602,0.9004194127487422,weight
8192,B200,B200x72,GLM-4.5-355B-A32B,18,4,72,TP18/DP4/EP72,0.95,892,223,185404.7334597445,176436.2435880975,0.9516275032234048,weight
16384,B200,B200x72,GLM-4.5-355B-A32B,18,4,72,TP18/DP4/EP72,0.9,424,106,92702.36672987224,83952.1287664435,0.905609335855186,weight
16384,B200,B200x72,GLM-4.5-355B-A32B,18,4,72,TP18/DP4/EP72,0.95,448,112,92702.36672987224,88675.07077259429,0.9565567083199377,weight
32768,B200,B200x72,GLM-4.5-355B-A32B,18,4,72,TP18/DP4/EP72,0.9,204,51,46350.53852181551,41835.64798337448,0.902592490132212,weight
32768,B200,B200x72,GLM-4.5-355B-A32B,18,4,72,TP18/DP4/EP72,0.95,220,55,46350.53852181551,44742.28698966502,0.9653024197034185,weight
65536,B200,B200x72,GLM-4.5-355B-A32B,18,4,72,TP18/DP4/EP72,0.9,76,19,23175.269260907757,20876.412213207026,0.9008055948856455,weight
65536,B200,B200x72,GLM-4.5-355B-A32B,18,4,72,TP18/DP4/EP72,0.95,84,21,23175.269260907757,22036.591001031702,0.9508666653639798,weight
131072,B200,B200x72,GLM-4.5-355B-A32B,18,4,72,TP18/DP4/EP72,0.9,16,4,11587.634630453878,10687.320327718053,0.9223038755148806,kv
131072,B200,B200x72,GLM-4.5-355B-A32B,18,4,72,TP18/DP4/EP72,0.95,28,7,11587.634630453878,11084.263559384979,0.9565596355837824,kv
262144,B200,B200x72,GLM-4.5-355B-A32B,18,4,72,TP18/DP4/EP72,0.9,8,2,5793.159601492091,5343.660163859026,0.9224085872729467,kv
262144,B200,B200x72,GLM-4.5-355B-A32B,18,4,72,TP18/DP4/EP72,0.95,16,4,5793.159601492091,5576.65266460868,0.9626271410116776,kv
524288,B200,B200x72,GLM-4.5-355B-A32B,18,4,72,TP18/DP4/EP72,0.9,4,1,2896.5798007460453,2671.830081929513,0.9224085872729467,kv
524288,B200,B200x72,GLM-4.5-355B-A32B,18,4,72,TP18/DP4/EP72,0.95,8,2,2896.5798007460453,2788.32633230434,0.9626271410116776,kv
1048576,B200,B200x72,GLM-4.5-355B-A32B,18,4,72,TP18/DP4/EP72,0.9,4,1,1448.2899003730226,1394.16316615217,0.9626271410116776,kv
1048576,B200,B200x72,GLM-4.5-355B-A32B,18,4,72,TP18/DP4/EP72,0.95,4,1,1448.2899003730226,1394.16316615217,0.9626271410116776,kv
8192,B200,B200x72,GLM-4.5-355B-A32B,24,3,72,TP24/DP3/EP72,0.9,642,214,185290.20613418386,167385.31506600848,0.9033683892865391,weight
8192,B200,B200x72,GLM-4.5-355B-A32B,24,3,72,TP24/DP3/EP72,0.95,678,226,185290.20613418386,176771.3172398819,0.9540240735220904,weight
16384,B200,B200x72,GLM-4.5-355B-A32B,24,3,72,TP24/DP3/EP72,0.9,321,107,92644.57470366314,83771.76001468099,0.9042273687653798,weight
16384,B200,B200x72,GLM-4.5-355B-A32B,24,3,72,TP24/DP3/EP72,0.95,339,113,92644.57470366314,88442.37652248588,0.9546417240877991,weight
32768,B200,B200x72,GLM-4.5-355B-A32B,24,3,72,TP24/DP3/EP72,0.9,156,52,46322.28735183157,42056.402057030464,0.9079085783825734,weight
32768,B200,B200x72,GLM-4.5-355B-A32B,24,3,72,TP24/DP3/EP72,0.95,165,55,46322.28735183157,44218.00041209499,0.9545729051816053,weight
65536,B200,B200x72,GLM-4.5-355B-A32B,24,3,72,TP24/DP3/EP72,0.9,60,20,23160.61315511789,21123.663535742548,0.9120511358774096,weight
65536,B200,B200x72,GLM-4.5-355B-A32B,24,3,72,TP24/DP3/EP72,0.95,66,22,23160.61315511789,22242.39784681299,0.960354447347522,kv
131072,B200,B200x72,GLM-4.5-355B-A32B,24,3,72,TP24/DP3/EP72,0.9,15,5,11580.306577558946,10535.17197524393,0.909748969484077,kv
131072,B200,B200x72,GLM-4.5-355B-A32B,24,3,72,TP24/DP3/EP72,0.95,27,9,11580.306577558946,11007.806771935233,0.9505626382350585,kv
262144,B200,B200x72,GLM-4.5-355B-A32B,24,3,72,TP24/DP3/EP72,0.9,9,3,5790.153288779473,5353.787985502261,0.9246366578717651,kv
262144,B200,B200x72,GLM-4.5-355B-A32B,24,3,72,TP24/DP3/EP72,0.95,15,5,5790.153288779473,5534.942347138411,0.9559232840802978,kv
524288,B200,B200x72,GLM-4.5-355B-A32B,24,3,72,TP24/DP3/EP72,0.9,6,2,2895.0766443897364,2732.7954115478756,0.943945790465914,kv
524288,B200,B200x72,GLM-4.5-355B-A32B,24,3,72,TP24/DP3/EP72,0.95,9,3,2895.0766443897364,2791.081399194255,0.9640785865213586,kv
1048576,B200,B200x72,GLM-4.5-355B-A32B,24,3,72,TP24/DP3/EP72,0.9,3,1,1446.9767167745918,1366.3977057739378,0.9443121578484898,kv
1048576,B200,B200x72,GLM-4.5-355B-A32B,24,3,72,TP24/DP3/EP72,0.95,6,2,1446.9767167745918,1410.5834002496754,0.9748487200222271,kv
8192,B200,B200x72,GLM-4.5-355B-A32B,36,2,72,TP36/DP2/EP72,0.9,438,219,185127.84852558095,167151.72636096796,0.9028988760590007,weight
8192,B200,B200x72,GLM-4.5-355B-A32B,36,2,72,TP36/DP2/EP72,0.95,476,238,185127.84852558095,175894.56291265893,0.9501248154372293,kv
16384,B200,B200x72,GLM-4.5-355B-A32B,36,2,72,TP36/DP2/EP72,0.9,220,110,92563.92426279048,84021.28678542867,0.90771094089411,weight
16384,B200,B200x72,GLM-4.5-355B-A32B,36,2,72,TP36/DP2/EP72,0.95,238,119,92563.92426279048,87947.28145632947,0.9501248154372293,kv
32768,B200,B200x72,GLM-4.5-355B-A32B,36,2,72,TP36/DP2/EP72,0.9,106,53,46281.566618632474,41707.245063472474,0.9011632083923792,weight
32768,B200,B200x72,GLM-4.5-355B-A32B,36,2,72,TP36/DP2/EP72,0.95,120,60,46281.566618632474,43994.65283542515,0.9505869409725937,kv
65536,B200,B200x72,GLM-4.5-355B-A32B,36,2,72,TP36/DP2/EP72,0.9,42,21,23140.783309316237,21016.07935656541,0.9081835768327062,weight
65536,B200,B200x72,GLM-4.5-355B-A32B,36,2,72,TP36/DP2/EP72,0.95,60,30,23140.783309316237,21997.326417712575,0.9505869409725937,kv
131072,B200,B200x72,GLM-4.5-355B-A32B,36,2,72,TP36/DP2/EP72,0.9,16,8,11569.993990580273,10477.367240425121,0.9055637581968741,kv
131072,B200,B200x72,GLM-4.5-355B-A32B,36,2,72,TP36/DP2/EP72,0.95,30,15,11569.993990580273,10998.663208856287,0.9506196129238152,kv
262144,B200,B200x72,GLM-4.5-355B-A32B,36,2,72,TP36/DP2/EP72,0.9,8,4,5784.9969952901365,5238.6836202125605,0.9055637581968741,kv
262144,B200,B200x72,GLM-4.5-355B-A32B,36,2,72,TP36/DP2/EP72,0.95,16,8,5784.9969952901365,5518.94533731895,0.9540100611654954,kv
524288,B200,B200x72,GLM-4.5-355B-A32B,36,2,72,TP36/DP2/EP72,0.9,4,2,2892.09202823664,2619.3418101062803,0.9056910307599512,kv
524288,B200,B200x72,GLM-4.5-355B-A32B,36,2,72,TP36/DP2/EP72,0.95,8,4,2892.09202823664,2759.472668659475,0.9541441426198234,kv
1048576,B200,B200x72,GLM-4.5-355B-A32B,36,2,72,TP36/DP2/EP72,0.9,2,1,1446.04601411832,1309.6709050531401,0.9056910307599512,kv
1048576,B200,B200x72,GLM-4.5-355B-A32B,36,2,72,TP36/DP2/EP72,0.95,4,2,1446.04601411832,1379.7363343297375,0.9541441426198234,kv
8192,B200,B200x72,GLM-4.5-355B-A32B,72,1,72,TP72/DP1/EP72,0.9,285,285,184850.7802610699,166421.0781366674,0.9002995708301923,kv
8192,B200,B200x72,GLM-4.5-355B-A32B,72,1,72,TP72/DP1/EP72,0.95,553,553,184850.7802610699,175620.25295167082,0.950064980540723,kv
16384,B200,B200x72,GLM-4.5-355B-A32B,72,1,72,TP72/DP1/EP72,0.9,143,143,92425.39013053494,83241.99779010487,0.9006399396587873,kv
16384,B200,B200x72,GLM-4.5-355B-A32B,72,1,72,TP72/DP1/EP72,0.95,277,277,92425.39013053494,87819.44466512602,0.9501657990417588,kv
32768,B200,B200x72,GLM-4.5-355B-A32B,72,1,72,TP72/DP1/EP72,0.9,72,72,46212.46065874454,41652.16501121491,0.9013189173975156,kv
32768,B200,B200x72,GLM-4.5-355B-A32B,72,1,72,TP72/DP1/EP72,0.95,139,139,46212.46065874454,43918.993184323546,0.9503712323098941,kv
65536,B200,B200x72,GLM-4.5-355B-A32B,72,1,72,TP72/DP1/EP72,0.9,36,36,23106.23032937227,20826.082505607454,0.9013189173975156,kv
65536,B200,B200x72,GLM-4.5-355B-A32B,72,1,72,TP72/DP1/EP72,0.95,70,70,23106.23032937227,21968.673883553583,0.9507684105281058,kv
131072,B200,B200x72,GLM-4.5-355B-A32B,72,1,72,TP72/DP1/EP72,0.9,18,18,11552.88012438147,10413.041252803727,0.9013372544936045,kv
131072,B200,B200x72,GLM-4.5-355B-A32B,72,1,72,TP72/DP1/EP72,0.95,35,35,11552.88012438147,10984.336941776792,0.9507877536611142,kv
262144,B200,B200x72,GLM-4.5-355B-A32B,72,1,72,TP72/DP1/EP72,0.9,9,9,5776.203490070599,5206.520626401863,0.9013741699633624,kv
262144,B200,B200x72,GLM-4.5-355B-A32B,72,1,72,TP72/DP1/EP72,0.95,18,18,5776.203490070599,5501.045132184229,0.9523634583928056,kv
524288,B200,B200x72,GLM-4.5-355B-A32B,72,1,72,TP72/DP1/EP72,0.9,5,5,2888.1017450352997,2631.437608331879,0.911130507384433,kv
524288,B200,B200x72,GLM-4.5-355B-A32B,72,1,72,TP72/DP1/EP72,0.95,9,9,2888.1017450352997,2750.5225660921146,0.9523634583928056,kv
1048576,B200,B200x72,GLM-4.5-355B-A32B,72,1,72,TP72/DP1/EP72,0.9,3,3,1443.809070170747,1337.4330633700806,0.926322663433548,kv
1048576,B200,B200x72,GLM-4.5-355B-A32B,72,1,72,TP72/DP1/EP72,0.95,5,5,1443.809070170747,1383.0851736334423,0.9579418790255118,kv
8192,B200,B200x72,Llama-3.1-405B,8,9,1,TP8/DP9/EP1,0.9,1017,113,88261.253309797,79788.17299205648,0.9039999999999999,weight
8192,B200,B200x72,Llama-3.1-405B,8,9,1,TP8/DP9/EP1,0.95,1071,119,88261.253309797,84024.71315092673,0.9519999999999998,weight
16384,B200,B200x72,Llama-3.1-405B,8,9,1,TP8/DP9/EP1,0.9,504,56,43777.58164165931,39541.041482789056,0.903225806451613,weight
16384,B200,B200x72,Llama-3.1-405B,8,9,1,TP8/DP9/EP1,0.95,531,59,43777.58164165931,41659.31156222418,0.9516129032258065,weight
32768,B200,B200x72,Llama-3.1-405B,8,9,1,TP8/DP9/EP1,0.9,252,28,21888.790820829654,19770.520741394528,0.903225806451613,weight
32768,B200,B200x72,Llama-3.1-405B,8,9,1,TP8/DP9/EP1,0.95,270,30,21888.790820829654,21182.70079435128,0.9677419354838711,weight
65536,B200,B200x72,Llama-3.1-405B,8,9,1,TP8/DP9/EP1,0.9,126,14,10591.35039717564,9885.260370697264,0.9333333333333333,weight
65536,B200,B200x72,Llama-3.1-405B,8,9,1,TP8/DP9/EP1,0.95,135,15,10591.35039717564,10591.35039717564,1.0,weight
131072,B200,B200x72,Llama-3.1-405B,8,9,1,TP8/DP9/EP1,0.9,63,7,4942.630185348632,4942.630185348632,1.0,weight
131072,B200,B200x72,Llama-3.1-405B,8,9,1,TP8/DP9/EP1,0.95,63,7,4942.630185348632,4942.630185348632,1.0,weight
262144,B200,B200x72,Llama-3.1-405B,8,9,1,TP8/DP9/EP1,0.9,27,3,2118.270079435128,2118.270079435128,1.0,weight
262144,B200,B200x72,Llama-3.1-405B,8,9,1,TP8/DP9/EP1,0.95,27,3,2118.270079435128,2118.270079435128,1.0,weight
524288,B200,B200x72,Llama-3.1-405B,8,9,1,TP8/DP9/EP1,0.9,9,1,706.090026478376,706.090026478376,1.0,weight
524288,B200,B200x72,Llama-3.1-405B,8,9,1,TP8/DP9/EP1,0.95,9,1,706.090026478376,706.090026478376,1.0,weight
8192,B200,B200x72,Llama-3.1-405B,12,6,1,TP12/DP6/EP1,0.9,1044,174,135073.61165894865,122176.01271442193,0.904514295678328,weight
8192,B200,B200x72,Llama-3.1-405B,12,6,1,TP12/DP6/EP1,0.95,1098,183,135073.61165894865,128495.46164792651,0.9512995178685864,weight
16384,B200,B200x72,Llama-3.1-405B,12,6,1,TP12/DP6/EP1,0.9,522,87,67534.75694754861,61088.006357210965,0.9045417370000375,weight
16384,B200,B200x72,Llama-3.1-405B,12,6,1,TP12/DP6/EP1,0.95,552,92,67534.75694754861,64598.811320269066,0.9565268942988902,weight
32768,B200,B200x72,Llama-3.1-405B,12,6,1,TP12/DP6/EP1,0.9,264,44,33765.307829347155,30895.083674911293,0.9149948767254773,weight
32768,B200,B200x72,Llama-3.1-405B,12,6,1,TP12/DP6/EP1,0.95,276,46,33765.307829347155,32299.405660134533,0.9565855529402717,weight
65536,B200,B200x72,Llama-3.1-405B,12,6,1,TP12/DP6/EP1,0.9,132,22,16882.653914673578,15447.541837455647,0.9149948767254773,weight
65536,B200,B200x72,Llama-3.1-405B,12,6,1,TP12/DP6/EP1,0.95,138,23,16882.653914673578,16149.702830067266,0.9565855529402717,weight
131072,B200,B200x72,Llama-3.1-405B,12,6,1,TP12/DP6/EP1,0.9,66,11,8439.180863672273,7723.770918727823,0.9152275610036942,weight
131072,B200,B200x72,Llama-3.1-405B,12,6,1,TP12/DP6/EP1,0.95,72,12,8439.180863672273,8408.007201260358,0.996306079592854,kv
262144,B200,B200x72,Llama-3.1-405B,12,6,1,TP12/DP6/EP1,0.9,36,6,4217.2450430275985,4204.003600630179,0.9968601676539257,kv
262144,B200,B200x72,Llama-3.1-405B,12,6,1,TP12/DP6/EP1,0.95,36,6,4217.2450430275985,4204.003600630179,0.9968601676539257,kv
524288,B200,B200x72,Llama-3.1-405B,12,6,1,TP12/DP6/EP1,0.9,18,3,2108.6225215137993,2102.0018003150894,0.9968601676539257,kv
524288,B200,B200x72,Llama-3.1-405B,12,6,1,TP12/DP6/EP1,0.95,18,3,2108.6225215137993,2102.0018003150894,0.9968601676539257,kv
1048576,B200,B200x72,Llama-3.1-405B,12,6,1,TP12/DP6/EP1,0.9,12,2,1054.3112607568996,1054.3112607568996,1.0,kv
1048576,B200,B200x72,Llama-3.1-405B,12,6,1,TP12/DP6/EP1,0.95,12,2,1054.3112607568996,1054.3112607568996,1.0,kv
8192,B200,B200x72,Llama-3.1-405B,18,4,1,TP18/DP4/EP1,0.9,700,175,135134.04472842603,121737.06090383117,0.9008615197486445,weight
8192,B200,B200x72,Llama-3.1-405B,18,4,1,TP18/DP4/EP1,0.95,740,185,135134.04472842603,128693.4643840501,0.9523393208771385,weight
16384,B200,B200x72,Llama-3.1-405B,18,4,1,TP18/DP4/EP1,0.9,352,88,67565.96836273014,61216.350625926534,0.9060234332361601,weight
16384,B200,B200x72,Llama-3.1-405B,18,4,1,TP18/DP4/EP1,0.95,372,93,67565.96836273014,64694.55236603599,0.9575020373973054,weight
32768,B200,B200x72,Llama-3.1-405B,18,4,1,TP18/DP4/EP1,0.9,176,44,33782.98418136507,30608.175312963267,0.9060234332361601,weight
32768,B200,B200x72,Llama-3.1-405B,18,4,1,TP18/DP4/EP1,0.95,188,47,33782.98418136507,32695.096357028942,0.9677977582295345,weight
65536,B200,B200x72,Llama-3.1-405B,18,4,1,TP18/DP4/EP1,0.9,88,22,16891.492090682535,15304.087656481634,0.9060234332361601,weight
65536,B200,B200x72,Llama-3.1-405B,18,4,1,TP18/DP4/EP1,0.95,96,24,16891.492090682535,16660.18097956666,0.986306058110552,kv
131072,B200,B200x72,Llama-3.1-405B,18,4,1,TP18/DP4/EP1,0.9,44,11,8444.673669398668,7652.043828240817,0.9061384877393027,weight
131072,B200,B200x72,Llama-3.1-405B,18,4,1,TP18/DP4/EP1,0.95,48,12,8444.673669398668,8330.09048978333,0.9864313075790533,kv
262144,B200,B200x72,Llama-3.1-405B,18,4,1,TP18/DP4/EP1,0.9,24,6,4222.336834699334,4165.045244891665,0.9864313075790533,kv
262144,B200,B200x72,Llama-3.1-405B,18,4,1,TP18/DP4/EP1,0.95,24,6,4222.336834699334,4165.045244891665,0.9864313075790533,kv
524288,B200,B200x72,Llama-3.1-405B,18,4,1,TP18/DP4/EP1,0.9,12,3,2111.168417349667,2082.5226224458324,0.9864313075790533,kv
524288,B200,B200x72,Llama-3.1-405B,18,4,1,TP18/DP4/EP1,0.95,12,3,2111.168417349667,2082.5226224458324,0.9864313075790533,kv
1048576,B200,B200x72,Llama-3.1-405B,18,4,1,TP18/DP4/EP1,0.9,8,2,1055.5842086748335,1046.9435733544897,0.9918143571594433,kv
1048576,B200,B200x72,Llama-3.1-405B,18,4,1,TP18/DP4/EP1,0.95,8,2,1055.5842086748335,1046.9435733544897,0.9918143571594433,kv
8192,B200,B200x72,Llama-3.1-405B,24,3,1,TP24/DP3/EP1,0.9,531,177,135125.6465403695,121892.46312843099,0.9020675663669441,weight
8192,B200,B200x72,Llama-3.1-405B,24,3,1,TP24/DP3/EP1,0.95,561,187,135125.6465403695,128779.04296619545,0.9530318356532121,weight
16384,B200,B200x72,Llama-3.1-405B,24,3,1,TP24/DP3/EP1,0.9,267,89,67562.82327018474,61290.560556103715,0.907163993295571,weight
16384,B200,B200x72,Llama-3.1-405B,24,3,1,TP24/DP3/EP1,0.95,282,94,67562.82327018474,64733.85047498595,0.9581282625818389,weight
32768,B200,B200x72,Llama-3.1-405B,24,3,1,TP24/DP3/EP1,0.9,135,45,33780.681201108906,30989.60926994008,0.917376683005516,weight
32768,B200,B200x72,Llama-3.1-405B,24,3,1,TP24/DP3/EP1,0.95,141,47,33780.681201108906,32366.925237492975,0.9581489800279835,weight
65536,B200,B200x72,Llama-3.1-405B,24,3,1,TP24/DP3/EP1,0.9,69,23,16889.604386651383,15839.133626858264,0.9378037083791404,weight
65536,B200,B200x72,Llama-3.1-405B,24,3,1,TP24/DP3/EP1,0.95,72,24,16889.604386651383,16493.30633688866,0.9765359779489013,kv
131072,B200,B200x72,Llama-3.1-405B,24,3,1,TP24/DP3/EP1,0.9,36,12,8444.802193325691,8246.65316844433,0.9765359779489013,kv
131072,B200,B200x72,Llama-3.1-405B,24,3,1,TP24/DP3/EP1,0.95,36,12,8444.802193325691,8246.65316844433,0.9765359779489013,kv
262144,B200,B200x72,Llama-3.1-405B,24,3,1,TP24/DP3/EP1,0.9,18,6,4221.645045309886,4123.326584222165,0.9767108650697791,kv
262144,B200,B200x72,Llama-3.1-405B,24,3,1,TP24/DP3/EP1,0.95,18,6,4221.645045309886,4123.326584222165,0.9767108650697791,kv
524288,B200,B200x72,Llama-3.1-405B,24,3,1,TP24/DP3/EP1,0.9,9,3,2110.015375711733,2061.6632921110827,0.9770844875552905,kv
524288,B200,B200x72,Llama-3.1-405B,24,3,1,TP24/DP3/EP1,0.95,9,3,2110.015375711733,2061.6632921110827,0.9770844875552905,kv
1048576,B200,B200x72,Llama-3.1-405B,24,3,1,TP24/DP3/EP1,0.9,6,2,1054.0806391342057,1039.0161920956177,0.9857084491647987,kv
1048576,B200,B200x72,Llama-3.1-405B,24,3,1,TP24/DP3/EP1,0.95,6,2,1054.0806391342057,1039.0161920956177,0.9857084491647987,kv
8192,B200,B200x72,Llama-3.1-405B,36,2,1,TP36/DP2/EP1,0.9,362,181,135081.71461155076,121984.18737671633,0.9030399690106209,weight
8192,B200,B200x72,Llama-3.1-405B,36,2,1,TP36/DP2/EP1,0.95,382,191,135081.71461155076,128723.64524283327,0.9529316800056828,weight
16384,B200,B200x72,Llama-3.1-405B,36,2,1,TP36/DP2/EP1,0.9,182,91,67540.39154613137,61329.06658166402,0.9080354018939185,weight
16384,B200,B200x72,Llama-3.1-405B,36,2,1,TP36/DP2/EP1,0.95,192,96,67540.39154613137,64566.6794041277,0.9559713517507139,kv
32768,B200,B200x72,Llama-3.1-405B,36,2,1,TP36/DP2/EP1,0.9,92,46,33770.19577306569,31001.506184137856,0.9180138129037418,weight
32768,B200,B200x72,Llama-3.1-405B,36,2,1,TP36/DP2/EP1,0.95,96,48,33770.19577306569,32283.33970206385,0.9559713517507139,kv
65536,B200,B200x72,Llama-3.1-405B,36,2,1,TP36/DP2/EP1,0.9,46,23,16885.097886532843,15500.753092068928,0.9180138129037418,weight
65536,B200,B200x72,Llama-3.1-405B,36,2,1,TP36/DP2/EP1,0.95,48,24,16885.097886532843,16141.669851031926,0.9559713517507139,kv
131072,B200,B200x72,Llama-3.1-405B,36,2,1,TP36/DP2/EP1,0.9,24,12,8442.548943266422,8070.834925515963,0.9559713517507139,kv
131072,B200,B200x72,Llama-3.1-405B,36,2,1,TP36/DP2/EP1,0.95,24,12,8442.548943266422,8070.834925515963,0.9559713517507139,kv
262144,B200,B200x72,Llama-3.1-405B,36,2,1,TP36/DP2/EP1,0.9,12,6,4220.802256634052,4035.4174627579814,0.9560783039326962,kv
262144,B200,B200x72,Llama-3.1-405B,36,2,1,TP36/DP2/EP1,0.95,12,6,4220.802256634052,4035.4174627579814,0.9560783039326962,kv
524288,B200,B200x72,Llama-3.1-405B,36,2,1,TP36/DP2/EP1,0.9,6,3,2110.401128317026,2017.7087313789907,0.9560783039326962,kv
524288,B200,B200x72,Llama-3.1-405B,36,2,1,TP36/DP2/EP1,0.95,6,3,2110.401128317026,2017.7087313789907,0.9560783039326962,kv
1048576,B200,B200x72,Llama-3.1-405B,36,2,1,TP36/DP2/EP1,0.9,4,2,1054.695854465664,1022.1828672392082,0.9691731155585818,kv
1048576,B200,B200x72,Llama-3.1-405B,36,2,1,TP36/DP2/EP1,0.95,4,2,1054.695854465664,1022.1828672392082,0.9691731155585818,kv
8192,B200,B200x72,Llama-3.1-405B,72,1,1,TP72/DP1/EP1,0.9,208,208,134959.25422590514,121507.7897392371,0.9003294396977627,kv
8192,B200,B200x72,Llama-3.1-405B,72,1,1,TP72/DP1/EP1,0.95,403,403,134959.25422590514,128216.11488129411,0.9500357394289994,kv
16384,B200,B200x72,Llama-3.1-405B,72,1,1,TP72/DP1/EP1,0.9,104,104,67479.38860567537,60753.89486961855,0.9003326219305554,kv
16384,B200,B200x72,Llama-3.1-405B,72,1,1,TP72/DP1/EP1,0.95,202,202,67479.38860567537,64117.40360188354,0.9501776012904025,kv
32768,B200,B200x72,Llama-3.1-405B,72,1,1,TP72/DP1/EP1,0.9,52,52,33739.45552869597,30376.947434809274,0.9003389935849193,kv
32768,B200,B200x72,Llama-3.1-405B,72,1,1,TP72/DP1/EP1,0.95,101,101,33739.45552869597,32058.70180094177,0.9501843256977074,kv
65536,B200,B200x72,Llama-3.1-405B,72,1,1,TP72/DP1/EP1,0.9,26,26,16869.727764347987,15188.473717404637,0.9003389935849193,kv
65536,B200,B200x72,Llama-3.1-405B,72,1,1,TP72/DP1/EP1,0.95,51,51,16869.727764347987,16038.589192567884,0.9507319511381442,kv
131072,B200,B200x72,Llama-3.1-405B,72,1,1,TP72/DP1/EP1,0.9,13,13,8434.863882173993,7594.236858702318,0.9003389935849193,kv
131072,B200,B200x72,Llama-3.1-405B,72,1,1,TP72/DP1/EP1,0.95,26,26,8434.863882173993,8028.2816302411675,0.9517974139698822,kv
262144,B200,B200x72,Llama-3.1-405B,72,1,1,TP72/DP1/EP1,0.9,7,7,4217.431941086997,3826.6737261258854,0.9073468830274952,kv
262144,B200,B200x72,Llama-3.1-405B,72,1,1,TP72/DP1/EP1,0.95,13,13,4217.431941086997,4014.1408151205837,0.9517974139698822,kv
524288,B200,B200x72,Llama-3.1-405B,72,1,1,TP72/DP1/EP1,0.9,4,4,2108.4741319797035,1937.8474741182574,0.9190757641872324,kv
524288,B200,B200x72,Llama-3.1-405B,72,1,1,TP72/DP1/EP1,0.95,7,7,2108.4741319797035,2015.2977880658639,0.9558086378672552,kv
1048576,B200,B200x72,Llama-3.1-405B,72,1,1,TP72/DP1/EP1,0.9,2,2,1053.986246943169,968.9237370591287,0.9192944783380776,kv
1048576,B200,B200x72,Llama-3.1-405B,72,1,1,TP72/DP1/EP1,0.95,4,4,1053.986246943169,1014.4060535762877,0.9624471443705513,kv
8192,B200,B200x72,Qwen3-Coder-480B-A35B,1,72,72,TP1/DP72/EP72,0.9,3960,55,38759.07705963766,35022.16313242608,0.9035860961946622,weight
8192,B200,B200x72,Qwen3-Coder-480B-A35B,1,72,72,TP1/DP72/EP72,0.95,4248,59,38759.07705963766,37144.67255282159,0.9583477051238339,weight
16384,B200,B200x72,Qwen3-Coder-480B-A35B,1,72,72,TP1/DP72/EP72,0.9,1872,26,23207.181400044567,20986.28442672779,0.9043013050558345,weight
16384,B200,B200x72,Qwen3-Coder-480B-A35B,1,72,72,TP1/DP72/EP72,0.95,2088,29,23207.181400044567,22307.858782193216,0.9612480894448636,weight
32768,B200,B200x72,Qwen3-Coder-480B-A35B,1,72,72,TP1/DP72/EP72,0.9,792,11,16407.468659878767,14810.12719412984,0.9026454659849565,weight
32768,B200,B200x72,Qwen3-Coder-480B-A35B,1,72,72,TP1/DP72/EP72,0.95,936,13,16407.468659878767,15608.668777888419,0.9513148616310537,weight
65536,B200,B200x72,Qwen3-Coder-480B-A35B,1,72,72,TP1/DP72/EP72,0.9,360,5,13152.971585658937,12207.593938696602,0.9281244058952345,weight
65536,B200,B200x72,Qwen3-Coder-480B-A35B,1,72,72,TP1/DP72/EP72,0.95,432,6,13152.971585658937,12699.430010228929,0.9655179384767684,weight
131072,B200,B200x72,Qwen3-Coder-480B-A35B,1,72,72,TP1/DP72/EP72,0.9,144,2,10960.253681491724,9981.287348646418,0.9106803217065623,weight
131072,B200,B200x72,Qwen3-Coder-480B-A35B,1,72,72,TP1/DP72/EP72,0.95,216,3,10960.253681491724,10960.253681491724,1.0,weight
262144,B200,B200x72,Qwen3-Coder-480B-A35B,1,72,72,TP1/DP72/EP72,0.9,72,1,8118.62633708363,8118.62633708363,1.0,weight
262144,B200,B200x72,Qwen3-Coder-480B-A35B,1,72,72,TP1/DP72/EP72,0.95,72,1,8118.62633708363,8118.62633708363,1.0,weight
8192,B200,B200x72,Qwen3-Coder-480B-A35B,2,36,72,TP2/DP36/EP72,0.9,4428,123,81607.33838887546,73870.43680010337,0.9051935556101072,weight
8192,B200,B200x72,Qwen3-Coder-480B-A35B,2,36,72,TP2/DP36/EP72,0.95,4680,130,81607.33838887546,78032.63363338655,0.9561962830051542,weight
16384,B200,B200x72,Qwen3-Coder-480B-A35B,2,36,72,TP2/DP36/EP72,0.9,2196,61,42017.840906910955,38198.963386542986,0.9091129520712747,weight
16384,B200,B200x72,Qwen3-Coder-480B-A35B,2,36,72,TP2/DP36/EP72,0.95,2340,65,42017.840906910955,40370.24577485683,0.960788201000039,weight
32768,B200,B200x72,Qwen3-Coder-480B-A35B,2,36,72,TP2/DP36/EP72,0.9,1044,29,24568.35828873831,22293.567926875287,0.9074097530193646,weight
32768,B200,B200x72,Qwen3-Coder-480B-A35B,2,36,72,TP2/DP36/EP72,0.95,1152,32,24568.35828873831,23647.699661802566,0.9625266525294139,weight
65536,B200,B200x72,Qwen3-Coder-480B-A35B,2,36,72,TP2/DP36/EP72,0.9,468,13,17198.34734229721,15593.067045917192,0.9066607817349968,weight
65536,B200,B200x72,Qwen3-Coder-480B-A35B,2,36,72,TP2/DP36/EP72,0.95,540,15,17198.34734229721,16392.526445217314,0.9531454458360613,weight
131072,B200,B200x72,Qwen3-Coder-480B-A35B,2,36,72,TP2/DP36/EP72,0.9,216,6,13564.320378983928,12677.070070770802,0.9345894019439559,weight
131072,B200,B200x72,Qwen3-Coder-480B-A35B,2,36,72,TP2/DP36/EP72,0.95,252,7,13564.320378983928,13132.408467156583,0.9681582342675618,weight
262144,B200,B200x72,Qwen3-Coder-480B-A35B,2,36,72,TP2/DP36/EP72,0.9,36,1,8636.718942256963,8064.068703284846,0.9336958580219272,weight
262144,B200,B200x72,Qwen3-Coder-480B-A35B,2,36,72,TP2/DP36/EP72,0.95,72,2,8636.718942256963,8621.206663320667,0.9982039152784747,kv
524288,B200,B200x72,Qwen3-Coder-480B-A35B,2,36,72,TP2/DP36/EP72,0.9,36,1,4318.359471128481,4310.603331660333,0.9982039152784747,kv
524288,B200,B200x72,Qwen3-Coder-480B-A35B,2,36,72,TP2/DP36/EP72,0.95,36,1,4318.359471128481,4310.603331660333,0.9982039152784747,kv
1048576,B200,B200x72,Qwen3-Coder-480B-A35B,2,36,72,TP2/DP36/EP72,0.9,36,1,2159.1797355642407,2159.1797355642407,1.0,kv
1048576,B200,B200x72,Qwen3-Coder-480B-A35B,2,36,72,TP2/DP36/EP72,0.95,36,1,2159.1797355642407,2159.1797355642407,1.0,kv
8192,B200,B200x72,Qwen3-Coder-480B-A35B,4,18,72,TP4/DP18/EP72,0.9,4626,257,170604.09831793577,153843.20879126395,0.9017556454274831,weight
8192,B200,B200x72,Qwen3-Coder-480B-A35B,4,18,72,TP4/DP18/EP72,0.95,4878,271,170604.09831793577,162223.62039319254,0.9508776283373599,weight
16384,B200,B200x72,Qwen3-Coder-480B-A35B,4,18,72,TP4/DP18/EP72,0.9,2304,128,85059.53318553786,76727.26890716612,0.9020419702963003,weight
16384,B200,B200x72,Qwen3-Coder-480B-A35B,4,18,72,TP4/DP18/EP72,0.95,2430,135,85059.53318553786,80889.81736994148,0.9509788537576251,weight
32768,B200,B200x72,Qwen3-Coder-480B-A35B,4,18,72,TP4/DP18/EP72,0.9,1152,64,43613.26582181361,39762.73262536574,0.9117118811469057,weight
32768,B200,B200x72,Qwen3-Coder-480B-A35B,4,18,72,TP4/DP18/EP72,0.95,1224,68,43613.26582181361,41953.032970700464,0.9619328472695395,weight
65536,B200,B200x72,Qwen3-Coder-480B-A35B,4,18,72,TP4/DP18/EP72,0.9,540,30,24989.27403587557,22698.3117043935,0.9083221734175602,weight
65536,B200,B200x72,Qwen3-Coder-480B-A35B,4,18,72,TP4/DP18/EP72,0.95,594,33,24989.27403587557,24062.31609481434,0.9629057675012707,weight
131072,B200,B200x72,Qwen3-Coder-480B-A35B,4,18,72,TP4/DP18/EP72,0.9,234,13,17154.959555080837,15546.44842809696,0.9062363789422354,weight
131072,B200,B200x72,Qwen3-Coder-480B-A35B,4,18,72,TP4/DP18/EP72,0.95,270,15,17154.959555080837,16347.862650081608,0.9529525614789229,weight
262144,B200,B200x72,Qwen3-Coder-480B-A35B,4,18,72,TP4/DP18/EP72,0.9,18,1,8621.206663320667,7904.708423763193,0.9168911884915311,weight
262144,B200,B200x72,Qwen3-Coder-480B-A35B,4,18,72,TP4/DP18/EP72,0.95,36,2,8621.206663320667,8529.290691145785,0.9893383866360677,kv
524288,B200,B200x72,Qwen3-Coder-480B-A35B,4,18,72,TP4/DP18/EP72,0.9,18,1,4310.603331660333,4264.645345572892,0.9893383866360677,kv
524288,B200,B200x72,Qwen3-Coder-480B-A35B,4,18,72,TP4/DP18/EP72,0.95,18,1,4310.603331660333,4264.645345572892,0.9893383866360677,kv
1048576,B200,B200x72,Qwen3-Coder-480B-A35B,4,18,72,TP4/DP18/EP72,0.9,18,1,2155.3016658301667,2147.587168826023,0.9964206880519567,kv
1048576,B200,B200x72,Qwen3-Coder-480B-A35B,4,18,72,TP4/DP18/EP72,0.95,18,1,2155.3016658301667,2147.587168826023,0.9964206880519567,kv
8192,B200,B200x72,Qwen3-Coder-480B-A35B,8,9,72,TP8/DP9/EP72,0.9,3744,416,275562.2641881448,248032.18275086035,0.9000948786714575,weight
8192,B200,B200x72,Qwen3-Coder-480B-A35B,8,9,72,TP8/DP9/EP72,0.95,3960,440,275562.2641881448,262341.73165838164,0.9520234290108146,weight
16384,B200,B200x72,Qwen3-Coder-480B-A35B,8,9,72,TP8/DP9/EP72,0.9,1872,208,137781.1320940724,124018.88606737288,0.90011516223206,weight
16384,B200,B200x72,Qwen3-Coder-480B-A35B,8,9,72,TP8/DP9/EP72,0.95,1980,220,137781.1320940724,131172.46309316234,0.9520350217735336,weight
32768,B200,B200x72,Qwen3-Coder-480B-A35B,8,9,72,TP8/DP9/EP72,0.9,936,104,68889.44130889035,62299.173369072916,0.9043355873613835,weight
32768,B200,B200x72,Qwen3-Coder-480B-A35B,8,9,72,TP8/DP9/EP72,0.95,990,110,68889.44130889035,65811.5038301154,0.9553206206888233,weight
65536,B200,B200x72,Qwen3-Coder-480B-A35B,8,9,72,TP8/DP9/EP72,0.9,432,48,34443.58425632444,31196.51992468836,0.9057280360989185,weight
65536,B200,B200x72,Qwen3-Coder-480B-A35B,8,9,72,TP8/DP9/EP72,0.95,459,51,34443.58425632444,32725.946229471443,0.9501318441753748,weight
131072,B200,B200x72,Qwen3-Coder-480B-A35B,8,9,72,TP8/DP9/EP72,0.9,126,14,17221.79212816222,15826.593453188341,0.9189864408656776,weight
131072,B200,B200x72,Qwen3-Coder-480B-A35B,8,9,72,TP8/DP9/EP72,0.95,144,16,17221.79212816222,16634.31636915518,0.9658876524211231,weight
262144,B200,B200x72,Qwen3-Coder-480B-A35B,8,9,72,TP8/DP9/EP72,0.9,18,2,8610.89606408111,8293.498492839106,0.963140006698493,kv
262144,B200,B200x72,Qwen3-Coder-480B-A35B,8,9,72,TP8/DP9/EP72,0.95,18,2,8610.89606408111,8293.498492839106,0.963140006698493,kv
524288,B200,B200x72,Qwen3-Coder-480B-A35B,8,9,72,TP8/DP9/EP72,0.9,9,1,4305.448032040555,4146.749246419553,0.963140006698493,kv
524288,B200,B200x72,Qwen3-Coder-480B-A35B,8,9,72,TP8/DP9/EP72,0.95,9,1,4305.448032040555,4146.749246419553,0.963140006698493,kv
1048576,B200,B200x72,Qwen3-Coder-480B-A35B,8,9,72,TP8/DP9/EP72,0.9,9,1,2151.437501803861,2117.2736375139,0.9841204477186457,kv
1048576,B200,B200x72,Qwen3-Coder-480B-A35B,8,9,72,TP8/DP9/EP72,0.95,9,1,2151.437501803861,2117.2736375139,0.9841204477186457,kv
8192,B200,B200x72,Qwen3-Coder-480B-A35B,12,6,72,TP12/DP6/EP72,0.9,2508,418,275316.95796334586,248052.59156599033,0.9009709877697204,weight
8192,B200,B200x72,Qwen3-Coder-480B-A35B,12,6,72,TP12/DP6/EP72,0.95,2646,441,275316.95796334586,261701.41828931923,0.9505459461169866,weight
16384,B200,B200x72,Qwen3-Coder-480B-A35B,12,6,72,TP12/DP6/EP72,0.9,1254,209,137658.47898167293,124028.93847186747,0.90099018519869,weight
16384,B200,B200x72,Qwen3-Coder-480B-A35B,12,6,72,TP12/DP6/EP72,0.95,1326,221,137658.47898167293,131148.93276466068,0.9527123482318958,weight
32768,B200,B200x72,Qwen3-Coder-480B-A35B,12,6,72,TP12/DP6/EP72,0.9,624,104,68828.35623532665,62004.8237905055,0.9008616096904706,weight
32768,B200,B200x72,Qwen3-Coder-480B-A35B,12,6,72,TP12/DP6/EP72,0.95,660,110,68828.35623532665,65500.94371238994,0.951656370935837,weight
65536,B200,B200x72,Qwen3-Coder-480B-A35B,12,6,72,TP12/DP6/EP72,0.9,288,48,34413.288819100766,31036.663924634493,0.9018802035395086,weight
65536,B200,B200x72,Qwen3-Coder-480B-A35B,12,6,72,TP12/DP6/EP72,0.95,312,52,34413.288819100766,33073.37720328996,0.9610641219775803,weight
131072,B200,B200x72,Qwen3-Coder-480B-A35B,12,6,72,TP12/DP6/EP72,0.9,84,14,17205.742830161158,15686.065592963809,0.9116761623024261,weight
131072,B200,B200x72,Qwen3-Coder-480B-A35B,12,6,72,TP12/DP6/EP72,0.95,96,16,17205.742830161158,16498.386330859234,0.9588883487168046,weight
262144,B200,B200x72,Qwen3-Coder-480B-A35B,12,6,72,TP12/DP6/EP72,0.9,12,2,8602.871415080579,8029.627195492167,0.9333659435402543,kv
262144,B200,B200x72,Qwen3-Coder-480B-A35B,12,6,72,TP12/DP6/EP72,0.95,18,3,8602.871415080579,8226.978087548534,0.9563060623139019,kv
524288,B200,B200x72,Qwen3-Coder-480B-A35B,12,6,72,TP12/DP6/EP72,0.9,6,1,4300.491040009921,4014.8135977460834,0.9335709714062843,kv
524288,B200,B200x72,Qwen3-Coder-480B-A35B,12,6,72,TP12/DP6/EP72,0.95,12,2,4300.491040009921,4164.6683194714,0.9684169274450557,kv
1048576,B200,B200x72,Qwen3-Coder-480B-A35B,12,6,72,TP12/DP6/EP72,0.9,6,1,2149.1835272020385,2082.3341597357,0.9688954588474034,kv
1048576,B200,B200x72,Qwen3-Coder-480B-A35B,12,6,72,TP12/DP6/EP72,0.95,6,1,2149.1835272020385,2082.3341597357,0.9688954588474034,kv
8192,B200,B200x72,Qwen3-Coder-480B-A35B,18,4,72,TP18/DP4/EP72,0.9,1684,421,275074.18409928173,247869.24538904903,0.9010996295442479,weight
8192,B200,B200x72,Qwen3-Coder-480B-A35B,18,4,72,TP18/DP4/EP72,0.95,1776,444,275074.18409928173,261410.79553970287,0.9503283501346409,weight
16384,B200,B200x72,Qwen3-Coder-480B-A35B,18,4,72,TP18/DP4/EP72,0.9,844,211,137537.09204964087,124231.37436685307,0.9032572414866427,weight
16384,B200,B200x72,Qwen3-Coder-480B-A35B,18,4,72,TP18/DP4/EP72,0.95,888,222,137537.09204964087,130706.81619311353,0.9503386631581384,weight
32768,B200,B200x72,Qwen3-Coder-480B-A35B,18,4,72,TP18/DP4/EP72,0.9,420,105,68768.54602482043,62092.32086480412,0.9029174594209585,weight
32768,B200,B200x72,Qwen3-Coder-480B-A35B,18,4,72,TP18/DP4/EP72,0.95,444,111,68768.54602482043,65563.97851601643,0.9534006796123422,weight
65536,B200,B200x72,Qwen3-Coder-480B-A35B,18,4,72,TP18/DP4/EP72,0.9,196,49,34383.59601234371,31273.215099863595,0.9095388128872999,weight
65536,B200,B200x72,Qwen3-Coder-480B-A35B,18,4,72,TP18/DP4/EP72,0.95,208,52,34383.59601234371,32794.92484088415,0.9537956655002221,weight
131072,B200,B200x72,Qwen3-Coder-480B-A35B,18,4,72,TP18/DP4/EP72,0.9,60,15,17191.11485463062,15864.75204126654,0.9228460268819151,weight
131072,B200,B200x72,Qwen3-Coder-480B-A35B,18,4,72,TP18/DP4/EP72,0.95,68,17,17191.11485463062,16684.526080888885,0.9705319417602937,weight
262144,B200,B200x72,Qwen3-Coder-480B-A35B,18,4,72,TP18/DP4/EP72,0.9,12,3,8595.55742731531,7936.433019572476,0.9233180147632727,kv
262144,B200,B200x72,Qwen3-Coder-480B-A35B,18,4,72,TP18/DP4/EP72,0.95,20,5,8595.55742731531,8208.073723918791,0.9549204683148113,kv
524288,B200,B200x72,Qwen3-Coder-480B-A35B,18,4,72,TP18/DP4/EP72,0.9,8,2,4297.074357080397,4052.0284910098103,0.942973789674638,kv
524288,B200,B200x72,Qwen3-Coder-480B-A35B,18,4,72,TP18/DP4/EP72,0.95,12,3,4297.074357080397,4139.457216135809,0.9633198944568231,kv
1048576,B200,B200x72,Qwen3-Coder-480B-A35B,18,4,72,TP18/DP4/EP72,0.9,4,1,2148.5371785401985,2026.0142455049051,0.942973789674638,kv
1048576,B200,B200x72,Qwen3-Coder-480B-A35B,18,4,72,TP18/DP4/EP72,0.95,8,2,2148.5371785401985,2092.3009075136947,0.9738257864056544,kv
8192,B200,B200x72,Qwen3-Coder-480B-A35B,24,3,72,TP24/DP3/EP72,0.9,1272,424,274900.4736399283,247511.55572788286,0.9003678766013326,weight
8192,B200,B200x72,Qwen3-Coder-480B-A35B,24,3,72,TP24/DP3/EP72,0.95,1344,448,274900.4736399283,261521.64372492605,0.9513320958023295,weight
16384,B200,B200x72,Qwen3-Coder-480B-A35B,24,3,72,TP24/DP3/EP72,0.9,636,212,137449.68290266985,123758.00184261685,0.9003876853630264,weight
16384,B200,B200x72,Qwen3-Coder-480B-A35B,24,3,72,TP24/DP3/EP72,0.95,672,224,137449.68290266985,130762.09163588705,0.9513451677329923,weight
32768,B200,B200x72,Qwen3-Coder-480B-A35B,24,3,72,TP24/DP3/EP72,0.9,318,106,68724.84145133493,62134.45300350989,0.9041047122314311,weight
32768,B200,B200x72,Qwen3-Coder-480B-A35B,24,3,72,TP24/DP3/EP72,0.95,336,112,68724.84145133493,65579.46583807257,0.9542323336534776,weight
65536,B200,B200x72,Qwen3-Coder-480B-A35B,24,3,72,TP24/DP3/EP72,0.9,147,49,34362.42072566746,30984.983316488157,0.9017113073568626,weight
65536,B200,B200x72,Qwen3-Coder-480B-A35B,24,3,72,TP24/DP3/EP72,0.95,159,53,34362.42072566746,33004.74656817743,0.9604895659613438,weight
131072,B200,B200x72,Qwen3-Coder-480B-A35B,24,3,72,TP24/DP3/EP72,0.9,45,15,17180.653633291997,15623.902567447478,0.9093892992040822,weight
131072,B200,B200x72,Qwen3-Coder-480B-A35B,24,3,72,TP24/DP3/EP72,0.95,51,17,17180.653633291997,16449.224667221686,0.957427174676697,weight
262144,B200,B200x72,Qwen3-Coder-480B-A35B,24,3,72,TP24/DP3/EP72,0.9,12,4,8590.326816645998,7871.6119225774455,0.9163343945569271,kv
262144,B200,B200x72,Qwen3-Coder-480B-A35B,24,3,72,TP24/DP3/EP72,0.95,21,7,8590.326816645998,8188.242901508811,0.9531934088516812,kv
524288,B200,B200x72,Qwen3-Coder-480B-A35B,24,3,72,TP24/DP3/EP72,0.9,6,2,4294.593885507509,3935.8059612887228,0.9164559132285945,kv
524288,B200,B200x72,Qwen3-Coder-480B-A35B,24,3,72,TP24/DP3/EP72,0.95,12,4,4294.593885507509,4121.753973981164,0.9597540731128014,kv
1048576,B200,B200x72,Qwen3-Coder-480B-A35B,24,3,72,TP24/DP3/EP72,0.9,3,1,2146.6948116191893,1967.9029806443614,0.9167129719571221,kv
1048576,B200,B200x72,Qwen3-Coder-480B-A35B,24,3,72,TP24/DP3/EP72,0.95,6,2,2146.6948116191893,2060.876986990582,0.9600232766371306,kv
8192,B200,B200x72,Qwen3-Coder-480B-A35B,36,2,72,TP36/DP2/EP72,0.9,864,432,274656.1964137449,247599.86019191227,0.9014901663420888,weight
8192,B200,B200x72,Qwen3-Coder-480B-A35B,36,2,72,TP36/DP2/EP72,0.95,912,456,274656.1964137449,261355.40793932506,0.9515729532117186,weight
16384,B200,B200x72,Qwen3-Coder-480B-A35B,36,2,72,TP36/DP2/EP72,0.9,432,216,137328.09820687244,123801.70926389053,0.9015031219422728,weight
16384,B200,B200x72,Qwen3-Coder-480B-A35B,36,2,72,TP36/DP2/EP72,0.95,456,228,137328.09820687244,130678.71877212613,0.951580342831737,weight
32768,B200,B200x72,Qwen3-Coder-480B-A35B,36,2,72,TP36/DP2/EP72,0.9,216,108,68664.04910343622,62127.281020026785,0.9048007193172896,weight
32768,B200,B200x72,Qwen3-Coder-480B-A35B,36,2,72,TP36/DP2/EP72,0.95,228,114,68664.04910343622,65515.06192674523,0.9541392152398801,weight
65536,B200,B200x72,Qwen3-Coder-480B-A35B,36,2,72,TP36/DP2/EP72,0.9,102,51,34331.61054311613,31366.36743401815,0.9136293619149032,weight
65536,B200,B200x72,Qwen3-Coder-480B-A35B,36,2,72,TP36/DP2/EP72,0.95,108,54,34331.61054311613,32868.908520128505,0.9573948906023312,weight
131072,B200,B200x72,Qwen3-Coder-480B-A35B,36,2,72,TP36/DP2/EP72,0.9,32,16,17165.805271558063,15542.795066985094,0.9054509719236926,weight
131072,B200,B200x72,Qwen3-Coder-480B-A35B,36,2,72,TP36/DP2/EP72,0.95,44,22,17165.805271558063,16309.71833914239,0.9501283558287755,kv
262144,B200,B200x72,Qwen3-Coder-480B-A35B,36,2,72,TP36/DP2/EP72,0.9,12,6,8582.902635779032,7782.029137065767,0.9066896675054065,kv
262144,B200,B200x72,Qwen3-Coder-480B-A35B,36,2,72,TP36/DP2/EP72,0.95,22,11,8582.902635779032,8154.859169571195,0.9501283558287755,kv
524288,B200,B200x72,Qwen3-Coder-480B-A35B,36,2,72,TP36/DP2/EP72,0.9,6,3,4291.03167539151,3891.0145685328835,0.9067783374444259,kv
524288,B200,B200x72,Qwen3-Coder-480B-A35B,36,2,72,TP36/DP2/EP72,0.95,12,6,4291.03167539151,4097.058223069773,0.954795613969911,kv
1048576,B200,B200x72,Qwen3-Coder-480B-A35B,36,2,72,TP36/DP2/EP72,0.9,4,2,2145.080589492082,1995.689529876396,0.9303564349295338,kv
1048576,B200,B200x72,Qwen3-Coder-480B-A35B,36,2,72,TP36/DP2/EP72,0.95,6,3,2145.080589492082,2048.5291115348864,0.954989347052897,kv
8192,B200,B200x72,Qwen3-Coder-480B-A35B,72,1,72,TP72/DP1/EP72,0.9,456,456,273451.7963257151,246180.49655845403,0.9002701750959516,weight
8192,B200,B200x72,Qwen3-Coder-480B-A35B,72,1,72,TP72/DP1/EP72,0.95,779,779,273451.7963257151,259782.68778576225,0.9500127308592582,kv
16384,B200,B200x72,Qwen3-Coder-480B-A35B,72,1,72,TP72/DP1/EP72,0.9,229,229,137118.1861260236,123630.97690068537,0.9016380714594467,weight
16384,B200,B200x72,Qwen3-Coder-480B-A35B,72,1,72,TP72/DP1/EP72,0.95,409,409,137118.1861260236,130274.73797014216,0.9500908789036072,kv
32768,B200,B200x72,Qwen3-Coder-480B-A35B,72,1,72,TP72/DP1/EP72,0.9,115,115,68558.8479714966,62234.77859250421,0.9077570646808182,weight
32768,B200,B200x72,Qwen3-Coder-480B-A35B,72,1,72,TP72/DP1/EP72,0.95,205,205,68558.8479714966,65146.73698440785,0.9502309171165284,kv
65536,B200,B200x72,Qwen3-Coder-480B-A35B,72,1,72,TP72/DP1/EP72,0.9,55,55,34279.4239857483,30998.61300920197,0.9042921206053425,kv
65536,B200,B200x72,Qwen3-Coder-480B-A35B,72,1,72,TP72/DP1/EP72,0.95,103,103,34279.4239857483,32582.67227207693,0.9505023271576327,kv
131072,B200,B200x72,Qwen3-Coder-480B-A35B,72,1,72,TP72/DP1/EP72,0.9,27,27,17139.71199287415,15469.420971248563,0.902548477925416,kv
131072,B200,B200x72,Qwen3-Coder-480B-A35B,72,1,72,TP72/DP1/EP72,0.95,52,52,17139.71199287415,16300.51351281506,0.9510377723728388,kv
262144,B200,B200x72,Qwen3-Coder-480B-A35B,72,1,72,TP72/DP1/EP72,0.9,14,14,8569.610082351908,7764.11713077396,0.9060058808000185,kv
262144,B200,B200x72,Qwen3-Coder-480B-A35B,72,1,72,TP72/DP1/EP72,0.95,26,26,8569.610082351908,8150.25675640753,0.9510650634142636,kv
524288,B200,B200x72,Qwen3-Coder-480B-A35B,72,1,72,TP72/DP1/EP72,0.9,7,7,4284.805041175954,3882.05856538698,0.9060058808000185,kv
524288,B200,B200x72,Qwen3-Coder-480B-A35B,72,1,72,TP72/DP1/EP72,0.95,13,13,4284.805041175954,4075.128378203765,0.9510650634142636,kv
1048576,B200,B200x72,Qwen3-Coder-480B-A35B,72,1,72,TP72/DP1/EP72,0.9,4,4,2142.152894065767,1966.2592080179127,0.9178892942071882,kv
1048576,B200,B200x72,Qwen3-Coder-480B-A35B,72,1,72,TP72/DP1/EP72,0.95,7,7,2142.152894065767,2046.0439970196376,0.95513443633628,kv
8192,B200,B200x72,DeepSeek-V3/R1-671B,1,72,72,TP1/DP72/EP72,0.9,12888,179,85559.94449675428,77081.32920830316,0.9009043853602223,weight
8192,B200,B200x72,DeepSeek-V3/R1-671B,1,72,72,TP1/DP72/EP72,0.95,13608,189,85559.94449675428,81313.94666406541,0.9503739996833456,weight
16384,B200,B200x72,DeepSeek-V3/R1-671B,1,72,72,TP1/DP72/EP72,0.9,6336,88,44355.20295175259,40163.7099572337,0.9055016612351389,weight
16384,B200,B200x72,DeepSeek-V3/R1-671B,1,72,72,TP1/DP72/EP72,0.95,6768,94,44355.20295175259,42435.48032329133,0.956719336161094,weight
32768,B200,B200x72,DeepSeek-V3/R1-671B,1,72,72,TP1/DP72/EP72,0.9,2952,41,26475.471625633025,23945.650444439845,0.9044466056368999,weight
32768,B200,B200x72,DeepSeek-V3/R1-671B,1,72,72,TP1/DP72/EP72,0.95,3240,45,26475.471625633025,25197.614067652805,0.9517342853774501,weight
65536,B200,B200x72,DeepSeek-V3/R1-671B,1,72,72,TP1/DP72/EP72,0.9,1296,18,18894.75416254456,17178.6964397823,0.9091780867853769,weight
65536,B200,B200x72,DeepSeek-V3/R1-671B,1,72,72,TP1/DP72/EP72,0.95,1512,21,18894.75416254456,18036.697969590437,0.9545875968762239,weight
131072,B200,B200x72,DeepSeek-V3/R1-671B,1,72,72,TP1/DP72/EP72,0.9,576,8,15409.135935879669,14066.915847032527,0.9128945260504954,weight
131072,B200,B200x72,DeepSeek-V3/R1-671B,1,72,72,TP1/DP72/EP72,0.95,720,10,15409.135935879669,14769.569416887789,0.9584943294904246,weight
262144,B200,B200x72,DeepSeek-V3/R1-671B,1,72,72,TP1/DP72/EP72,0.9,288,4,13237.749736547312,12113.176085213792,0.9150479746396208,weight
262144,B200,B200x72,DeepSeek-V3/R1-671B,1,72,72,TP1/DP72/EP72,0.95,360,5,13237.749736547312,12732.024794769486,0.9617967591288118,weight
524288,B200,B200x72,DeepSeek-V3/R1-671B,1,72,72,TP1/DP72/EP72,0.9,216,3,11290.441760228245,11290.441760228245,1.0,weight
524288,B200,B200x72,DeepSeek-V3/R1-671B,1,72,72,TP1/DP72/EP72,0.95,216,3,11290.441760228245,11290.441760228245,1.0,weight
1048576,B200,B200x72,DeepSeek-V3/R1-671B,1,72,72,TP1/DP72/EP72,0.9,72,1,7669.487492804316,7669.487492804316,1.0,weight
1048576,B200,B200x72,DeepSeek-V3/R1-671B,1,72,72,TP1/DP72/EP72,0.95,72,1,7669.487492804316,7669.487492804316,1.0,weight
8192,B200,B200x72,DeepSeek-V3/R1-671B,2,36,72,TP2/DP36/EP72,0.9,14904,414,196929.61418053592,177623.04677552482,0.9019620919618939,weight
8192,B200,B200x72,DeepSeek-V3/R1-671B,2,36,72,TP2/DP36/EP72,0.95,15732,437,196929.61418053592,187490.8085726312,0.9520701563998818,weight
16384,B200,B200x72,DeepSeek-V3/R1-671B,2,36,72,TP2/DP36/EP72,0.9,7416,206,98316.88173795439,88506.82620567628,0.9002200297765238,weight
16384,B200,B200x72,DeepSeek-V3/R1-671B,2,36,72,TP2/DP36/EP72,0.95,7848,218,98316.88173795439,93620.77862432654,0.9522350278953675,weight
32768,B200,B200x72,DeepSeek-V3/R1-671B,2,36,72,TP2/DP36/EP72,0.9,3672,102,50221.744146096135,45500.867853969,0.9059993560081465,weight
32768,B200,B200x72,DeepSeek-V3/R1-671B,2,36,72,TP2/DP36/EP72,0.95,3888,108,50221.744146096135,47847.6518279335,0.9527278003078438,weight
65536,B200,B200x72,DeepSeek-V3/R1-671B,2,36,72,TP2/DP36/EP72,0.9,1764,49,29095.242811287982,26463.5560622378,0.9095492425988906,weight
65536,B200,B200x72,DeepSeek-V3/R1-671B,2,36,72,TP2/DP36/EP72,0.95,1908,53,29095.242811287982,27766.850679385872,0.954343322015971,weight
131072,B200,B200x72,DeepSeek-V3/R1-671B,2,36,72,TP2/DP36/EP72,0.9,792,22,20036.989849536858,18309.636965659258,0.9137917972285878,weight
131072,B200,B200x72,DeepSeek-V3/R1-671B,2,36,72,TP2/DP36/EP72,0.95,900,25,20036.989849536858,19169.654496169995,0.9567132907747162,weight
262144,B200,B200x72,DeepSeek-V3/R1-671B,2,36,72,TP2/DP36/EP72,0.9,324,9,15999.51144178082,14409.62862241476,0.9006292895160367,weight
262144,B200,B200x72,DeepSeek-V3/R1-671B,2,36,72,TP2/DP36/EP72,0.95,432,12,15999.51144178082,15392.664570547518,0.96207091238745,weight
524288,B200,B200x72,DeepSeek-V3/R1-671B,2,36,72,TP2/DP36/EP72,0.9,180,5,13652.423944891834,12705.06459519529,0.9306087070310319,weight
524288,B200,B200x72,DeepSeek-V3/R1-671B,2,36,72,TP2/DP36/EP72,0.95,216,6,13652.423944891834,13213.455789201149,0.9678468704559289,weight
1048576,B200,B200x72,DeepSeek-V3/R1-671B,2,36,72,TP2/DP36/EP72,0.9,36,1,7800.065612071911,7620.781254043248,0.9770150192389163,weight
1048576,B200,B200x72,DeepSeek-V3/R1-671B,2,36,72,TP2/DP36/EP72,0.95,36,1,7800.065612071911,7620.781254043248,0.9770150192389163,weight
8192,B200,B200x72,DeepSeek-V3/R1-671B,4,18,72,TP4/DP18/EP72,0.9,15840,880,418723.30652970175,377150.98234021396,0.900716479018015,weight
8192,B200,B200x72,DeepSeek-V3/R1-671B,4,18,72,TP4/DP18/EP72,0.95,16722,929,418723.30652970175,398151.43476575107,0.9508700102355266,weight
16384,B200,B200x72,DeepSeek-V3/R1-671B,4,18,72,TP4/DP18/EP72,0.9,7920,440,209147.40094650886,188575.64849495096,0.9016399326099238,weight
16384,B200,B200x72,DeepSeek-V3/R1-671B,4,18,72,TP4/DP18/EP72,0.95,8352,464,209147.40094650886,198861.5044881585,0.9508198695666266,weight
32768,B200,B200x72,DeepSeek-V3/R1-671B,4,18,72,TP4/DP18/EP72,0.9,3960,220,104617.67824861924,94372.77738948792,0.9020729476065721,weight
32768,B200,B200x72,DeepSeek-V3/R1-671B,4,18,72,TP4/DP18/EP72,0.95,4176,232,104617.67824861924,99491.95747986833,0.9510052138934888,weight
65536,B200,B200x72,DeepSeek-V3/R1-671B,4,18,72,TP4/DP18/EP72,0.9,1962,109,53366.420185706156,48188.19775624763,0.9029685256863926,weight
65536,B200,B200x72,DeepSeek-V3/R1-671B,4,18,72,TP4/DP18/EP72,0.95,2088,116,53366.420185706156,50962.649060049334,0.9549572349561372,weight
131072,B200,B200x72,DeepSeek-V3/R1-671B,4,18,72,TP4/DP18/EP72,0.9,936,52,30410.096637458137,27402.502357119498,0.901098825294952,weight
131072,B200,B200x72,DeepSeek-V3/R1-671B,4,18,72,TP4/DP18/EP72,0.95,1026,57,30410.096637458137,29058.161483918502,0.9555432141614977,weight
262144,B200,B200x72,DeepSeek-V3/R1-671B,4,18,72,TP4/DP18/EP72,0.9,414,23,20585.457659350348,18558.242712990505,0.9015219880020963,weight
262144,B200,B200x72,DeepSeek-V3/R1-671B,4,18,72,TP4/DP18/EP72,0.95,486,27,20585.457659350348,19710.808001854366,0.95751128432655,weight
524288,B200,B200x72,DeepSeek-V3/R1-671B,4,18,72,TP4/DP18/EP72,0.9,162,9,15579.87721339507,14352.181509782136,0.9211999114757207,weight
524288,B200,B200x72,DeepSeek-V3/R1-671B,4,18,72,TP4/DP18/EP72,0.95,198,11,15579.87721339507,15026.220028165759,0.9644633152337494,weight
1048576,B200,B200x72,DeepSeek-V3/R1-671B,4,18,72,TP4/DP18/EP72,0.9,18,1,7788.012633990013,7478.304938818823,0.9602327692921939,weight
1048576,B200,B200x72,DeepSeek-V3/R1-671B,4,18,72,TP4/DP18/EP72,0.95,18,1,7788.012633990013,7478.304938818823,0.9602327692921939,weight
8192,B200,B200x72,DeepSeek-V3/R1-671B,8,9,72,TP8/DP9/EP72,0.9,16317,1813,860702.2504971207,774802.9692906056,0.9001986097318768,weight
8192,B200,B200x72,DeepSeek-V3/R1-671B,8,9,72,TP8/DP9/EP72,0.95,17226,1914,860702.2504971207,817966.2896978594,0.9503475670307845,weight
16384,B200,B200x72,DeepSeek-V3/R1-671B,8,9,72,TP8/DP9/EP72,0.9,8163,907,430351.1252485658,387615.16444941645,0.9006951340618302,weight
16384,B200,B200x72,DeepSeek-V3/R1-671B,8,9,72,TP8/DP9/EP72,0.95,8613,957,430351.1252485658,408983.144848955,0.9503475670308311,weight
32768,B200,B200x72,DeepSeek-V3/R1-671B,8,9,72,TP8/DP9/EP72,0.9,4077,453,214961.9070178985,193594.00901083153,0.9005968159498705,weight
32768,B200,B200x72,DeepSeek-V3/R1-671B,8,9,72,TP8/DP9/EP72,0.95,4302,478,214961.9070178985,204277.943476169,0.9502983403434361,weight
65536,B200,B200x72,DeepSeek-V3/R1-671B,8,9,72,TP8/DP9/EP72,0.9,2034,226,107303.29223053077,96655.04924877085,0.90076499275639,weight
65536,B200,B200x72,DeepSeek-V3/R1-671B,8,9,72,TP8/DP9/EP72,0.95,2151,239,107303.29223053077,102189.17166740596,0.9523395745198794,weight
131072,B200,B200x72,DeepSeek-V3/R1-671B,8,9,72,TP8/DP9/EP72,0.9,1008,112,54417.937492948935,49228.37475662497,0.9046350711657092,weight
131072,B200,B200x72,DeepSeek-V3/R1-671B,8,9,72,TP8/DP9/EP72,0.95,1071,119,54417.937492948935,52009.770559043674,0.9557468172288358,weight
262144,B200,B200x72,DeepSeek-V3/R1-671B,8,9,72,TP8/DP9/EP72,0.9,477,53,30650.436056684546,27634.139308033442,0.9015904131649938,weight
262144,B200,B200x72,DeepSeek-V3/R1-671B,8,9,72,TP8/DP9/EP72,0.95,522,58,30650.436056684546,29294.920147401717,0.955774987775836,weight
524288,B200,B200x72,DeepSeek-V3/R1-671B,8,9,72,TP8/DP9/EP72,0.9,81,9,15555.55498462766,14201.205012011751,0.9129346414220316,weight
524288,B200,B200x72,DeepSeek-V3/R1-671B,8,9,72,TP8/DP9/EP72,0.95,99,11,15555.55498462766,14890.614182672809,0.957253804019724,weight
1048576,B200,B200x72,DeepSeek-V3/R1-671B,8,9,72,TP8/DP9/EP72,0.9,9,1,7776.476767454229,7123.176371873115,0.9159901823001287,weight
1048576,B200,B200x72,DeepSeek-V3/R1-671B,8,9,72,TP8/DP9/EP72,0.95,18,2,7776.476767454229,7522.96731830409,0.9674004749540158,kv
8192,B200,B200x72,DeepSeek-V3/R1-671B,12,6,72,TP12/DP6/EP72,0.9,12612,2102,994728.870582287,895277.8185353647,0.9000219507163733,weight
8192,B200,B200x72,DeepSeek-V3/R1-671B,12,6,72,TP12/DP6/EP72,0.95,13314,2219,994728.870582287,945110.123372966,0.9501183199998251,weight
16384,B200,B200x72,DeepSeek-V3/R1-671B,12,6,72,TP12/DP6/EP72,0.9,6306,1051,497363.48229489155,447638.90926768375,0.9000236752449677,weight
16384,B200,B200x72,DeepSeek-V3/R1-671B,12,6,72,TP12/DP6/EP72,0.95,6660,1110,497363.48229489155,472768.02025416517,0.9505483154347397,weight
32768,B200,B200x72,DeepSeek-V3/R1-671B,12,6,72,TP12/DP6/EP72,0.9,3156,526,248680.78721869254,224032.4253109345,0.9008835295101345,weight
32768,B200,B200x72,DeepSeek-V3/R1-671B,12,6,72,TP12/DP6/EP72,0.95,3330,555,248680.78721869254,236384.0152153508,0.9505519821580434,weight
65536,B200,B200x72,DeepSeek-V3/R1-671B,12,6,72,TP12/DP6/EP72,0.9,1578,263,124340.39360934627,112041.8225900397,0.9010894958403757,weight
65536,B200,B200x72,DeepSeek-V3/R1-671B,12,6,72,TP12/DP6/EP72,0.95,1668,278,124340.39360934627,118421.78023478527,0.9523999144384555,weight
131072,B200,B200x72,DeepSeek-V3/R1-671B,12,6,72,TP12/DP6/EP72,0.9,780,130,62169.23975640061,56246.364250750106,0.9047298064306679,weight
131072,B200,B200x72,DeepSeek-V3/R1-671B,12,6,72,TP12/DP6/EP72,0.95,822,137,62169.23975640061,59088.47978785616,0.9504455904460811,weight
262144,B200,B200x72,DeepSeek-V3/R1-671B,12,6,72,TP12/DP6/EP72,0.9,330,55,31084.619878200305,28179.0126576733,0.9065258886255606,weight
262144,B200,B200x72,DeepSeek-V3/R1-671B,12,6,72,TP12/DP6/EP72,0.95,360,60,31084.619878200305,29851.579781880253,0.9603327915492772,weight
524288,B200,B200x72,DeepSeek-V3/R1-671B,12,6,72,TP12/DP6/EP72,0.9,54,9,15541.340239554856,14025.81702146179,0.9024843935765687,weight
524288,B200,B200x72,DeepSeek-V3/R1-671B,12,6,72,TP12/DP6/EP72,0.95,72,12,15541.340239554856,15062.441372450045,0.9691854846671494,weight
1048576,B200,B200x72,DeepSeek-V3/R1-671B,12,6,72,TP12/DP6/EP72,0.9,12,2,7769.668991064428,7305.2060460436915,0.9402210125611662,kv
1048576,B200,B200x72,DeepSeek-V3/R1-671B,12,6,72,TP12/DP6/EP72,0.95,18,3,7769.668991064428,7468.19243623803,0.9611982756056772,kv
8192,B200,B200x72,DeepSeek-V3/R1-671B,18,4,72,TP18/DP4/EP72,0.9,8444,2111,992990.1245192098,894027.7791729907,0.9003390437602437,weight
8192,B200,B200x72,DeepSeek-V3/R1-671B,18,4,72,TP18/DP4/EP72,0.95,8912,2228,992990.1245192098,943578.34770129,0.9502394076256859,weight
16384,B200,B200x72,DeepSeek-V3/R1-671B,18,4,72,TP18/DP4/EP72,0.9,4224,1056,496912.22009795683,447225.64415285684,0.9000093498700732,weight
16384,B200,B200x72,DeepSeek-V3/R1-671B,18,4,72,TP18/DP4/EP72,0.95,4460,1115,496912.22009795683,472212.6829833657,0.9502939631677361,weight
32768,B200,B200x72,DeepSeek-V3/R1-671B,18,4,72,TP18/DP4/EP72,0.9,2112,528,248455.3817355196,223612.83335541154,0.9000120335225706,weight
32768,B200,B200x72,DeepSeek-V3/R1-671B,18,4,72,TP18/DP4/EP72,0.95,2232,558,248455.3817355196,236318.1006566014,0.9511490514146387,weight
65536,B200,B200x72,DeepSeek-V3/R1-671B,18,4,72,TP18/DP4/EP72,0.9,1056,264,124226.96161074562,111831.03980768246,0.900215527753913,weight
65536,B200,B200x72,DeepSeek-V3/R1-671B,18,4,72,TP18/DP4/EP72,0.95,1116,279,124226.96161074562,118175.21328098206,0.9512847432530291,weight
131072,B200,B200x72,DeepSeek-V3/R1-671B,18,4,72,TP18/DP4/EP72,0.9,520,130,62112.74965553352,55923.356163300436,0.9003522863412362,weight
131072,B200,B200x72,DeepSeek-V3/R1-671B,18,4,72,TP18/DP4/EP72,0.95,552,138,62112.74965553352,59155.8039814689,0.952393901566694,weight
262144,B200,B200x72,DeepSeek-V3/R1-671B,18,4,72,TP18/DP4/EP72,0.9,220,55,31055.63986927057,27987.58811288992,0.9012079039654091,weight
262144,B200,B200x72,DeepSeek-V3/R1-671B,18,4,72,TP18/DP4/EP72,0.95,240,60,31055.63986927057,29654.62002513975,0.9548867822389606,weight
524288,B200,B200x72,DeepSeek-V3/R1-671B,18,4,72,TP18/DP4/EP72,0.9,40,10,15527.077265592045,14117.469421038788,0.9092161505709163,weight
524288,B200,B200x72,DeepSeek-V3/R1-671B,18,4,72,TP18/DP4/EP72,0.95,48,12,15527.077265592045,14814.207178969695,0.9540885850937273,weight
1048576,B200,B200x72,DeepSeek-V3/R1-671B,18,4,72,TP18/DP4/EP72,0.9,12,3,7762.780159805518,7227.988154830384,0.9311081862469576,kv
1048576,B200,B200x72,DeepSeek-V3/R1-671B,18,4,72,TP18/DP4/EP72,0.95,20,5,7762.780159805518,7452.611109563981,0.9600440764962603,kv
8192,B200,B200x72,DeepSeek-V3/R1-671B,24,3,72,TP24/DP3/EP72,0.9,6348,2116,989493.7962042197,890647.6021027985,0.9001042811176752,weight
8192,B200,B200x72,DeepSeek-V3/R1-671B,24,3,72,TP24/DP3/EP72,0.95,6702,2234,989493.7962042197,940315.0959818771,0.950299132333122,weight
16384,B200,B200x72,DeepSeek-V3/R1-671B,24,3,72,TP24/DP3/EP72,0.9,3186,1062,496591.04887955455,447007.44491170795,0.9001520384233248,weight
16384,B200,B200x72,DeepSeek-V3/R1-671B,24,3,72,TP24/DP3/EP72,0.95,3363,1121,496591.04887955455,471841.19185124646,0.9501604850023967,weight
32768,B200,B200x72,DeepSeek-V3/R1-671B,24,3,72,TP24/DP3/EP72,0.9,1593,531,248294.92869518383,223503.73264225127,0.9001542392218281,weight
32768,B200,B200x72,DeepSeek-V3/R1-671B,24,3,72,TP24/DP3/EP72,0.95,1683,561,248294.92869518383,236131.0555599999,0.951010384307459,weight
65536,B200,B200x72,DeepSeek-V3/R1-671B,24,3,72,TP24/DP3/EP72,0.9,798,266,124147.46434759191,111985.32012665969,0.9020346949102377,weight
65536,B200,B200x72,DeepSeek-V3/R1-671B,24,3,72,TP24/DP3/EP72,0.95,843,281,124147.46434759191,118291.07360887605,0.952827141742348,weight
131072,B200,B200x72,DeepSeek-V3/R1-671B,24,3,72,TP24/DP3/EP72,0.9,393,131,62073.73217379596,55975.02398080593,0.9017505798440687,weight
131072,B200,B200x72,DeepSeek-V3/R1-671B,24,3,72,TP24/DP3/EP72,0.95,417,139,62073.73217379596,59192.12388533939,0.9535776537426724,weight
262144,B200,B200x72,DeepSeek-V3/R1-671B,24,3,72,TP24/DP3/EP72,0.9,168,56,31036.268609894632,28110.909850777876,0.9057438638682188,weight
262144,B200,B200x72,DeepSeek-V3/R1-671B,24,3,72,TP24/DP3/EP72,0.95,183,61,31036.268609894632,29778.918049342527,0.9594877020702401,weight
524288,B200,B200x72,DeepSeek-V3/R1-671B,24,3,72,TP24/DP3/EP72,0.9,33,11,15518.134304947316,14201.428003405008,0.9151504764897845,weight
524288,B200,B200x72,DeepSeek-V3/R1-671B,24,3,72,TP24/DP3/EP72,0.95,39,13,15518.134304947316,14817.00329030039,0.9548186012010864,kv
1048576,B200,B200x72,DeepSeek-V3/R1-671B,24,3,72,TP24/DP3/EP72,0.9,12,4,7759.067152473658,7174.183818527355,0.9246193746680182,kv
1048576,B200,B200x72,DeepSeek-V3/R1-671B,24,3,72,TP24/DP3/EP72,0.95,18,6,7759.067152473658,7376.3787430123775,0.950678554271917,kv
8192,B200,B200x72,DeepSeek-V3/R1-671B,36,2,72,TP36/DP2/EP72,0.9,4256,2128,981974.0681651612,883904.9768030555,0.900130670919498,weight
8192,B200,B200x72,DeepSeek-V3/R1-671B,36,2,72,TP36/DP2/EP72,0.95,4492,2246,981974.0681651612,932918.5046520971,0.9500439318069515,weight
16384,B200,B200x72,DeepSeek-V3/R1-671B,36,2,72,TP36/DP2/EP72,0.9,2148,1074,495593.9637882674,446106.17720229464,0.9001444928673195,weight
16384,B200,B200x72,DeepSeek-V3/R1-671B,36,2,72,TP36/DP2/EP72,0.95,2268,1134,495593.9637882674,471028.3100068915,0.9504318947034813,weight
32768,B200,B200x72,DeepSeek-V3/R1-671B,36,2,72,TP36/DP2/EP72,0.9,1076,538,248068.1026831603,223468.46552903566,0.9008351461229822,weight
32768,B200,B200x72,DeepSeek-V3/R1-671B,36,2,72,TP36/DP2/EP72,0.95,1136,568,248068.1026831603,235929.52716141965,0.9510675681780644,weight
65536,B200,B200x72,DeepSeek-V3/R1-671B,36,2,72,TP36/DP2/EP72,0.9,538,269,124034.05134158015,111754.82443241378,0.9010011623715303,weight
65536,B200,B200x72,DeepSeek-V3/R1-671B,36,2,72,TP36/DP2/EP72,0.95,568,284,124034.05134158015,117978.26673215418,0.9511764346651161,weight
131072,B200,B200x72,DeepSeek-V3/R1-671B,36,2,72,TP36/DP2/EP72,0.9,266,133,62016.58121122474,56018.61045706168,0.9032844017354918,weight
131072,B200,B200x72,DeepSeek-V3/R1-671B,36,2,72,TP36/DP2/EP72,0.95,282,141,62016.58121122474,59201.97257028954,0.9546152240906539,weight
262144,B200,B200x72,DeepSeek-V3/R1-671B,36,2,72,TP36/DP2/EP72,0.9,114,57,31007.84500220245,27998.839065893004,0.9029598498026637,weight
262144,B200,B200x72,DeepSeek-V3/R1-671B,36,2,72,TP36/DP2/EP72,0.95,124,62,31007.84500220245,29659.982802031584,0.9565315745071891,weight
524288,B200,B200x72,DeepSeek-V3/R1-671B,36,2,72,TP36/DP2/EP72,0.9,24,12,15503.47459621734,14013.654836270682,0.9039041377014829,weight
524288,B200,B200x72,DeepSeek-V3/R1-671B,36,2,72,TP36/DP2/EP72,0.95,40,20,15503.47459621734,14740.44006801187,0.9507829987742463,kv
1048576,B200,B200x72,DeepSeek-V3/R1-671B,36,2,72,TP36/DP2/EP72,0.9,12,6,7751.73729810867,7099.696843118025,0.9158846036810696,kv
1048576,B200,B200x72,DeepSeek-V3/R1-671B,36,2,72,TP36/DP2/EP72,0.95,20,10,7751.73729810867,7370.220034005935,0.9507829987742463,kv
8192,B200,B200x72,DeepSeek-V3/R1-671B,72,1,72,TP72/DP1/EP72,0.9,2167,2167,957291.5110362525,861613.9519650063,0.9000538937531403,weight
8192,B200,B200x72,DeepSeek-V3/R1-671B,72,1,72,TP72/DP1/EP72,0.95,2288,2288,957291.5110362525,909724.3756787884,0.9503107101555999,weight
16384,B200,B200x72,DeepSeek-V3/R1-671B,72,1,72,TP72/DP1/EP72,0.9,1108,1108,489227.7240054292,440548.34276752535,0.9004975007561844,weight
16384,B200,B200x72,DeepSeek-V3/R1-671B,72,1,72,TP72/DP1/EP72,0.95,1212,1212,489227.7240054292,464777.11804655724,0.9500220352217803,kv
32768,B200,B200x72,DeepSeek-V3/R1-671B,72,1,72,TP72/DP1/EP72,0.9,560,560,247348.06511669277,222659.81604659144,0.9001882264231418,weight
32768,B200,B200x72,DeepSeek-V3/R1-671B,72,1,72,TP72/DP1/EP72,0.95,718,718,247348.06511669277,234990.43761065186,0.9500395222408112,kv
65536,B200,B200x72,DeepSeek-V3/R1-671B,72,1,72,TP72/DP1/EP72,0.9,281,281,123838.94893269465,111740.98029924885,0.9023088556733396,weight
65536,B200,B200x72,DeepSeek-V3/R1-671B,72,1,72,TP72/DP1/EP72,0.95,367,367,123838.94893269465,117650.58083412441,0.9500289032497073,kv
131072,B200,B200x72,DeepSeek-V3/R1-671B,72,1,72,TP72/DP1/EP72,0.9,139,139,61919.21178772166,55878.64400552729,0.9024443689156878,weight
131072,B200,B200x72,DeepSeek-V3/R1-671B,72,1,72,TP72/DP1/EP72,0.95,184,184,61919.21178772166,58834.77712313466,0.9501861445658999,kv
262144,B200,B200x72,DeepSeek-V3/R1-671B,72,1,72,TP72/DP1/EP72,0.9,61,61,30959.60589386083,27883.45623128319,0.9006398959623828,weight
262144,B200,B200x72,DeepSeek-V3/R1-671B,72,1,72,TP72/DP1/EP72,0.95,92,92,30959.60589386083,29417.38856156733,0.9501861445658999,kv
524288,B200,B200x72,DeepSeek-V3/R1-671B,72,1,72,TP72/DP1/EP72,0.9,24,24,15479.539707780323,13951.760511094655,0.9013033187338396,kv
524288,B200,B200x72,DeepSeek-V3/R1-671B,72,1,72,TP72/DP1/EP72,0.95,46,46,15479.539707780323,14708.694280783666,0.9502023030691789,kv
1048576,B200,B200x72,DeepSeek-V3/R1-671B,72,1,72,TP72/DP1/EP72,0.9,12,12,7739.769853890161,6975.880255547328,0.9013033187338396,kv
1048576,B200,B200x72,DeepSeek-V3/R1-671B,72,1,72,TP72/DP1/EP72,0.95,23,23,7739.769853890161,7354.347140391833,0.9502023030691789,kv
8192,B200,B200x72,Kimi-K2-1T-A32B,1,72,72,TP1/DP72/EP72,0.9,12960,180,57220.4196015472,51660.684382618376,0.9028365178437369,weight
8192,B200,B200x72,Kimi-K2-1T-A32B,1,72,72,TP1/DP72/EP72,0.95,13752,191,57220.4196015472,54559.92265125422,0.9535044138295512,weight
16384,B200,B200x72,Kimi-K2-1T-A32B,1,72,72,TP1/DP72/EP72,0.9,6192,86,31900.24554018387,28784.997090208966,0.9023440604539952,weight
16384,B200,B200x72,Kimi-K2-1T-A32B,1,72,72,TP1/DP72/EP72,0.95,6696,93,31900.24554018387,30326.45098549393,0.9506651272414981,weight
32768,B200,B200x72,Kimi-K2-1T-A32B,1,72,72,TP1/DP72/EP72,0.9,2808,39,21419.73138002703,19365.811212913224,0.9041108345070565,weight
32768,B200,B200x72,Kimi-K2-1T-A32B,1,72,72,TP1/DP72/EP72,0.95,3240,45,21419.73138002703,20475.02247246483,0.955895389591902,weight
65536,B200,B200x72,Kimi-K2-1T-A32B,1,72,72,TP1/DP72/EP72,0.9,1152,16,16863.197283538568,15262.895778757793,0.9051009439151287,weight
65536,B200,B200x72,Kimi-K2-1T-A32B,1,72,72,TP1/DP72/EP72,0.95,1512,21,16863.197283538568,16158.267544938753,0.9581971481002628,weight
131072,B200,B200x72,Kimi-K2-1T-A32B,1,72,72,TP1/DP72/EP72,0.9,432,6,14505.57318886438,13077.862374219994,0.9015750156125917,weight
131072,B200,B200x72,Kimi-K2-1T-A32B,1,72,72,TP1/DP72/EP72,0.95,648,9,14505.57318886438,13870.78500250576,0.9562383245326745,weight
262144,B200,B200x72,Kimi-K2-1T-A32B,1,72,72,TP1/DP72/EP72,0.9,288,4,13077.862374219994,12298.157268164648,0.9403797743282301,weight
262144,B200,B200x72,Kimi-K2-1T-A32B,1,72,72,TP1/DP72/EP72,0.95,360,5,13077.862374219994,12731.583940751547,0.973521786392931,weight
524288,B200,B200x72,Kimi-K2-1T-A32B,1,72,72,TP1/DP72/EP72,0.9,144,2,11703.011724815728,10754.397363147938,0.9189427145786504,weight
524288,B200,B200x72,Kimi-K2-1T-A32B,1,72,72,TP1/DP72/EP72,0.95,216,3,11703.011724815728,11703.011724815728,1.0,weight
1048576,B200,B200x72,Kimi-K2-1T-A32B,1,72,72,TP1/DP72/EP72,0.9,72,1,7817.002593493853,7817.002593493853,1.0,kv
1048576,B200,B200x72,Kimi-K2-1T-A32B,1,72,72,TP1/DP72/EP72,0.95,72,1,7817.002593493853,7817.002593493853,1.0,kv
8192,B200,B200x72,Kimi-K2-1T-A32B,2,36,72,TP2/DP36/EP72,0.9,14328,398,124003.08813265557,111674.19584314513,0.9005759253646871,weight
8192,B200,B200x72,Kimi-K2-1T-A32B,2,36,72,TP2/DP36/EP72,0.95,15120,420,124003.08813265557,117837.22687116504,0.9502765507348137,weight
16384,B200,B200x72,Kimi-K2-1T-A32B,2,36,72,TP2/DP36/EP72,0.9,7128,198,62585.76530251439,56406.58609190792,0.9012686162621995,weight
16384,B200,B200x72,Kimi-K2-1T-A32B,2,36,72,TP2/DP36/EP72,0.95,7560,210,62585.76530251439,59618.44202333068,0.9525878885583509,weight
32768,B200,B200x72,Kimi-K2-1T-A32B,2,36,72,TP2/DP36/EP72,0.9,3456,96,34192.52435042405,30988.72970970329,0.9063013128868028,weight
32768,B200,B200x72,Kimi-K2-1T-A32B,2,36,72,TP2/DP36/EP72,0.95,3708,103,34192.52435042405,32575.639425021905,0.9527123265649706,weight
65536,B200,B200x72,Kimi-K2-1T-A32B,2,36,72,TP2/DP36/EP72,0.9,1584,44,22376.024570733043,20280.54584259564,0.9063516076542834,weight
65536,B200,B200x72,Kimi-K2-1T-A32B,2,36,72,TP2/DP36/EP72,0.95,1800,50,22376.024570733043,21412.087360701167,0.956920979998714,weight
131072,B200,B200x72,Kimi-K2-1T-A32B,2,36,72,TP2/DP36/EP72,0.9,648,18,17206.51397232808,15613.440792289335,0.9074145301831177,weight
131072,B200,B200x72,Kimi-K2-1T-A32B,2,36,72,TP2/DP36/EP72,0.95,828,23,17206.51397232808,16501.183195308342,0.9590079211771735,weight
262144,B200,B200x72,Kimi-K2-1T-A32B,2,36,72,TP2/DP36/EP72,0.9,252,7,14687.356455080182,13350.778688268994,0.9089980711710117,weight
262144,B200,B200x72,Kimi-K2-1T-A32B,2,36,72,TP2/DP36/EP72,0.95,360,10,14687.356455080182,14076.38465112494,0.9584015131774163,weight
524288,B200,B200x72,Kimi-K2-1T-A32B,2,36,72,TP2/DP36/EP72,0.9,144,4,13054.151208537009,12266.728485647489,0.9396802817501785,weight
524288,B200,B200x72,Kimi-K2-1T-A32B,2,36,72,TP2/DP36/EP72,0.95,180,5,13054.151208537009,12704.625606194699,0.9732249460911919,weight
1048576,B200,B200x72,Kimi-K2-1T-A32B,2,36,72,TP2/DP36/EP72,0.9,36,1,7800.065612071911,7766.4108818227305,0.9956853272878763,kv
1048576,B200,B200x72,Kimi-K2-1T-A32B,2,36,72,TP2/DP36/EP72,0.95,36,1,7800.065612071911,7766.4108818227305,0.9956853272878763,kv
8192,B200,B200x72,Kimi-K2-1T-A32B,4,18,72,TP4/DP18/EP72,0.9,15012,834,259583.8836775037,233793.69689076452,0.9006479661935414,weight
8192,B200,B200x72,Kimi-K2-1T-A32B,4,18,72,TP4/DP18/EP72,0.95,15840,880,259583.8836775037,246688.78930301967,0.9503239793172046,weight
16384,B200,B200x72,Kimi-K2-1T-A32B,4,18,72,TP4/DP18/EP72,0.9,7506,417,129799.4316119081,116914.61563263033,0.9007328782624986,weight
16384,B200,B200x72,Kimi-K2-1T-A32B,4,18,72,TP4/DP18/EP72,0.95,7920,440,129799.4316119081,123355.94613825745,0.9503581379854092,weight
32768,B200,B200x72,Kimi-K2-1T-A32B,4,18,72,TP4/DP18/EP72,0.9,3726,207,65253.64693616815,58771.10413707861,0.9006562375673679,weight
32768,B200,B200x72,Kimi-K2-1T-A32B,4,18,72,TP4/DP18/EP72,0.95,3942,219,65253.64693616815,62000.849226644496,0.9501514802275254,weight
65536,B200,B200x72,Kimi-K2-1T-A32B,4,18,72,TP4/DP18/EP72,0.9,1800,100,35337.695098236356,31866.360715806997,0.9017668138009769,weight
65536,B200,B200x72,Kimi-K2-1T-A32B,4,18,72,TP4/DP18/EP72,0.95,1944,108,35337.695098236356,33701.284648045206,0.9536922132119245,weight
131072,B200,B200x72,Kimi-K2-1T-A32B,4,18,72,TP4/DP18/EP72,0.9,828,46,22744.298061661008,20631.56042259164,0.907109129798527,weight
131072,B200,B200x72,Kimi-K2-1T-A32B,4,18,72,TP4/DP18/EP72,0.95,936,52,22744.298061661008,21772.535231553455,0.9572744418195254,weight
262144,B200,B200x72,Kimi-K2-1T-A32B,4,18,72,TP4/DP18/EP72,0.9,342,19,17356.29385263568,15759.778814401829,0.9080152104021095,weight
262144,B200,B200x72,Kimi-K2-1T-A32B,4,18,72,TP4/DP18/EP72,0.95,432,24,17356.29385263568,16648.553294922225,0.9592228292674372,weight
524288,B200,B200x72,Kimi-K2-1T-A32B,4,18,72,TP4/DP18/EP72,0.9,144,8,14839.300236690377,13555.7296496564,0.9135019464152137,weight
524288,B200,B200x72,Kimi-K2-1T-A32B,4,18,72,TP4/DP18/EP72,0.95,198,11,14839.300236690377,14241.785579895493,0.9597343104280942,weight
1048576,B200,B200x72,Kimi-K2-1T-A32B,4,18,72,TP4/DP18/EP72,0.9,18,1,7788.012633990013,7618.4900713399475,0.9782328855104574,kv
1048576,B200,B200x72,Kimi-K2-1T-A32B,4,18,72,TP4/DP18/EP72,0.95,18,1,7788.012633990013,7618.4900713399475,0.9782328855104574,kv
8192,B200,B200x72,Kimi-K2-1T-A32B,8,9,72,TP8/DP9/EP72,0.9,15336,1704,529671.341815641,476788.14920964214,0.9001584786053886,weight
8192,B200,B200x72,Kimi-K2-1T-A32B,8,9,72,TP8/DP9/EP72,0.95,16191,1799,529671.341815641,503369.64813858335,0.9503433703116746,weight
16384,B200,B200x72,Kimi-K2-1T-A32B,8,9,72,TP8/DP9/EP72,0.9,7668,852,264695.76886654104,238394.07841487593,0.9006342618762208,weight
16384,B200,B200x72,Kimi-K2-1T-A32B,8,9,72,TP8/DP9/EP72,0.95,8091,899,264695.76886654104,251544.92293790687,0.9503171282829806,weight
32768,B200,B200x72,Kimi-K2-1T-A32B,8,9,72,TP8/DP9/EP72,0.9,3834,426,132354.06023421197,119212.00087822767,0.9007052799685308,weight
32768,B200,B200x72,Kimi-K2-1T-A32B,8,9,72,TP8/DP9/EP72,0.95,4050,450,132354.06023421197,125921.8995524522,0.9514018635289503,weight
65536,B200,B200x72,Kimi-K2-1T-A32B,8,9,72,TP8/DP9/EP72,0.9,1908,212,66489.77442459494,60000.34919521432,0.9023996503892462,weight
65536,B200,B200x72,Kimi-K2-1T-A32B,8,9,72,TP8/DP9/EP72,0.95,2016,224,66489.77442459494,63234.372661710266,0.9510390614036963,weight
131072,B200,B200x72,Kimi-K2-1T-A32B,8,9,72,TP8/DP9/EP72,0.9,927,103,35974.12300877327,32481.4715306018,0.9029121160974601,weight
131072,B200,B200x72,Kimi-K2-1T-A32B,8,9,72,TP8/DP9/EP72,0.95,999,111,35974.12300877327,34328.262526545266,0.9542487670421704,weight
262144,B200,B200x72,Kimi-K2-1T-A32B,8,9,72,TP8/DP9/EP72,0.9,432,48,23078.045877522833,20947.750395757907,0.907691687022784,weight
262144,B200,B200x72,Kimi-K2-1T-A32B,8,9,72,TP8/DP9/EP72,0.95,486,54,23078.045877522833,22098.48350053604,0.9575543621767019,weight
524288,B200,B200x72,Kimi-K2-1T-A32B,8,9,72,TP8/DP9/EP72,0.9,99,11,15550.173636885076,14119.911187447737,0.9080227344828645,weight
524288,B200,B200x72,Kimi-K2-1T-A32B,8,9,72,TP8/DP9/EP72,0.95,135,15,15550.173636885076,14928.789304806902,0.9600400389996773,weight
1048576,B200,B200x72,Kimi-K2-1T-A32B,8,9,72,TP8/DP9/EP72,0.9,9,1,7773.59813862925,7250.250336643624,0.9326762468740235,kv
1048576,B200,B200x72,Kimi-K2-1T-A32B,8,9,72,TP8/DP9/EP72,0.95,18,2,7773.59813862925,7522.96731830409,0.9677587114929825,kv
8192,B200,B200x72,Kimi-K2-1T-A32B,12,6,72,TP12/DP6/EP72,0.9,15450,2575,798751.6703633254,718904.4219453208,0.9000349528137015,weight
8192,B200,B200x72,Kimi-K2-1T-A32B,12,6,72,TP12/DP6/EP72,0.95,16308,2718,798751.6703633254,758828.046154323,0.9500174764068506,weight
16384,B200,B200x72,Kimi-K2-1T-A32B,12,6,72,TP12/DP6/EP72,0.9,7722,1287,399236.2420900559,359312.61788162414,0.9000000000014373,weight
16384,B200,B200x72,Kimi-K2-1T-A32B,12,6,72,TP12/DP6/EP72,0.95,8154,1359,399236.2420900559,379414.0230773015,0.9503496503499221,weight
32768,B200,B200x72,Kimi-K2-1T-A32B,12,6,72,TP12/DP6/EP72,0.9,3864,644,199618.17799805003,179796.1307379058,0.9007001894369667,weight
32768,B200,B200x72,Kimi-K2-1T-A32B,12,6,72,TP12/DP6/EP72,0.95,4080,680,199618.17799805003,189846.71780201097,0.951049246646593,weight
65536,B200,B200x72,Kimi-K2-1T-A32B,12,6,72,TP12/DP6/EP72,0.9,1932,322,99722.85514869585,89998.62118294912,0.9024874092178067,weight
65536,B200,B200x72,Kimi-K2-1T-A32B,12,6,72,TP12/DP6/EP72,0.95,2040,340,99722.85514869585,94996.04505039791,0.9526005338370043,weight
131072,B200,B200x72,Kimi-K2-1T-A32B,12,6,72,TP12/DP6/EP72,0.9,954,159,50874.96035706883,45981.41231893759,0.9038122486231814,weight
131072,B200,B200x72,Kimi-K2-1T-A32B,12,6,72,TP12/DP6/EP72,0.95,1014,169,50874.96035706883,48543.06082976395,0.954164101339081,weight
262144,B200,B200x72,Kimi-K2-1T-A32B,12,6,72,TP12/DP6/EP72,0.9,456,76,29268.010807410174,26475.704664263187,0.9045952879571842,weight
262144,B200,B200x72,Kimi-K2-1T-A32B,12,6,72,TP12/DP6/EP72,0.95,498,83,29268.010807410174,27964.748052337432,0.9554714270249355,weight
524288,B200,B200x72,Kimi-K2-1T-A32B,12,6,72,TP12/DP6/EP72,0.9,72,12,15535.06216013228,14197.939709219723,0.9139287350684684,weight
524288,B200,B200x72,Kimi-K2-1T-A32B,12,6,72,TP12/DP6/EP72,0.95,90,15,15535.06216013228,14811.964520292711,0.9534538302849371,weight
1048576,B200,B200x72,Kimi-K2-1T-A32B,12,6,72,TP12/DP6/EP72,0.9,12,2,7767.53108006614,7305.2060460436915,0.9404797960565725,kv
1048576,B200,B200x72,Kimi-K2-1T-A32B,12,6,72,TP12/DP6/EP72,0.95,18,3,7767.53108006614,7468.19243623803,0.9614628328174566,kv
8192,B200,B200x72,Kimi-K2-1T-A32B,18,4,72,TP18/DP4/EP72,0.9,12852,3213,992990.1245192098,893694.380348207,0.900003291352892,weight
8192,B200,B200x72,Kimi-K2-1T-A32B,18,4,72,TP18/DP4/EP72,0.95,13568,3392,992990.1245192098,943483.1429010638,0.9501435307404326,weight
16384,B200,B200x72,Kimi-K2-1T-A32B,18,4,72,TP18/DP4/EP72,0.9,6432,1608,496683.7003519182,447264.4144413071,0.9005014944609703,weight
16384,B200,B200x72,Kimi-K2-1T-A32B,18,4,72,TP18/DP4/EP72,0.95,6788,1697,496683.7003519182,472019.72096200055,0.9503426841419553,weight
32768,B200,B200x72,Kimi-K2-1T-A32B,18,4,72,TP18/DP4/EP72,0.9,3216,804,248341.8501759591,223632.21698121435,0.9005015337638941,weight
32768,B200,B200x72,Kimi-K2-1T-A32B,18,4,72,TP18/DP4/EP72,0.95,3396,849,248341.8501759591,236148.93923318406,0.950902713601691,weight
65536,B200,B200x72,Kimi-K2-1T-A32B,18,4,72,TP18/DP4/EP72,0.9,1608,402,124170.92508797954,111839.2334775218,0.9006877688821252,weight
65536,B200,B200x72,Kimi-K2-1T-A32B,18,4,72,TP18/DP4/EP72,0.95,1700,425,124170.92508797954,118228.60857688982,0.9521440586282225,weight
131072,B200,B200x72,Kimi-K2-1T-A32B,18,4,72,TP18/DP4/EP72,0.9,792,198,62084.63112012083,55921.62731071245,0.9007322150713234,weight
131072,B200,B200x72,Kimi-K2-1T-A32B,18,4,72,TP18/DP4/EP72,0.95,840,210,62084.63112012083,59107.6251438577,0.9520492282461461,weight
262144,B200,B200x72,Kimi-K2-1T-A32B,18,4,72,TP18/DP4/EP72,0.9,336,84,31041.479516413357,28054.61371227015,0.9037782396111665,weight
262144,B200,B200x72,Kimi-K2-1T-A32B,18,4,72,TP18/DP4/EP72,0.95,364,91,31041.479516413357,29578.892774459844,0.952882827599111,weight
524288,B200,B200x72,Kimi-K2-1T-A32B,18,4,72,TP18/DP4/EP72,0.9,48,12,15520.739758206679,13977.173548153363,0.9005481546562788,weight
524288,B200,B200x72,Kimi-K2-1T-A32B,18,4,72,TP18/DP4/EP72,0.95,64,16,15520.739758206679,14820.738965372602,0.9548990058631743,weight
1048576,B200,B200x72,Kimi-K2-1T-A32B,18,4,72,TP18/DP4/EP72,0.9,12,3,7759.518117737137,7227.988154830384,0.931499617006918,kv
1048576,B200,B200x72,Kimi-K2-1T-A32B,18,4,72,TP18/DP4/EP72,0.95,20,5,7759.518117737137,7452.611109563981,0.9604476716831666,kv
8192,B200,B200x72,Kimi-K2-1T-A32B,24,3,72,TP24/DP3/EP72,0.9,9645,3215,989493.7962042197,890639.9526105461,0.9000965504049797,weight
8192,B200,B200x72,Kimi-K2-1T-A32B,24,3,72,TP24/DP3/EP72,0.95,10182,3394,989493.7962042197,940227.6824759544,0.9502107906919132,weight
16384,B200,B200x72,Kimi-K2-1T-A32B,24,3,72,TP24/DP3/EP72,0.9,4839,1613,496336.4210553744,446843.6216363339,0.9002837645607338,weight
16384,B200,B200x72,Kimi-K2-1T-A32B,24,3,72,TP24/DP3/EP72,0.95,5109,1703,496336.4210553744,471775.9997809519,0.9505165846540156,weight
32768,B200,B200x72,Kimi-K2-1T-A32B,24,3,72,TP24/DP3/EP72,0.9,2421,807,248167.5298819251,223560.33315329644,0.9008444144955771,weight
32768,B200,B200x72,Kimi-K2-1T-A32B,24,3,72,TP24/DP3/EP72,0.95,2556,852,248167.5298819251,236026.5168371436,0.9510773506487411,weight
65536,B200,B200x72,Kimi-K2-1T-A32B,24,3,72,TP24/DP3/EP72,0.9,1212,404,124083.76494096254,111940.78190206867,0.9021388249730224,weight
65536,B200,B200x72,Kimi-K2-1T-A32B,24,3,72,TP24/DP3/EP72,0.95,1278,426,124083.76494096254,118027.92436926786,0.9511955446018584,weight
131072,B200,B200x72,Kimi-K2-1T-A32B,24,3,72,TP24/DP3/EP72,0.9,597,199,62041.88247048127,55955.767356915785,0.9019031197762063,weight
131072,B200,B200x72,Kimi-K2-1T-A32B,24,3,72,TP24/DP3/EP72,0.95,633,211,62041.88247048127,59131.823788056354,0.9530952549060792,weight
262144,B200,B200x72,Kimi-K2-1T-A32B,24,3,72,TP24/DP3/EP72,0.9,255,85,31020.941235240636,28133.989540878538,0.9069353933373743,weight
262144,B200,B200x72,Kimi-K2-1T-A32B,24,3,72,TP24/DP3/EP72,0.95,276,92,31020.941235240636,29659.251058177324,0.9561041630962379,weight
524288,B200,B200x72,Kimi-K2-1T-A32B,24,3,72,TP24/DP3/EP72,0.9,39,13,15510.470617620318,13976.521001803176,0.9011023163878384,weight
524288,B200,B200x72,Kimi-K2-1T-A32B,24,3,72,TP24/DP3/EP72,0.95,51,17,15510.470617620318,14827.060877893513,0.9559388134264325,weight
1048576,B200,B200x72,Kimi-K2-1T-A32B,24,3,72,TP24/DP3/EP72,0.9,9,3,7755.235308810159,6982.777939390757,0.9003953666574283,kv
1048576,B200,B200x72,Kimi-K2-1T-A32B,24,3,72,TP24/DP3/EP72,0.95,18,6,7755.235308810159,7376.3787430123775,0.9511482823264704,kv
8192,B200,B200x72,Kimi-K2-1T-A32B,36,2,72,TP36/DP2/EP72,0.9,6438,3219,981974.0681651612,883985.3148591741,0.9002124837277209,weight
8192,B200,B200x72,Kimi-K2-1T-A32B,36,2,72,TP36/DP2/EP72,0.95,6796,3398,981974.0681651612,933141.3792766305,0.9502708977032606,weight
16384,B200,B200x72,Kimi-K2-1T-A32B,36,2,72,TP36/DP2/EP72,0.9,3250,1625,495593.9637882674,446249.18814730033,0.9004330576107488,weight
16384,B200,B200x72,Kimi-K2-1T-A32B,36,2,72,TP36/DP2/EP72,0.95,3430,1715,495593.9637882674,470964.52779853495,0.9503031961861124,weight
32768,B200,B200x72,Kimi-K2-1T-A32B,36,2,72,TP36/DP2/EP72,0.9,1626,813,247923.7129883405,223261.90947610812,0.9005266450111926,weight
32768,B200,B200x72,Kimi-K2-1T-A32B,36,2,72,TP36/DP2/EP72,0.95,1716,858,247923.7129883405,235619.57459905415,0.9503712725137148,weight
65536,B200,B200x72,Kimi-K2-1T-A32B,36,2,72,TP36/DP2/EP72,0.9,814,407,123961.85649417025,111788.80320027354,0.9018000081785708,weight
65536,B200,B200x72,Kimi-K2-1T-A32B,36,2,72,TP36/DP2/EP72,0.95,858,429,123961.85649417025,117823.41219473211,0.9504811845107626,weight
131072,B200,B200x72,Kimi-K2-1T-A32B,36,2,72,TP36/DP2/EP72,0.9,402,201,61980.419780556214,55984.477539917934,0.903260702946719,weight
131072,B200,B200x72,Kimi-K2-1T-A32B,36,2,72,TP36/DP2/EP72,0.95,426,213,61980.419780556214,59138.61671731958,0.9541499868297418,weight
262144,B200,B200x72,Kimi-K2-1T-A32B,36,2,72,TP36/DP2/EP72,0.9,172,86,30989.70002391372,28056.74698444951,0.905357165858303,weight
262144,B200,B200x72,Kimi-K2-1T-A32B,36,2,72,TP36/DP2/EP72,0.95,186,93,30989.70002391372,29578.471192049015,0.9544613587490132,weight
524288,B200,B200x72,Kimi-K2-1T-A32B,36,2,72,TP36/DP2/EP72,0.9,30,15,15494.85001195686,13988.376034888763,0.9027758270712138,weight
524288,B200,B200x72,Kimi-K2-1T-A32B,36,2,72,TP36/DP2/EP72,0.95,40,20,15494.85001195686,14740.44006801187,0.95131221384119,kv
1048576,B200,B200x72,Kimi-K2-1T-A32B,36,2,72,TP36/DP2/EP72,0.9,12,6,7746.91042604519,7099.696843118025,0.9164552644430705,kv
1048576,B200,B200x72,Kimi-K2-1T-A32B,36,2,72,TP36/DP2/EP72,0.95,20,10,7746.91042604519,7370.220034005935,0.9513754036999295,kv
8192,B200,B200x72,Kimi-K2-1T-A32B,72,1,72,TP72/DP1/EP72,0.9,3231,3231,957291.5110362525,861827.0437410864,0.9002764923802287,weight
8192,B200,B200x72,Kimi-K2-1T-A32B,72,1,72,TP72/DP1/EP72,0.95,3410,3410,957291.5110362525,909572.9554803789,0.9501525345145713,weight
16384,B200,B200x72,Kimi-K2-1T-A32B,72,1,72,TP72/DP1/EP72,0.9,1651,1651,489227.7240054292,440382.6831372747,0.900158886196702,weight
16384,B200,B200x72,Kimi-K2-1T-A32B,72,1,72,TP72/DP1/EP72,0.95,1743,1743,489227.7240054292,464922.4813496483,0.9503191633197159,weight
32768,B200,B200x72,Kimi-K2-1T-A32B,72,1,72,TP72/DP1/EP72,0.9,835,835,247348.06511669277,222725.34732467096,0.9004531619020129,weight
32768,B200,B200x72,Kimi-K2-1T-A32B,72,1,72,TP72/DP1/EP72,0.95,881,881,247348.06511669277,234995.2435214927,0.950058951989892,weight
65536,B200,B200x72,Kimi-K2-1T-A32B,72,1,72,TP72/DP1/EP72,0.9,418,418,123752.40233978504,111511.8307424817,0.9010882102822166,weight
65536,B200,B200x72,Kimi-K2-1T-A32B,72,1,72,TP72/DP1/EP72,0.95,441,441,123752.40233978504,117641.25408482138,0.9506179424445889,weight
131072,B200,B200x72,Kimi-K2-1T-A32B,72,1,72,TP72/DP1/EP72,0.9,207,207,61875.900315226165,55886.98590810706,0.9032108724623216,weight
131072,B200,B200x72,Kimi-K2-1T-A32B,72,1,72,TP72/DP1/EP72,0.95,219,219,61875.900315226165,58966.48552558407,0.9529798390840357,weight
262144,B200,B200x72,Kimi-K2-1T-A32B,72,1,72,TP72/DP1/EP72,0.9,90,90,30937.648891033434,27956.33679102747,0.9036348201343112,weight
262144,B200,B200x72,Kimi-K2-1T-A32B,72,1,72,TP72/DP1/EP72,0.95,97,97,30937.648891033434,29466.347501001954,0.952443012227154,weight
524288,B200,B200x72,Kimi-K2-1T-A32B,72,1,72,TP72/DP1/EP72,0.9,24,24,15468.824445516717,13951.760511094655,0.9019276519838101,kv
524288,B200,B200x72,Kimi-K2-1T-A32B,72,1,72,TP72/DP1/EP72,0.95,46,46,15468.824445516717,14708.694280783666,0.9508605086695288,kv
1048576,B200,B200x72,Kimi-K2-1T-A32B,72,1,72,TP72/DP1/EP72,0.9,12,12,7734.109576216263,6975.880255547328,0.9019629456763034,kv
1048576,B200,B200x72,Kimi-K2-1T-A32B,72,1,72,TP72/DP1/EP72,0.95,23,23,7734.109576216263,7354.347140391833,0.9508977171732521,kv
8192,B200,B200x72,DeepSeek-V4-Flash-284B,1,72,72,TP1/DP72/EP72,0.9,26208,364,409690.14084696746,369126.76058597054,0.9009900990608689,weight
8192,B200,B200x72,DeepSeek-V4-Flash-284B,1,72,72,TP1/DP72/EP72,0.95,27648,384,409690.14084696746,389408.45071078045,0.9504950495165494,weight
16384,B200,B200x72,DeepSeek-V4-Flash-284B,1,72,72,TP1/DP72/EP72,0.9,13104,182,204845.50575946362,184564.80629123293,0.9009951456194262,weight
16384,B200,B200x72,DeepSeek-V4-Flash-284B,1,72,72,TP1/DP72/EP72,0.95,13824,192,204845.50575946362,194705.01432747373,0.9504968810792599,weight
32768,B200,B200x72,DeepSeek-V4-Flash-284B,1,72,72,TP1/DP72/EP72,0.9,6552,91,102570.21512111973,92535.72705568215,0.9021695718041696,weight
32768,B200,B200x72,DeepSeek-V4-Flash-284B,1,72,72,TP1/DP72/EP72,0.95,6912,96,102570.21512111973,97546.0464470522,0.9510172746724304,weight
65536,B200,B200x72,DeepSeek-V4-Flash-284B,1,72,72,TP1/DP72/EP72,0.9,3240,45,52745.73973182209,48210.41805759012,0.9140153935219955,weight
65536,B200,B200x72,DeepSeek-V4-Flash-284B,1,72,72,TP1/DP72/EP72,0.95,3456,48,52745.73973182209,50918.37341654719,0.9653551865123918,weight
131072,B200,B200x72,DeepSeek-V4-Flash-284B,1,72,72,TP1/DP72/EP72,0.9,1512,21,31466.12674054321,28452.590738723662,0.9042292041003988,weight
131072,B200,B200x72,DeepSeek-V4-Flash-284B,1,72,72,TP1/DP72/EP72,0.95,1656,23,31466.12674054321,29943.779291927287,0.9516194839876996,weight
262144,B200,B200x72,DeepSeek-V4-Flash-284B,1,72,72,TP1/DP72/EP72,0.9,648,9,22110.658665300783,20089.097702924715,0.9085707489325684,weight
262144,B200,B200x72,DeepSeek-V4-Flash-284B,1,72,72,TP1/DP72/EP72,0.95,792,11,22110.658665300783,21435.57651575302,0.9694680217461273,weight
524288,B200,B200x72,DeepSeek-V4-Flash-284B,1,72,72,TP1/DP72/EP72,0.9,288,4,18015.3881440397,16456.089667404143,0.913446301341476,weight
524288,B200,B200x72,DeepSeek-V4-Flash-284B,1,72,72,TP1/DP72/EP72,0.95,360,5,18015.3881440397,17270.49431992631,0.9586523577422985,weight
1048576,B200,B200x72,DeepSeek-V4-Flash-284B,1,72,72,TP1/DP72/EP72,0.9,72,1,12475.390766942224,11857.367567433112,0.950460613935495,weight
1048576,B200,B200x72,DeepSeek-V4-Flash-284B,1,72,72,TP1/DP72/EP72,0.95,72,1,12475.390766942224,11857.367567433112,0.950460613935495,weight
8192,B200,B200x72,DeepSeek-V4-Flash-284B,2,36,72,TP2/DP36/EP72,0.9,27432,762,857191.1061075148,772079.9324514495,0.900709219858156,weight
8192,B200,B200x72,DeepSeek-V4-Flash-284B,2,36,72,TP2/DP36/EP72,0.95,28944,804,857191.1061075148,814635.5192794822,0.950354609929078,weight
16384,B200,B200x72,DeepSeek-V4-Flash-284B,2,36,72,TP2/DP36/EP72,0.9,13716,381,428595.55305433914,386039.9662336046,0.9007092198753187,weight
16384,B200,B200x72,DeepSeek-V4-Flash-284B,2,36,72,TP2/DP36/EP72,0.95,14472,402,428595.55305433914,407317.75964188506,0.9503546099327904,weight
32768,B200,B200x72,DeepSeek-V4-Flash-284B,2,36,72,TP2/DP36/EP72,0.9,6840,190,213791.41635718284,192514.25581276475,0.9004770120944885,weight
32768,B200,B200x72,DeepSeek-V4-Flash-284B,2,36,72,TP2/DP36/EP72,0.95,7236,201,213791.41635718284,203659.3411005578,0.9526076611060131,weight
65536,B200,B200x72,DeepSeek-V4-Flash-284B,2,36,72,TP2/DP36/EP72,0.9,3420,95,106507.3251418383,96461.07359164556,0.9056754872323203,weight
65536,B200,B200x72,DeepSeek-V4-Flash-284B,2,36,72,TP2/DP36/EP72,0.95,3600,100,106507.3251418383,101478.54285839046,0.9527846345145661,weight
131072,B200,B200x72,DeepSeek-V4-Flash-284B,2,36,72,TP2/DP36/EP72,0.9,1692,47,54541.697257617976,49966.855238482654,0.9161221185045476,weight
131072,B200,B200x72,DeepSeek-V4-Flash-284B,2,36,72,TP2/DP36/EP72,0.95,1800,50,54541.697257617976,52699.411907413945,0.9662224418594397,weight
262144,B200,B200x72,DeepSeek-V4-Flash-284B,2,36,72,TP2/DP36/EP72,0.9,792,22,32205.56610801938,29162.024611493078,0.9054964136845761,weight
262144,B200,B200x72,DeepSeek-V4-Flash-284B,2,36,72,TP2/DP36/EP72,0.95,864,24,32205.56610801938,30668.388342735492,0.952269810748611,weight
524288,B200,B200x72,DeepSeek-V4-Flash-284B,2,36,72,TP2/DP36/EP72,0.9,360,10,22756.328462093355,20726.711308640315,0.910810869300208,weight
524288,B200,B200x72,DeepSeek-V4-Flash-284B,2,36,72,TP2/DP36/EP72,0.95,432,12,22756.328462093355,22076.760629279288,0.9701371935307549,weight
1048576,B200,B200x72,DeepSeek-V4-Flash-284B,2,36,72,TP2/DP36/EP72,0.9,36,1,12453.812131819652,11741.349651965522,0.9427916149438469,weight
1048576,B200,B200x72,DeepSeek-V4-Flash-284B,2,36,72,TP2/DP36/EP72,0.95,72,2,12453.812131819652,12410.878036415083,0.9965525338787734,kv
8192,B200,B200x72,DeepSeek-V4-Flash-284B,4,18,72,TP4/DP18/EP72,0.9,25524,1418,1591957.5673020345,1433127.4564851208,0.9002296832031205,weight
8192,B200,B200x72,DeepSeek-V4-Flash-284B,4,18,72,TP4/DP18/EP72,0.95,26946,1497,1591957.5673020345,1512970.2414373949,0.9503835230994861,weight
16384,B200,B200x72,DeepSeek-V4-Flash-284B,4,18,72,TP4/DP18/EP72,0.9,12762,709,795978.7836510172,716563.7282425604,0.9002296832031205,weight
16384,B200,B200x72,DeepSeek-V4-Flash-284B,4,18,72,TP4/DP18/EP72,0.95,13482,749,795978.7836510172,756990.4548006738,0.9510183818323514,weight
32768,B200,B200x72,DeepSeek-V4-Flash-284B,4,18,72,TP4/DP18/EP72,0.9,6390,355,397989.3918255086,358787.1982423745,0.9014994007671401,weight
32768,B200,B200x72,DeepSeek-V4-Flash-284B,4,18,72,TP4/DP18/EP72,0.95,6750,375,397989.3918255086,379000.5614936792,0.9522880993266405,weight
65536,B200,B200x72,DeepSeek-V4-Flash-284B,4,18,72,TP4/DP18/EP72,0.9,3204,178,198993.28462030133,179900.72649533834,0.904054259110334,weight
65536,B200,B200x72,DeepSeek-V4-Flash-284B,4,18,72,TP4/DP18/EP72,0.95,3384,188,198993.28462030133,190006.6081778133,0.9548392979208545,weight
131072,B200,B200x72,DeepSeek-V4-Flash-284B,4,18,72,TP4/DP18/EP72,0.9,1602,89,99496.64231015067,90230.35378186023,0.9068683292908962,weight
131072,B200,B200x72,DeepSeek-V4-Flash-284B,4,18,72,TP4/DP18/EP72,0.95,1692,94,99496.64231015067,95217.46798437156,0.9569917715168711,weight
262144,B200,B200x72,DeepSeek-V4-Flash-284B,4,18,72,TP4/DP18/EP72,0.9,756,42,49748.32115507533,45381.726372422316,0.9122262886210475,weight
262144,B200,B200x72,DeepSeek-V4-Flash-284B,4,18,72,TP4/DP18/EP72,0.95,810,45,49748.32115507533,48038.86444736645,0.965637901581037,weight
524288,B200,B200x72,DeepSeek-V4-Flash-284B,4,18,72,TP4/DP18/EP72,0.9,234,13,24874.160577537667,22657.175744159227,0.9108719738916351,weight
524288,B200,B200x72,DeepSeek-V4-Flash-284B,4,18,72,TP4/DP18/EP72,0.95,270,15,24874.160577537667,24034.406597991143,0.9662399067928807,weight
1048576,B200,B200x72,DeepSeek-V4-Flash-284B,4,18,72,TP4/DP18/EP72,0.9,18,1,12435.611507204208,11406.52952334293,0.9172471749165604,weight
1048576,B200,B200x72,DeepSeek-V4-Flash-284B,4,18,72,TP4/DP18/EP72,0.95,36,2,12435.611507204208,12221.281986191016,0.982764858737423,kv
8192,B200,B200x72,DeepSeek-V4-Flash-284B,8,9,72,TP8/DP9/EP72,0.9,12834,1426,1589603.7754688095,1431567.2058003347,0.9005811560671046,weight
8192,B200,B200x72,DeepSeek-V4-Flash-284B,8,9,72,TP8/DP9/EP72,0.95,13545,1505,1589603.7754688095,1510875.627440045,0.9504730994957873,weight
16384,B200,B200x72,DeepSeek-V4-Flash-284B,8,9,72,TP8/DP9/EP72,0.9,6417,713,794800.8578441855,715783.6029001673,0.9005823230257397,weight
16384,B200,B200x72,DeepSeek-V4-Flash-284B,8,9,72,TP8/DP9/EP72,0.95,6777,753,794800.8578441855,755939.7657557167,0.9511058755096522,weight
32768,B200,B200x72,DeepSeek-V4-Flash-284B,8,9,72,TP8/DP9/EP72,0.9,3213,357,397399.3981531197,358393.75351989147,0.901847751117632,weight
32768,B200,B200x72,DeepSeek-V4-Flash-284B,8,9,72,TP8/DP9/EP72,0.95,3393,377,397399.3981531197,378471.83492346155,0.9523714345879173,weight
65536,B200,B200x72,DeepSeek-V4-Flash-284B,8,9,72,TP8/DP9/EP72,0.9,1611,179,198698.66654657622,179700.49689769163,0.9043870299731915,weight
65536,B200,B200x72,DeepSeek-V4-Flash-284B,8,9,72,TP8/DP9/EP72,0.95,1701,189,198698.66654657622,189738.7932259352,0.9549072297445903,weight
131072,B200,B200x72,DeepSeek-V4-Flash-284B,8,9,72,TP8/DP9/EP72,0.9,801,89,99348.29720721109,89624.59654933566,0.9021251402266647,weight
131072,B200,B200x72,DeepSeek-V4-Flash-284B,8,9,72,TP8/DP9/EP72,0.95,846,94,99348.29720721109,94578.7763806816,0.9519919217479723,weight
262144,B200,B200x72,DeepSeek-V4-Flash-284B,8,9,72,TP8/DP9/EP72,0.9,378,42,49674.14860360554,45057.15943896554,0.9070544882110997,weight
262144,B200,B200x72,DeepSeek-V4-Flash-284B,8,9,72,TP8/DP9/EP72,0.95,405,45,49674.14860360554,47699.394117259704,0.9602458312450572,weight
524288,B200,B200x72,DeepSeek-V4-Flash-284B,8,9,72,TP8/DP9/EP72,0.9,117,13,24836.026299372326,22396.944205190444,0.9017925788617994,weight
524288,B200,B200x72,DeepSeek-V4-Flash-284B,8,9,72,TP8/DP9/EP72,0.95,135,15,24836.026299372326,23780.385507174957,0.9574955840570982,weight
1048576,B200,B200x72,DeepSeek-V4-Flash-284B,8,9,72,TP8/DP9/EP72,0.9,18,2,12418.013149686163,11742.904175313271,0.9456347028920682,kv
1048576,B200,B200x72,DeepSeek-V4-Flash-284B,8,9,72,TP8/DP9/EP72,0.95,27,3,12418.013149686163,11977.318344643898,0.9645116493492034,kv
8192,B200,B200x72,DeepSeek-V4-Flash-284B,12,6,72,TP12/DP6/EP72,0.9,8598,1433,1585768.5171029284,1427239.769311174,0.9000303347670355,weight
8192,B200,B200x72,DeepSeek-V4-Flash-284B,12,6,72,TP12/DP6/EP72,0.95,9078,1513,1585768.5171029284,1506918.1932783015,0.9502762711113221,weight
16384,B200,B200x72,DeepSeek-V4-Flash-284B,12,6,72,TP12/DP6/EP72,0.9,4308,718,794115.1595292913,715113.8551049706,0.900516564283764,weight
16384,B200,B200x72,DeepSeek-V4-Flash-284B,12,6,72,TP12/DP6/EP72,0.95,4548,758,794115.1595292913,754953.0670885345,0.950684618004308,weight
32768,B200,B200x72,DeepSeek-V4-Flash-284B,12,6,72,TP12/DP6/EP72,0.9,2154,359,397056.76668109634,357556.92758216173,0.9005184084152389,weight
32768,B200,B200x72,DeepSeek-V4-Flash-284B,12,6,72,TP12/DP6/EP72,0.95,2274,379,397056.76668109634,377476.53355288465,0.9506865648157108,weight
65536,B200,B200x72,DeepSeek-V4-Flash-284B,12,6,72,TP12/DP6/EP72,0.9,1080,180,198528.38334054817,179278.00179642285,0.9030346128840231,weight
65536,B200,B200x72,DeepSeek-V4-Flash-284B,12,6,72,TP12/DP6/EP72,0.95,1140,190,198528.38334054817,189237.11381507196,0.953199288841544,weight
131072,B200,B200x72,DeepSeek-V4-Flash-284B,12,6,72,TP12/DP6/EP72,0.9,540,90,99263.37705046669,89896.77236075501,0.9056388673443018,weight
131072,B200,B200x72,DeepSeek-V4-Flash-284B,12,6,72,TP12/DP6/EP72,0.95,570,95,99263.37705046669,94815.61110936454,0.9551922766153639,weight
262144,B200,B200x72,DeepSeek-V4-Flash-284B,12,6,72,TP12/DP6/EP72,0.9,252,42,49630.87020023903,44677.328176047944,0.900192319735566,weight
262144,B200,B200x72,DeepSeek-V4-Flash-284B,12,6,72,TP12/DP6/EP72,0.95,270,45,49630.87020023903,47302.04771367811,0.9530771377337305,weight
524288,B200,B200x72,DeepSeek-V4-Flash-284B,12,6,72,TP12/DP6/EP72,0.9,84,14,24815.435100119514,22788.65366127721,0.9183257746372321,weight
524288,B200,B200x72,DeepSeek-V4-Flash-284B,12,6,72,TP12/DP6/EP72,0.95,96,16,24815.435100119514,24186.339250234967,0.9746490098865316,weight
1048576,B200,B200x72,DeepSeek-V4-Flash-284B,12,6,72,TP12/DP6/EP72,0.9,12,2,12407.717550059757,11220.798653226797,0.9043402711220451,kv
1048576,B200,B200x72,DeepSeek-V4-Flash-284B,12,6,72,TP12/DP6/EP72,0.95,24,4,12407.717550059757,11814.882590112655,0.952220466209416,kv
8192,B200,B200x72,DeepSeek-V4-Flash-284B,18,4,72,TP18/DP4/EP72,0.9,5780,1445,1577614.907540122,1420307.1804561063,0.900287626383237,weight
8192,B200,B200x72,DeepSeek-V4-Flash-284B,18,4,72,TP18/DP4/EP72,0.95,6100,1525,1577614.907540122,1498940.1039415654,0.9501305399546272,weight
16384,B200,B200x72,DeepSeek-V4-Flash-284B,18,4,72,TP18/DP4/EP72,0.9,2908,727,793428.253471126,714576.6921741102,0.9006191663177453,weight
16384,B200,B200x72,DeepSeek-V4-Flash-284B,18,4,72,TP18/DP4/EP72,0.95,3068,767,793428.253471126,753893.1539168397,0.950171802703866,weight
32768,B200,B200x72,DeepSeek-V4-Flash-284B,18,4,72,TP18/DP4/EP72,0.9,1456,364,396713.50041407574,357779.801880062,0.9018594061120276,weight
32768,B200,B200x72,DeepSeek-V4-Flash-284B,18,4,72,TP18/DP4/EP72,0.95,1536,384,396713.50041407574,377438.0327363623,0.9514121206926551,weight
65536,B200,B200x72,DeepSeek-V4-Flash-284B,18,4,72,TP18/DP4/EP72,0.9,728,182,198356.75020703787,178891.24061506626,0.9018661599786537,weight
65536,B200,B200x72,DeepSeek-V4-Flash-284B,18,4,72,TP18/DP4/EP72,0.95,768,192,198356.75020703787,188719.7575796973,0.9514158574523841,weight
131072,B200,B200x72,DeepSeek-V4-Flash-284B,18,4,72,TP18/DP4/EP72,0.9,364,91,99177.74799617703,89683.58904464985,0.9042712791593821,weight
131072,B200,B200x72,DeepSeek-V4-Flash-284B,18,4,72,TP18/DP4/EP72,0.95,384,96,99177.74799617703,94541.69100415359,0.9532550689475008,weight
262144,B200,B200x72,DeepSeek-V4-Flash-284B,18,4,72,TP18/DP4/EP72,0.9,172,43,49588.24499853028,44912.30493608537,0.9057046672536304,weight
262144,B200,B200x72,DeepSeek-V4-Flash-284B,18,4,72,TP18/DP4/EP72,0.95,184,46,49588.24499853028,47521.81098882412,0.9583281479357173,weight
524288,B200,B200x72,DeepSeek-V4-Flash-284B,18,4,72,TP18/DP4/EP72,0.9,60,15,24793.489688522197,23004.498484944703,0.9278443161470052,weight
524288,B200,B200x72,DeepSeek-V4-Flash-284B,18,4,72,TP18/DP4/EP72,0.95,64,16,24793.489688522197,23707.915647241283,0.9562153591560181,weight
1048576,B200,B200x72,DeepSeek-V4-Flash-284B,18,4,72,TP18/DP4/EP72,0.9,16,4,12396.10430250637,11366.682226889507,0.9169560008131971,kv
1048576,B200,B200x72,DeepSeek-V4-Flash-284B,18,4,72,TP18/DP4/EP72,0.95,28,7,12396.10430250637,11816.757089553155,0.9532637674857192,kv
8192,B200,B200x72,DeepSeek-V4-Flash-284B,24,3,72,TP24/DP3/EP72,0.9,4374,1458,1568807.968498326,1412844.4513152763,0.9005846985005188,weight
8192,B200,B200x72,DeepSeek-V4-Flash-284B,24,3,72,TP24/DP3/EP72,0.95,4617,1539,1568807.968498326,1491335.8097216804,0.9506171817505475,weight
16384,B200,B200x72,DeepSeek-V4-Flash-284B,24,3,72,TP24/DP3/EP72,0.9,2205,735,791352.3961055679,712236.4003544088,0.9000243176863966,weight
16384,B200,B200x72,DeepSeek-V4-Flash-284B,24,3,72,TP24/DP3/EP72,0.95,2328,776,791352.3961055679,751966.5941156751,0.9502297558158418,weight
32768,B200,B200x72,DeepSeek-V4-Flash-284B,24,3,72,TP24/DP3/EP72,0.9,1107,369,396469.91809528903,357571.74386654067,0.9018887122240647,weight
32768,B200,B200x72,DeepSeek-V4-Flash-284B,24,3,72,TP24/DP3/EP72,0.95,1167,389,396469.91809528903,376952.3261783571,0.9507715692259886,weight
65536,B200,B200x72,DeepSeek-V4-Flash-284B,24,3,72,TP24/DP3/EP72,0.9,555,185,198234.95904764452,179271.4770730949,0.9043383565358325,weight
65536,B200,B200x72,DeepSeek-V4-Flash-284B,24,3,72,TP24/DP3/EP72,0.95,585,195,198234.95904764452,188961.28053165364,0.9532187533392533,weight
131072,B200,B200x72,DeepSeek-V4-Flash-284B,24,3,72,TP24/DP3/EP72,0.9,276,92,99116.96444614687,89370.47246335272,0.9016667627256715,weight
131072,B200,B200x72,DeepSeek-V4-Flash-284B,24,3,72,TP24/DP3/EP72,0.95,291,97,99116.96444614687,94163.53485130156,0.9500244017507553,weight
262144,B200,B200x72,DeepSeek-V4-Flash-284B,24,3,72,TP24/DP3/EP72,0.9,132,44,49557.96598282735,45093.7808703253,0.9099199286336941,weight
262144,B200,B200x72,DeepSeek-V4-Flash-284B,24,3,72,TP24/DP3/EP72,0.95,141,47,49557.96598282735,47585.11177367549,0.9601909769695656,kv
524288,B200,B200x72,DeepSeek-V4-Flash-284B,24,3,72,TP24/DP3/EP72,0.9,45,15,24778.982991413675,22501.5221424881,0.9080890103635506,weight
524288,B200,B200x72,DeepSeek-V4-Flash-284B,24,3,72,TP24/DP3/EP72,0.95,60,20,24778.982991413675,23600.832805270915,0.9524536504766556,kv
1048576,B200,B200x72,DeepSeek-V4-Flash-284B,24,3,72,TP24/DP3/EP72,0.9,15,5,12388.971347959601,11194.731428839787,0.9036045943139178,kv
1048576,B200,B200x72,DeepSeek-V4-Flash-284B,24,3,72,TP24/DP3/EP72,0.95,30,10,12388.971347959601,11800.416402635457,0.9524936389960191,kv
8192,B200,B200x72,DeepSeek-V4-Flash-284B,36,2,72,TP36/DP2/EP72,0.9,2968,1484,1549989.3584824756,1395182.689343731,0.9001240438900117,weight
8192,B200,B200x72,DeepSeek-V4-Flash-284B,36,2,72,TP36/DP2/EP72,0.95,3134,1567,1549989.3584824756,1473215.1443407184,0.9504679088784691,weight
16384,B200,B200x72,DeepSeek-V4-Flash-284B,36,2,72,TP36/DP2/EP72,0.9,1506,753,786535.3896416312,707932.9953341167,0.9000650252453002,weight
16384,B200,B200x72,DeepSeek-V4-Flash-284B,36,2,72,TP36/DP2/EP72,0.95,1808,904,786535.3896416312,747244.57398793,0.9500457116473764,kv
32768,B200,B200x72,DeepSeek-V4-Flash-284B,36,2,72,TP36/DP2/EP72,0.9,760,380,396127.34710838384,357257.0228849923,0.9018741712554466,weight
32768,B200,B200x72,DeepSeek-V4-Flash-284B,36,2,72,TP36/DP2/EP72,0.95,1018,509,396127.34710838384,376323.6843283801,0.9500068275402725,kv
65536,B200,B200x72,DeepSeek-V4-Flash-284B,36,2,72,TP36/DP2/EP72,0.9,380,190,198063.28838697373,178629.27495712944,0.9018797800030749,weight
65536,B200,B200x72,DeepSeek-V4-Flash-284B,36,2,72,TP36/DP2/EP72,0.95,510,255,198063.28838697373,188182.9979654518,0.9501154883270546,kv
131072,B200,B200x72,DeepSeek-V4-Flash-284B,36,2,72,TP36/DP2/EP72,0.9,190,95,99031.25873760677,89490.19831511161,0.903656072394524,weight
131072,B200,B200x72,DeepSeek-V4-Flash-284B,36,2,72,TP36/DP2/EP72,0.95,256,128,99031.25873760677,94112.53789216984,0.95033163358582,kv
262144,B200,B200x72,DeepSeek-V4-Flash-284B,36,2,72,TP36/DP2/EP72,0.9,92,46,49515.2433345889,45353.664210047034,0.9159535762266002,weight
262144,B200,B200x72,DeepSeek-V4-Flash-284B,36,2,72,TP36/DP2/EP72,0.95,128,64,49515.2433345889,47056.26894608492,0.9503390426279849,kv
524288,B200,B200x72,DeepSeek-V4-Flash-284B,36,2,72,TP36/DP2/EP72,0.9,34,17,24757.62166729445,22401.130885285846,0.9048175622975289,kv
524288,B200,B200x72,DeepSeek-V4-Flash-284B,36,2,72,TP36/DP2/EP72,0.95,64,32,24757.62166729445,23528.13447304246,0.9503390426279849,kv
1048576,B200,B200x72,DeepSeek-V4-Flash-284B,36,2,72,TP36/DP2/EP72,0.9,18,9,12378.810833647225,11264.514848060908,0.9099836001566874,kv
1048576,B200,B200x72,DeepSeek-V4-Flash-284B,36,2,72,TP36/DP2/EP72,0.95,32,16,12378.810833647225,11764.06723652123,0.9503390426279849,kv
8192,B200,B200x72,DeepSeek-V4-Flash-284B,72,1,72,TP72/DP1/EP72,0.9,1570,1570,1489374.5725758297,1340495.3224590174,0.9000390815996475,weight
8192,B200,B200x72,DeepSeek-V4-Flash-284B,72,1,72,TP72/DP1/EP72,0.95,2299,2299,1489374.5725758297,1414937.1410560273,0.9500210135915876,kv
16384,B200,B200x72,DeepSeek-V4-Flash-284B,72,1,72,TP72/DP1/EP72,0.9,978,978,770620.4598362995,693612.4558751695,0.9000701279362754,kv
16384,B200,B200x72,DeepSeek-V4-Flash-284B,72,1,72,TP72/DP1/EP72,0.95,1631,1631,770620.4598362995,732089.5809254575,0.9500001869674898,kv
32768,B200,B200x72,DeepSeek-V4-Flash-284B,72,1,72,TP72/DP1/EP72,0.9,564,564,392138.18836532504,352967.87052135635,0.9001109328136215,kv
32768,B200,B200x72,DeepSeek-V4-Flash-284B,72,1,72,TP72/DP1/EP72,0.95,1032,1032,392138.18836532504,372538.01170023176,0.9500171693381892,kv
65536,B200,B200x72,DeepSeek-V4-Flash-284B,72,1,72,TP72/DP1/EP72,0.9,305,305,197769.876795845,178039.1874117058,0.9002341018571453,kv
65536,B200,B200x72,DeepSeek-V4-Flash-284B,72,1,72,TP72/DP1/EP72,0.95,593,593,197769.876795845,187899.2517523043,0.9500903514556466,kv
131072,B200,B200x72,DeepSeek-V4-Flash-284B,72,1,72,TP72/DP1/EP72,0.9,153,153,98884.7097055354,89051.0374649849,0.9005541678806179,kv
131072,B200,B200x72,DeepSeek-V4-Flash-284B,72,1,72,TP72/DP1/EP72,0.95,297,297,98884.7097055354,93958.90320584497,0.9501863684045918,kv
262144,B200,B200x72,DeepSeek-V4-Flash-284B,72,1,72,TP72/DP1/EP72,0.9,77,77,49442.12598941468,44556.68902535822,0.901188776447388,kv
262144,B200,B200x72,DeepSeek-V4-Flash-284B,72,1,72,TP72/DP1/EP72,0.95,148,148,49442.12598941468,46970.1595226472,0.9500028282097595,kv
524288,B200,B200x72,DeepSeek-V4-Flash-284B,72,1,72,TP72/DP1/EP72,0.9,39,39,24721.06299470734,22308.978844682537,0.9024279760728243,kv
524288,B200,B200x72,DeepSeek-V4-Flash-284B,72,1,72,TP72/DP1/EP72,0.95,74,74,24721.06299470734,23485.0797613236,0.9500028282097595,kv
1048576,B200,B200x72,DeepSeek-V4-Flash-284B,72,1,72,TP72/DP1/EP72,0.9,20,20,12360.302062548955,11184.093875046749,0.9048398508749997,kv
1048576,B200,B200x72,DeepSeek-V4-Flash-284B,72,1,72,TP72/DP1/EP72,0.95,37,37,12360.302062548955,11742.5398806618,0.9500204623834444,kv
8192,B200,B200x72,DeepSeek-V4-Pro-1.6T,1,72,72,TP1/DP72/EP72,0.9,2880,40,16441.225690093797,14848.894829576895,0.9031501123741451,weight
8192,B200,B200x72,DeepSeek-V4-Pro-1.6T,1,72,72,TP1/DP72/EP72,0.95,3384,47,16441.225690093797,15705.871454448474,0.9552737582035389,weight
16384,B200,B200x72,DeepSeek-V4-Pro-1.6T,1,72,72,TP1/DP72/EP72,0.9,1296,18,13079.187016164113,11929.452252357025,0.912094324946484,weight
16384,B200,B200x72,DeepSeek-V4-Pro-1.6T,1,72,72,TP1/DP72/EP72,0.95,1584,22,13079.187016164113,12529.029102900562,0.9579363830042624,weight
32768,B200,B200x72,DeepSeek-V4-Pro-1.6T,1,72,72,TP1/DP72/EP72,0.9,648,9,11041.781063217377,10082.047387709481,0.9130816242404062,weight
32768,B200,B200x72,DeepSeek-V4-Pro-1.6T,1,72,72,TP1/DP72/EP72,0.95,792,11,11041.781063217377,10604.940297876876,0.960437472646898,weight
65536,B200,B200x72,DeepSeek-V4-Pro-1.6T,1,72,72,TP1/DP72/EP72,0.9,360,5,8994.277655038,8481.819812737536,0.9430240134944667,weight
65536,B200,B200x72,DeepSeek-V4-Pro-1.6T,1,72,72,TP1/DP72/EP72,0.95,432,6,8994.277655038,8994.277655038,1.0,weight
131072,B200,B200x72,DeepSeek-V4-Pro-1.6T,1,72,72,TP1/DP72/EP72,0.9,216,3,6967.148258937313,6967.148258937313,1.0,weight
131072,B200,B200x72,DeepSeek-V4-Pro-1.6T,1,72,72,TP1/DP72/EP72,0.95,216,3,6967.148258937313,6967.148258937313,1.0,weight
262144,B200,B200x72,DeepSeek-V4-Pro-1.6T,1,72,72,TP1/DP72/EP72,0.9,72,1,3750.8850088148797,3750.8850088148797,1.0,weight
262144,B200,B200x72,DeepSeek-V4-Pro-1.6T,1,72,72,TP1/DP72/EP72,0.95,72,1,3750.8850088148797,3750.8850088148797,1.0,weight
8192,B200,B200x72,DeepSeek-V4-Pro-1.6T,2,36,72,TP2/DP36/EP72,0.9,12888,358,71760.84260586216,64652.9177093969,0.9009498127620283,weight
8192,B200,B200x72,DeepSeek-V4-Pro-1.6T,2,36,72,TP2/DP36/EP72,0.95,13608,378,71760.84260586216,68201.15403037301,0.9503951117876318,weight
16384,B200,B200x72,DeepSeek-V4-Pro-1.6T,2,36,72,TP2/DP36/EP72,0.9,6336,176,37389.027844704935,33714.61825771069,0.9017249230909163,weight
16384,B200,B200x72,DeepSeek-V4-Pro-1.6T,2,36,72,TP2/DP36/EP72,0.95,6768,188,37389.027844704935,35618.451493596745,0.952644493500546,weight
32768,B200,B200x72,DeepSeek-V4-Pro-1.6T,2,36,72,TP2/DP36/EP72,0.9,2988,83,22366.22369435393,20231.658254161033,0.9045629933169389,weight
32768,B200,B200x72,DeepSeek-V4-Pro-1.6T,2,36,72,TP2/DP36/EP72,0.95,3276,91,22366.22369435393,21288.61363526832,0.9518197584978265,weight
65536,B200,B200x72,DeepSeek-V4-Pro-1.6T,2,36,72,TP2/DP36/EP72,0.9,1332,37,15946.294657293105,14474.678362473885,0.9077142165972601,weight
65536,B200,B200x72,DeepSeek-V4-Pro-1.6T,2,36,72,TP2/DP36/EP72,0.95,1548,43,15946.294657293105,15212.10599100168,0.9539586667580082,weight
131072,B200,B200x72,DeepSeek-V4-Pro-1.6T,2,36,72,TP2/DP36/EP72,0.9,576,16,12802.960699650406,11592.370039247071,0.9054444757893859,weight
131072,B200,B200x72,DeepSeek-V4-Pro-1.6T,2,36,72,TP2/DP36/EP72,0.95,720,20,12802.960699650406,12231.107539757846,0.9553343032671986,weight
262144,B200,B200x72,DeepSeek-V4-Pro-1.6T,2,36,72,TP2/DP36/EP72,0.9,288,8,10823.640813863265,9762.107240050147,0.9019245379564451,weight
262144,B200,B200x72,DeepSeek-V4-Pro-1.6T,2,36,72,TP2/DP36/EP72,0.95,360,10,10823.640813863265,10348.039149043016,0.9560589941038062,weight
524288,B200,B200x72,DeepSeek-V4-Pro-1.6T,2,36,72,TP2/DP36/EP72,0.9,180,5,8983.05597453443,8469.846527389725,0.9428691696233916,weight
524288,B200,B200x72,DeepSeek-V4-Pro-1.6T,2,36,72,TP2/DP36/EP72,0.95,216,6,8983.05597453443,8983.05597453443,1.0,weight
1048576,B200,B200x72,DeepSeek-V4-Pro-1.6T,2,36,72,TP2/DP36/EP72,0.9,108,3,6953.69064957554,6953.69064957554,1.0,weight
1048576,B200,B200x72,DeepSeek-V4-Pro-1.6T,2,36,72,TP2/DP36/EP72,0.95,108,3,6953.69064957554,6953.69064957554,1.0,weight
8192,B200,B200x72,DeepSeek-V4-Pro-1.6T,4,18,72,TP4/DP18/EP72,0.9,17640,980,195722.573308192,176294.25725864174,0.9007354352583659,weight
8192,B200,B200x72,DeepSeek-V4-Pro-1.6T,4,18,72,TP4/DP18/EP72,0.95,18612,1034,195722.573308192,186008.41019613497,0.9503676916368724,weight
16384,B200,B200x72,DeepSeek-V4-Pro-1.6T,4,18,72,TP4/DP18/EP72,0.9,8820,490,97879.28291383883,88185.06927497961,0.9009574513598262,weight
16384,B200,B200x72,DeepSeek-V4-Pro-1.6T,4,18,72,TP4/DP18/EP72,0.95,9306,517,97879.28291383883,93030.37107253085,0.9504602843731866,weight
32768,B200,B200x72,DeepSeek-V4-Pro-1.6T,4,18,72,TP4/DP18/EP72,0.9,4374,243,49591.802978508145,44653.708006649686,0.9004251776448114,weight
32768,B200,B200x72,DeepSeek-V4-Pro-1.6T,4,18,72,TP4/DP18/EP72,0.95,4644,258,49591.802978508145,47196.59349370834,0.9517015042619477,weight
65536,B200,B200x72,DeepSeek-V4-Pro-1.6T,4,18,72,TP4/DP18/EP72,0.9,2106,117,27598.170819831445,24852.59450414032,0.9005160039911698,weight
65536,B200,B200x72,DeepSeek-V4-Pro-1.6T,4,18,72,TP4/DP18/EP72,0.95,2286,127,27598.170819831445,26284.33357484336,0.9523940462009174,weight
131072,B200,B200x72,DeepSeek-V4-Pro-1.6T,4,18,72,TP4/DP18/EP72,0.9,972,54,18291.50081867196,16547.291124804433,0.9046437079626053,weight
131072,B200,B200x72,DeepSeek-V4-Pro-1.6T,4,18,72,TP4/DP18/EP72,0.95,1098,61,18291.50081867196,17413.751310889922,0.9520132592462817,weight
262144,B200,B200x72,DeepSeek-V4-Pro-1.6T,4,18,72,TP4/DP18/EP72,0.9,432,24,14087.181916590382,12785.908877892807,0.9076271573404562,weight
262144,B200,B200x72,DeepSeek-V4-Pro-1.6T,4,18,72,TP4/DP18/EP72,0.95,522,29,14087.181916590382,13451.71262362847,0.9548902472670191,weight
524288,B200,B200x72,DeepSeek-V4-Pro-1.6T,4,18,72,TP4/DP18/EP72,0.9,198,11,11740.567780917998,10570.969237980065,0.9003797290929245,weight
524288,B200,B200x72,DeepSeek-V4-Pro-1.6T,4,18,72,TP4/DP18/EP72,0.95,252,14,11740.567780917998,11208.167204915599,0.954652910665214,weight
1048576,B200,B200x72,DeepSeek-V4-Pro-1.6T,4,18,72,TP4/DP18/EP72,0.9,108,6,9732.416959405584,8949.55831483048,0.9195617442367658,weight
1048576,B200,B200x72,DeepSeek-V4-Pro-1.6T,4,18,72,TP4/DP18/EP72,0.95,126,7,9732.416959405584,9373.245755109487,0.9630953743767638,weight
8192,B200,B200x72,DeepSeek-V4-Pro-1.6T,8,9,72,TP8/DP9/EP72,0.9,19989,2221,443262.12816929526,399061.68895987247,0.9002837454398059,weight
8192,B200,B200x72,DeepSeek-V4-Pro-1.6T,8,9,72,TP8/DP9/EP72,0.95,21096,2344,443262.12816929526,421161.9085645838,0.9501418727199029,weight
16384,B200,B200x72,DeepSeek-V4-Pro-1.6T,8,9,72,TP8/DP9/EP72,0.9,9990,1110,221541.22658269442,199441.01111780255,0.900243328044216,weight
16384,B200,B200x72,DeepSeek-V4-Pro-1.6T,8,9,72,TP8/DP9/EP72,0.95,10548,1172,221541.22658269442,210580.95624255357,0.950527174967817,weight
32768,B200,B200x72,DeepSeek-V4-Pro-1.6T,8,9,72,TP8/DP9/EP72,0.9,4995,555,110687.31664066845,99735.90844002769,0.9010599539946114,weight
32768,B200,B200x72,DeepSeek-V4-Pro-1.6T,8,9,72,TP8/DP9/EP72,0.95,5274,586,110687.31664066845,105300.45938105187,0.9513326601176512,weight
65536,B200,B200x72,DeepSeek-V4-Pro-1.6T,8,9,72,TP8/DP9/EP72,0.9,2484,276,55761.59172200869,50218.62756306962,0.9005953024696154,weight
65536,B200,B200x72,DeepSeek-V4-Pro-1.6T,8,9,72,TP8/DP9/EP72,0.95,2628,292,55761.59172200869,52980.439718439935,0.9501242357385745,weight
131072,B200,B200x72,DeepSeek-V4-Pro-1.6T,8,9,72,TP8/DP9/EP72,0.9,1206,134,30253.687625185998,27267.15214601262,0.9012835884281721,weight
131072,B200,B200x72,DeepSeek-V4-Pro-1.6T,8,9,72,TP8/DP9/EP72,0.95,1296,144,30253.687625185998,28746.95441923167,0.9501967090881186,weight
262144,B200,B200x72,DeepSeek-V4-Pro-1.6T,8,9,72,TP8/DP9/EP72,0.9,558,62,19407.35398036251,17505.376711790228,0.9019970846877522,weight
262144,B200,B200x72,DeepSeek-V4-Pro-1.6T,8,9,72,TP8/DP9/EP72,0.95,630,70,19407.35398036251,18511.996220410852,0.9538650265843746,weight
524288,B200,B200x72,DeepSeek-V4-Pro-1.6T,8,9,72,TP8/DP9/EP72,0.9,243,27,14546.94201162862,13147.413343363605,0.9037922425794884,weight
524288,B200,B200x72,DeepSeek-V4-Pro-1.6T,8,9,72,TP8/DP9/EP72,0.95,297,33,14546.94201162862,13922.393167103999,0.9570666574441993,weight
1048576,B200,B200x72,DeepSeek-V4-Pro-1.6T,8,9,72,TP8/DP9/EP72,0.9,117,13,12009.354117967314,10948.785606620142,0.9116881306913546,weight
1048576,B200,B200x72,DeepSeek-V4-Pro-1.6T,8,9,72,TP8/DP9/EP72,0.95,144,16,12009.354117967314,11515.887708615013,0.958909829412556,weight
8192,B200,B200x72,DeepSeek-V4-Pro-1.6T,12,6,72,TP12/DP6/EP72,0.9,20778,3463,690232.9865637673,621335.2826800952,0.9001819599688068,weight
8192,B200,B200x72,DeepSeek-V4-Pro-1.6T,12,6,72,TP12/DP6/EP72,0.95,21930,3655,690232.9865637673,655784.1346219312,0.9500909799844034,weight
16384,B200,B200x72,DeepSeek-V4-Pro-1.6T,12,6,72,TP12/DP6/EP72,0.9,10386,1731,345026.7827299752,310577.9307885494,0.9001560062414455,weight
16384,B200,B200x72,DeepSeek-V4-Pro-1.6T,12,6,72,TP12/DP6/EP72,0.95,10962,1827,345026.7827299752,327802.3567591347,0.9500780031203528,weight
32768,B200,B200x72,DeepSeek-V4-Pro-1.6T,12,6,72,TP12/DP6/EP72,0.9,5190,865,172423.7252754141,155199.43633955586,0.9001048787900522,weight
32768,B200,B200x72,DeepSeek-V4-Pro-1.6T,12,6,72,TP12/DP6/EP72,0.95,5478,913,172423.7252754141,163811.5577840753,0.950052305866942,weight
65536,B200,B200x72,DeepSeek-V4-Pro-1.6T,12,6,72,TP12/DP6/EP72,0.9,2592,432,86165.43024827962,77592.9542129707,0.9005114230775854,weight
65536,B200,B200x72,DeepSeek-V4-Pro-1.6T,12,6,72,TP12/DP6/EP72,0.95,2736,456,86165.43024827962,81876.06630082676,0.950219433302969,weight
131072,B200,B200x72,DeepSeek-V4-Pro-1.6T,12,6,72,TP12/DP6/EP72,0.9,1284,214,44030.1703805278,39712.469956999485,0.901937685314118,weight
131072,B200,B200x72,DeepSeek-V4-Pro-1.6T,12,6,72,TP12/DP6/EP72,0.95,1362,227,44030.1703805278,41859.23080591649,0.9506942726805482,weight
262144,B200,B200x72,DeepSeek-V4-Pro-1.6T,12,6,72,TP12/DP6/EP72,0.9,612,102,25201.47488908096,22689.06640178481,0.9003070852656841,weight
262144,B200,B200x72,DeepSeek-V4-Pro-1.6T,12,6,72,TP12/DP6/EP72,0.95,672,112,25201.47488908096,24072.454859569683,0.9552002398875294,weight
524288,B200,B200x72,DeepSeek-V4-Pro-1.6T,12,6,72,TP12/DP6/EP72,0.9,282,47,17216.955533922817,15612.35517393992,0.9068011555921528,weight
524288,B200,B200x72,DeepSeek-V4-Pro-1.6T,12,6,72,TP12/DP6/EP72,0.95,324,54,17216.955533922817,16473.63279812392,0.9568261221134992,weight
1048576,B200,B200x72,DeepSeek-V4-Pro-1.6T,12,6,72,TP12/DP6/EP72,0.9,90,15,12383.087627855142,11269.542124549484,0.9100752948884256,weight
1048576,B200,B200x72,DeepSeek-V4-Pro-1.6T,12,6,72,TP12/DP6/EP72,0.95,108,18,12383.087627855142,11789.398653470735,0.9520564666724207,weight
8192,B200,B200x72,DeepSeek-V4-Pro-1.6T,18,4,72,TP18/DP4/EP72,0.9,14748,3687,733152.7905956344,659944.9069643809,0.900146484375,weight
8192,B200,B200x72,DeepSeek-V4-Pro-1.6T,18,4,72,TP18/DP4/EP72,0.95,15568,3892,733152.7905956344,696638.3449702659,0.9501953125,weight
16384,B200,B200x72,DeepSeek-V4-Pro-1.6T,18,4,72,TP18/DP4/EP72,0.9,10652,2663,529459.4615678434,476656.7093154723,0.9002704530087897,weight
16384,B200,B200x72,DeepSeek-V4-Pro-1.6T,18,4,72,TP18/DP4/EP72,0.95,11244,2811,529459.4615678434,503147.5816319161,0.9503042596348884,weight
32768,B200,B200x72,DeepSeek-V4-Pro-1.6T,18,4,72,TP18/DP4/EP72,0.9,5328,1332,264729.7308034353,238417.85102593247,0.9006085198755417,weight
32768,B200,B200x72,DeepSeek-V4-Pro-1.6T,18,4,72,TP18/DP4/EP72,0.95,5624,1406,264729.7308034353,251663.28706478054,0.950642326047025,weight
65536,B200,B200x72,DeepSeek-V4-Pro-1.6T,18,4,72,TP18/DP4/EP72,0.9,2664,666,132276.49171506186,119212.11922056333,0.9012343589922189,weight
65536,B200,B200x72,DeepSeek-V4-Pro-1.6T,18,4,72,TP18/DP4/EP72,0.95,2812,703,132276.49171506186,125833.52595765909,0.951291679467266,weight
131072,B200,B200x72,DeepSeek-V4-Pro-1.6T,18,4,72,TP18/DP4/EP72,0.9,1328,332,66238.9140724378,59733.48577584606,0.901788421690043,weight
131072,B200,B200x72,DeepSeek-V4-Pro-1.6T,18,4,72,TP18/DP4/EP72,0.95,1404,351,66238.9140724378,63067.43306306825,0.9521205766462104,weight
262144,B200,B200x72,DeepSeek-V4-Pro-1.6T,18,4,72,TP18/DP4/EP72,0.9,648,162,34779.228621256334,31347.82865395687,0.9013376632165365,weight
262144,B200,B200x72,DeepSeek-V4-Pro-1.6T,18,4,72,TP18/DP4/EP72,0.95,692,173,34779.228621256334,33050.15666762585,0.9502843501085096,weight
524288,B200,B200x72,DeepSeek-V4-Pro-1.6T,18,4,72,TP18/DP4/EP72,0.9,304,76,21271.406677749084,19175.079343074252,0.9014485799442831,weight
524288,B200,B200x72,DeepSeek-V4-Pro-1.6T,18,4,72,TP18/DP4/EP72,0.95,336,84,21271.406677749084,20213.494315713626,0.9502659895482095,weight
1048576,B200,B200x72,DeepSeek-V4-Pro-1.6T,18,4,72,TP18/DP4/EP72,0.9,60,15,12370.467466046097,11157.6353846648,0.9019574575730284,weight
1048576,B200,B200x72,DeepSeek-V4-Pro-1.6T,18,4,72,TP18/DP4/EP72,0.95,76,19,12370.467466046097,11850.007532121257,0.9579272218003584,weight
8192,B200,B200x72,DeepSeek-V4-Pro-1.6T,24,3,72,TP24/DP3/EP72,0.9,11061,3687,731245.0836824625,658227.6912932713,0.900146484375,weight
8192,B200,B200x72,DeepSeek-V4-Pro-1.6T,24,3,72,TP24/DP3/EP72,0.95,11676,3892,731245.0836824625,694825.6508037461,0.9501953125,weight
16384,B200,B200x72,DeepSeek-V4-Pro-1.6T,24,3,72,TP24/DP3/EP72,0.9,10782,3594,712856.840611346,641624.7145397388,0.9000751314800901,weight
16384,B200,B200x72,DeepSeek-V4-Pro-1.6T,24,3,72,TP24/DP3/EP72,0.95,11382,3794,712856.840611346,677330.0408914216,0.9501627848735287,weight
32768,B200,B200x72,DeepSeek-V4-Pro-1.6T,24,3,72,TP24/DP3/EP72,0.9,5391,1797,356339.1569898013,320812.35727002705,0.900300601202828,weight
32768,B200,B200x72,DeepSeek-V4-Pro-1.6T,24,3,72,TP24/DP3/EP72,0.95,5691,1897,356339.1569898013,338665.02044574526,0.950400801603283,weight
65536,B200,B200x72,DeepSeek-V4-Pro-1.6T,24,3,72,TP24/DP3/EP72,0.9,2697,899,178169.60402190866,160495.5512790627,0.9008020877642369,weight
65536,B200,B200x72,DeepSeek-V4-Pro-1.6T,24,3,72,TP24/DP3/EP72,0.95,2847,949,178169.60402190866,169421.82605181864,0.9509019621045218,weight
131072,B200,B200x72,DeepSeek-V4-Pro-1.6T,24,3,72,TP24/DP3/EP72,0.9,1347,449,89117.82648992735,80223.81791756547,0.900199444682741,weight
131072,B200,B200x72,DeepSeek-V4-Pro-1.6T,24,3,72,TP24/DP3/EP72,0.95,1422,474,89117.82648992735,84668.15472423092,0.9500697902882611,weight
262144,B200,B200x72,DeepSeek-V4-Pro-1.6T,24,3,72,TP24/DP3/EP72,0.9,666,222,45314.385669234594,40819.8591819639,0.9008145775145711,weight
262144,B200,B200x72,DeepSeek-V4-Pro-1.6T,24,3,72,TP24/DP3/EP72,0.95,708,236,45314.385669234594,43138.45765691779,0.9519815180062319,weight
524288,B200,B200x72,DeepSeek-V4-Pro-1.6T,24,3,72,TP24/DP3/EP72,0.9,300,100,24722.697902690612,22276.72180747419,0.9010635447294681,weight
524288,B200,B200x72,DeepSeek-V4-Pro-1.6T,24,3,72,TP24/DP3/EP72,0.95,327,109,24722.697902690612,23511.67204790071,0.9510156270340502,weight
1048576,B200,B200x72,DeepSeek-V4-Pro-1.6T,24,3,72,TP24/DP3/EP72,0.9,48,16,12361.348951345306,11226.222912315165,0.9081713457408219,weight
1048576,B200,B200x72,DeepSeek-V4-Pro-1.6T,24,3,72,TP24/DP3/EP72,0.95,60,20,12361.348951345306,11903.407270571508,0.962953745373885,weight
8192,B200,B200x72,DeepSeek-V4-Pro-1.6T,36,2,72,TP36/DP2/EP72,0.9,7374,3687,727130.1376495709,654523.6370883711,0.900146484375,weight
8192,B200,B200x72,DeepSeek-V4-Pro-1.6T,36,2,72,TP36/DP2/EP72,0.95,7784,3892,727130.1376495709,690915.6483721021,0.9501953125,weight
16384,B200,B200x72,DeepSeek-V4-Pro-1.6T,36,2,72,TP36/DP2/EP72,0.9,7374,3687,727130.1376495709,654523.6370883711,0.900146484375,weight
16384,B200,B200x72,DeepSeek-V4-Pro-1.6T,36,2,72,TP36/DP2/EP72,0.95,7784,3892,727130.1376495709,690915.6483721021,0.9501953125,weight
32768,B200,B200x72,DeepSeek-V4-Pro-1.6T,36,2,72,TP36/DP2/EP72,0.9,4008,2004,395176.1948847636,355754.10054925963,0.9002417280043912,weight
32768,B200,B200x72,DeepSeek-V4-Pro-1.6T,36,2,72,TP36/DP2/EP72,0.95,4230,2115,395176.1948847636,375459.04324434756,0.9501054165315658,weight
65536,B200,B200x72,DeepSeek-V4-Pro-1.6T,36,2,72,TP36/DP2/EP72,0.9,2004,1002,197587.4381211785,177877.07406919476,0.9002448524086052,weight
65536,B200,B200x72,DeepSeek-V4-Pro-1.6T,36,2,72,TP36/DP2/EP72,0.95,2116,1058,197587.4381211785,187818.2930266125,0.9505578634580266,weight
131072,B200,B200x72,DeepSeek-V4-Pro-1.6T,36,2,72,TP36/DP2/EP72,0.9,1002,501,98793.05909277253,88970.30519069768,0.9005724289512008,weight
131072,B200,B200x72,DeepSeek-V4-Pro-1.6T,36,2,72,TP36/DP2/EP72,0.95,1058,529,98793.05909277253,93930.72935939967,0.950782678681841,weight
262144,B200,B200x72,DeepSeek-V4-Pro-1.6T,36,2,72,TP36/DP2/EP72,0.9,492,246,49395.86828237946,44553.17104324502,0.9019614917699112,weight
262144,B200,B200x72,DeepSeek-V4-Pro-1.6T,36,2,72,TP36/DP2/EP72,0.95,522,261,49395.86828237946,47069.641153559154,0.9529064431963813,weight
524288,B200,B200x72,DeepSeek-V4-Pro-1.6T,36,2,72,TP36/DP2/EP72,0.9,202,101,24697.93414118973,22256.149712577397,0.9011340618752371,weight
524288,B200,B200x72,DeepSeek-V4-Pro-1.6T,36,2,72,TP36/DP2/EP72,0.95,220,110,24697.93414118973,23490.324703727514,0.9511048401636055,weight
1048576,B200,B200x72,DeepSeek-V4-Pro-1.6T,36,2,72,TP36/DP2/EP72,0.9,34,17,12348.30145467597,11168.146034198471,0.9044277121991863,weight
1048576,B200,B200x72,DeepSeek-V4-Pro-1.6T,36,2,72,TP36/DP2/EP72,0.95,42,21,12348.30145467597,11843.26684018768,0.9591008839278825,weight
8192,B200,B200x72,DeepSeek-V4-Pro-1.6T,72,1,72,TP72/DP1/EP72,0.9,3687,3687,713507.6413698761,642261.3949537922,0.9001464843749999,weight
8192,B200,B200x72,DeepSeek-V4-Pro-1.6T,72,1,72,TP72/DP1/EP72,0.95,3892,3892,713507.6413698761,677971.6162625874,0.9501953125,weight
16384,B200,B200x72,DeepSeek-V4-Pro-1.6T,72,1,72,TP72/DP1/EP72,0.9,3687,3687,713507.6413698761,642261.3949537922,0.9001464843749999,weight
16384,B200,B200x72,DeepSeek-V4-Pro-1.6T,72,1,72,TP72/DP1/EP72,0.95,3892,3892,713507.6413698761,677971.6162625874,0.9501953125,weight
32768,B200,B200x72,DeepSeek-V4-Pro-1.6T,72,1,72,TP72/DP1/EP72,0.9,2027,2027,392138.18836532504,353095.7004533099,0.9004369146632507,weight
32768,B200,B200x72,DeepSeek-V4-Pro-1.6T,72,1,72,TP72/DP1/EP72,0.95,2139,2139,392138.18836532504,372605.6750220138,0.9501897190254923,weight
65536,B200,B200x72,DeepSeek-V4-Pro-1.6T,72,1,72,TP72/DP1/EP72,0.9,1020,1020,197230.31390625873,177680.1431024725,0.9008764402561454,weight
65536,B200,B200x72,DeepSeek-V4-Pro-1.6T,72,1,72,TP72/DP1/EP72,0.95,1076,1076,197230.31390625873,187435.12049225514,0.9503362681932397,weight
131072,B200,B200x72,DeepSeek-V4-Pro-1.6T,72,1,72,TP72/DP1/EP72,0.9,510,510,98614.77410117944,88867.09501778643,0.9011539683354968,weight
131072,B200,B200x72,DeepSeek-V4-Pro-1.6T,72,1,72,TP72/DP1/EP72,0.95,538,538,98614.77410117944,93735.90249039211,0.9505259566301741,weight
262144,B200,B200x72,DeepSeek-V4-Pro-1.6T,72,1,72,TP72/DP1/EP72,0.9,251,251,49307.00382825103,44523.33848858711,0.9029820315927803,weight
262144,B200,B200x72,DeepSeek-V4-Pro-1.6T,72,1,72,TP72/DP1/EP72,0.95,266,266,49307.00382825103,47003.130847178596,0.9532749345489048,weight
524288,B200,B200x72,DeepSeek-V4-Pro-1.6T,72,1,72,TP72/DP1/EP72,0.9,105,105,24653.501914125514,22281.296758464825,0.9037781665288895,weight
524288,B200,B200x72,DeepSeek-V4-Pro-1.6T,72,1,72,TP72/DP1/EP72,0.95,114,114,24653.501914125514,23513.175243674956,0.9537458542635197,weight
1048576,B200,B200x72,DeepSeek-V4-Pro-1.6T,72,1,72,TP72/DP1/EP72,0.9,21,21,12326.366495703864,11166.006024230132,0.905863542847103,weight
1048576,B200,B200x72,DeepSeek-V4-Pro-1.6T,72,1,72,TP72/DP1/EP72,0.95,36,36,12326.366495703864,11723.40997134177,0.9510840015529116,kv
